ISO-10303-21;
HEADER;
FILE_DESCRIPTION (( 'STEP AP214' ),
    '1' );
FILE_NAME ('RXB14.STEP',
    '2024-01-27T09:11:20',
    ( '' ),
    ( '' ),
    'SwSTEP 2.0',
    'SolidWorks 2021',
    '' );
FILE_SCHEMA (( 'AUTOMOTIVE_DESIGN' ));
ENDSEC;

DATA;
#1 = CARTESIAN_POINT ( 'NONE',  ( -1.249999999999999778, 0.1999999999999999833, 1.124999999999999778 ) ) ;
#2 = EDGE_CURVE ( 'NONE', #11009, #3948, #9314, .T. ) ;
#3 = AXIS2_PLACEMENT_3D ( 'NONE', #10027, #4697, #7356 ) ;
#4 = ORIENTED_EDGE ( 'NONE', *, *, #830, .F. ) ;
#5 = VERTEX_POINT ( 'NONE', #6233 ) ;
#6 = VECTOR ( 'NONE', #6229, 1000.000000000000000 ) ;
#7 = ORIENTED_EDGE ( 'NONE', *, *, #855, .T. ) ;
#8 = DIRECTION ( 'NONE',  ( 1.000000000000000000, 0.000000000000000000, 0.000000000000000000 ) ) ;
#9 = CARTESIAN_POINT ( 'NONE',  ( -0.6405922294351835689, 0.08117096151037581087, 1.240592229435187432 ) ) ;
#11 = VECTOR ( 'NONE', #9400, 1000.000000000000114 ) ;
#10 = PLANE ( 'NONE',  #3502 ) ;
#12 = DIRECTION ( 'NONE',  ( -0.7071067811865460184, 0.000000000000000000, 0.7071067811865489050 ) ) ;
#13 =( BOUNDED_CURVE ( )  B_SPLINE_CURVE ( 3, ( #6042, #4196, #5226, #5059 ),
 .UNSPECIFIED., .F., .F. ) 
 B_SPLINE_CURVE_WITH_KNOTS ( ( 4, 4 ),
 ( 3.864326901403206893, 4.188790204786386973 ),
 .UNSPECIFIED. ) 
 CURVE ( )  GEOMETRIC_REPRESENTATION_ITEM ( )  RATIONAL_B_SPLINE_CURVE ( ( 1.000000000000000000, 0.9912461883984129418, 0.9912461883984129418, 1.000000000000000000 ) ) 
 REPRESENTATION_ITEM ( '' )  );
#14 = DIRECTION ( 'NONE',  ( -0.7071067811865506814, 0.000000000000000000, 0.7071067811865443531 ) ) ;
#15 =( NAMED_UNIT ( * ) PLANE_ANGLE_UNIT ( ) SI_UNIT ( $, .RADIAN. ) );
#16 = CARTESIAN_POINT ( 'NONE',  ( -1.200000000000000178, 0.000000000000000000, -1.149999999999998579 ) ) ;
#17 = VECTOR ( 'NONE', #5809, 1000.000000000000000 ) ;
#18 = DIRECTION ( 'NONE',  ( -1.000000000000000000, 0.000000000000000000, 0.000000000000000000 ) ) ;
#19 = ORIENTED_EDGE ( 'NONE', *, *, #1150, .F. ) ;
#20 = EDGE_CURVE ( 'NONE', #3092, #2097, #1920, .T. ) ;
#21 = VECTOR ( 'NONE', #4955, 1000.000000000000000 ) ;
#22 = VERTEX_POINT ( 'NONE', #2664 ) ;
#23 = DIRECTION ( 'NONE',  ( -1.000000000000000000, 0.000000000000000000, 1.292702590271169723E-14 ) ) ;
#24 = EDGE_CURVE ( 'NONE', #9240, #5213, #6178, .T. ) ;
#25 = ORIENTED_EDGE ( 'NONE', *, *, #7824, .F. ) ;
#26 = ORIENTED_EDGE ( 'NONE', *, *, #2345, .T. ) ;
#27 = EDGE_CURVE ( 'NONE', #4877, #10474, #2609, .T. ) ;
#28 = CARTESIAN_POINT ( 'NONE',  ( -0.1250000000000010270, 0.01000000000000005398, 1.224999999999999645 ) ) ;
#29 = LINE ( 'NONE', #8683, #10335 ) ;
#30 = VECTOR ( 'NONE', #5220, 1000.000000000000000 ) ;
#31 = CARTESIAN_POINT ( 'NONE',  ( -0.9249999999999998224, 0.000000000000000000, 0.6249999999999997780 ) ) ;
#32 = PLANE ( 'NONE',  #11108 ) ;
#33 = VERTEX_POINT ( 'NONE', #10581 ) ;
#34 = LINE ( 'NONE', #4401, #9758 ) ;
#35 = VERTEX_POINT ( 'NONE', #4504 ) ;
#36 = CARTESIAN_POINT ( 'NONE',  ( -0.9256884250419260551, 1.050000000000000044, -0.8859432889494202046 ) ) ;
#37 = CIRCLE ( 'NONE', #7581, 0.1000000000000000472 ) ;
#38 = EDGE_LOOP ( 'NONE', ( #5681, #5562, #5371, #1367 ) ) ;
#39 = CARTESIAN_POINT ( 'NONE',  ( 0.1250000000000011657, 0.1999999999999999833, 0.9249999999999992673 ) ) ;
#40 = CIRCLE ( 'NONE', #8326, 0.1250000000000000555 ) ;
#41 = ORIENTED_EDGE ( 'NONE', *, *, #10259, .T. ) ;
#42 = ORIENTED_EDGE ( 'NONE', *, *, #8915, .F. ) ;
#43 = FACE_OUTER_BOUND ( 'NONE', #6470, .T. ) ;
#44 = FACE_OUTER_BOUND ( 'NONE', #5298, .T. ) ;
#45 = DIRECTION ( 'NONE',  ( 0.000000000000000000, -1.000000000000000000, 0.000000000000000000 ) ) ;
#46 = CARTESIAN_POINT ( 'NONE',  ( -0.7250000000000010880, 0.000000000000000000, 0.8999999999999990230 ) ) ;
#47 = ORIENTED_EDGE ( 'NONE', *, *, #10849, .F. ) ;
#48 = AXIS2_PLACEMENT_3D ( 'NONE', #4328, #2551, #6123 ) ;
#49 = LINE ( 'NONE', #3560, #8903 ) ;
#50 = CARTESIAN_POINT ( 'NONE',  ( 0.6500000000000006883, 0.08660254037844668240, 1.250000000000004885 ) ) ;
#51 = DIRECTION ( 'NONE',  ( -1.000000000000000000, 0.000000000000000000, -8.340016711426957754E-17 ) ) ;
#52 = VERTEX_POINT ( 'NONE', #73 ) ;
#53 = EDGE_CURVE ( 'NONE', #1656, #2682, #6296, .T. ) ;
#54 = AXIS2_PLACEMENT_3D ( 'NONE', #6631, #8370, #8419 ) ;
#55 = CARTESIAN_POINT ( 'NONE',  ( 1.299999999999999822, 0.01000000000000000021, 1.300000000000000266 ) ) ;
#56 = PLANE ( 'NONE',  #5723 ) ;
#57 = LINE ( 'NONE', #846, #9420 ) ;
#58 = DIRECTION ( 'NONE',  ( -0.000000000000000000, -1.000000000000000000, 0.000000000000000000 ) ) ;
#60 = VECTOR ( 'NONE', #6904, 1000.000000000000000 ) ;
#59 = CARTESIAN_POINT ( 'NONE',  ( -1.250000000000000000, 0.1999999999999999833, 0.5999999999999998668 ) ) ;
#61 = DIRECTION ( 'NONE',  ( 0.7071067811865504593, 0.000000000000000000, 0.7071067811865445751 ) ) ;
#62 = CARTESIAN_POINT ( 'NONE',  ( 1.225000000000000089, 0.7590169943749474069, -0.6250000000000002220 ) ) ;
#63 = ORIENTED_EDGE ( 'NONE', *, *, #8790, .F. ) ;
#64 = VERTEX_POINT ( 'NONE', #11335 ) ;
#65 = ADVANCED_FACE ( 'NONE', ( #8671 ), #9765, .F. ) ;
#66 = AXIS2_PLACEMENT_3D ( 'NONE', #532, #4969, #4052 ) ;
#67 = ORIENTED_EDGE ( 'NONE', *, *, #7472, .T. ) ;
#68 = LINE ( 'NONE', #10627, #8405 ) ;
#69 = PLANE ( 'NONE',  #5897 ) ;
#70 = CARTESIAN_POINT ( 'NONE',  ( -1.250000000000000000, 0.009999999999999998473, 0.5999999999999998668 ) ) ;
#71 = PRESENTATION_STYLE_ASSIGNMENT (( #8086 ) ) ;
#72 = LINE ( 'NONE', #1683, #3175 ) ;
#73 = CARTESIAN_POINT ( 'NONE',  ( 0.1500000000000009104, 0.1999999999999999833, -1.249999999999999556 ) ) ;
#74 = CARTESIAN_POINT ( 'NONE',  ( -1.225000000000000089, 0.2000000000000000111, 0.3749999999999998890 ) ) ;
#75 = VECTOR ( 'NONE', #5598, 1000.000000000000000 ) ;
#76 = VERTEX_POINT ( 'NONE', #3526 ) ;
#77 = VERTEX_POINT ( 'NONE', #1859 ) ;
#78 = PLANE ( 'NONE',  #4937 ) ;
#79 = ORIENTED_EDGE ( 'NONE', *, *, #9480, .T. ) ;
#80 = ORIENTED_EDGE ( 'NONE', *, *, #3591, .T. ) ;
#81 = PLANE ( 'NONE',  #9430 ) ;
#82 = VECTOR ( 'NONE', #4152, 1000.000000000000000 ) ;
#83 = CARTESIAN_POINT ( 'NONE',  ( -1.149999999999999023, 0.000000000000000000, 1.300000000000000266 ) ) ;
#84 = PLANE ( 'NONE',  #7583 ) ;
#85 = VERTEX_POINT ( 'NONE', #9597 ) ;
#86 = EDGE_CURVE ( 'NONE', #52, #8454, #3583, .T. ) ;
#87 = CARTESIAN_POINT ( 'NONE',  ( -0.6500000000000001332, 0.1999999999999999833, 1.300000000000005596 ) ) ;
#88 = ORIENTED_EDGE ( 'NONE', *, *, #4456, .T. ) ;
#89 = ADVANCED_FACE ( 'NONE', ( #4279 ), #6061, .F. ) ;
#90 = DIRECTION ( 'NONE',  ( -1.000000000000000000, 0.000000000000000000, -8.340016711426957754E-17 ) ) ;
#91 = ORIENTED_EDGE ( 'NONE', *, *, #9374, .T. ) ;
#92 = DIRECTION ( 'NONE',  ( 1.000000000000000000, -0.000000000000000000, 8.340016711426957754E-17 ) ) ;
#93 = ORIENTED_EDGE ( 'NONE', *, *, #8018, .T. ) ;
#94 = CARTESIAN_POINT ( 'NONE',  ( -1.250000000000000000, 0.1999999999999999833, -0.9249999999999992673 ) ) ;
#95 = ORIENTED_EDGE ( 'NONE', *, *, #5817, .F. ) ;
#96 = EDGE_CURVE ( 'NONE', #3874, #6017, #2776, .T. ) ;
#97 = CYLINDRICAL_SURFACE ( 'NONE', #8838, 0.1000000000000000472 ) ;
#98 = DIRECTION ( 'NONE',  ( -1.309382623694028928E-14, 0.000000000000000000, 1.000000000000000000 ) ) ;
#99 = FACE_OUTER_BOUND ( 'NONE', #5869, .T. ) ;
#100 = DIRECTION ( 'NONE',  ( -1.000000000000000000, 0.000000000000000000, -1.167602339599772458E-15 ) ) ;
#101 = EDGE_LOOP ( 'NONE', ( #10530, #10990, #8156, #63, #8096, #748, #7163, #2055 ) ) ;
#102 = EDGE_CURVE ( 'NONE', #5657, #386, #9828, .T. ) ;
#103 = LINE ( 'NONE', #4534, #3183 ) ;
#104 = LINE ( 'NONE', #10556, #3426 ) ;
#105 = CARTESIAN_POINT ( 'NONE',  ( -0.9249999999999998224, 0.000000000000000000, -0.6250000000000002220 ) ) ;
#106 = CARTESIAN_POINT ( 'NONE',  ( 0.3750000000000013878, 0.1999999999999999833, -0.9249999999999994893 ) ) ;
#107 = ORIENTED_EDGE ( 'NONE', *, *, #8245, .T. ) ;
#108 = ORIENTED_EDGE ( 'NONE', *, *, #7841, .F. ) ;
#109 = CARTESIAN_POINT ( 'NONE',  ( -0.3750000000000009992, 0.1999999999999999833, 1.224999999999999867 ) ) ;
#110 = CARTESIAN_POINT ( 'NONE',  ( -0.1499999999999998002, 0.1999999999999999833, -1.300000000000000266 ) ) ;
#111 = VECTOR ( 'NONE', #6461, 1000.000000000000000 ) ;
#112 = DIRECTION ( 'NONE',  ( -0.000000000000000000, -1.000000000000000000, 0.000000000000000000 ) ) ;
#113 = DIRECTION ( 'NONE',  ( 1.000000000000000000, 0.000000000000000000, 0.000000000000000000 ) ) ;
#114 = PLANE ( 'NONE',  #5001 ) ;
#115 = FACE_OUTER_BOUND ( 'NONE', #663, .T. ) ;
#116 = ADVANCED_FACE ( 'NONE', ( #9655 ), #6931, .F. ) ;
#117 = FILL_AREA_STYLE ('',( #977 ) ) ;
#118 = ORIENTED_EDGE ( 'NONE', *, *, #9386, .T. ) ;
#119 = VECTOR ( 'NONE', #11187, 1000.000000000000114 ) ;
#120 = ORIENTED_EDGE ( 'NONE', *, *, #9834, .T. ) ;
#121 = EDGE_CURVE ( 'NONE', #613, #1978, #756, .T. ) ;
#122 = ORIENTED_EDGE ( 'NONE', *, *, #3579, .F. ) ;
#123 = LINE ( 'NONE', #3578, #4798 ) ;
#124 = LINE ( 'NONE', #3521, #561 ) ;
#125 = VECTOR ( 'NONE', #7704, 1000.000000000000000 ) ;
#126 = DIRECTION ( 'NONE',  ( -1.743063492688207036E-14, 0.000000000000000000, 1.000000000000000000 ) ) ;
#127 = EDGE_CURVE ( 'NONE', #10005, #2734, #8837, .T. ) ;
#128 = SURFACE_STYLE_USAGE ( .BOTH. , #6060 ) ;
#129 = PLANE ( 'NONE',  #3285 ) ;
#130 = PLANE ( 'NONE',  #6596 ) ;
#131 = ORIENTED_EDGE ( 'NONE', *, *, #3012, .F. ) ;
#132 = ORIENTED_EDGE ( 'NONE', *, *, #2536, .T. ) ;
#133 = DIRECTION ( 'NONE',  ( -0.000000000000000000, -1.000000000000000000, 0.000000000000000000 ) ) ;
#134 = ADVANCED_FACE ( 'NONE', ( #4329 ), #129, .T. ) ;
#136 = ORIENTED_EDGE ( 'NONE', *, *, #4311, .F. ) ;
#135 = VECTOR ( 'NONE', #10293, 1000.000000000000000 ) ;
#137 = EDGE_LOOP ( 'NONE', ( #4136, #5587, #3961, #1287 ) ) ;
#138 = CARTESIAN_POINT ( 'NONE',  ( 0.8500000000000001998, 0.000000000000000000, 1.300000000000000266 ) ) ;
#139 = DIRECTION ( 'NONE',  ( -1.000000000000000000, 0.000000000000000000, 0.000000000000000000 ) ) ;
#140 = CARTESIAN_POINT ( 'NONE',  ( 1.250000000000000000, 0.2000000000000000111, 0.5999999999999998668 ) ) ;
#141 = FACE_OUTER_BOUND ( 'NONE', #4809, .T. ) ;
#142 = ORIENTED_EDGE ( 'NONE', *, *, #9524, .F. ) ;
#143 = VECTOR ( 'NONE', #5975, 1000.000000000000000 ) ;
#144 = EDGE_CURVE ( 'NONE', #2085, #1338, #11392, .T. ) ;
#145 = LINE ( 'NONE', #10774, #1272 ) ;
#146 = EDGE_CURVE ( 'NONE', #1815, #7504, #6983, .T. ) ;
#147 = VERTEX_POINT ( 'NONE', #4387 ) ;
#148 = PLANE ( 'NONE',  #4178 ) ;
#149 = ORIENTED_EDGE ( 'NONE', *, *, #3831, .F. ) ;
#150 = CARTESIAN_POINT ( 'NONE',  ( 1.187500000000005107, 0.01000000000000000021, 1.187499999999994893 ) ) ;
#151 = ORIENTED_EDGE ( 'NONE', *, *, #6386, .T. ) ;
#152 = CARTESIAN_POINT ( 'NONE',  ( 1.225000000000000089, 0.7590169943749472958, 0.6249999999999997780 ) ) ;
#153 = VERTEX_POINT ( 'NONE', #10759 ) ;
#154 = COLOUR_RGB ( '',0.7921568627450980005, 0.8196078431372548767, 0.9333333333333333481 ) ;
#155 = FACE_OUTER_BOUND ( 'NONE', #2565, .T. ) ;
#156 = CARTESIAN_POINT ( 'NONE',  ( 1.250000000000000000, 0.08660254037844411501, 0.3999999999999997446 ) ) ;
#157 = LINE ( 'NONE', #10080, #5578 ) ;
#158 = DIRECTION ( 'NONE',  ( 1.167602339599772458E-15, 0.000000000000000000, -1.000000000000000000 ) ) ;
#159 = ORIENTED_EDGE ( 'NONE', *, *, #3831, .T. ) ;
#160 = CARTESIAN_POINT ( 'NONE',  ( -1.250000000000000000, 0.1999999999999999833, -0.1000000000000001582 ) ) ;
#161 = LINE ( 'NONE', #3672, #781 ) ;
#162 =( NAMED_UNIT ( * ) SI_UNIT ( $, .STERADIAN. ) SOLID_ANGLE_UNIT ( ) );
#163 = ORIENTED_EDGE ( 'NONE', *, *, #7463, .T. ) ;
#164 = ORIENTED_EDGE ( 'NONE', *, *, #1127, .T. ) ;
#165 = EDGE_CURVE ( 'NONE', #3563, #7870, #10000, .T. ) ;
#166 = LINE ( 'NONE', #5522, #1089 ) ;
#167 = ADVANCED_FACE ( 'NONE', ( #10871 ), #1214, .F. ) ;
#168 = CARTESIAN_POINT ( 'NONE',  ( 0.6250000000000008882, 0.1999999999999999833, 1.225000000000004974 ) ) ;
#169 = LINE ( 'NONE', #7958, #7195 ) ;
#170 = DIRECTION ( 'NONE',  ( -0.7071067811865461294, 0.000000000000000000, 0.7071067811865489050 ) ) ;
#171 = CARTESIAN_POINT ( 'NONE',  ( 1.225000000000000089, 0.2000000000000000111, 0.6249999999999997780 ) ) ;
#172 = PLANE ( 'NONE',  #2571 ) ;
#173 = LINE ( 'NONE', #9065, #6225 ) ;
#174 = VERTEX_POINT ( 'NONE', #5652 ) ;
#175 = VERTEX_POINT ( 'NONE', #9942 ) ;
#176 = AXIS2_PLACEMENT_3D ( 'NONE', #5583, #8240, #4771 ) ;
#177 = VECTOR ( 'NONE', #1875, 1000.000000000000000 ) ;
#178 = VERTEX_POINT ( 'NONE', #3007 ) ;
#179 = DIRECTION ( 'NONE',  ( -1.000000000000000000, 0.000000000000000000, 0.000000000000000000 ) ) ;
#180 = CARTESIAN_POINT ( 'NONE',  ( 1.300000000000000044, 0.7590169943749474069, 0.09999999999999982514 ) ) ;
#181 = UNCERTAINTY_MEASURE_WITH_UNIT (LENGTH_MEASURE( 1.000000000000000082E-05 ), #453, 'distance_accuracy_value', 'NONE');
#182 = CARTESIAN_POINT ( 'NONE',  ( -1.224999999999999645, 0.1999999999999999833, 0.8999999999999991340 ) ) ;
#183 = CARTESIAN_POINT ( 'NONE',  ( 1.300000000000000044, 0.1999999999999999833, 0.9249999999999999334 ) ) ;
#184 = DIRECTION ( 'NONE',  ( -0.000000000000000000, -1.000000000000000000, 0.000000000000000000 ) ) ;
#185 = DIRECTION ( 'NONE',  ( 1.000000000000000000, 0.000000000000000000, -1.000802005371233057E-15 ) ) ;
#186 = DIRECTION ( 'NONE',  ( 0.000000000000000000, 0.000000000000000000, 1.000000000000000000 ) ) ;
#187 = ORIENTED_EDGE ( 'NONE', *, *, #2681, .T. ) ;
#188 = VERTEX_POINT ( 'NONE', #1270 ) ;
#189 = DIRECTION ( 'NONE',  ( 0.000000000000000000, -1.000000000000000000, 0.000000000000000000 ) ) ;
#190 = ORIENTED_EDGE ( 'NONE', *, *, #9502, .T. ) ;
#191 = AXIS2_PLACEMENT_3D ( 'NONE', #4384, #6980, #6605 ) ;
#192 = CIRCLE ( 'NONE', #6448, 0.1250000000000000000 ) ;
#193 = ORIENTED_EDGE ( 'NONE', *, *, #11144, .T. ) ;
#194 = CARTESIAN_POINT ( 'NONE',  ( -1.300000000000000044, 0.000000000000000000, 0.1249999999999997918 ) ) ;
#195 = DIRECTION ( 'NONE',  ( 0.000000000000000000, -1.000000000000000000, 0.000000000000000000 ) ) ;
#196 = VECTOR ( 'NONE', #11377, 1000.000000000000000 ) ;
#197 = FACE_OUTER_BOUND ( 'NONE', #8784, .T. ) ;
#198 = ORIENTED_EDGE ( 'NONE', *, *, #7885, .T. ) ;
#199 = EDGE_CURVE ( 'NONE', #9897, #7005, #350, .T. ) ;
#200 = VECTOR ( 'NONE', #170, 1000.000000000000114 ) ;
#201 = DIRECTION ( 'NONE',  ( 1.401122807519719377E-14, 0.000000000000000000, 1.000000000000000000 ) ) ;
#202 = VECTOR ( 'NONE', #9228, 1000.000000000000000 ) ;
#203 = VERTEX_POINT ( 'NONE', #6352 ) ;
#204 = EDGE_LOOP ( 'NONE', ( #3470, #7817, #193, #1043 ) ) ;
#205 = CARTESIAN_POINT ( 'NONE',  ( -1.225000000000000089, 0.06614378277661521477, 0.3750000000000000000 ) ) ;
#206 = AXIS2_PLACEMENT_3D ( 'NONE', #11264, #3395, #2481 ) ;
#207 = VERTEX_POINT ( 'NONE', #3806 ) ;
#208 = ADVANCED_FACE ( 'NONE', ( #3928 ), #5543, .T. ) ;
#209 = VECTOR ( 'NONE', #8809, 1000.000000000000000 ) ;
#210 = ORIENTED_EDGE ( 'NONE', *, *, #2732, .F. ) ;
#211 = ADVANCED_FACE ( 'NONE', ( #8957 ), #6467, .F. ) ;
#212 = DIRECTION ( 'NONE',  ( 0.000000000000000000, 1.000000000000000000, 0.000000000000000000 ) ) ;
#213 = CARTESIAN_POINT ( 'NONE',  ( 0.1500000000000000777, 0.000000000000000000, -1.299999999999999822 ) ) ;
#214 = DIRECTION ( 'NONE',  ( 0.7071067811865459074, 0.000000000000000000, 0.7071067811865491270 ) ) ;
#215 = DIRECTION ( 'NONE',  ( -1.000802005371233057E-15, 0.000000000000000000, -1.000000000000000000 ) ) ;
#216 = EDGE_LOOP ( 'NONE', ( #4734, #9316, #9067, #1568, #2071, #8721, #2305, #2198 ) ) ;
#218 = AXIS2_PLACEMENT_3D ( 'NONE', #10009, #9195, #10942 ) ;
#217 = CARTESIAN_POINT ( 'NONE',  ( -0.3750000000000013878, 0.1999999999999999833, 0.9249999999999994893 ) ) ;
#219 = PLANE ( 'NONE',  #4344 ) ;
#220 = VECTOR ( 'NONE', #7055, 1000.000000000000000 ) ;
#221 = DIRECTION ( 'NONE',  ( 1.000000000000000000, 0.000000000000000000, 8.340016711426957754E-17 ) ) ;
#222 = DIRECTION ( 'NONE',  ( -8.340016711426957754E-17, 0.000000000000000000, 1.000000000000000000 ) ) ;
#223 = ORIENTED_EDGE ( 'NONE', *, *, #3054, .F. ) ;
#224 = EDGE_LOOP ( 'NONE', ( #11261, #248, #2224, #7517, #6169, #10250, #6804, #3763, #1698, #9266, #9627, #3086, #3174, #10747, #10637, #8091, #11296, #5198, #6249, #4629, #7780, #9424, #10626, #80 ) ) ;
#225 = DIRECTION ( 'NONE',  ( 0.000000000000000000, -1.000000000000000000, 0.000000000000000000 ) ) ;
#226 = LINE ( 'NONE', #9057, #8312 ) ;
#227 = PRESENTATION_LAYER_ASSIGNMENT (  '', '', ( #1881 ) ) ;
#228 = DIRECTION ( 'NONE',  ( -1.000000000000000000, 0.000000000000000000, -8.340016711426957754E-17 ) ) ;
#229 = CARTESIAN_POINT ( 'NONE',  ( 1.232185303455675340, 0.07429115107872270862, -0.9071853034556749407 ) ) ;
#230 = PLANE ( 'NONE',  #3620 ) ;
#231 = DIRECTION ( 'NONE',  ( 0.000000000000000000, -1.000000000000000000, 0.000000000000000000 ) ) ;
#232 = DIRECTION ( 'NONE',  ( 2.780005570475647818E-16, -0.000000000000000000, 1.000000000000000000 ) ) ;
#233 = EDGE_CURVE ( 'NONE', #9832, #9845, #7330, .T. ) ;
#234 = LINE ( 'NONE', #9173, #3289 ) ;
#235 = ADVANCED_FACE ( 'NONE', ( #7219 ), #9126, .F. ) ;
#236 = VECTOR ( 'NONE', #10980, 1000.000000000000000 ) ;
#237 = EDGE_LOOP ( 'NONE', ( #2717, #1669, #7792, #10464 ) ) ;
#238 = ORIENTED_EDGE ( 'NONE', *, *, #2382, .F. ) ;
#239 = PLANE ( 'NONE',  #10261 ) ;
#240 = CARTESIAN_POINT ( 'NONE',  ( -0.6250000000000011102, 0.06614378277662037731, 1.225000000000004974 ) ) ;
#241 = CARTESIAN_POINT ( 'NONE',  ( 0.7250000000000010880, 0.1999999999999999833, -0.8999999999999990230 ) ) ;
#242 = VECTOR ( 'NONE', #2865, 1000.000000000000000 ) ;
#243 = SURFACE_STYLE_FILL_AREA ( #9827 ) ;
#244 = LINE ( 'NONE', #5599, #5664 ) ;
#245 = DIRECTION ( 'NONE',  ( 1.000000000000000000, 0.000000000000000000, 0.000000000000000000 ) ) ;
#246 = ORIENTED_EDGE ( 'NONE', *, *, #10707, .T. ) ;
#247 = CIRCLE ( 'NONE', #5204, 0.1681122869172741174 ) ;
#248 = ORIENTED_EDGE ( 'NONE', *, *, #10575, .F. ) ;
#249 = DIRECTION ( 'NONE',  ( -0.000000000000000000, -1.000000000000000000, 0.000000000000000000 ) ) ;
#250 = EDGE_CURVE ( 'NONE', #1882, #11228, #7389, .T. ) ;
#251 = ORIENTED_EDGE ( 'NONE', *, *, #8600, .T. ) ;
#252 = ORIENTED_EDGE ( 'NONE', *, *, #5326, .F. ) ;
#253 = CARTESIAN_POINT ( 'NONE',  ( 1.232185303455676006, 0.07429115107872251433, 0.9071853034556750517 ) ) ;
#254 = LINE ( 'NONE', #8967, #3688 ) ;
#255 = VECTOR ( 'NONE', #9653, 1000.000000000000000 ) ;
#256 = CARTESIAN_POINT ( 'NONE',  ( 0.3500000000000008105, 0.1999999999999999833, 1.249999999999999778 ) ) ;
#257 = ORIENTED_EDGE ( 'NONE', *, *, #5986, .F. ) ;
#258 = CARTESIAN_POINT ( 'NONE',  ( 0.9249999999999999334, 0.2000000000000000111, -2.481154971649519383E-16 ) ) ;
#259 = ORIENTED_EDGE ( 'NONE', *, *, #9157, .T. ) ;
#260 = EDGE_CURVE ( 'NONE', #7512, #299, #4731, .T. ) ;
#261 = ORIENTED_EDGE ( 'NONE', *, *, #917, .T. ) ;
#262 = DIRECTION ( 'NONE',  ( -2.321304651347009995E-14, 0.000000000000000000, 1.000000000000000000 ) ) ;
#263 = VECTOR ( 'NONE', #1162, 1000.000000000000000 ) ;
#264 = ORIENTED_EDGE ( 'NONE', *, *, #6069, .F. ) ;
#265 = EDGE_CURVE ( 'NONE', #7194, #6102, #244, .T. ) ;
#266 = ORIENTED_EDGE ( 'NONE', *, *, #8892, .T. ) ;
#267 = DIRECTION ( 'NONE',  ( 0.000000000000000000, -1.000000000000000000, 0.000000000000000000 ) ) ;
#268 = DIRECTION ( 'NONE',  ( -1.301042606982604690E-14, -1.776356839400251648E-15, 1.000000000000000000 ) ) ;
#269 = CARTESIAN_POINT ( 'NONE',  ( 0.000000000000000000, 0.01000000000000000021, 0.000000000000000000 ) ) ;
#270 = FACE_OUTER_BOUND ( 'NONE', #8899, .T. ) ;
#271 = ORIENTED_EDGE ( 'NONE', *, *, #6682, .T. ) ;
#272 = LINE ( 'NONE', #7421, #9635 ) ;
#273 = ADVANCED_FACE ( 'NONE', ( #1163 ), #296, .F. ) ;
#274 = SURFACE_STYLE_USAGE ( .BOTH. , #8937 ) ;
#275 = DIRECTION ( 'NONE',  ( -1.000000000000000000, 0.000000000000000000, 0.000000000000000000 ) ) ;
#276 = EDGE_CURVE ( 'NONE', #2414, #1055, #5429, .T. ) ;
#277 = VERTEX_POINT ( 'NONE', #2835 ) ;
#278 = ORIENTED_EDGE ( 'NONE', *, *, #4963, .F. ) ;
#279 = DIRECTION ( 'NONE',  ( 1.000000000000000000, 0.000000000000000000, 8.340016711426957754E-17 ) ) ;
#280 = DIRECTION ( 'NONE',  ( 0.000000000000000000, -1.000000000000000000, 0.000000000000000000 ) ) ;
#281 = DIRECTION ( 'NONE',  ( 0.000000000000000000, -1.000000000000000000, 0.000000000000000000 ) ) ;
#282 = PLANE ( 'NONE',  #7009 ) ;
#283 = ORIENTED_EDGE ( 'NONE', *, *, #6539, .F. ) ;
#284 = CARTESIAN_POINT ( 'NONE',  ( 1.042502088928367192E-16, 0.01000000000000000021, 0.3749999999999995559 ) ) ;
#285 = CARTESIAN_POINT ( 'NONE',  ( -0.3500000000000008105, 0.08660254037844411501, -1.249999999999999778 ) ) ;
#286 = ADVANCED_FACE ( 'NONE', ( #1973 ), #1098, .T. ) ;
#287 = DIRECTION ( 'NONE',  ( -0.000000000000000000, -1.000000000000000000, 0.000000000000000000 ) ) ;
#288 = ADVANCED_FACE ( 'NONE', ( #2145 ), #6406, .T. ) ;
#289 = ORIENTED_EDGE ( 'NONE', *, *, #10725, .F. ) ;
#290 = VERTEX_POINT ( 'NONE', #5708 ) ;
#291 = DIRECTION ( 'NONE',  ( 2.321304651347010626E-14, 0.000000000000000000, -1.000000000000000000 ) ) ;
#292 = EDGE_CURVE ( 'NONE', #4580, #5263, #1383, .T. ) ;
#293 = DIRECTION ( 'NONE',  ( 1.918203843628200456E-16, 0.000000000000000000, -1.000000000000000000 ) ) ;
#294 = EDGE_CURVE ( 'NONE', #4351, #2293, #325, .T. ) ;
#295 = DIRECTION ( 'NONE',  ( 1.000000000000000000, -5.329070518200755338E-15, 1.301042606982604690E-14 ) ) ;
#296 = CYLINDRICAL_SURFACE ( 'NONE', #10462, 0.1000000000000000472 ) ;
#297 = VECTOR ( 'NONE', #9877, 1000.000000000000000 ) ;
#298 = DIRECTION ( 'NONE',  ( -0.7071067811865443531, 0.000000000000000000, -0.7071067811865506814 ) ) ;
#299 = VERTEX_POINT ( 'NONE', #5015 ) ;
#300 = ORIENTED_EDGE ( 'NONE', *, *, #11002, .F. ) ;
#301 = FACE_OUTER_BOUND ( 'NONE', #5049, .T. ) ;
#302 = ADVANCED_FACE ( 'NONE', ( #5946 ), #2437, .T. ) ;
#303 = EDGE_LOOP ( 'NONE', ( #10008, #10431, #10191, #7152 ) ) ;
#304 = ORIENTED_EDGE ( 'NONE', *, *, #5513, .F. ) ;
#305 = DIRECTION ( 'NONE',  ( -0.000000000000000000, -1.000000000000000000, 0.000000000000000000 ) ) ;
#306 = VECTOR ( 'NONE', #1471, 1000.000000000000000 ) ;
#307 = CARTESIAN_POINT ( 'NONE',  ( 1.225000000000000089, 0.2000000000000000111, 0.6249999999999997780 ) ) ;
#308 = ADVANCED_FACE ( 'NONE', ( #11269 ), #11104, .F. ) ;
#309 = DIRECTION ( 'NONE',  ( 0.000000000000000000, 1.000000000000000000, 0.000000000000000000 ) ) ;
#310 = VERTEX_POINT ( 'NONE', #462 ) ;
#311 = DIRECTION ( 'NONE',  ( -0.000000000000000000, -1.000000000000000000, 0.000000000000000000 ) ) ;
#312 = VERTEX_POINT ( 'NONE', #5881 ) ;
#313 = VECTOR ( 'NONE', #90, 1000.000000000000000 ) ;
#314 = ADVANCED_FACE ( 'NONE', ( #10232 ), #2318, .T. ) ;
#315 = VERTEX_POINT ( 'NONE', #11161 ) ;
#316 = DIRECTION ( 'NONE',  ( -0.000000000000000000, -1.000000000000000000, 0.000000000000000000 ) ) ;
#317 = ORIENTED_EDGE ( 'NONE', *, *, #3785, .F. ) ;
#318 = EDGE_LOOP ( 'NONE', ( #8993, #4852, #9807, #7478, #6199, #259, #79, #8898 ) ) ;
#319 = DIRECTION ( 'NONE',  ( 0.000000000000000000, -1.000000000000000000, 0.000000000000000000 ) ) ;
#320 = CARTESIAN_POINT ( 'NONE',  ( 1.225000000000000089, 0.06614378277661521477, 0.3749999999999997780 ) ) ;
#321 = FACE_OUTER_BOUND ( 'NONE', #7433, .T. ) ;
#322 = DIRECTION ( 'NONE',  ( 1.000000000000000000, 0.000000000000000000, 0.000000000000000000 ) ) ;
#323 = VERTEX_POINT ( 'NONE', #1499 ) ;
#324 = LINE ( 'NONE', #8178, #9084 ) ;
#325 = CIRCLE ( 'NONE', #1793, 0.1000000000000000472 ) ;
#326 = PLANE ( 'NONE',  #4285 ) ;
#327 = VECTOR ( 'NONE', #2466, 1000.000000000000000 ) ;
#328 = VERTEX_POINT ( 'NONE', #4038 ) ;
#329 = AXIS2_PLACEMENT_3D ( 'NONE', #5353, #8894, #2539 ) ;
#330 = ORIENTED_EDGE ( 'NONE', *, *, #5068, .F. ) ;
#331 = EDGE_CURVE ( 'NONE', #8970, #800, #10284, .T. ) ;
#332 = FACE_OUTER_BOUND ( 'NONE', #10862, .T. ) ;
#333 = CLOSED_SHELL ( 'NONE', ( #9697, #3733, #10735, #1853, #3656, #3305, #510, #490, #4691, #9164, #6756, #9245, #6132, #5309, #1547, #6890, #10954, #10183, #1713 ) ) ;
#334 = CARTESIAN_POINT ( 'NONE',  ( -0.1500000000000007716, 0.1999999999999999833, -1.249999999999999556 ) ) ;
#335 = CARTESIAN_POINT ( 'NONE',  ( 0.9249999999999999334, 0.2000000000000000111, -0.5000000000000002220 ) ) ;
#336 = VERTEX_POINT ( 'NONE', #1331 ) ;
#337 = VECTOR ( 'NONE', #6771, 1000.000000000000000 ) ;
#338 = MECHANICAL_DESIGN_GEOMETRIC_PRESENTATION_REPRESENTATION (  '', ( #11230 ), #5862 ) ;
#339 = CARTESIAN_POINT ( 'NONE',  ( -0.4999999999999995559, 0.000000000000000000, 0.4999999999999994449 ) ) ;
#340 = EDGE_CURVE ( 'NONE', #3215, #9935, #9438, .T. ) ;
#341 = DIRECTION ( 'NONE',  ( 2.502005013428087819E-17, 0.000000000000000000, 1.000000000000000000 ) ) ;
#342 = EDGE_CURVE ( 'NONE', #4022, #1585, #1556, .T. ) ;
#343 = ORIENTED_EDGE ( 'NONE', *, *, #3849, .F. ) ;
#344 = ORIENTED_EDGE ( 'NONE', *, *, #8105, .F. ) ;
#345 = FACE_OUTER_BOUND ( 'NONE', #856, .T. ) ;
#346 = CARTESIAN_POINT ( 'NONE',  ( 1.232185303455676229, 0.07429115107872308332, -0.1178146965443244570 ) ) ;
#347 = EDGE_CURVE ( 'NONE', #7977, #7706, #6702, .T. ) ;
#348 =( NAMED_UNIT ( * ) SI_UNIT ( $, .STERADIAN. ) SOLID_ANGLE_UNIT ( ) );
#349 = EDGE_CURVE ( 'NONE', #9615, #2866, #8549, .T. ) ;
#350 = LINE ( 'NONE', #3700, #4011 ) ;
#351 = CARTESIAN_POINT ( 'NONE',  ( -0.3750000000000007772, 0.9846177413237633402, -1.224999999999999867 ) ) ;
#352 = VECTOR ( 'NONE', #2733, 1000.000000000000000 ) ;
#353 = ORIENTED_EDGE ( 'NONE', *, *, #10889, .T. ) ;
#354 = DIRECTION ( 'NONE',  ( -1.000000000000000000, 0.000000000000000000, -8.340016711426957754E-17 ) ) ;
#355 = ORIENTED_EDGE ( 'NONE', *, *, #10819, .T. ) ;
#356 = ORIENTED_EDGE ( 'NONE', *, *, #102, .T. ) ;
#357 = VERTEX_POINT ( 'NONE', #11044 ) ;
#358 = LINE ( 'NONE', #3814, #10175 ) ;
#359 = CARTESIAN_POINT ( 'NONE',  ( -1.187500000000005107, 0.01000000000000000021, 1.187499999999994893 ) ) ;
#360 = AXIS2_PLACEMENT_3D ( 'NONE', #7183, #5507, #6433 ) ;
#361 = CARTESIAN_POINT ( 'NONE',  ( 0.3500000000000010325, 0.1999999999999999833, -1.249999999999999778 ) ) ;
#362 = CARTESIAN_POINT ( 'NONE',  ( 0.9249999999999998224, 0.2000000000000000111, 0.3749999999999997224 ) ) ;
#363 = ORIENTED_EDGE ( 'NONE', *, *, #10455, .F. ) ;
#364 = DIRECTION ( 'NONE',  ( 1.362202729533067540E-15, 0.000000000000000000, 1.000000000000000000 ) ) ;
#365 = VERTEX_POINT ( 'NONE', #3235 ) ;
#366 = EDGE_CURVE ( 'NONE', #9264, #3663, #2203, .T. ) ;
#367 = AXIS2_PLACEMENT_3D ( 'NONE', #9881, #8024, #8147 ) ;
#368 = ORIENTED_EDGE ( 'NONE', *, *, #7264, .T. ) ;
#369 = DIRECTION ( 'NONE',  ( 8.340016711426957754E-17, 0.000000000000000000, -1.000000000000000000 ) ) ;
#370 = VECTOR ( 'NONE', #10251, 1000.000000000000000 ) ;
#371 = EDGE_CURVE ( 'NONE', #11310, #1352, #10780, .T. ) ;
#372 = ORIENTED_EDGE ( 'NONE', *, *, #8453, .T. ) ;
#373 = VECTOR ( 'NONE', #9123, 1000.000000000000000 ) ;
#374 = ORIENTED_EDGE ( 'NONE', *, *, #2811, .T. ) ;
#375 = CARTESIAN_POINT ( 'NONE',  ( 1.224999999999999645, 0.1999999999999999833, 1.149999999999999911 ) ) ;
#376 = CARTESIAN_POINT ( 'NONE',  ( -0.9249999999999998224, 0.009999999999999998473, -0.6250000000000002220 ) ) ;
#377 = LINE ( 'NONE', #11013, #5727 ) ;
#378 = ORIENTED_EDGE ( 'NONE', *, *, #7472, .F. ) ;
#379 = VECTOR ( 'NONE', #6214, 1000.000000000000114 ) ;
#380 = DIRECTION ( 'NONE',  ( -1.000000000000000000, 0.000000000000000000, -8.340016711426957754E-17 ) ) ;
#381 = VECTOR ( 'NONE', #5000, 1000.000000000000000 ) ;
#382 = DIRECTION ( 'NONE',  ( 1.292702590271175087E-14, -0.000000000000000000, 1.000000000000000000 ) ) ;
#383 = EDGE_LOOP ( 'NONE', ( #1874, #159, #441, #1522, #4377, #6276, #10970 ) ) ;
#384 = DIRECTION ( 'NONE',  ( 1.529003063761606547E-15, 0.000000000000000000, -1.000000000000000000 ) ) ;
#385 = VECTOR ( 'NONE', #11409, 1000.000000000000000 ) ;
#386 = VERTEX_POINT ( 'NONE', #9356 ) ;
#387 = EDGE_CURVE ( 'NONE', #8459, #7108, #1440, .T. ) ;
#388 = EDGE_LOOP ( 'NONE', ( #11255, #8804, #3494, #4466 ) ) ;
#389 = LINE ( 'NONE', #8187, #4406 ) ;
#390 = DIRECTION ( 'NONE',  ( -1.000000000000000000, -3.552713678800503296E-15, 2.168404344971007685E-15 ) ) ;
#391 = AXIS2_PLACEMENT_3D ( 'NONE', #5312, #9083, #9838 ) ;
#392 = LINE ( 'NONE', #3845, #9594 ) ;
#393 = DIRECTION ( 'NONE',  ( -1.000000000000000000, 0.000000000000000000, 2.780005570475647818E-16 ) ) ;
#394 = ORIENTED_EDGE ( 'NONE', *, *, #9301, .T. ) ;
#395 = VECTOR ( 'NONE', #11132, 1000.000000000000000 ) ;
#396 = CARTESIAN_POINT ( 'NONE',  ( 0.3500000000000003109, 0.9846177413237633402, -1.300000000000000266 ) ) ;
#397 = DIRECTION ( 'NONE',  ( -1.000000000000000000, 0.000000000000000000, 2.085004177856743210E-15 ) ) ;
#398 = DIRECTION ( 'NONE',  ( 2.780005570475648805E-16, 0.000000000000000000, 1.000000000000000000 ) ) ;
#399 = EDGE_CURVE ( 'NONE', #1229, #5117, #4208, .T. ) ;
#400 = ORIENTED_EDGE ( 'NONE', *, *, #3945, .F. ) ;
#401 = VECTOR ( 'NONE', #6295, 1000.000000000000114 ) ;
#402 = ORIENTED_EDGE ( 'NONE', *, *, #7885, .F. ) ;
#403 = CARTESIAN_POINT ( 'NONE',  ( 0.000000000000000000, 1.050000000000000044, 0.000000000000000000 ) ) ;
#404 = CARTESIAN_POINT ( 'NONE',  ( -0.1500000000000009936, 0.9846177413237633402, 1.249999999999999556 ) ) ;
#405 = EDGE_CURVE ( 'NONE', #6694, #11171, #2374, .T. ) ;
#406 = DIRECTION ( 'NONE',  ( -1.959903927185304452E-14, 0.000000000000000000, 1.000000000000000000 ) ) ;
#407 = DIRECTION ( 'NONE',  ( -1.000000000000000000, 0.000000000000000000, 0.000000000000000000 ) ) ;
#408 = CARTESIAN_POINT ( 'NONE',  ( 0.3500000000000003109, 0.1999999999999999833, -1.300000000000000266 ) ) ;
#409 = CIRCLE ( 'NONE', #10944, 0.1681122869172741174 ) ;
#410 = LINE ( 'NONE', #351, #7876 ) ;
#411 = ORIENTED_EDGE ( 'NONE', *, *, #3265, .T. ) ;
#412 = DIRECTION ( 'NONE',  ( 1.000000000000000000, -0.000000000000000000, 8.340016711426957754E-17 ) ) ;
#413 = EDGE_CURVE ( 'NONE', #11020, #9436, #7086, .T. ) ;
#414 = ORIENTED_EDGE ( 'NONE', *, *, #1589, .T. ) ;
#415 = ORIENTED_EDGE ( 'NONE', *, *, #11134, .T. ) ;
#416 = ORIENTED_EDGE ( 'NONE', *, *, #10726, .F. ) ;
#417 = CARTESIAN_POINT ( 'NONE',  ( -0.6500000000000001332, 0.9846177413237633402, 1.300000000000005596 ) ) ;
#418 = CARTESIAN_POINT ( 'NONE',  ( -0.1250000000000008882, 0.1999999999999999833, -1.224999999999999645 ) ) ;
#419 = VECTOR ( 'NONE', #6098, 1000.000000000000000 ) ;
#420 = LINE ( 'NONE', #9366, #4049 ) ;
#421 = DIRECTION ( 'NONE',  ( -0.000000000000000000, -1.000000000000000000, 0.000000000000000000 ) ) ;
#422 = CARTESIAN_POINT ( 'NONE',  ( 1.300000000000000044, 0.009999999999999998473, 0.3999999999999996336 ) ) ;
#423 = ORIENTED_EDGE ( 'NONE', *, *, #5800, .F. ) ;
#424 = FACE_OUTER_BOUND ( 'NONE', #4128, .T. ) ;
#425 = AXIS2_PLACEMENT_3D ( 'NONE', #6151, #2633, #4413 ) ;
#426 = ORIENTED_EDGE ( 'NONE', *, *, #2483, .T. ) ;
#427 = ORIENTED_EDGE ( 'NONE', *, *, #2285, .T. ) ;
#428 = LINE ( 'NONE', #7518, #3448 ) ;
#429 = ORIENTED_EDGE ( 'NONE', *, *, #10949, .T. ) ;
#430 = AXIS2_PLACEMENT_3D ( 'NONE', #7924, #10420, #6019 ) ;
#431 = ORIENTED_EDGE ( 'NONE', *, *, #11292, .T. ) ;
#432 = CARTESIAN_POINT ( 'NONE',  ( 0.9249999999999998224, 0.2000000000000000111, 0.6249999999999997780 ) ) ;
#433 = CARTESIAN_POINT ( 'NONE',  ( -0.8500000000000004219, 0.000000000000000000, -1.299999999999999822 ) ) ;
#434 = CARTESIAN_POINT ( 'NONE',  ( -0.9249999999999998224, 0.2000000000000000111, -0.6250000000000002220 ) ) ;
#435 = DIRECTION ( 'NONE',  ( 1.362202729533067540E-15, 0.000000000000000000, 1.000000000000000000 ) ) ;
#436 = VERTEX_POINT ( 'NONE', #742 ) ;
#437 = EDGE_CURVE ( 'NONE', #10235, #7383, #8714, .T. ) ;
#438 = LINE ( 'NONE', #9975, #8532 ) ;
#439 = DIRECTION ( 'NONE',  ( 0.000000000000000000, 1.000000000000000000, 0.000000000000000000 ) ) ;
#440 = AXIS2_PLACEMENT_3D ( 'NONE', #5996, #2537, #8766 ) ;
#441 = ORIENTED_EDGE ( 'NONE', *, *, #8895, .T. ) ;
#442 = DIRECTION ( 'NONE',  ( -1.000000000000000000, 0.000000000000000000, 1.362202729533067342E-15 ) ) ;
#443 = ORIENTED_EDGE ( 'NONE', *, *, #10889, .F. ) ;
#444 = EDGE_CURVE ( 'NONE', #4701, #1882, #4437, .T. ) ;
#445 = ORIENTED_EDGE ( 'NONE', *, *, #4793, .F. ) ;
#446 = DIRECTION ( 'NONE',  ( 1.084202172485503842E-15, 0.000000000000000000, -1.000000000000000000 ) ) ;
#447 = DIRECTION ( 'NONE',  ( -1.000000000000000000, 0.000000000000000000, 1.075862155774079564E-14 ) ) ;
#448 = LINE ( 'NONE', #8242, #8679 ) ;
#449 = CARTESIAN_POINT ( 'NONE',  ( -0.3500000000000001443, 0.000000000000000000, -1.299999999999999822 ) ) ;
#450 = ORIENTED_EDGE ( 'NONE', *, *, #1153, .F. ) ;
#451 = CARTESIAN_POINT ( 'NONE',  ( 0.8500000000000004219, 0.1999999999999999833, -1.300000000000005373 ) ) ;
#452 = CARTESIAN_POINT ( 'NONE',  ( -1.250000000000000000, 0.01000000000000005398, -0.9249999999999993783 ) ) ;
#453 =( LENGTH_UNIT ( ) NAMED_UNIT ( * ) SI_UNIT ( .MILLI., .METRE. ) );
#454 = DIRECTION ( 'NONE',  ( -1.000000000000000000, 0.000000000000000000, -8.340016711426957754E-17 ) ) ;
#455 = ADVANCED_FACE ( 'NONE', ( #1726 ), #10400, .F. ) ;
#456 = ORIENTED_EDGE ( 'NONE', *, *, #1417, .F. ) ;
#457 = ORIENTED_EDGE ( 'NONE', *, *, #2555, .T. ) ;
#458 = CARTESIAN_POINT ( 'NONE',  ( 0.6500000000000001332, 0.1000000000000001166, -1.300000000000005596 ) ) ;
#459 = CARTESIAN_POINT ( 'NONE',  ( 1.225000000000000089, 0.06614378277661545069, -0.1250000000000002220 ) ) ;
#460 = FACE_OUTER_BOUND ( 'NONE', #3127, .T. ) ;
#461 = DIRECTION ( 'NONE',  ( 1.000000000000000000, 0.000000000000000000, 8.340016711426957754E-17 ) ) ;
#462 = CARTESIAN_POINT ( 'NONE',  ( -0.8000000000000001554, 0.000000000000000000, -1.751403509399661104E-16 ) ) ;
#463 = PLANE ( 'NONE',  #4749 ) ;
#464 = VERTEX_POINT ( 'NONE', #6972 ) ;
#465 = ADVANCED_FACE ( 'NONE', ( #115 ), #8827, .F. ) ;
#466 = ORIENTED_EDGE ( 'NONE', *, *, #814, .T. ) ;
#467 = ORIENTED_EDGE ( 'NONE', *, *, #11134, .F. ) ;
#468 = ORIENTED_EDGE ( 'NONE', *, *, #4742, .T. ) ;
#469 = CARTESIAN_POINT ( 'NONE',  ( 0.7250000000000010880, 0.1999999999999999833, -0.8999999999999991340 ) ) ;
#470 = CARTESIAN_POINT ( 'NONE',  ( -1.200000000000000178, 0.000000000000000000, -1.149999999999999911 ) ) ;
#471 = EDGE_CURVE ( 'NONE', #312, #5307, #5352, .T. ) ;
#472 = DIRECTION ( 'NONE',  ( 1.000000000000000000, 0.000000000000000000, 0.000000000000000000 ) ) ;
#473 = AXIS2_PLACEMENT_3D ( 'NONE', #3564, #6161, #8762 ) ;
#474 = CARTESIAN_POINT ( 'NONE',  ( 1.225000000000000089, 0.2000000000000000111, 0.3749999999999997780 ) ) ;
#475 = LINE ( 'NONE', #11170, #5185 ) ;
#476 = ORIENTED_EDGE ( 'NONE', *, *, #9056, .F. ) ;
#477 = CARTESIAN_POINT ( 'NONE',  ( 1.250000000000000000, 0.1999999999999999833, -0.4000000000000001887 ) ) ;
#478 = EDGE_LOOP ( 'NONE', ( #3702, #10671, #10925, #5306, #692, #5992, #4402, #6065 ) ) ;
#479 = ADVANCED_FACE ( 'NONE', ( #10504 ), #2594, .T. ) ;
#480 = EDGE_CURVE ( 'NONE', #4565, #10697, #9696, .T. ) ;
#481 = ORIENTED_EDGE ( 'NONE', *, *, #9157, .F. ) ;
#482 = CARTESIAN_POINT ( 'NONE',  ( -0.7250000000000010880, 0.1999999999999999833, 0.9999999999999991118 ) ) ;
#483 =( GEOMETRIC_REPRESENTATION_CONTEXT ( 3 ) GLOBAL_UNCERTAINTY_ASSIGNED_CONTEXT ( ( #7215 ) ) GLOBAL_UNIT_ASSIGNED_CONTEXT ( ( #5401, #7251, #3838 ) ) REPRESENTATION_CONTEXT ( 'NONE', 'WORKASPACE' ) );
#484 = VERTEX_POINT ( 'NONE', #5235 ) ;
#485 = ORIENTED_EDGE ( 'NONE', *, *, #9147, .F. ) ;
#486 = FACE_OUTER_BOUND ( 'NONE', #2133, .T. ) ;
#487 = EDGE_CURVE ( 'NONE', #8629, #1543, #5997, .T. ) ;
#488 = CARTESIAN_POINT ( 'NONE',  ( 1.300000000000000044, 0.7590169943749472958, 0.3999999999999996336 ) ) ;
#489 = CARTESIAN_POINT ( 'NONE',  ( 0.5000000000000003331, 0.000000000000000000, -0.5000000000000004441 ) ) ;
#490 = ADVANCED_FACE ( 'NONE', ( #7961 ), #850, .T. ) ;
#491 = DIRECTION ( 'NONE',  ( -0.000000000000000000, -1.000000000000000000, 0.000000000000000000 ) ) ;
#492 = ORIENTED_EDGE ( 'NONE', *, *, #4095, .F. ) ;
#493 = DIRECTION ( 'NONE',  ( 0.7071067811865461294, 0.000000000000000000, -0.7071067811865489050 ) ) ;
#494 = VECTOR ( 'NONE', #2443, 1000.000000000000000 ) ;
#495 = CARTESIAN_POINT ( 'NONE',  ( 0.8500000000000008660, 0.1999999999999999833, 1.250000000000005107 ) ) ;
#496 = ORIENTED_EDGE ( 'NONE', *, *, #8055, .F. ) ;
#497 = CARTESIAN_POINT ( 'NONE',  ( 0.9249999999999998224, 0.000000000000000000, 0.3749999999999997224 ) ) ;
#498 = ORIENTED_EDGE ( 'NONE', *, *, #3963, .T. ) ;
#499 = VERTEX_POINT ( 'NONE', #3514 ) ;
#500 = CARTESIAN_POINT ( 'NONE',  ( -1.225000000000000089, 0.7590169943749472958, 0.6249999999999997780 ) ) ;
#501 = LINE ( 'NONE', #726, #11273 ) ;
#502 = DIRECTION ( 'NONE',  ( -1.087828266707871075E-17, 0.000000000000000000, -1.000000000000000000 ) ) ;
#503 = DIRECTION ( 'NONE',  ( -0.000000000000000000, -1.000000000000000000, 0.000000000000000000 ) ) ;
#504 = ORIENTED_EDGE ( 'NONE', *, *, #2118, .F. ) ;
#505 = DIRECTION ( 'NONE',  ( -4.086608188599209324E-16, 0.000000000000000000, 1.000000000000000000 ) ) ;
#506 = DIRECTION ( 'NONE',  ( -1.401122807519719377E-14, 0.000000000000000000, -1.000000000000000000 ) ) ;
#507 = ADVANCED_FACE ( 'NONE', ( #11371 ), #2538, .F. ) ;
#508 = DIRECTION ( 'NONE',  ( -0.000000000000000000, -1.000000000000000000, 0.000000000000000000 ) ) ;
#509 = CARTESIAN_POINT ( 'NONE',  ( -0.8749999999999990008, 0.01000000000000005398, -1.149999999999999911 ) ) ;
#510 = ADVANCED_FACE ( 'NONE', ( #5181 ), #3399, .T. ) ;
#511 = CARTESIAN_POINT ( 'NONE',  ( 0.1500000000000009936, 0.01000000000000005398, -1.249999999999999556 ) ) ;
#512 = ORIENTED_EDGE ( 'NONE', *, *, #5151, .T. ) ;
#513 = EDGE_CURVE ( 'NONE', #3973, #9518, #1779, .T. ) ;
#514 = CLOSED_SHELL ( 'NONE', ( #4314, #2688, #6338, #3188, #5632, #9054, #1388, #6323, #8393, #455, #1324, #8202 ) ) ;
#515 = EDGE_LOOP ( 'NONE', ( #10683, #9947, #10265, #7243 ) ) ;
#516 = PLANE ( 'NONE',  #2504 ) ;
#517 = VECTOR ( 'NONE', #3949, 1000.000000000000000 ) ;
#518 = CARTESIAN_POINT ( 'NONE',  ( 0.6250000000000008882, 0.1999999999999999833, 1.225000000000004974 ) ) ;
#519 = VECTOR ( 'NONE', #7962, 1000.000000000000000 ) ;
#520 = DIRECTION ( 'NONE',  ( 0.000000000000000000, -1.000000000000000000, 0.000000000000000000 ) ) ;
#521 = LINE ( 'NONE', #11160, #7438 ) ;
#522 = DIRECTION ( 'NONE',  ( -1.000000000000000000, 0.000000000000000000, -1.529003063761606547E-15 ) ) ;
#523 = DIRECTION ( 'NONE',  ( -0.7071067811865476838, 0.000000000000000000, 0.7071067811865474617 ) ) ;
#524 = VERTEX_POINT ( 'NONE', #5289 ) ;
#525 = VECTOR ( 'NONE', #11364, 1000.000000000000000 ) ;
#526 = VERTEX_POINT ( 'NONE', #10567 ) ;
#527 = EDGE_CURVE ( 'NONE', #2524, #9611, #2872, .T. ) ;
#528 = ORIENTED_EDGE ( 'NONE', *, *, #10849, .T. ) ;
#529 = CARTESIAN_POINT ( 'NONE',  ( 0.2500000000000012768, 0.1999999999999999833, 0.9249999999999997113 ) ) ;
#530 = CARTESIAN_POINT ( 'NONE',  ( 1.300000000000000044, 0.2000000000000000111, -0.6000000000000004219 ) ) ;
#531 = CARTESIAN_POINT ( 'NONE',  ( 1.224999999999999645, 0.01000000000000005398, 0.8999999999999993561 ) ) ;
#532 = CARTESIAN_POINT ( 'NONE',  ( 1.300000000000000044, 0.7590169943749472958, 0.3999999999999996336 ) ) ;
#533 = CARTESIAN_POINT ( 'NONE',  ( -1.224999999999999645, 0.01000000000000005398, -0.8999999999999993561 ) ) ;
#534 = EDGE_LOOP ( 'NONE', ( #8451, #4898, #2913, #2072 ) ) ;
#535 = VECTOR ( 'NONE', #1397, 1000.000000000000000 ) ;
#536 = DIRECTION ( 'NONE',  ( 0.000000000000000000, -1.000000000000000000, 0.000000000000000000 ) ) ;
#537 = EDGE_LOOP ( 'NONE', ( #3692, #7899, #6850, #6731 ) ) ;
#538 = ORIENTED_EDGE ( 'NONE', *, *, #10691, .F. ) ;
#539 = DIRECTION ( 'NONE',  ( 0.000000000000000000, -1.000000000000000000, 0.000000000000000000 ) ) ;
#540 = ADVANCED_FACE ( 'NONE', ( #6219 ), #172, .T. ) ;
#541 = CIRCLE ( 'NONE', #7543, 0.1000000000000000472 ) ;
#542 = VECTOR ( 'NONE', #4294, 1000.000000000000000 ) ;
#543 = ORIENTED_EDGE ( 'NONE', *, *, #5182, .T. ) ;
#544 = ORIENTED_EDGE ( 'NONE', *, *, #11089, .T. ) ;
#545 = CARTESIAN_POINT ( 'NONE',  ( 0.1250000000000011657, 0.1999999999999999833, 0.9249999999999992673 ) ) ;
#546 = CARTESIAN_POINT ( 'NONE',  ( 1.249999999999999778, 0.1999999999999999833, -1.124999999999999778 ) ) ;
#547 = ADVANCED_FACE ( 'NONE', ( #7263 ), #10802, .T. ) ;
#548 = DIRECTION ( 'NONE',  ( 0.000000000000000000, -1.000000000000000000, 0.000000000000000000 ) ) ;
#549 = DIRECTION ( 'NONE',  ( -0.000000000000000000, -1.000000000000000000, 0.000000000000000000 ) ) ;
#550 = ORIENTED_EDGE ( 'NONE', *, *, #1004, .F. ) ;
#551 = CARTESIAN_POINT ( 'NONE',  ( -0.9256884250419260551, 0.9500000000000000666, -0.8859432889494202046 ) ) ;
#552 = CIRCLE ( 'NONE', #8858, 0.1250000000000000000 ) ;
#553 = CARTESIAN_POINT ( 'NONE',  ( 0.000000000000000000, 0.01000000000000000021, 0.000000000000000000 ) ) ;
#554 = VERTEX_POINT ( 'NONE', #1262 ) ;
#555 = CARTESIAN_POINT ( 'NONE',  ( 0.3750000000000008882, 0.000000000000000000, -1.299999999999999822 ) ) ;
#556 = VECTOR ( 'NONE', #7970, 1000.000000000000000 ) ;
#557 = EDGE_CURVE ( 'NONE', #3748, #2843, #6395, .T. ) ;
#558 = EDGE_LOOP ( 'NONE', ( #2410, #6880, #3548, #10912 ) ) ;
#559 = ORIENTED_EDGE ( 'NONE', *, *, #2988, .F. ) ;
#560 = EDGE_CURVE ( 'NONE', #4715, #7930, #2941, .T. ) ;
#561 = VECTOR ( 'NONE', #9939, 1000.000000000000000 ) ;
#562 = CIRCLE ( 'NONE', #5904, 0.1000000000000000472 ) ;
#563 = LINE ( 'NONE', #11193, #2940 ) ;
#564 = DIRECTION ( 'NONE',  ( 0.000000000000000000, -1.000000000000000000, 0.000000000000000000 ) ) ;
#565 = DIRECTION ( 'NONE',  ( -1.000000000000000000, 0.000000000000000000, 1.000802005371233254E-15 ) ) ;
#566 = DIRECTION ( 'NONE',  ( -1.000000000000000000, 0.000000000000000000, 0.000000000000000000 ) ) ;
#567 = ORIENTED_EDGE ( 'NONE', *, *, #250, .T. ) ;
#568 = AXIS2_PLACEMENT_3D ( 'NONE', #9520, #1603, #7784 ) ;
#569 = CARTESIAN_POINT ( 'NONE',  ( -0.3750000000000007772, 0.1999999999999999833, -1.224999999999999867 ) ) ;
#570 = CARTESIAN_POINT ( 'NONE',  ( -1.300000000000000044, 0.1999999999999999833, -0.1000000000000001582 ) ) ;
#571 = CARTESIAN_POINT ( 'NONE',  ( -0.9256884250419260551, 0.9500000000000000666, -0.8859432889494202046 ) ) ;
#572 = AXIS2_PLACEMENT_3D ( 'NONE', #7714, #11253, #1592 ) ;
#573 = CARTESIAN_POINT ( 'NONE',  ( -0.1250000000000010270, 0.9846177413237633402, 1.224999999999999645 ) ) ;
#574 = VERTEX_POINT ( 'NONE', #9870 ) ;
#575 = AXIS2_PLACEMENT_3D ( 'NONE', #3434, #6951, #2802 ) ;
#576 = LINE ( 'NONE', #4147, #10814 ) ;
#577 = DIRECTION ( 'NONE',  ( 1.000000000000000000, 0.000000000000000000, 1.167602339599772458E-15 ) ) ;
#578 = VECTOR ( 'NONE', #7880, 1000.000000000000000 ) ;
#579 = CARTESIAN_POINT ( 'NONE',  ( 1.299999999999999822, 0.01000000000000000021, 1.300000000000000266 ) ) ;
#580 = EDGE_CURVE ( 'NONE', #10040, #10195, #9988, .T. ) ;
#581 = SURFACE_SIDE_STYLE ('',( #6577 ) ) ;
#582 = DIRECTION ( 'NONE',  ( -0.000000000000000000, -1.000000000000000000, 0.000000000000000000 ) ) ;
#583 = EDGE_CURVE ( 'NONE', #6784, #11063, #4546, .T. ) ;
#584 = CARTESIAN_POINT ( 'NONE',  ( 0.8500000000000001998, 0.1000000000000001166, 1.300000000000005373 ) ) ;
#585 = AXIS2_PLACEMENT_3D ( 'NONE', #9389, #4990, #612 ) ;
#586 = VERTEX_POINT ( 'NONE', #1908 ) ;
#587 = AXIS2_PLACEMENT_3D ( 'NONE', #999, #9667, #7812 ) ;
#588 = ORIENTED_EDGE ( 'NONE', *, *, #1454, .T. ) ;
#589 = ORIENTED_EDGE ( 'NONE', *, *, #8639, .F. ) ;
#590 = DIRECTION ( 'NONE',  ( -3.984674651014977107E-16, 0.000000000000000000, -1.000000000000000000 ) ) ;
#591 = CARTESIAN_POINT ( 'NONE',  ( 0.9249999999999999334, 0.2000000000000000111, -0.5000000000000002220 ) ) ;
#592 = DIRECTION ( 'NONE',  ( 0.000000000000000000, -1.000000000000000000, 0.000000000000000000 ) ) ;
#593 = STYLED_ITEM ( 'NONE', ( #5137 ), #9441 ) ;
#594 = SURFACE_SIDE_STYLE ('',( #10998 ) ) ;
#595 = CARTESIAN_POINT ( 'NONE',  ( 1.250000000000000000, 0.1999999999999999833, 0.9249999999999993783 ) ) ;
#596 = VERTEX_POINT ( 'NONE', #285 ) ;
#597 = CARTESIAN_POINT ( 'NONE',  ( 0.8749999999999990008, 0.9846177413237633402, 1.149999999999999911 ) ) ;
#598 = EDGE_CURVE ( 'NONE', #1884, #2414, #1961, .T. ) ;
#599 = ORIENTED_EDGE ( 'NONE', *, *, #2285, .F. ) ;
#600 = ORIENTED_EDGE ( 'NONE', *, *, #9243, .F. ) ;
#601 = DIRECTION ( 'NONE',  ( -1.092542189196933248E-14, 0.000000000000000000, 1.000000000000000000 ) ) ;
#602 = AXIS2_PLACEMENT_3D ( 'NONE', #1651, #1486, #677 ) ;
#603 = ORIENTED_EDGE ( 'NONE', *, *, #4778, .F. ) ;
#604 = EDGE_LOOP ( 'NONE', ( #3668, #9906, #6066, #10806 ) ) ;
#605 = LINE ( 'NONE', #6546, #11072 ) ;
#606 = LINE ( 'NONE', #4125, #2040 ) ;
#607 = CIRCLE ( 'NONE', #10566, 0.1000000000000000472 ) ;
#608 = DIRECTION ( 'NONE',  ( 1.000000000000000000, -0.000000000000000000, -1.401122807519719062E-14 ) ) ;
#609 = CARTESIAN_POINT ( 'NONE',  ( -1.300000000000000044, 0.2000000000000000111, 0.3999999999999998557 ) ) ;
#610 = ORIENTED_EDGE ( 'NONE', *, *, #3232, .F. ) ;
#611 = EDGE_CURVE ( 'NONE', #9645, #7751, #2018, .T. ) ;
#612 = DIRECTION ( 'NONE',  ( 1.000000000000000000, 0.000000000000000000, 0.000000000000000000 ) ) ;
#613 = VERTEX_POINT ( 'NONE', #7204 ) ;
#614 = DIRECTION ( 'NONE',  ( -0.000000000000000000, -1.000000000000000000, 0.000000000000000000 ) ) ;
#615 = ORIENTED_EDGE ( 'NONE', *, *, #3425, .F. ) ;
#616 = CARTESIAN_POINT ( 'NONE',  ( -0.1624999999999950095, 0.01000000000000000021, -0.1624999999999963973 ) ) ;
#617 = AXIS2_PLACEMENT_3D ( 'NONE', #4863, #10186, #9261 ) ;
#618 = ADVANCED_FACE ( 'NONE', ( #10745 ), #7376, .T. ) ;
#619 = ORIENTED_EDGE ( 'NONE', *, *, #5682, .F. ) ;
#620 = ORIENTED_EDGE ( 'NONE', *, *, #1243, .T. ) ;
#621 = DIRECTION ( 'NONE',  ( 0.7071067811865459074, 0.000000000000000000, 0.7071067811865491270 ) ) ;
#622 = CARTESIAN_POINT ( 'NONE',  ( -1.250000000000000000, 0.2000000000000000111, 0.5999999999999998668 ) ) ;
#623 = CARTESIAN_POINT ( 'NONE',  ( 1.225000000000000089, 0.7590169943749472958, 0.3749999999999997780 ) ) ;
#624 = EDGE_CURVE ( 'NONE', #5081, #1460, #4051, .T. ) ;
#625 = LINE ( 'NONE', #5983, #8684 ) ;
#626 = ORIENTED_EDGE ( 'NONE', *, *, #7841, .T. ) ;
#627 = EDGE_CURVE ( 'NONE', #8660, #2038, #2821, .T. ) ;
#628 = DIRECTION ( 'NONE',  ( 0.000000000000000000, -1.000000000000000000, 0.000000000000000000 ) ) ;
#629 = VECTOR ( 'NONE', #11103, 1000.000000000000000 ) ;
#630 = EDGE_CURVE ( 'NONE', #174, #10256, #9064, .T. ) ;
#631 = SURFACE_SIDE_STYLE ('',( #7608 ) ) ;
#632 = LINE ( 'NONE', #5604, #10856 ) ;
#633 = ORIENTED_EDGE ( 'NONE', *, *, #8218, .T. ) ;
#634 = AXIS2_PLACEMENT_3D ( 'NONE', #8825, #8193, #10679 ) ;
#635 = DIRECTION ( 'NONE',  ( -1.167602339599772261E-15, 0.000000000000000000, 1.000000000000000000 ) ) ;
#636 = CARTESIAN_POINT ( 'NONE',  ( -0.9249999999999998224, 0.1999999999999999833, -0.6250000000000002220 ) ) ;
#637 = DIRECTION ( 'NONE',  ( 1.626303258728255862E-15, -1.776356839400251648E-15, -1.000000000000000000 ) ) ;
#638 = EDGE_CURVE ( 'NONE', #2516, #5221, #6455, .T. ) ;
#639 = CARTESIAN_POINT ( 'NONE',  ( 0.1500000000000000222, 0.1999999999999999833, -1.300000000000000266 ) ) ;
#640 = CARTESIAN_POINT ( 'NONE',  ( -1.250000000000000000, 0.1999999999999999833, -0.9249999999999993783 ) ) ;
#641 = CARTESIAN_POINT ( 'NONE',  ( 0.6250000000000008882, 0.9846177413237633402, 1.225000000000004974 ) ) ;
#642 = EDGE_CURVE ( 'NONE', #5790, #3812, #11062, .T. ) ;
#643 = ORIENTED_EDGE ( 'NONE', *, *, #9878, .T. ) ;
#644 = ORIENTED_EDGE ( 'NONE', *, *, #9731, .F. ) ;
#645 = EDGE_CURVE ( 'NONE', #10656, #9556, #4716, .T. ) ;
#646 = ORIENTED_EDGE ( 'NONE', *, *, #8269, .F. ) ;
#647 = DIRECTION ( 'NONE',  ( 1.000000000000000000, 0.000000000000000000, 1.529003063761606547E-15 ) ) ;
#648 = CARTESIAN_POINT ( 'NONE',  ( 0.8500000000000001998, 0.1999999999999999833, 1.300000000000005373 ) ) ;
#649 = DIRECTION ( 'NONE',  ( 0.000000000000000000, -1.000000000000000000, 0.000000000000000000 ) ) ;
#650 = CARTESIAN_POINT ( 'NONE',  ( 0.2500000000000013878, 0.000000000000000000, -0.9249999999999997113 ) ) ;
#651 = EDGE_LOOP ( 'NONE', ( #5950, #9422, #5132, #3167 ) ) ;
#652 = FACE_OUTER_BOUND ( 'NONE', #7034, .T. ) ;
#653 = ORIENTED_EDGE ( 'NONE', *, *, #1417, .T. ) ;
#654 = ORIENTED_EDGE ( 'NONE', *, *, #560, .T. ) ;
#655 = LINE ( 'NONE', #2614, #4202 ) ;
#656 = VERTEX_POINT ( 'NONE', #9003 ) ;
#657 = EDGE_CURVE ( 'NONE', #4061, #4123, #4664, .T. ) ;
#658 = VECTOR ( 'NONE', #10226, 1000.000000000000000 ) ;
#659 = EDGE_LOOP ( 'NONE', ( #4045, #3534, #3142, #3014, #6815 ) ) ;
#660 = DIRECTION ( 'NONE',  ( 1.417802840942572903E-14, -0.000000000000000000, -1.000000000000000000 ) ) ;
#661 = CARTESIAN_POINT ( 'NONE',  ( 0.7250000000000009770, 0.1999999999999999833, 0.9999999999999991118 ) ) ;
#662 = CARTESIAN_POINT ( 'NONE',  ( 0.3594077705648188181, 0.08117096151037231366, -1.240592229435182325 ) ) ;
#663 = EDGE_LOOP ( 'NONE', ( #8185, #317, #1119, #8771 ) ) ;
#664 = ORIENTED_EDGE ( 'NONE', *, *, #10301, .F. ) ;
#665 = VECTOR ( 'NONE', #7024, 1000.000000000000000 ) ;
#666 = FACE_OUTER_BOUND ( 'NONE', #5732, .T. ) ;
#667 = VERTEX_POINT ( 'NONE', #8246 ) ;
#668 = DIRECTION ( 'NONE',  ( -0.7071067811865491270, 0.000000000000000000, 0.7071067811865459074 ) ) ;
#669 = ORIENTED_EDGE ( 'NONE', *, *, #1843, .T. ) ;
#670 = ORIENTED_EDGE ( 'NONE', *, *, #6610, .T. ) ;
#671 = DIRECTION ( 'NONE',  ( 1.000000000000000000, 0.000000000000000000, 0.000000000000000000 ) ) ;
#672 = DIRECTION ( 'NONE',  ( 0.000000000000000000, -1.000000000000000000, 0.000000000000000000 ) ) ;
#673 = AXIS2_PLACEMENT_3D ( 'NONE', #4075, #4131, #7593 ) ;
#674 = DIRECTION ( 'NONE',  ( 1.000000000000000000, 0.000000000000000000, -1.292702590271175087E-14 ) ) ;
#675 = CARTESIAN_POINT ( 'NONE',  ( 0.3750000000000007772, 0.000000000000000000, 1.224999999999999867 ) ) ;
#676 = ORIENTED_EDGE ( 'NONE', *, *, #1004, .T. ) ;
#677 = DIRECTION ( 'NONE',  ( -1.000000000000000000, 0.000000000000000000, -8.340016711426957754E-17 ) ) ;
#678 = FACE_OUTER_BOUND ( 'NONE', #6977, .T. ) ;
#679 = LINE ( 'NONE', #6158, #10385 ) ;
#680 = AXIS2_PLACEMENT_3D ( 'NONE', #1148, #9535, #6120 ) ;
#681 = DIRECTION ( 'NONE',  ( 0.000000000000000000, -1.000000000000000000, 0.000000000000000000 ) ) ;
#682 = VERTEX_POINT ( 'NONE', #339 ) ;
#683 = EDGE_CURVE ( 'NONE', #8410, #5512, #8418, .T. ) ;
#684 = DIRECTION ( 'NONE',  ( 1.000802005371233057E-15, 0.000000000000000000, 1.000000000000000000 ) ) ;
#685 = LINE ( 'NONE', #7725, #7564 ) ;
#686 = FACE_OUTER_BOUND ( 'NONE', #4756, .T. ) ;
#687 = EDGE_CURVE ( 'NONE', #5117, #1951, #1425, .T. ) ;
#688 = DIRECTION ( 'NONE',  ( -0.7071067811865476838, 0.000000000000000000, 0.7071067811865474617 ) ) ;
#689 = CARTESIAN_POINT ( 'NONE',  ( 0.6250000000000011102, 0.06614378277662086303, -1.225000000000004974 ) ) ;
#690 = LINE ( 'NONE', #11162, #2720 ) ;
#691 = ORIENTED_EDGE ( 'NONE', *, *, #10230, .T. ) ;
#692 = ORIENTED_EDGE ( 'NONE', *, *, #27, .T. ) ;
#693 = CIRCLE ( 'NONE', #6776, 0.1000000000000000472 ) ;
#694 = EDGE_CURVE ( 'NONE', #7687, #1284, #7489, .T. ) ;
#695 = EDGE_CURVE ( 'NONE', #9945, #857, #5224, .T. ) ;
#696 = VERTEX_POINT ( 'NONE', #2253 ) ;
#697 = DIRECTION ( 'NONE',  ( -1.000000000000000000, 0.000000000000000000, -8.340016711426957754E-17 ) ) ;
#698 = DIRECTION ( 'NONE',  ( -0.000000000000000000, -1.000000000000000000, 0.000000000000000000 ) ) ;
#699 = EDGE_CURVE ( 'NONE', #6011, #9518, #6023, .T. ) ;
#700 = DIRECTION ( 'NONE',  ( -0.7071067811865459074, 0.000000000000000000, -0.7071067811865491270 ) ) ;
#701 = LINE ( 'NONE', #7573, #2992 ) ;
#702 = ORIENTED_EDGE ( 'NONE', *, *, #4494, .F. ) ;
#703 = AXIS2_PLACEMENT_3D ( 'NONE', #7278, #3705, #10765 ) ;
#704 = DIRECTION ( 'NONE',  ( 1.309382623694029086E-14, 0.000000000000000000, -1.000000000000000000 ) ) ;
#705 = ORIENTED_EDGE ( 'NONE', *, *, #557, .T. ) ;
#706 = ORIENTED_EDGE ( 'NONE', *, *, #10320, .F. ) ;
#707 = DIRECTION ( 'NONE',  ( -1.000000000000000000, -4.440892098500629317E-15, -1.084202172485503961E-14 ) ) ;
#708 = EDGE_LOOP ( 'NONE', ( #4881, #5431, #9454, #2311 ) ) ;
#709 = AXIS2_PLACEMENT_3D ( 'NONE', #9161, #9806, #222 ) ;
#710 = DIRECTION ( 'NONE',  ( 0.7071067811865491270, 0.000000000000000000, -0.7071067811865459074 ) ) ;
#711 = CARTESIAN_POINT ( 'NONE',  ( 0.3500000000000008105, 0.9846177413237633402, 1.249999999999999778 ) ) ;
#712 = CARTESIAN_POINT ( 'NONE',  ( -0.3750000000000009992, 0.1999999999999999833, 1.224999999999999867 ) ) ;
#713 = ORIENTED_EDGE ( 'NONE', *, *, #1196, .T. ) ;
#714 = EDGE_CURVE ( 'NONE', #4830, #4820, #10159, .T. ) ;
#715 = CARTESIAN_POINT ( 'NONE',  ( 1.232185303455675562, 0.07429115107872268087, -1.142814696544324216 ) ) ;
#716 = EDGE_CURVE ( 'NONE', #10210, #1060, #10423, .T. ) ;
#717 = ORIENTED_EDGE ( 'NONE', *, *, #7290, .T. ) ;
#718 = DIRECTION ( 'NONE',  ( 1.000000000000000000, 0.000000000000000000, 8.340016711426957754E-17 ) ) ;
#719 = ORIENTED_EDGE ( 'NONE', *, *, #7035, .T. ) ;
#720 = LINE ( 'NONE', #1639, #8252 ) ;
#721 = AXIS2_PLACEMENT_3D ( 'NONE', #9434, #536, #9539 ) ;
#722 = VERTEX_POINT ( 'NONE', #9346 ) ;
#723 = ORIENTED_EDGE ( 'NONE', *, *, #2209, .F. ) ;
#724 = ORIENTED_EDGE ( 'NONE', *, *, #2832, .F. ) ;
#725 = LINE ( 'NONE', #2470, #6062 ) ;
#726 = CARTESIAN_POINT ( 'NONE',  ( -1.093800711959200145, 0.9500000000000000666, -0.8859432889494202046 ) ) ;
#727 = CARTESIAN_POINT ( 'NONE',  ( -0.6499999999999999112, 0.1999999999999999833, -1.300000000000005596 ) ) ;
#728 = LINE ( 'NONE', #7771, #6282 ) ;
#729 = ORIENTED_EDGE ( 'NONE', *, *, #7450, .T. ) ;
#730 = VECTOR ( 'NONE', #267, 1000.000000000000000 ) ;
#731 = FACE_OUTER_BOUND ( 'NONE', #803, .T. ) ;
#732 = CARTESIAN_POINT ( 'NONE',  ( 0.6405922294351833468, 0.08117096151037569984, 1.240592229435187210 ) ) ;
#733 = VECTOR ( 'NONE', #890, 1000.000000000000000 ) ;
#734 = EDGE_LOOP ( 'NONE', ( #8078, #1946, #9193, #4426 ) ) ;
#735 = CIRCLE ( 'NONE', #2031, 0.1250000000000000000 ) ;
#736 = CARTESIAN_POINT ( 'NONE',  ( 0.9249999999999999334, 0.000000000000000000, -2.481154971649519383E-16 ) ) ;
#737 = DIRECTION ( 'NONE',  ( 0.7071067811865461294, 0.000000000000000000, -0.7071067811865489050 ) ) ;
#738 = VECTOR ( 'NONE', #10123, 1000.000000000000000 ) ;
#739 = FACE_OUTER_BOUND ( 'NONE', #7032, .T. ) ;
#740 = AXIS2_PLACEMENT_3D ( 'NONE', #3447, #7668, #637 ) ;
#741 = DIRECTION ( 'NONE',  ( 0.000000000000000000, -1.000000000000000000, 0.000000000000000000 ) ) ;
#742 = CARTESIAN_POINT ( 'NONE',  ( 0.6250000000000008882, 0.06614378277662037731, 1.225000000000004974 ) ) ;
#743 = AXIS2_PLACEMENT_3D ( 'NONE', #7510, #4112, #6589 ) ;
#744 = ADVANCED_FACE ( 'NONE', ( #769 ), #3971, .F. ) ;
#745 = CARTESIAN_POINT ( 'NONE',  ( -7.506015040284254829E-17, 0.01000000000000000021, 0.8999999999999992450 ) ) ;
#746 = EDGE_LOOP ( 'NONE', ( #5202, #5138, #2954, #10547 ) ) ;
#747 = VECTOR ( 'NONE', #9167, 1000.000000000000000 ) ;
#748 = ORIENTED_EDGE ( 'NONE', *, *, #1215, .T. ) ;
#749 = AXIS2_PLACEMENT_3D ( 'NONE', #3896, #5680, #1130 ) ;
#750 = EDGE_CURVE ( 'NONE', #2367, #7065, #3423, .T. ) ;
#751 = VERTEX_POINT ( 'NONE', #6078 ) ;
#752 = DIRECTION ( 'NONE',  ( -2.502005013428086587E-17, 0.000000000000000000, -1.000000000000000000 ) ) ;
#753 = DIRECTION ( 'NONE',  ( -0.7071067811865469066, 0.000000000000000000, 0.7071067811865482389 ) ) ;
#754 = LINE ( 'NONE', #861, #8046 ) ;
#755 = VECTOR ( 'NONE', #9814, 1000.000000000000000 ) ;
#756 = LINE ( 'NONE', #988, #7331 ) ;
#757 = EDGE_CURVE ( 'NONE', #3413, #842, #2395, .T. ) ;
#758 = VECTOR ( 'NONE', #8103, 1000.000000000000000 ) ;
#759 = CARTESIAN_POINT ( 'NONE',  ( -0.6250000000000007772, 0.9846177413237633402, -0.9999999999999991118 ) ) ;
#760 = EDGE_LOOP ( 'NONE', ( #10416, #372, #10362, #4485, #8795, #4331, #9188, #5102, #7165 ) ) ;
#761 = ORIENTED_EDGE ( 'NONE', *, *, #10028, .T. ) ;
#762 = DIRECTION ( 'NONE',  ( -1.000000000000000000, 0.000000000000000000, 2.780005570475647818E-16 ) ) ;
#763 = ORIENTED_EDGE ( 'NONE', *, *, #4704, .F. ) ;
#764 =( GEOMETRIC_REPRESENTATION_CONTEXT ( 3 ) GLOBAL_UNCERTAINTY_ASSIGNED_CONTEXT ( ( #10108 ) ) GLOBAL_UNIT_ASSIGNED_CONTEXT ( ( #1040, #5758, #1919 ) ) REPRESENTATION_CONTEXT ( 'NONE', 'WORKASPACE' ) );
#765 = LINE ( 'NONE', #6134, #2949 ) ;
#766 = LINE ( 'NONE', #711, #1159 ) ;
#767 =( LENGTH_UNIT ( ) NAMED_UNIT ( * ) SI_UNIT ( .MILLI., .METRE. ) );
#768 = EDGE_LOOP ( 'NONE', ( #1785, #8604, #610, #8394 ) ) ;
#769 = FACE_OUTER_BOUND ( 'NONE', #11327, .T. ) ;
#770 = ORIENTED_EDGE ( 'NONE', *, *, #11427, .F. ) ;
#771 = CARTESIAN_POINT ( 'NONE',  ( 0.7999999999999996003, 0.01000000000000000021, 0.8000000000000032641 ) ) ;
#772 = VECTOR ( 'NONE', #7830, 1000.000000000000000 ) ;
#773 = ORIENTED_EDGE ( 'NONE', *, *, #10646, .F. ) ;
#774 = DIRECTION ( 'NONE',  ( 0.000000000000000000, -1.000000000000000000, 0.000000000000000000 ) ) ;
#775 = ORIENTED_EDGE ( 'NONE', *, *, #6047, .F. ) ;
#776 = ORIENTED_EDGE ( 'NONE', *, *, #8647, .T. ) ;
#777 = EDGE_CURVE ( 'NONE', #365, #7335, #3110, .T. ) ;
#778 = DIRECTION ( 'NONE',  ( -0.7071067811865469066, 0.000000000000000000, 0.7071067811865482389 ) ) ;
#779 = PLANE ( 'NONE',  #575 ) ;
#780 = EDGE_CURVE ( 'NONE', #2227, #2731, #2509, .T. ) ;
#781 = VECTOR ( 'NONE', #7192, 1000.000000000000000 ) ;
#782 = CARTESIAN_POINT ( 'NONE',  ( -1.250000000000000000, 0.1999999999999999833, 0.3999999999999998557 ) ) ;
#783 = CARTESIAN_POINT ( 'NONE',  ( -0.6250000000000008882, 0.9846177413237633402, -1.225000000000004974 ) ) ;
#784 = ORIENTED_EDGE ( 'NONE', *, *, #1833, .F. ) ;
#785 = CARTESIAN_POINT ( 'NONE',  ( 1.149999999999998579, 0.000000000000000000, -1.199999999999999734 ) ) ;
#786 = VECTOR ( 'NONE', #4699, 1000.000000000000000 ) ;
#787 = ADVANCED_FACE ( 'NONE', ( #11088 ), #1697, .F. ) ;
#788 = CYLINDRICAL_SURFACE ( 'NONE', #5201, 0.1000000000000000472 ) ;
#789 = DIRECTION ( 'NONE',  ( 0.7071067811865489050, 0.000000000000000000, 0.7071067811865461294 ) ) ;
#790 = ORIENTED_EDGE ( 'NONE', *, *, #4288, .T. ) ;
#791 = DIRECTION ( 'NONE',  ( -0.7071067811865491270, 0.000000000000000000, 0.7071067811865459074 ) ) ;
#792 = EDGE_CURVE ( 'NONE', #2667, #7751, #8743, .T. ) ;
#793 = CARTESIAN_POINT ( 'NONE',  ( -0.1499999999999998002, 0.9846177413237633402, -1.300000000000000266 ) ) ;
#794 = COLOUR_RGB ( '',0.2509803921568627416, 0.2509803921568627416, 0.2509803921568627416 ) ;
#795 = DIRECTION ( 'NONE',  ( 0.000000000000000000, -1.000000000000000000, 0.000000000000000000 ) ) ;
#796 = FACE_OUTER_BOUND ( 'NONE', #6126, .T. ) ;
#797 = CARTESIAN_POINT ( 'NONE',  ( 0.1250000000000008049, 0.1999999999999999833, 1.224999999999999645 ) ) ;
#798 = EDGE_CURVE ( 'NONE', #2556, #4212, #9555, .T. ) ;
#799 = SURFACE_STYLE_USAGE ( .BOTH. , #4496 ) ;
#800 = VERTEX_POINT ( 'NONE', #452 ) ;
#801 = PRESENTATION_LAYER_ASSIGNMENT (  '', '', ( #1363 ) ) ;
#802 = ORIENTED_EDGE ( 'NONE', *, *, #3365, .T. ) ;
#803 = EDGE_LOOP ( 'NONE', ( #10896, #10038, #6517, #1610, #11177, #7999, #1744, #9876, #8112, #4754, #8612, #3055, #7653, #7937, #1258 ) ) ;
#804 = CARTESIAN_POINT ( 'NONE',  ( -1.225000000000000089, 0.2000000000000000111, 0.3749999999999998890 ) ) ;
#805 = CARTESIAN_POINT ( 'NONE',  ( -1.300000000000000266, 0.000000000000000000, -0.9249999999999999334 ) ) ;
#806 = CARTESIAN_POINT ( 'NONE',  ( -1.249999999999999778, 0.1999999999999999833, -1.124999999999999778 ) ) ;
#807 = CARTESIAN_POINT ( 'NONE',  ( -1.300000000000000266, 1.050000000000000488, 1.300000000000000044 ) ) ;
#808 = DIRECTION ( 'NONE',  ( 0.000000000000000000, -1.000000000000000000, 0.000000000000000000 ) ) ;
#809 = DIRECTION ( 'NONE',  ( 0.000000000000000000, -1.000000000000000000, 0.000000000000000000 ) ) ;
#810 = DIRECTION ( 'NONE',  ( 0.000000000000000000, 1.000000000000000000, 0.000000000000000000 ) ) ;
#811 = VERTEX_POINT ( 'NONE', #5153 ) ;
#812 = EDGE_LOOP ( 'NONE', ( #10893, #588, #9775, #567, #9008, #6921, #5456, #7113 ) ) ;
#813 = CARTESIAN_POINT ( 'NONE',  ( 0.1250000000000013600, 0.1999999999999999833, -0.9249999999999992673 ) ) ;
#814 = EDGE_CURVE ( 'NONE', #8422, #696, #6943, .T. ) ;
#815 = VERTEX_POINT ( 'NONE', #10218 ) ;
#816 = CARTESIAN_POINT ( 'NONE',  ( -0.2500000000000013878, 0.009999999999999998473, 0.9249999999999997113 ) ) ;
#817 = LINE ( 'NONE', #7986, #4117 ) ;
#818 = CARTESIAN_POINT ( 'NONE',  ( 0.9250000000000011546, 0.01000000000000000021, 0.9249999999999993783 ) ) ;
#819 = EDGE_LOOP ( 'NONE', ( #6494, #6130, #2389, #6288, #5476, #8518, #8443, #2707 ) ) ;
#820 = EDGE_CURVE ( 'NONE', #5751, #8152, #3913, .T. ) ;
#821 = EDGE_CURVE ( 'NONE', #7612, #5004, #11057, .T. ) ;
#822 = LINE ( 'NONE', #943, #9395 ) ;
#823 = ORIENTED_EDGE ( 'NONE', *, *, #10803, .F. ) ;
#824 = CARTESIAN_POINT ( 'NONE',  ( 0.2500000000000012768, 0.1999999999999999833, 0.9249999999999997113 ) ) ;
#825 = EDGE_LOOP ( 'NONE', ( #10919, #4301, #9306, #10828 ) ) ;
#826 = LINE ( 'NONE', #4348, #10289 ) ;
#827 = VERTEX_POINT ( 'NONE', #3598 ) ;
#828 = EDGE_CURVE ( 'NONE', #9887, #1673, #4465, .T. ) ;
#829 = ORIENTED_EDGE ( 'NONE', *, *, #7734, .T. ) ;
#830 = EDGE_CURVE ( 'NONE', #499, #7036, #9899, .T. ) ;
#831 = DIRECTION ( 'NONE',  ( 1.000000000000000000, 0.000000000000000000, 8.340016711426957754E-17 ) ) ;
#832 = PLANE ( 'NONE',  #7557 ) ;
#833 = EDGE_CURVE ( 'NONE', #811, #1455, #34, .T. ) ;
#834 = FACE_OUTER_BOUND ( 'NONE', #11341, .T. ) ;
#835 = CARTESIAN_POINT ( 'NONE',  ( 0.7999999999999998224, 0.01000000000000000021, -0.8000000000000030420 ) ) ;
#836 = VERTEX_POINT ( 'NONE', #5500 ) ;
#837 = VECTOR ( 'NONE', #7497, 1000.000000000000000 ) ;
#838 = DIRECTION ( 'NONE',  ( 8.340016711426957754E-17, 0.000000000000000000, -1.000000000000000000 ) ) ;
#839 = CARTESIAN_POINT ( 'NONE',  ( 1.300000000000000044, 0.01000000000000005398, 0.9249999999999999334 ) ) ;
#840 = FACE_OUTER_BOUND ( 'NONE', #216, .T. ) ;
#841 = CYLINDRICAL_SURFACE ( 'NONE', #10863, 0.1000000000000000472 ) ;
#842 = VERTEX_POINT ( 'NONE', #5317 ) ;
#843 = AXIS2_PLACEMENT_3D ( 'NONE', #4992, #439, #3039 ) ;
#844 = CARTESIAN_POINT ( 'NONE',  ( -0.6500000000000009104, 0.9846177413237633402, 1.250000000000004885 ) ) ;
#845 = CARTESIAN_POINT ( 'NONE',  ( 1.250000000000000000, 0.1999999999999999833, 0.3999999999999997446 ) ) ;
#846 = CARTESIAN_POINT ( 'NONE',  ( -0.7250000000000010880, 0.1999999999999999833, 0.8999999999999991340 ) ) ;
#847 = CARTESIAN_POINT ( 'NONE',  ( -0.8749999999999990008, 0.000000000000000000, -1.149999999999999911 ) ) ;
#848 = EDGE_CURVE ( 'NONE', #5626, #3575, #822, .T. ) ;
#849 = DIRECTION ( 'NONE',  ( 0.000000000000000000, -1.000000000000000000, 0.000000000000000000 ) ) ;
#850 = PLANE ( 'NONE',  #8839 ) ;
#851 = EDGE_CURVE ( 'NONE', #10061, #5615, #9723, .T. ) ;
#852 = VECTOR ( 'NONE', #11244, 1000.000000000000000 ) ;
#853 = FACE_OUTER_BOUND ( 'NONE', #10098, .T. ) ;
#854 = EDGE_LOOP ( 'NONE', ( #8341, #1623, #131, #991, #6319 ) ) ;
#855 = EDGE_CURVE ( 'NONE', #4670, #310, #10596, .T. ) ;
#856 = EDGE_LOOP ( 'NONE', ( #5440, #3760, #1176, #1587 ) ) ;
#857 = VERTEX_POINT ( 'NONE', #6193 ) ;
#858 = DIRECTION ( 'NONE',  ( -0.000000000000000000, -1.000000000000000000, 0.000000000000000000 ) ) ;
#859 = DIRECTION ( 'NONE',  ( 0.000000000000000000, -1.000000000000000000, 0.000000000000000000 ) ) ;
#860 = DIRECTION ( 'NONE',  ( 1.000000000000000000, -0.000000000000000000, -1.943223893762450295E-14 ) ) ;
#861 = CARTESIAN_POINT ( 'NONE',  ( -1.225000000000000089, 0.1999999999999999833, 0.3749999999999998890 ) ) ;
#862 = DIRECTION ( 'NONE',  ( 0.000000000000000000, 0.000000000000000000, -1.000000000000000000 ) ) ;
#863 = DIRECTION ( 'NONE',  ( -0.7071067811865512365, -0.000000000000000000, 0.7071067811865439090 ) ) ;
#864 = DIRECTION ( 'NONE',  ( 1.000802005371233057E-15, 0.000000000000000000, 1.000000000000000000 ) ) ;
#865 = CARTESIAN_POINT ( 'NONE',  ( -0.6499999999999999112, 0.1999999999999999833, -1.300000000000005596 ) ) ;
#866 = ORIENTED_EDGE ( 'NONE', *, *, #294, .F. ) ;
#867 = VECTOR ( 'NONE', #4298, 1000.000000000000000 ) ;
#868 = VERTEX_POINT ( 'NONE', #7173 ) ;
#869 = VECTOR ( 'NONE', #3347, 1000.000000000000000 ) ;
#870 = CARTESIAN_POINT ( 'NONE',  ( 1.300000000000000044, 0.9846177413237633402, 0.9249999999999999334 ) ) ;
#871 = ORIENTED_EDGE ( 'NONE', *, *, #11218, .T. ) ;
#872 = VECTOR ( 'NONE', #809, 1000.000000000000000 ) ;
#873 = DIRECTION ( 'NONE',  ( 0.7071067811865489050, 0.000000000000000000, 0.7071067811865461294 ) ) ;
#874 = VECTOR ( 'NONE', #6473, 1000.000000000000000 ) ;
#875 = CARTESIAN_POINT ( 'NONE',  ( -0.4999999999999996669, 0.2000000000000000944, -0.5000000000000005551 ) ) ;
#876 = VECTOR ( 'NONE', #9990, 1000.000000000000000 ) ;
#877 = SURFACE_STYLE_USAGE ( .BOTH. , #5255 ) ;
#878 = ORIENTED_EDGE ( 'NONE', *, *, #7683, .F. ) ;
#879 = CARTESIAN_POINT ( 'NONE',  ( 0.6500000000000009104, 0.1999999999999999833, -1.250000000000004885 ) ) ;
#880 = ORIENTED_EDGE ( 'NONE', *, *, #3533, .F. ) ;
#881 = EDGE_CURVE ( 'NONE', #8910, #3906, #8044, .T. ) ;
#882 = CARTESIAN_POINT ( 'NONE',  ( -0.4999999999999996669, 0.2000000000000000944, -0.5000000000000005551 ) ) ;
#883 = ORIENTED_EDGE ( 'NONE', *, *, #8348, .F. ) ;
#884 = CARTESIAN_POINT ( 'NONE',  ( 0.1250000000000011657, 0.9846177413237633402, 0.9249999999999992673 ) ) ;
#885 = AXIS2_PLACEMENT_3D ( 'NONE', #2641, #6963, #6101 ) ;
#886 = ORIENTED_EDGE ( 'NONE', *, *, #24, .F. ) ;
#887 = EDGE_CURVE ( 'NONE', #4885, #5984, #7001, .T. ) ;
#888 = ORIENTED_EDGE ( 'NONE', *, *, #4707, .T. ) ;
#889 = DIRECTION ( 'NONE',  ( 0.7071067811865491270, 0.000000000000000000, -0.7071067811865459074 ) ) ;
#890 = DIRECTION ( 'NONE',  ( -0.000000000000000000, -1.000000000000000000, 0.000000000000000000 ) ) ;
#891 = DIRECTION ( 'NONE',  ( 1.167602339599772458E-15, 0.000000000000000000, -1.000000000000000000 ) ) ;
#892 = DIRECTION ( 'NONE',  ( -1.000000000000000000, 0.000000000000000000, -8.340016711426957754E-17 ) ) ;
#893 = ORIENTED_EDGE ( 'NONE', *, *, #10610, .T. ) ;
#894 = DIRECTION ( 'NONE',  ( 1.362202729533067540E-15, 0.000000000000000000, 1.000000000000000000 ) ) ;
#895 = VECTOR ( 'NONE', #7976, 1000.000000000000000 ) ;
#896 = EDGE_CURVE ( 'NONE', #153, #9615, #1752, .T. ) ;
#897 = DIRECTION ( 'NONE',  ( 1.000000000000000000, 0.000000000000000000, 4.086608188599209324E-16 ) ) ;
#898 = FACE_OUTER_BOUND ( 'NONE', #534, .T. ) ;
#899 =( LENGTH_UNIT ( ) NAMED_UNIT ( * ) SI_UNIT ( .MILLI., .METRE. ) );
#900 = ORIENTED_EDGE ( 'NONE', *, *, #3027, .F. ) ;
#901 = VECTOR ( 'NONE', #6950, 1000.000000000000000 ) ;
#902 = VECTOR ( 'NONE', #3374, 1000.000000000000000 ) ;
#903 = LINE ( 'NONE', #1720, #8222 ) ;
#904 = CARTESIAN_POINT ( 'NONE',  ( -1.249999999999999778, 0.1999999999999999833, 1.124999999999999778 ) ) ;
#905 = LINE ( 'NONE', #3567, #379 ) ;
#906 = CARTESIAN_POINT ( 'NONE',  ( -0.6500000000000001332, 0.1999999999999999833, 1.300000000000005596 ) ) ;
#907 = DIRECTION ( 'NONE',  ( 1.000000000000000000, 0.000000000000000000, -2.780005570475648805E-16 ) ) ;
#908 = CARTESIAN_POINT ( 'NONE',  ( -0.7575761381246520765, 1.050000000000000044, -0.8859432889494202046 ) ) ;
#909 = DIRECTION ( 'NONE',  ( 1.000000000000000000, 0.000000000000000000, 8.340016711426957754E-17 ) ) ;
#910 = AXIS2_PLACEMENT_3D ( 'NONE', #7470, #3723, #2172 ) ;
#911 = AXIS2_PLACEMENT_3D ( 'NONE', #10197, #2289, #2230 ) ;
#912 = VERTEX_POINT ( 'NONE', #5259 ) ;
#913 = EDGE_LOOP ( 'NONE', ( #599, #7089, #8473, #9205 ) ) ;
#914 = VECTOR ( 'NONE', #3407, 1000.000000000000000 ) ;
#915 = ORIENTED_EDGE ( 'NONE', *, *, #2213, .F. ) ;
#916 = DIRECTION ( 'NONE',  ( 8.340016711426957754E-17, 0.000000000000000000, -1.000000000000000000 ) ) ;
#917 = EDGE_CURVE ( 'NONE', #10256, #2510, #2850, .T. ) ;
#918 = DIRECTION ( 'NONE',  ( 0.000000000000000000, 1.000000000000000000, 0.000000000000000000 ) ) ;
#919 = VECTOR ( 'NONE', #4264, 1000.000000000000000 ) ;
#921 = VECTOR ( 'NONE', #5469, 1000.000000000000000 ) ;
#920 = DIRECTION ( 'NONE',  ( -0.000000000000000000, -1.000000000000000000, 0.000000000000000000 ) ) ;
#922 = EDGE_CURVE ( 'NONE', #1585, #5256, #7234, .T. ) ;
#923 = LINE ( 'NONE', #3805, #5036 ) ;
#924 = CARTESIAN_POINT ( 'NONE',  ( -0.9249999999999998224, 0.2000000000000000111, 0.1249999999999998612 ) ) ;
#925 = DIRECTION ( 'NONE',  ( 0.000000000000000000, -1.000000000000000000, 0.000000000000000000 ) ) ;
#926 = AXIS2_PLACEMENT_3D ( 'NONE', #8241, #11024, #9982 ) ;
#927 = DIRECTION ( 'NONE',  ( -0.7071067811865476838, 0.000000000000000000, 0.7071067811865474617 ) ) ;
#928 = ORIENTED_EDGE ( 'NONE', *, *, #10610, .F. ) ;
#929 = AXIS2_PLACEMENT_3D ( 'NONE', #6796, #5931, #11254 ) ;
#930 = ORIENTED_EDGE ( 'NONE', *, *, #4373, .F. ) ;
#931 = CARTESIAN_POINT ( 'NONE',  ( -0.8500000000000004219, 0.1999999999999999833, 1.300000000000005373 ) ) ;
#932 = EDGE_CURVE ( 'NONE', #868, #5274, #10650, .T. ) ;
#933 = ORIENTED_EDGE ( 'NONE', *, *, #5490, .T. ) ;
#934 = ORIENTED_EDGE ( 'NONE', *, *, #3033, .F. ) ;
#935 = CARTESIAN_POINT ( 'NONE',  ( 1.249999999999999778, 0.01000000000000005398, 1.124999999999999778 ) ) ;
#936 = AXIS2_PLACEMENT_3D ( 'NONE', #9134, #3016, #4804 ) ;
#937 = DIRECTION ( 'NONE',  ( -0.000000000000000000, -1.000000000000000000, 0.000000000000000000 ) ) ;
#938 = VECTOR ( 'NONE', #4943, 1000.000000000000000 ) ;
#939 = CYLINDRICAL_SURFACE ( 'NONE', #7241, 0.1681122869172741174 ) ;
#940 = FACE_OUTER_BOUND ( 'NONE', #7988, .T. ) ;
#941 = ORIENTED_EDGE ( 'NONE', *, *, #11077, .T. ) ;
#942 = EDGE_CURVE ( 'NONE', #9671, #2624, #5442, .T. ) ;
#943 = CARTESIAN_POINT ( 'NONE',  ( -1.300000000000000044, 0.1000000000000001166, -1.149999999999998579 ) ) ;
#944 = VERTEX_POINT ( 'NONE', #6139 ) ;
#945 = DIRECTION ( 'NONE',  ( -2.502005013428087819E-17, 0.000000000000000000, -1.000000000000000000 ) ) ;
#946 = AXIS2_PLACEMENT_3D ( 'NONE', #8834, #918, #4786 ) ;
#947 = VERTEX_POINT ( 'NONE', #4517 ) ;
#948 = DIRECTION ( 'NONE',  ( -5.652677993300369151E-16, 0.000000000000000000, 1.000000000000000000 ) ) ;
#949 = VECTOR ( 'NONE', #1114, 1000.000000000000000 ) ;
#950 = EDGE_LOOP ( 'NONE', ( #7943, #5493, #3414, #1170, #5974 ) ) ;
#951 = DIRECTION ( 'NONE',  ( -0.000000000000000000, -1.000000000000000000, 0.000000000000000000 ) ) ;
#952 = ORIENTED_EDGE ( 'NONE', *, *, #3373, .F. ) ;
#953 = CARTESIAN_POINT ( 'NONE',  ( 1.225000000000000089, 0.7590169943749474069, -0.3750000000000002776 ) ) ;
#954 = EDGE_CURVE ( 'NONE', #586, #1543, #8971, .T. ) ;
#955 = CARTESIAN_POINT ( 'NONE',  ( 0.6250000000000009992, 0.1999999999999999833, -0.9999999999999991118 ) ) ;
#956 = DIRECTION ( 'NONE',  ( -1.087828266707871075E-17, 0.000000000000000000, -1.000000000000000000 ) ) ;
#957 = LINE ( 'NONE', #4591, #30 ) ;
#958 = VERTEX_POINT ( 'NONE', #1002 ) ;
#959 = DIRECTION ( 'NONE',  ( -0.7071067811865506814, 0.000000000000000000, 0.7071067811865443531 ) ) ;
#960 = CARTESIAN_POINT ( 'NONE',  ( 0.5000000000000003331, 0.000000000000000000, 0.4999999999999997780 ) ) ;
#961 = EDGE_CURVE ( 'NONE', #9505, #8030, #145, .T. ) ;
#962 = DIRECTION ( 'NONE',  ( 1.075862155774079406E-14, 0.000000000000000000, 1.000000000000000000 ) ) ;
#963 = DIRECTION ( 'NONE',  ( -1.000000000000000000, 0.000000000000000000, 2.780005570475647818E-16 ) ) ;
#964 = VERTEX_POINT ( 'NONE', #4579 ) ;
#965 = ORIENTED_EDGE ( 'NONE', *, *, #7556, .T. ) ;
#966 = VECTOR ( 'NONE', #9913, 1000.000000000000000 ) ;
#967 = EDGE_CURVE ( 'NONE', #8259, #6102, #8106, .T. ) ;
#968 = FACE_OUTER_BOUND ( 'NONE', #9933, .T. ) ;
#969 = PLANE ( 'NONE',  #6834 ) ;
#970 = LINE ( 'NONE', #3680, #9973 ) ;
#971 = DIRECTION ( 'NONE',  ( 1.000000000000000000, 0.000000000000000000, 8.340016711426966382E-17 ) ) ;
#972 = EDGE_CURVE ( 'NONE', #1389, #9897, #9670, .T. ) ;
#974 = AXIS2_PLACEMENT_3D ( 'NONE', #3314, #608, #6725 ) ;
#973 = LINE ( 'NONE', #284, #4633 ) ;
#975 = CARTESIAN_POINT ( 'NONE',  ( -1.240592229435182547, 0.08117096151037216101, -1.134407770564817453 ) ) ;
#976 = EDGE_CURVE ( 'NONE', #7005, #1071, #2678, .T. ) ;
#977 = FILL_AREA_STYLE_COLOUR ( '', #154 ) ;
#978 = VECTOR ( 'NONE', #1844, 1000.000000000000000 ) ;
#979 = ORIENTED_EDGE ( 'NONE', *, *, #5250, .F. ) ;
#980 = ORIENTED_EDGE ( 'NONE', *, *, #5123, .T. ) ;
#981 = PRESENTATION_LAYER_ASSIGNMENT (  '', '', ( #8918 ) ) ;
#982 = ORIENTED_EDGE ( 'NONE', *, *, #4288, .F. ) ;
#983 = PLANE ( 'NONE',  #9534 ) ;
#984 = ADVANCED_FACE ( 'NONE', ( #10189 ), #6661, .F. ) ;
#985 = DIRECTION ( 'NONE',  ( 1.000000000000000000, 0.000000000000000000, -1.075862155774079406E-14 ) ) ;
#986 = DIRECTION ( 'NONE',  ( -0.000000000000000000, -1.000000000000000000, 0.000000000000000000 ) ) ;
#987 = SURFACE_STYLE_FILL_AREA ( #5483 ) ;
#988 = CARTESIAN_POINT ( 'NONE',  ( 0.3750000000000009992, 0.1999999999999999833, -1.224999999999999867 ) ) ;
#989 = CARTESIAN_POINT ( 'NONE',  ( -0.6500000000000009104, 0.01000000000000005398, 1.250000000000004885 ) ) ;
#990 = COLOUR_RGB ( '',0.7921568627450980005, 0.8196078431372548767, 0.9333333333333333481 ) ;
#991 = ORIENTED_EDGE ( 'NONE', *, *, #11042, .F. ) ;
#992 = EDGE_LOOP ( 'NONE', ( #643, #1984, #3070, #5501 ) ) ;
#993 = DIRECTION ( 'NONE',  ( 1.292702590271169723E-14, 0.000000000000000000, 1.000000000000000000 ) ) ;
#994 = ORIENTED_EDGE ( 'NONE', *, *, #4204, .F. ) ;
#995 = VERTEX_POINT ( 'NONE', #8163 ) ;
#996 = DIRECTION ( 'NONE',  ( 1.943223893762450295E-14, 0.000000000000000000, 1.000000000000000000 ) ) ;
#997 = CARTESIAN_POINT ( 'NONE',  ( -0.9250000000000001554, 0.1999999999999999833, 0.4999999999999997780 ) ) ;
#998 = CARTESIAN_POINT ( 'NONE',  ( -1.250000000000000000, 0.1999999999999999833, 0.09999999999999982514 ) ) ;
#999 = CARTESIAN_POINT ( 'NONE',  ( 0.6500000000000009104, 0.1999999999999999833, -1.250000000000004885 ) ) ;
#1000 = ORIENTED_EDGE ( 'NONE', *, *, #10253, .T. ) ;
#1001 = EDGE_CURVE ( 'NONE', #10923, #8216, #4866, .T. ) ;
#1002 = CARTESIAN_POINT ( 'NONE',  ( 1.199999999999999956, 0.000000000000000000, 1.149999999999999911 ) ) ;
#1003 = ORIENTED_EDGE ( 'NONE', *, *, #9834, .F. ) ;
#1004 = EDGE_CURVE ( 'NONE', #1656, #7535, #2109, .T. ) ;
#1005 = PLANE ( 'NONE',  #1780 ) ;
#1006 = ORIENTED_EDGE ( 'NONE', *, *, #7116, .T. ) ;
#1007 = CARTESIAN_POINT ( 'NONE',  ( -0.3750000000000007772, 0.1999999999999999833, -1.224999999999999867 ) ) ;
#1008 = EDGE_CURVE ( 'NONE', #153, #7639, #4748, .T. ) ;
#1009 = ORIENTED_EDGE ( 'NONE', *, *, #444, .F. ) ;
#1010 = DIRECTION ( 'NONE',  ( 1.000000000000000000, 0.000000000000000000, 8.340016711426957754E-17 ) ) ;
#1011 = ORIENTED_EDGE ( 'NONE', *, *, #96, .T. ) ;
#1012 = CYLINDRICAL_SURFACE ( 'NONE', #360, 0.1250000000000000278 ) ;
#1013 = LINE ( 'NONE', #3491, #4074 ) ;
#1014 = CARTESIAN_POINT ( 'NONE',  ( -9.951724940910080248E-15, 0.01000000000000000021, -0.9249999999999857225 ) ) ;
#1015 = DIRECTION ( 'NONE',  ( -1.000000000000000000, -1.065814103640151068E-14, 0.000000000000000000 ) ) ;
#1016 = VERTEX_POINT ( 'NONE', #6424 ) ;
#1017 = PLANE ( 'NONE',  #2806 ) ;
#1018 = CARTESIAN_POINT ( 'NONE',  ( 0.3500000000000010325, 0.1999999999999999833, -1.249999999999999778 ) ) ;
#1019 = DIRECTION ( 'NONE',  ( 0.000000000000000000, -1.000000000000000000, 0.000000000000000000 ) ) ;
#1020 = EDGE_LOOP ( 'NONE', ( #6601, #6345, #6513, #4842, #6054 ) ) ;
#1021 = EDGE_LOOP ( 'NONE', ( #9561, #5762, #8021, #10429 ) ) ;
#1022 = DIRECTION ( 'NONE',  ( -0.7071067811865491270, 0.000000000000000000, 0.7071067811865459074 ) ) ;
#1023 = CARTESIAN_POINT ( 'NONE',  ( -0.3750000000000007772, 0.06614378277661521477, -1.224999999999999867 ) ) ;
#1024 = VECTOR ( 'NONE', #4488, 1000.000000000000000 ) ;
#1025 = LINE ( 'NONE', #3623, #10344 ) ;
#1026 = CARTESIAN_POINT ( 'NONE',  ( 1.250000000000000000, 0.08660254037844421215, -0.9249999999999991562 ) ) ;
#1027 = DIRECTION ( 'NONE',  ( -1.000000000000000000, 0.000000000000000000, 0.000000000000000000 ) ) ;
#1028 = CARTESIAN_POINT ( 'NONE',  ( -1.250000000000000000, 0.7590169943749474069, -0.4000000000000001887 ) ) ;
#1029 = EDGE_CURVE ( 'NONE', #2902, #8910, #3821, .T. ) ;
#1030 = VERTEX_POINT ( 'NONE', #9263 ) ;
#1031 = MECHANICAL_DESIGN_GEOMETRIC_PRESENTATION_REPRESENTATION (  '', ( #5261 ), #8595 ) ;
#1032 = VERTEX_POINT ( 'NONE', #477 ) ;
#1033 = ORIENTED_EDGE ( 'NONE', *, *, #2830, .F. ) ;
#1034 = CARTESIAN_POINT ( 'NONE',  ( 1.224999999999999423, 0.1999999999999999833, 0.8999999999999993561 ) ) ;
#1035 = CARTESIAN_POINT ( 'NONE',  ( -0.1500000000000009936, 0.1999999999999999833, 1.249999999999999556 ) ) ;
#1036 = ADVANCED_FACE ( 'NONE', ( #7288 ), #9958, .T. ) ;
#1037 = LINE ( 'NONE', #9762, #9223 ) ;
#1038 = AXIS2_PLACEMENT_3D ( 'NONE', #9672, #1754, #5262 ) ;
#1039 = PLANE ( 'NONE',  #6156 ) ;
#1040 =( LENGTH_UNIT ( ) NAMED_UNIT ( * ) SI_UNIT ( .MILLI., .METRE. ) );
#1041 = CARTESIAN_POINT ( 'NONE',  ( 0.5000000000000003331, 0.2000000000000000944, -0.5000000000000004441 ) ) ;
#1042 = CARTESIAN_POINT ( 'NONE',  ( 0.6250000000000011102, 0.06614378277662086303, -1.225000000000004974 ) ) ;
#1043 = ORIENTED_EDGE ( 'NONE', *, *, #7729, .F. ) ;
#1044 = EDGE_CURVE ( 'NONE', #554, #8019, #11001, .T. ) ;
#1045 = EDGE_CURVE ( 'NONE', #9204, #1941, #7407, .T. ) ;
#1046 = ORIENTED_EDGE ( 'NONE', *, *, #11415, .F. ) ;
#1047 = CARTESIAN_POINT ( 'NONE',  ( 1.250000000000000000, 0.01000000000000005398, -0.9249999999999991562 ) ) ;
#1049 = ORIENTED_EDGE ( 'NONE', *, *, #8539, .F. ) ;
#1048 = VECTOR ( 'NONE', #8556, 1000.000000000000000 ) ;
#1050 = EDGE_LOOP ( 'NONE', ( #10082, #7652, #1521, #6372, #5477 ) ) ;
#1051 = LINE ( 'NONE', #9892, #2607 ) ;
#1052 = LINE ( 'NONE', #8917, #2765 ) ;
#1053 = DIRECTION ( 'NONE',  ( -0.7071067811865491270, 0.000000000000000000, 0.7071067811865459074 ) ) ;
#1054 = LINE ( 'NONE', #6536, #9068 ) ;
#1055 = VERTEX_POINT ( 'NONE', #3025 ) ;
#1056 = VECTOR ( 'NONE', #11124, 1000.000000000000114 ) ;
#1057 = DIRECTION ( 'NONE',  ( -0.000000000000000000, -1.000000000000000000, 0.000000000000000000 ) ) ;
#1058 = ORIENTED_EDGE ( 'NONE', *, *, #8981, .F. ) ;
#1059 = LINE ( 'NONE', #3600, #8609 ) ;
#1060 = VERTEX_POINT ( 'NONE', #3079 ) ;
#1061 = CARTESIAN_POINT ( 'NONE',  ( 0.6250000000000004441, 0.01000000000000000021, 3.532923745812733061E-16 ) ) ;
#1062 = VERTEX_POINT ( 'NONE', #8339 ) ;
#1063 = VECTOR ( 'NONE', #539, 1000.000000000000000 ) ;
#1064 = ORIENTED_EDGE ( 'NONE', *, *, #9408, .F. ) ;
#1065 = VECTOR ( 'NONE', #3184, 1000.000000000000000 ) ;
#1066 = DIRECTION ( 'NONE',  ( 1.000000000000000000, 0.000000000000000000, 0.000000000000000000 ) ) ;
#1067 = CARTESIAN_POINT ( 'NONE',  ( 0.8750000000000007772, 0.9846177413237633402, 1.225000000000005196 ) ) ;
#1068 = ADVANCED_FACE ( 'NONE', ( #424 ), #1177, .F. ) ;
#1069 = CARTESIAN_POINT ( 'NONE',  ( 0.6499999999999999112, 0.000000000000000000, 1.300000000000000266 ) ) ;
#1070 = DIRECTION ( 'NONE',  ( -0.000000000000000000, -1.000000000000000000, 0.000000000000000000 ) ) ;
#1071 = VERTEX_POINT ( 'NONE', #1117 ) ;
#1072 = ADVANCED_FACE ( 'NONE', ( #3944 ), #6538, .F. ) ;
#1073 = CARTESIAN_POINT ( 'NONE',  ( 1.300000000000000044, 0.9846177413237633402, -1.124999999999998890 ) ) ;
#1074 = PLANE ( 'NONE',  #5079 ) ;
#1075 = CARTESIAN_POINT ( 'NONE',  ( 0.9249999999999998224, 0.1999999999999999833, 0.1249999999999998196 ) ) ;
#1076 = ORIENTED_EDGE ( 'NONE', *, *, #2832, .T. ) ;
#1077 = ORIENTED_EDGE ( 'NONE', *, *, #10147, .F. ) ;
#1078 = DIRECTION ( 'NONE',  ( -0.000000000000000000, -1.000000000000000000, 0.000000000000000000 ) ) ;
#1079 = CARTESIAN_POINT ( 'NONE',  ( -1.249999999999999778, 0.1999999999999999833, 1.124999999999999778 ) ) ;
#1080 = LINE ( 'NONE', #2079, #4802 ) ;
#1081 = DIRECTION ( 'NONE',  ( 0.000000000000000000, -1.000000000000000000, 0.000000000000000000 ) ) ;
#1082 = VECTOR ( 'NONE', #10476, 1000.000000000000000 ) ;
#1083 = CARTESIAN_POINT ( 'NONE',  ( -1.250000000000000000, 0.08660254037844400399, 0.09999999999999982514 ) ) ;
#1084 = DIRECTION ( 'NONE',  ( -0.000000000000000000, -1.000000000000000000, -0.000000000000000000 ) ) ;
#1085 = EDGE_CURVE ( 'NONE', #8614, #1236, #4640, .T. ) ;
#1086 =( NAMED_UNIT ( * ) PLANE_ANGLE_UNIT ( ) SI_UNIT ( $, .RADIAN. ) );
#1087 = ORIENTED_EDGE ( 'NONE', *, *, #6843, .F. ) ;
#1088 = EDGE_LOOP ( 'NONE', ( #4532, #2210, #9490, #9271 ) ) ;
#1089 = VECTOR ( 'NONE', #2011, 1000.000000000000000 ) ;
#1090 = AXIS2_PLACEMENT_3D ( 'NONE', #9815, #1084, #1027 ) ;
#1091 = ORIENTED_EDGE ( 'NONE', *, *, #10204, .T. ) ;
#1092 = CARTESIAN_POINT ( 'NONE',  ( 0.8500000000000008660, 0.08660254037844682118, 1.250000000000005107 ) ) ;
#1093 = CARTESIAN_POINT ( 'NONE',  ( 1.225000000000000089, 0.2000000000000000111, -0.3750000000000002776 ) ) ;
#1094 = DIRECTION ( 'NONE',  ( 0.000000000000000000, -1.000000000000000000, 0.000000000000000000 ) ) ;
#1095 = EDGE_CURVE ( 'NONE', #526, #7360, #7347, .T. ) ;
#1096 =( NAMED_UNIT ( * ) PLANE_ANGLE_UNIT ( ) SI_UNIT ( $, .RADIAN. ) );
#1097 = DIRECTION ( 'NONE',  ( 1.000000000000000000, 0.000000000000000000, 8.340016711426957754E-17 ) ) ;
#1098 = PLANE ( 'NONE',  #3817 ) ;
#1099 = AXIS2_PLACEMENT_3D ( 'NONE', #5568, #1184, #6495 ) ;
#1100 = FACE_OUTER_BOUND ( 'NONE', #224, .T. ) ;
#1101 = ORIENTED_EDGE ( 'NONE', *, *, #10638, .F. ) ;
#1102 = ADVANCED_FACE ( 'NONE', ( #10019 ), #5613, .T. ) ;
#1103 = ORIENTED_EDGE ( 'NONE', *, *, #144, .F. ) ;
#1104 = LINE ( 'NONE', #10586, #3287 ) ;
#1105 = VERTEX_POINT ( 'NONE', #1230 ) ;
#1106 = AXIS2_PLACEMENT_3D ( 'NONE', #11129, #1354, #10514 ) ;
#1107 = VECTOR ( 'NONE', #112, 1000.000000000000000 ) ;
#1108 = VERTEX_POINT ( 'NONE', #8274 ) ;
#1109 = DIRECTION ( 'NONE',  ( 8.340016711426957754E-17, 0.000000000000000000, -1.000000000000000000 ) ) ;
#1110 = DIRECTION ( 'NONE',  ( -0.000000000000000000, -1.000000000000000000, 0.000000000000000000 ) ) ;
#1111 = CIRCLE ( 'NONE', #2589, 0.1000000000000000472 ) ;
#1112 = EDGE_CURVE ( 'NONE', #6893, #1638, #9203, .T. ) ;
#1113 = DIRECTION ( 'NONE',  ( 0.000000000000000000, 1.000000000000000000, 0.000000000000000000 ) ) ;
#1114 = DIRECTION ( 'NONE',  ( -0.7071067811865506814, 0.000000000000000000, 0.7071067811865443531 ) ) ;
#1115 = ORIENTED_EDGE ( 'NONE', *, *, #1095, .T. ) ;
#1116 = VECTOR ( 'NONE', #2132, 1000.000000000000000 ) ;
#1117 = CARTESIAN_POINT ( 'NONE',  ( 0.6250000000000011102, 0.1999999999999999833, -0.9999999999999991118 ) ) ;
#1118 = AXIS2_PLACEMENT_3D ( 'NONE', #2356, #6621, #674 ) ;
#1119 = ORIENTED_EDGE ( 'NONE', *, *, #8675, .T. ) ;
#1120 = ORIENTED_EDGE ( 'NONE', *, *, #8704, .F. ) ;
#1121 = DIRECTION ( 'NONE',  ( 1.401122807519719062E-14, 0.000000000000000000, 1.000000000000000000 ) ) ;
#1122 = AXIS2_PLACEMENT_3D ( 'NONE', #5329, #3665, #7826 ) ;
#1123 = ORIENTED_EDGE ( 'NONE', *, *, #7974, .T. ) ;
#1124 = VECTOR ( 'NONE', #9152, 1000.000000000000000 ) ;
#1125 = ORIENTED_EDGE ( 'NONE', *, *, #2052, .F. ) ;
#1126 = DIRECTION ( 'NONE',  ( 0.7071067811865459074, 0.000000000000000000, 0.7071067811865491270 ) ) ;
#1127 = EDGE_CURVE ( 'NONE', #9176, #10443, #5839, .T. ) ;
#1128 = DIRECTION ( 'NONE',  ( 0.7071067811865491270, 0.000000000000000000, -0.7071067811865459074 ) ) ;
#1129 = DIRECTION ( 'NONE',  ( 1.000000000000000000, -0.000000000000000000, 1.743063492688206721E-14 ) ) ;
#1130 = DIRECTION ( 'NONE',  ( 0.000000000000000000, 0.000000000000000000, 1.000000000000000000 ) ) ;
#1131 = ORIENTED_EDGE ( 'NONE', *, *, #7776, .F. ) ;
#1133 = AXIS2_PLACEMENT_3D ( 'NONE', #1223, #8928, #7998 ) ;
#1132 = CARTESIAN_POINT ( 'NONE',  ( 0.9249999999999998224, 0.2000000000000000111, -0.3750000000000002220 ) ) ;
#1134 = ADVANCED_FACE ( 'NONE', ( #4116 ), #3412, .T. ) ;
#1135 = DIRECTION ( 'NONE',  ( -1.000000000000000000, 0.000000000000000000, -1.092542189196933248E-14 ) ) ;
#1136 =( GEOMETRIC_REPRESENTATION_CONTEXT ( 3 ) GLOBAL_UNCERTAINTY_ASSIGNED_CONTEXT ( ( #4787 ) ) GLOBAL_UNIT_ASSIGNED_CONTEXT ( ( #767, #6191, #7170 ) ) REPRESENTATION_CONTEXT ( 'NONE', 'WORKASPACE' ) );
#1137 = DIRECTION ( 'NONE',  ( 1.000000000000000000, -0.000000000000000000, -1.000802005371233254E-15 ) ) ;
#1138 = APPLICATION_PROTOCOL_DEFINITION ( 'draft international standard', 'automotive_design', 1998, #5462 ) ;
#1139 = ORIENTED_EDGE ( 'NONE', *, *, #8136, .T. ) ;
#1140 = ADVANCED_FACE ( 'NONE', ( #11229 ), #8673, .F. ) ;
#1141 = ORIENTED_EDGE ( 'NONE', *, *, #8557, .T. ) ;
#1142 = ADVANCED_FACE ( 'NONE', ( #652 ), #10302, .T. ) ;
#1143 = PLANE ( 'NONE',  #176 ) ;
#1144 = CARTESIAN_POINT ( 'NONE',  ( -1.300000000000000044, 0.1999999999999999833, -0.9249999999999999334 ) ) ;
#1145 = PRESENTATION_LAYER_ASSIGNMENT (  '', '', ( #3719 ) ) ;
#1146 = CARTESIAN_POINT ( 'NONE',  ( -1.300000000000000044, 0.1000000000000001166, -0.1000000000000001582 ) ) ;
#1147 = FACE_OUTER_BOUND ( 'NONE', #11085, .T. ) ;
#1148 = CARTESIAN_POINT ( 'NONE',  ( -0.9256884250419260551, 0.9500000000000000666, -0.8859432889494202046 ) ) ;
#1149 = DIRECTION ( 'NONE',  ( -0.7071067811865482389, 0.000000000000000000, -0.7071067811865469066 ) ) ;
#1150 = EDGE_CURVE ( 'NONE', #2902, #10988, #3306, .T. ) ;
#1151 = DIRECTION ( 'NONE',  ( 0.7071067811865489050, 0.000000000000000000, 0.7071067811865461294 ) ) ;
#1152 = EDGE_CURVE ( 'NONE', #6556, #8703, #11172, .T. ) ;
#1153 = EDGE_CURVE ( 'NONE', #2849, #5086, #5898, .T. ) ;
#1154 = ORIENTED_EDGE ( 'NONE', *, *, #8377, .F. ) ;
#1155 = ADVANCED_FACE ( 'NONE', ( #4221 ), #4915, .T. ) ;
#1156 = VERTEX_POINT ( 'NONE', #9488 ) ;
#1157 = LINE ( 'NONE', #9122, #3790 ) ;
#1158 = DIRECTION ( 'NONE',  ( -1.943223893762450295E-14, 0.000000000000000000, -1.000000000000000000 ) ) ;
#1159 = VECTOR ( 'NONE', #8853, 1000.000000000000000 ) ;
#1160 = DIRECTION ( 'NONE',  ( -0.7071067811865445751, 0.000000000000000000, 0.7071067811865504593 ) ) ;
#1161 = EDGE_CURVE ( 'NONE', #5858, #10639, #8506, .T. ) ;
#1162 = DIRECTION ( 'NONE',  ( 0.000000000000000000, -1.000000000000000000, 0.000000000000000000 ) ) ;
#1163 = FACE_OUTER_BOUND ( 'NONE', #10875, .T. ) ;
#1164 = FACE_OUTER_BOUND ( 'NONE', #5690, .T. ) ;
#1165 = ORIENTED_EDGE ( 'NONE', *, *, #9196, .F. ) ;
#1166 = VECTOR ( 'NONE', #5557, 1000.000000000000000 ) ;
#1167 = EDGE_LOOP ( 'NONE', ( #9530, #9023, #5310, #1462 ) ) ;
#1168 = CARTESIAN_POINT ( 'NONE',  ( -0.7575761381246520765, 0.9500000000000000666, -0.8859432889494202046 ) ) ;
#1169 = ORIENTED_EDGE ( 'NONE', *, *, #3586, .T. ) ;
#1170 = ORIENTED_EDGE ( 'NONE', *, *, #4951, .F. ) ;
#1171 = LINE ( 'NONE', #7570, #6846 ) ;
#1172 = DIRECTION ( 'NONE',  ( 1.167602339599772261E-15, -0.000000000000000000, -1.000000000000000000 ) ) ;
#1173 = CIRCLE ( 'NONE', #10958, 0.1250000000000000000 ) ;
#1174 = FILL_AREA_STYLE_COLOUR ( '', #4299 ) ;
#1175 =( NAMED_UNIT ( * ) PLANE_ANGLE_UNIT ( ) SI_UNIT ( $, .RADIAN. ) );
#1176 = ORIENTED_EDGE ( 'NONE', *, *, #2401, .T. ) ;
#1177 = PLANE ( 'NONE',  #1830 ) ;
#1178 = EDGE_LOOP ( 'NONE', ( #1123, #6255, #1003, #9739 ) ) ;
#1179 = EDGE_LOOP ( 'NONE', ( #829, #10179, #2149, #2211, #423 ) ) ;
#1180 = DIRECTION ( 'NONE',  ( 0.000000000000000000, -1.000000000000000000, 0.000000000000000000 ) ) ;
#1181 = EDGE_CURVE ( 'NONE', #6934, #4115, #4164, .T. ) ;
#1182 = ORIENTED_EDGE ( 'NONE', *, *, #1260, .F. ) ;
#1183 = ORIENTED_EDGE ( 'NONE', *, *, #6962, .T. ) ;
#1184 = DIRECTION ( 'NONE',  ( 0.000000000000000000, 1.000000000000000000, 0.000000000000000000 ) ) ;
#1185 = DIRECTION ( 'NONE',  ( 1.000000000000000000, -0.000000000000000000, 1.309382623694023249E-14 ) ) ;
#1186 = EDGE_CURVE ( 'NONE', #1927, #4015, #5029, .T. ) ;
#1187 = ADVANCED_FACE ( 'NONE', ( #11284 ), #11121, .T. ) ;
#1188 = CARTESIAN_POINT ( 'NONE',  ( 1.225000000000000089, 0.7590169943749474069, -0.6250000000000002220 ) ) ;
#1189 = CARTESIAN_POINT ( 'NONE',  ( -0.3750000000000009992, 0.9846177413237633402, 1.224999999999999867 ) ) ;
#1190 = EDGE_LOOP ( 'NONE', ( #8749, #7265, #504, #2881, #6659 ) ) ;
#1191 = CARTESIAN_POINT ( 'NONE',  ( -1.250000000000000000, 0.1999999999999999833, 0.9249999999999991562 ) ) ;
#1192 =( BOUNDED_CURVE ( )  B_SPLINE_CURVE ( 3, ( #2317, #5651, #11043, #5771 ),
 .UNSPECIFIED., .F., .F. ) 
 B_SPLINE_CURVE_WITH_KNOTS ( ( 4, 4 ),
 ( 2.094395102393196595, 2.418858405776376230 ),
 .UNSPECIFIED. ) 
 CURVE ( )  GEOMETRIC_REPRESENTATION_ITEM ( )  RATIONAL_B_SPLINE_CURVE ( ( 1.000000000000000000, 0.9912461883984129418, 0.9912461883984129418, 1.000000000000000000 ) ) 
 REPRESENTATION_ITEM ( '' )  );
#1193 = DIRECTION ( 'NONE',  ( 0.7071067811865461294, 0.000000000000000000, -0.7071067811865489050 ) ) ;
#1194 = DIRECTION ( 'NONE',  ( -0.000000000000000000, -1.000000000000000000, 0.000000000000000000 ) ) ;
#1195 = EDGE_LOOP ( 'NONE', ( #9496, #5142, #7932, #1848 ) ) ;
#1196 = EDGE_CURVE ( 'NONE', #3371, #5779, #4055, .T. ) ;
#1197 = VERTEX_POINT ( 'NONE', #5082 ) ;
#1198 = EDGE_CURVE ( 'NONE', #7008, #10878, #3196, .T. ) ;
#1199 = CARTESIAN_POINT ( 'NONE',  ( 0.1500000000000009936, 0.9846177413237633402, -1.249999999999999556 ) ) ;
#1200 = FACE_OUTER_BOUND ( 'NONE', #6171, .T. ) ;
#1201 = CARTESIAN_POINT ( 'NONE',  ( 0.1500000000000007716, 0.1999999999999999833, 1.249999999999999556 ) ) ;
#1202 = CARTESIAN_POINT ( 'NONE',  ( 0.6499999999999999112, 0.1999999999999999833, 1.300000000000005596 ) ) ;
#1203 = EDGE_LOOP ( 'NONE', ( #2468, #238, #8449, #7176 ) ) ;
#1204 = DIRECTION ( 'NONE',  ( -1.000000000000000000, 0.000000000000000000, -8.340016711426958986E-17 ) ) ;
#1205 = FACE_OUTER_BOUND ( 'NONE', #4500, .T. ) ;
#1206 = EDGE_LOOP ( 'NONE', ( #1131, #7732, #6597, #2768 ) ) ;
#1207 = ORIENTED_EDGE ( 'NONE', *, *, #3192, .F. ) ;
#1208 = LINE ( 'NONE', #3059, #7665 ) ;
#1209 = ADVANCED_FACE ( 'NONE', ( #2450 ), #2331, .T. ) ;
#1210 = CARTESIAN_POINT ( 'NONE',  ( 0.1250000000000010270, 0.1999999999999999833, -1.224999999999999645 ) ) ;
#1211 = CARTESIAN_POINT ( 'NONE',  ( -0.4999999999999996669, 1.614213562373095323, -0.5000000000000005551 ) ) ;
#1212 = EDGE_CURVE ( 'NONE', #4225, #5248, #8650, .T. ) ;
#1213 = DIRECTION ( 'NONE',  ( 8.340016711426957754E-17, 0.000000000000000000, -1.000000000000000000 ) ) ;
#1214 = PLANE ( 'NONE',  #2541 ) ;
#1215 = EDGE_CURVE ( 'NONE', #7528, #188, #4280, .T. ) ;
#1216 = VECTOR ( 'NONE', #11320, 1000.000000000000000 ) ;
#1217 = CARTESIAN_POINT ( 'NONE',  ( 0.1250000000000011657, 0.1999999999999999833, 0.9249999999999992673 ) ) ;
#1218 = ORIENTED_EDGE ( 'NONE', *, *, #6293, .F. ) ;
#1219 = ORIENTED_EDGE ( 'NONE', *, *, #9579, .T. ) ;
#1220 = CARTESIAN_POINT ( 'NONE',  ( 1.199999999999999956, 0.000000000000000000, 1.149999999999999023 ) ) ;
#1221 = ORIENTED_EDGE ( 'NONE', *, *, #3479, .T. ) ;
#1222 = VERTEX_POINT ( 'NONE', #7914 ) ;
#1223 = CARTESIAN_POINT ( 'NONE',  ( 0.9249999999999999334, 0.2000000000000000111, -0.5000000000000002220 ) ) ;
#1224 = LINE ( 'NONE', #7340, #9964 ) ;
#1225 = VECTOR ( 'NONE', #10612, 1000.000000000000000 ) ;
#1226 = CARTESIAN_POINT ( 'NONE',  ( 1.224999999999999645, 0.1999999999999999833, -0.8999999999999991340 ) ) ;
#1227 = FACE_OUTER_BOUND ( 'NONE', #9759, .T. ) ;
#1228 = PLANE ( 'NONE',  #6482 ) ;
#1229 = VERTEX_POINT ( 'NONE', #2611 ) ;
#1230 = CARTESIAN_POINT ( 'NONE',  ( 1.225000000000000089, 0.009999999999999998473, 0.3749999999999997780 ) ) ;
#1231 = EDGE_CURVE ( 'NONE', #4155, #9283, #8029, .T. ) ;
#1232 = ORIENTED_EDGE ( 'NONE', *, *, #2168, .T. ) ;
#1233 = CIRCLE ( 'NONE', #4910, 0.1681122869172741174 ) ;
#1234 = ORIENTED_EDGE ( 'NONE', *, *, #3674, .T. ) ;
#1235 = FACE_OUTER_BOUND ( 'NONE', #4408, .T. ) ;
#1236 = VERTEX_POINT ( 'NONE', #1685 ) ;
#1237 = ORIENTED_EDGE ( 'NONE', *, *, #4360, .T. ) ;
#1238 = FACE_OUTER_BOUND ( 'NONE', #6052, .T. ) ;
#1239 = DIRECTION ( 'NONE',  ( -8.340016711426957754E-17, -0.000000000000000000, 1.000000000000000000 ) ) ;
#1240 = CARTESIAN_POINT ( 'NONE',  ( -0.8500000000000010880, 0.9846177413237633402, 1.250000000000005107 ) ) ;
#1241 = DIRECTION ( 'NONE',  ( 0.7071067811865499042, 0.000000000000000000, -0.7071067811865451302 ) ) ;
#1242 = ORIENTED_EDGE ( 'NONE', *, *, #2137, .F. ) ;
#1243 = EDGE_CURVE ( 'NONE', #1923, #207, #3528, .T. ) ;
#1244 = CARTESIAN_POINT ( 'NONE',  ( -0.4999999999999996669, 1.614213562373095323, -0.2000000000000008993 ) ) ;
#1245 = DIRECTION ( 'NONE',  ( -2.321304651347009995E-14, 0.000000000000000000, 1.000000000000000000 ) ) ;
#1246 = AXIS2_PLACEMENT_3D ( 'NONE', #4957, #8428, #8489 ) ;
#1247 = DIRECTION ( 'NONE',  ( -1.000000000000000000, 0.000000000000000000, 0.000000000000000000 ) ) ;
#1248 = AXIS2_PLACEMENT_3D ( 'NONE', #9675, #5264, #668 ) ;
#1249 = ADVANCED_FACE ( 'NONE', ( #5246 ), #7101, .T. ) ;
#1250 = ORIENTED_EDGE ( 'NONE', *, *, #9181, .F. ) ;
#1251 = VECTOR ( 'NONE', #1271, 1000.000000000000000 ) ;
#1252 = ORIENTED_EDGE ( 'NONE', *, *, #10938, .F. ) ;
#1253 = LINE ( 'NONE', #2129, #1282 ) ;
#1254 = CARTESIAN_POINT ( 'NONE',  ( -0.6750000000000025979, 0.01000000000000000021, -0.6749999999999999334 ) ) ;
#1255 = CLOSED_SHELL ( 'NONE', ( #3718, #3403, #4721, #6111 ) ) ;
#1256 = FACE_OUTER_BOUND ( 'NONE', #6757, .T. ) ;
#1257 = LINE ( 'NONE', #8302, #7395 ) ;
#1258 = ORIENTED_EDGE ( 'NONE', *, *, #4770, .T. ) ;
#1259 = VECTOR ( 'NONE', #5616, 1000.000000000000000 ) ;
#1260 = EDGE_CURVE ( 'NONE', #323, #2421, #7045, .T. ) ;
#1261 =( GEOMETRIC_REPRESENTATION_CONTEXT ( 3 ) GLOBAL_UNCERTAINTY_ASSIGNED_CONTEXT ( ( #181 ) ) GLOBAL_UNIT_ASSIGNED_CONTEXT ( ( #453, #6629, #1427 ) ) REPRESENTATION_CONTEXT ( 'NONE', 'WORKASPACE' ) );
#1262 = CARTESIAN_POINT ( 'NONE',  ( -1.300000000000000044, 0.2000000000000000111, -0.1000000000000001582 ) ) ;
#1263 = LINE ( 'NONE', #5474, #1436 ) ;
#1264 = ORIENTED_EDGE ( 'NONE', *, *, #7948, .F. ) ;
#1265 = ORIENTED_EDGE ( 'NONE', *, *, #10755, .F. ) ;
#1266 = DIRECTION ( 'NONE',  ( 0.000000000000000000, -1.000000000000000000, 0.000000000000000000 ) ) ;
#1267 = PLANE ( 'NONE',  #2952 ) ;
#1268 = CARTESIAN_POINT ( 'NONE',  ( 1.224999999999999645, 0.9846177413237633402, 0.8999999999999993561 ) ) ;
#1269 = DIRECTION ( 'NONE',  ( 1.000000000000000000, 0.000000000000000000, 1.092542189196933248E-14 ) ) ;
#1270 = CARTESIAN_POINT ( 'NONE',  ( -0.8750000000000007772, 0.01000000000000005398, -1.225000000000005196 ) ) ;
#1271 = DIRECTION ( 'NONE',  ( -0.000000000000000000, -1.000000000000000000, 0.000000000000000000 ) ) ;
#1272 = VECTOR ( 'NONE', #3657, 1000.000000000000000 ) ;
#1273 = ORIENTED_EDGE ( 'NONE', *, *, #7859, .T. ) ;
#1274 = FACE_OUTER_BOUND ( 'NONE', #6851, .T. ) ;
#1275 = ORIENTED_EDGE ( 'NONE', *, *, #10550, .F. ) ;
#1276 = EDGE_CURVE ( 'NONE', #10479, #4922, #9829, .T. ) ;
#1277 = ORIENTED_EDGE ( 'NONE', *, *, #7352, .F. ) ;
#1278 = ORIENTED_EDGE ( 'NONE', *, *, #3020, .F. ) ;
#1279 = FACE_OUTER_BOUND ( 'NONE', #9370, .T. ) ;
#1280 = DIRECTION ( 'NONE',  ( -0.000000000000000000, -1.000000000000000000, 0.000000000000000000 ) ) ;
#1281 = EDGE_CURVE ( 'NONE', #9832, #11007, #7220, .T. ) ;
#1282 = VECTOR ( 'NONE', #9111, 1000.000000000000000 ) ;
#1283 = PLANE ( 'NONE',  #9045 ) ;
#1284 = VERTEX_POINT ( 'NONE', #2716 ) ;
#1285 = CARTESIAN_POINT ( 'NONE',  ( -0.1500000000000009936, 0.1999999999999999833, 1.249999999999999556 ) ) ;
#1286 = EDGE_CURVE ( 'NONE', #3576, #11056, #9767, .T. ) ;
#1287 = ORIENTED_EDGE ( 'NONE', *, *, #86, .F. ) ;
#1288 = VECTOR ( 'NONE', #8983, 1000.000000000000000 ) ;
#1289 = ORIENTED_EDGE ( 'NONE', *, *, #6964, .T. ) ;
#1290 = CARTESIAN_POINT ( 'NONE',  ( 1.250000000000000000, 0.7590169943749472958, 0.5999999999999998668 ) ) ;
#1291 = VECTOR ( 'NONE', #11179, 1000.000000000000000 ) ;
#1292 = ORIENTED_EDGE ( 'NONE', *, *, #1510, .F. ) ;
#1293 = AXIS2_PLACEMENT_3D ( 'NONE', #805, #4111, #6877 ) ;
#1294 = EDGE_LOOP ( 'NONE', ( #6002, #5463, #7635, #6923, #9538 ) ) ;
#1295 = LINE ( 'NONE', #7523, #370 ) ;
#1296 = CARTESIAN_POINT ( 'NONE',  ( 0.3750000000000013878, 0.000000000000000000, -0.9249999999999994893 ) ) ;
#1297 = VECTOR ( 'NONE', #2316, 1000.000000000000000 ) ;
#1298 = CARTESIAN_POINT ( 'NONE',  ( -1.224999999999999645, 0.1999999999999999833, 1.149999999999999911 ) ) ;
#1299 = LINE ( 'NONE', #3036, #10733 ) ;
#1300 = ORIENTED_EDGE ( 'NONE', *, *, #2662, .F. ) ;
#1301 = VECTOR ( 'NONE', #3105, 1000.000000000000000 ) ;
#1302 = DIRECTION ( 'NONE',  ( 8.340016711426957754E-17, 0.000000000000000000, -1.000000000000000000 ) ) ;
#1303 = AXIS2_PLACEMENT_3D ( 'NONE', #168, #11367, #9637 ) ;
#1304 = CARTESIAN_POINT ( 'NONE',  ( -0.6500000000000001332, 0.1999999999999996503, 1.300000000000000266 ) ) ;
#1305 = ORIENTED_EDGE ( 'NONE', *, *, #5777, .F. ) ;
#1306 = DIRECTION ( 'NONE',  ( 1.743063492688206721E-14, 0.000000000000000000, -1.000000000000000000 ) ) ;
#1307 = VECTOR ( 'NONE', #215, 1000.000000000000000 ) ;
#1308 = ORIENTED_EDGE ( 'NONE', *, *, #5060, .F. ) ;
#1309 = ORIENTED_EDGE ( 'NONE', *, *, #7969, .T. ) ;
#1310 = EDGE_CURVE ( 'NONE', #5248, #8801, #5851, .T. ) ;
#1311 = DIRECTION ( 'NONE',  ( 0.000000000000000000, 0.000000000000000000, 1.000000000000000000 ) ) ;
#1312 = CARTESIAN_POINT ( 'NONE',  ( -1.225000000000000089, 0.1999999999999999833, 0.3749999999999998890 ) ) ;
#1313 = VECTOR ( 'NONE', #951, 1000.000000000000000 ) ;
#1314 = DIRECTION ( 'NONE',  ( 0.000000000000000000, 3.552713678800503296E-15, -1.000000000000000000 ) ) ;
#1315 = PLANE ( 'NONE',  #3158 ) ;
#1316 = VERTEX_POINT ( 'NONE', #989 ) ;
#1317 = VECTOR ( 'NONE', #7645, 1000.000000000000000 ) ;
#1318 = FACE_OUTER_BOUND ( 'NONE', #854, .T. ) ;
#1319 = EDGE_CURVE ( 'NONE', #6694, #5260, #4928, .T. ) ;
#1320 = CARTESIAN_POINT ( 'NONE',  ( -0.9250000000000001554, 0.2000000000000000111, -0.5000000000000002220 ) ) ;
#1321 = PRESENTATION_STYLE_ASSIGNMENT (( #11152 ) ) ;
#1322 = LINE ( 'NONE', #1375, #3729 ) ;
#1323 = EDGE_LOOP ( 'NONE', ( #7160, #2350, #5434, #7700 ) ) ;
#1324 = ADVANCED_FACE ( 'NONE', ( #4505 ), #130, .T. ) ;
#1325 = COLOUR_RGB ( '',0.7921568627450980005, 0.8196078431372548767, 0.9333333333333333481 ) ;
#1326 = ORIENTED_EDGE ( 'NONE', *, *, #10458, .T. ) ;
#1327 = DIRECTION ( 'NONE',  ( 1.000000000000000000, 0.000000000000000000, -1.734723475976806306E-15 ) ) ;
#1328 = CARTESIAN_POINT ( 'NONE',  ( 1.250000000000000000, 0.08660254037844443420, -0.1000000000000002554 ) ) ;
#1329 = EDGE_CURVE ( 'NONE', #3405, #4831, #10582, .T. ) ;
#1330 = ADVANCED_FACE ( 'NONE', ( #2666 ), #2778, .F. ) ;
#1331 = CARTESIAN_POINT ( 'NONE',  ( 1.224999999999999423, 0.06614378277661447925, 1.150000000000000133 ) ) ;
#1332 = AXIS2_PLACEMENT_3D ( 'NONE', #5275, #1892, #838 ) ;
#1333 = CARTESIAN_POINT ( 'NONE',  ( -0.1999999999999987899, 0.000000000000000000, -0.5000000000000005551 ) ) ;
#1334 = ORIENTED_EDGE ( 'NONE', *, *, #3652, .F. ) ;
#1335 = LINE ( 'NONE', #10652, #6761 ) ;
#1336 = ORIENTED_EDGE ( 'NONE', *, *, #8972, .T. ) ;
#1337 = EDGE_CURVE ( 'NONE', #1472, #11184, #6299, .T. ) ;
#1338 = VERTEX_POINT ( 'NONE', #6064 ) ;
#1339 = ORIENTED_EDGE ( 'NONE', *, *, #8675, .F. ) ;
#1340 = FACE_OUTER_BOUND ( 'NONE', #2915, .T. ) ;
#1341 = CARTESIAN_POINT ( 'NONE',  ( -1.300000000000000044, 0.01000000000000005398, -1.124999999999999334 ) ) ;
#1342 = VECTOR ( 'NONE', #4597, 1000.000000000000000 ) ;
#1343 = CARTESIAN_POINT ( 'NONE',  ( 1.250000000000000000, 0.08660254037844405950, 0.5999999999999998668 ) ) ;
#1344 = PLANE ( 'NONE',  #6676 ) ;
#1345 = ORIENTED_EDGE ( 'NONE', *, *, #5622, .T. ) ;
#1346 = DIRECTION ( 'NONE',  ( 1.000000000000000000, 0.000000000000000000, 8.340016711426957754E-17 ) ) ;
#1347 = ORIENTED_EDGE ( 'NONE', *, *, #1563, .T. ) ;
#1348 = VERTEX_POINT ( 'NONE', #1921 ) ;
#1349 = CARTESIAN_POINT ( 'NONE',  ( 1.300000000000000044, 0.7590169943749474069, -0.1000000000000003664 ) ) ;
#1350 = ORIENTED_EDGE ( 'NONE', *, *, #2988, .T. ) ;
#1351 = AXIS2_PLACEMENT_3D ( 'NONE', #7042, #11226, #6009 ) ;
#1352 = VERTEX_POINT ( 'NONE', #1042 ) ;
#1353 = FACE_OUTER_BOUND ( 'NONE', #3348, .T. ) ;
#1355 = ADVANCED_FACE ( 'NONE', ( #4562 ), #9709, .F. ) ;
#1354 = DIRECTION ( 'NONE',  ( -0.000000000000000000, -1.000000000000000000, 0.000000000000000000 ) ) ;
#1356 = CARTESIAN_POINT ( 'NONE',  ( -1.300000000000000044, 0.7590169943749472958, 0.3999999999999998557 ) ) ;
#1357 = DIRECTION ( 'NONE',  ( -1.000000000000000000, 0.000000000000000000, 0.000000000000000000 ) ) ;
#1358 = VERTEX_POINT ( 'NONE', #7855 ) ;
#1359 = ADVANCED_FACE ( 'NONE', ( #11384 ), #8782, .F. ) ;
#1360 = CARTESIAN_POINT ( 'NONE',  ( 1.300000000000000044, 0.1000000000000001166, 1.149999999999999023 ) ) ;
#1361 = EDGE_CURVE ( 'NONE', #1863, #436, #10872, .T. ) ;
#1362 = PLANE ( 'NONE',  #673 ) ;
#1363 = STYLED_ITEM ( 'NONE', ( #71 ), #5662 ) ;
#1364 = ORIENTED_EDGE ( 'NONE', *, *, #1337, .T. ) ;
#1365 = LINE ( 'NONE', #4013, #7873 ) ;
#1366 = EDGE_LOOP ( 'NONE', ( #9621, #11000, #8177, #9808 ) ) ;
#1367 = ORIENTED_EDGE ( 'NONE', *, *, #9243, .T. ) ;
#1368 = CARTESIAN_POINT ( 'NONE',  ( 1.250000000000000000, 0.08660254037844443420, -0.6000000000000003109 ) ) ;
#1369 = LINE ( 'NONE', #5928, #4981 ) ;
#1370 = LINE ( 'NONE', #8471, #11 ) ;
#1371 = CARTESIAN_POINT ( 'NONE',  ( 0.7250000000000010880, 0.9846177413237633402, -0.8999999999999990230 ) ) ;
#1372 = ORIENTED_EDGE ( 'NONE', *, *, #4224, .T. ) ;
#1373 = CARTESIAN_POINT ( 'NONE',  ( 0.8749999999999725775, 0.01000000000000000021, -2.016546540683573526E-14 ) ) ;
#1374 = DIRECTION ( 'NONE',  ( -0.7071067811865443531, 0.000000000000000000, -0.7071067811865506814 ) ) ;
#1375 = CARTESIAN_POINT ( 'NONE',  ( -0.5499999999999998224, 0.01000000000000000021, -0.5500000000000021538 ) ) ;
#1376 = ADVANCED_FACE ( 'NONE', ( #3929 ), #5600, .T. ) ;
#1377 = ORIENTED_EDGE ( 'NONE', *, *, #6226, .F. ) ;
#1378 = ORIENTED_EDGE ( 'NONE', *, *, #1888, .F. ) ;
#1379 = PLANE ( 'NONE',  #8958 ) ;
#1380 = CARTESIAN_POINT ( 'NONE',  ( 1.149999999999998579, 0.000000000000000000, -1.199999999999999734 ) ) ;
#1381 = FACE_OUTER_BOUND ( 'NONE', #6331, .T. ) ;
#1382 = PRESENTATION_STYLE_ASSIGNMENT (( #2202 ) ) ;
#1383 = LINE ( 'NONE', #5772, #5282 ) ;
#1384 = EDGE_CURVE ( 'NONE', #10698, #7207, #410, .T. ) ;
#1385 = DIRECTION ( 'NONE',  ( 0.7071067811865469066, 0.000000000000000000, -0.7071067811865482389 ) ) ;
#1386 = ORIENTED_EDGE ( 'NONE', *, *, #8941, .F. ) ;
#1387 = EDGE_LOOP ( 'NONE', ( #11018, #10127, #10776, #2867 ) ) ;
#1388 = ADVANCED_FACE ( 'NONE', ( #6468 ), #8379, .F. ) ;
#1389 = VERTEX_POINT ( 'NONE', #2204 ) ;
#1390 = DIRECTION ( 'NONE',  ( 2.502005013428087819E-17, 0.000000000000000000, 1.000000000000000000 ) ) ;
#1391 = DIRECTION ( 'NONE',  ( -0.000000000000000000, -1.000000000000000000, 0.000000000000000000 ) ) ;
#1392 = LINE ( 'NONE', #2158, #11080 ) ;
#1393 = VECTOR ( 'NONE', #5646, 1000.000000000000000 ) ;
#1394 = SURFACE_STYLE_USAGE ( .BOTH. , #11119 ) ;
#1395 = ORIENTED_EDGE ( 'NONE', *, *, #233, .T. ) ;
#1396 = EDGE_CURVE ( 'NONE', #9794, #499, #4851, .T. ) ;
#1397 = DIRECTION ( 'NONE',  ( -1.000000000000000000, 0.000000000000000000, -1.918203843628200456E-16 ) ) ;
#1398 = VERTEX_POINT ( 'NONE', #3981 ) ;
#1399 = EDGE_CURVE ( 'NONE', #5247, #2652, #6353, .T. ) ;
#1400 = ORIENTED_EDGE ( 'NONE', *, *, #9880, .T. ) ;
#1401 = CARTESIAN_POINT ( 'NONE',  ( 0.1250000000000013323, 0.1999999999999999833, -0.9249999999999992673 ) ) ;
#1402 = VECTOR ( 'NONE', #1652, 1000.000000000000000 ) ;
#1403 = ORIENTED_EDGE ( 'NONE', *, *, #5889, .F. ) ;
#1404 = VERTEX_POINT ( 'NONE', #8258 ) ;
#1405 = CARTESIAN_POINT ( 'NONE',  ( -0.6250000000000008882, 0.1999999999999999833, -1.225000000000004974 ) ) ;
#1406 = LINE ( 'NONE', #4005, #10513 ) ;
#1407 = DIRECTION ( 'NONE',  ( 1.309382623694023564E-14, 0.000000000000000000, -1.000000000000000000 ) ) ;
#1408 = CARTESIAN_POINT ( 'NONE',  ( -0.9250000000000001554, 0.7590169943749472958, 0.4999999999999997780 ) ) ;
#1409 = ORIENTED_EDGE ( 'NONE', *, *, #10237, .F. ) ;
#1410 = LINE ( 'NONE', #3153, #7391 ) ;
#1411 = CIRCLE ( 'NONE', #7860, 0.1000000000000000472 ) ;
#1412 = CARTESIAN_POINT ( 'NONE',  ( 0.1250000000000009437, 0.06614378277661496497, -1.224999999999999645 ) ) ;
#1413 = ORIENTED_EDGE ( 'NONE', *, *, #6329, .T. ) ;
#1414 = CARTESIAN_POINT ( 'NONE',  ( -0.6500000000000006883, 0.1999999999999999833, -1.250000000000004885 ) ) ;
#1415 = ORIENTED_EDGE ( 'NONE', *, *, #9632, .F. ) ;
#1416 = VERTEX_POINT ( 'NONE', #3807 ) ;
#1417 = EDGE_CURVE ( 'NONE', #11142, #3897, #6779, .T. ) ;
#1418 = CARTESIAN_POINT ( 'NONE',  ( 3.127506266785110082E-17, 0.01000000000000000021, -0.3750000000000000555 ) ) ;
#1419 = ADVANCED_FACE ( 'NONE', ( #1100 ), #3758, .F. ) ;
#1420 = CARTESIAN_POINT ( 'NONE',  ( 0.3750000000000007772, 0.1999999999999999833, 1.224999999999999867 ) ) ;
#1421 = LINE ( 'NONE', #6854, #1301 ) ;
#1422 = CARTESIAN_POINT ( 'NONE',  ( -0.3500000000000003109, 0.9846177413237633402, 1.300000000000000266 ) ) ;
#1423 = ORIENTED_EDGE ( 'NONE', *, *, #687, .T. ) ;
#1424 = DIRECTION ( 'NONE',  ( 1.000000000000000000, 0.000000000000000000, 4.086608188599209324E-16 ) ) ;
#1425 = LINE ( 'NONE', #5208, #9953 ) ;
#1426 = CIRCLE ( 'NONE', #4368, 0.1250000000000000000 ) ;
#1427 =( NAMED_UNIT ( * ) SI_UNIT ( $, .STERADIAN. ) SOLID_ANGLE_UNIT ( ) );
#1428 = VECTOR ( 'NONE', #4904, 1000.000000000000000 ) ;
#1429 = DIRECTION ( 'NONE',  ( -1.000000000000000000, 0.000000000000000000, 0.000000000000000000 ) ) ;
#1430 = CARTESIAN_POINT ( 'NONE',  ( -0.6250000000000009992, 0.000000000000000000, 1.200000000000000178 ) ) ;
#1431 = VERTEX_POINT ( 'NONE', #10934 ) ;
#1432 = AXIS2_PLACEMENT_3D ( 'NONE', #3467, #5245, #8781 ) ;
#1433 = FACE_OUTER_BOUND ( 'NONE', #825, .T. ) ;
#1434 = CIRCLE ( 'NONE', #8813, 0.1000000000000000472 ) ;
#1435 = DIRECTION ( 'NONE',  ( -1.000802005371233254E-15, 0.000000000000000000, -1.000000000000000000 ) ) ;
#1436 = VECTOR ( 'NONE', #287, 1000.000000000000000 ) ;
#1437 = LINE ( 'NONE', #8201, #8856 ) ;
#1438 = ADVANCED_FACE ( 'NONE', ( #1164 ), #463, .F. ) ;
#1439 = CARTESIAN_POINT ( 'NONE',  ( -0.9249999999999998224, 0.2000000000000000111, 0.6249999999999997780 ) ) ;
#1440 = LINE ( 'NONE', #7728, #1528 ) ;
#1441 = CARTESIAN_POINT ( 'NONE',  ( -1.300000000000000044, 0.7590169943749474069, -0.4000000000000000777 ) ) ;
#1442 = EDGE_LOOP ( 'NONE', ( #9585, #11049, #5143, #8265 ) ) ;
#1443 = ORIENTED_EDGE ( 'NONE', *, *, #9786, .F. ) ;
#1444 = VERTEX_POINT ( 'NONE', #9187 ) ;
#1445 = LINE ( 'NONE', #11331, #10449 ) ;
#1446 = EDGE_CURVE ( 'NONE', #1851, #10805, #2183, .T. ) ;
#1447 = CARTESIAN_POINT ( 'NONE',  ( 1.225000000000000089, 0.7590169943749472958, 0.6249999999999997780 ) ) ;
#1448 = DIRECTION ( 'NONE',  ( 8.340016711426957754E-17, 0.000000000000000000, -1.000000000000000000 ) ) ;
#1449 = PLANE ( 'NONE',  #66 ) ;
#1450 = PLANE ( 'NONE',  #9260 ) ;
#1451 = ORIENTED_EDGE ( 'NONE', *, *, #7720, .T. ) ;
#1452 = VECTOR ( 'NONE', #7745, 1000.000000000000000 ) ;
#1453 = CARTESIAN_POINT ( 'NONE',  ( -1.250000000000000000, 0.2000000000000000111, -0.4000000000000001887 ) ) ;
#1454 = EDGE_CURVE ( 'NONE', #10738, #4701, #6579, .T. ) ;
#1455 = VERTEX_POINT ( 'NONE', #1333 ) ;
#1456 = VERTEX_POINT ( 'NONE', #9943 ) ;
#1457 = CARTESIAN_POINT ( 'NONE',  ( -1.250000000000000000, 0.2000000000000000111, 0.5999999999999998668 ) ) ;
#1458 = VECTOR ( 'NONE', #1539, 1000.000000000000000 ) ;
#1459 = VECTOR ( 'NONE', #6917, 1000.000000000000000 ) ;
#1460 = VERTEX_POINT ( 'NONE', #10987 ) ;
#1461 = ADVANCED_FACE ( 'NONE', ( #10115 ), #8206, .T. ) ;
#1462 = ORIENTED_EDGE ( 'NONE', *, *, #7469, .F. ) ;
#1463 = CARTESIAN_POINT ( 'NONE',  ( 0.7250000000000010880, 0.000000000000000000, -0.8999999999999991340 ) ) ;
#1464 = EDGE_CURVE ( 'NONE', #11122, #3713, #2836, .T. ) ;
#1465 = PLANE ( 'NONE',  #4057 ) ;
#1466 = LINE ( 'NONE', #8572, #7793 ) ;
#1467 = DIRECTION ( 'NONE',  ( -0.7071067811865491270, 0.000000000000000000, 0.7071067811865459074 ) ) ;
#1468 = ORIENTED_EDGE ( 'NONE', *, *, #4459, .F. ) ;
#1469 = CARTESIAN_POINT ( 'NONE',  ( -1.042502088928369257E-17, 0.01000000000000000021, 0.1249999999999999445 ) ) ;
#1470 = ORIENTED_EDGE ( 'NONE', *, *, #1565, .T. ) ;
#1471 = DIRECTION ( 'NONE',  ( -1.000000000000000000, 0.000000000000000000, 2.085004177856743210E-15 ) ) ;
#1472 = VERTEX_POINT ( 'NONE', #10057 ) ;
#1473 = DIRECTION ( 'NONE',  ( -1.000000000000000000, 0.000000000000000000, -8.340016711426957754E-17 ) ) ;
#1474 = AXIS2_PLACEMENT_3D ( 'NONE', #10574, #10688, #5300 ) ;
#1475 = ORIENTED_EDGE ( 'NONE', *, *, #10430, .F. ) ;
#1476 = ORIENTED_EDGE ( 'NONE', *, *, #2052, .T. ) ;
#1477 = EDGE_CURVE ( 'NONE', #7291, #11063, #2148, .T. ) ;
#1478 = AXIS2_PLACEMENT_3D ( 'NONE', #1735, #7524, #7906 ) ;
#1479 = VECTOR ( 'NONE', #6710, 1000.000000000000000 ) ;
#1480 = CARTESIAN_POINT ( 'NONE',  ( -0.7250000000000010880, 0.1999999999999999833, 0.8999999999999991340 ) ) ;
#1481 = DIRECTION ( 'NONE',  ( -1.529003063761606547E-15, 0.000000000000000000, 1.000000000000000000 ) ) ;
#1482 = DIRECTION ( 'NONE',  ( 1.000000000000000000, 0.000000000000000000, 8.340016711426957754E-17 ) ) ;
#1483 = CARTESIAN_POINT ( 'NONE',  ( 0.6499999999999999112, 0.1000000000000001166, 1.300000000000006262 ) ) ;
#1484 = VERTEX_POINT ( 'NONE', #4795 ) ;
#1485 = AXIS2_PLACEMENT_3D ( 'NONE', #793, #1435, #4203 ) ;
#1486 = DIRECTION ( 'NONE',  ( 8.340016711426957754E-17, 0.000000000000000000, -1.000000000000000000 ) ) ;
#1487 = AXIS2_PLACEMENT_3D ( 'NONE', #1554, #4100, #8547 ) ;
#1488 = EDGE_CURVE ( 'NONE', #10982, #2097, #9002, .T. ) ;
#1489 = LINE ( 'NONE', #11093, #236 ) ;
#1490 = EDGE_CURVE ( 'NONE', #6873, #7254, #690, .T. ) ;
#1491 = DIRECTION ( 'NONE',  ( -0.000000000000000000, -1.000000000000000000, 0.000000000000000000 ) ) ;
#1492 = ORIENTED_EDGE ( 'NONE', *, *, #7776, .T. ) ;
#1493 = VECTOR ( 'NONE', #2703, 1000.000000000000000 ) ;
#1494 = DIRECTION ( 'NONE',  ( -1.000000000000000000, 0.000000000000000000, -8.340016711426957754E-17 ) ) ;
#1495 = CARTESIAN_POINT ( 'NONE',  ( -1.250000000000000000, 0.08660254037844411501, 0.5999999999999998668 ) ) ;
#1496 = VECTOR ( 'NONE', #1762, 1000.000000000000000 ) ;
#1497 = CYLINDRICAL_SURFACE ( 'NONE', #9782, 0.1000000000000000472 ) ;
#1498 = CARTESIAN_POINT ( 'NONE',  ( -1.225000000000000089, 0.1999999999999999833, -0.6250000000000001110 ) ) ;
#1499 = CARTESIAN_POINT ( 'NONE',  ( -0.8500000000000004219, 0.1999999999999999833, 1.300000000000005373 ) ) ;
#1500 = EDGE_CURVE ( 'NONE', #4155, #10777, #1501, .T. ) ;
#1501 = LINE ( 'NONE', #5126, #1798 ) ;
#1502 = VECTOR ( 'NONE', #9277, 1000.000000000000000 ) ;
#1503 = ORIENTED_EDGE ( 'NONE', *, *, #1538, .T. ) ;
#1504 = EDGE_CURVE ( 'NONE', #2635, #7599, #8491, .T. ) ;
#1505 = VECTOR ( 'NONE', #3022, 1000.000000000000114 ) ;
#1506 = VERTEX_POINT ( 'NONE', #2438 ) ;
#1507 = ORIENTED_EDGE ( 'NONE', *, *, #2830, .T. ) ;
#1508 = FACE_OUTER_BOUND ( 'NONE', #8095, .T. ) ;
#1509 = FACE_OUTER_BOUND ( 'NONE', #7107, .T. ) ;
#1510 = EDGE_CURVE ( 'NONE', #6755, #8949, #4209, .T. ) ;
#1511 = CARTESIAN_POINT ( 'NONE',  ( -0.8750000000000006661, 0.06614378277662111283, -1.225000000000005196 ) ) ;
#1512 =( GEOMETRIC_REPRESENTATION_CONTEXT ( 3 ) GLOBAL_UNCERTAINTY_ASSIGNED_CONTEXT ( ( #10928 ) ) GLOBAL_UNIT_ASSIGNED_CONTEXT ( ( #7686, #5725, #4970 ) ) REPRESENTATION_CONTEXT ( 'NONE', 'WORKASPACE' ) );
#1513 = PRESENTATION_STYLE_ASSIGNMENT (( #9431 ) ) ;
#1514 = DIRECTION ( 'NONE',  ( -0.7071067811865459074, 0.000000000000000000, -0.7071067811865491270 ) ) ;
#1515 = VERTEX_POINT ( 'NONE', #2268 ) ;
#1516 = CARTESIAN_POINT ( 'NONE',  ( 1.473055451655803765E-14, 0.01000000000000000021, -1.125000000000015987 ) ) ;
#1517 = EDGE_LOOP ( 'NONE', ( #2749, #7287, #6210, #4416, #7117 ) ) ;
#1518 = ORIENTED_EDGE ( 'NONE', *, *, #4582, .T. ) ;
#1519 = CYLINDRICAL_SURFACE ( 'NONE', #9000, 0.1250000000000000000 ) ;
#1520 = VECTOR ( 'NONE', #7436, 1000.000000000000000 ) ;
#1521 = ORIENTED_EDGE ( 'NONE', *, *, #5403, .F. ) ;
#1522 = ORIENTED_EDGE ( 'NONE', *, *, #10588, .T. ) ;
#1523 = PLANE ( 'NONE',  #6992 ) ;
#1524 = VECTOR ( 'NONE', #6548, 1000.000000000000000 ) ;
#1525 = CARTESIAN_POINT ( 'NONE',  ( -1.300000000000000044, 0.9846177413237633402, 0.9249999999999997113 ) ) ;
#1526 = LINE ( 'NONE', #4127, #2788 ) ;
#1527 = ORIENTED_EDGE ( 'NONE', *, *, #2037, .F. ) ;
#1528 = VECTOR ( 'NONE', #582, 1000.000000000000000 ) ;
#1529 = EDGE_CURVE ( 'NONE', #8940, #5081, #9552, .T. ) ;
#1530 = ORIENTED_EDGE ( 'NONE', *, *, #4180, .F. ) ;
#1531 = CARTESIAN_POINT ( 'NONE',  ( 1.300000000000000044, 0.1999999999999999833, -0.9249999999999997113 ) ) ;
#1532 = ORIENTED_EDGE ( 'NONE', *, *, #6357, .F. ) ;
#1533 = DIRECTION ( 'NONE',  ( -1.959903927185304452E-14, 0.000000000000000000, 1.000000000000000000 ) ) ;
#1534 = VECTOR ( 'NONE', #5724, 1000.000000000000000 ) ;
#1535 = VERTEX_POINT ( 'NONE', #5773 ) ;
#1536 = VERTEX_POINT ( 'NONE', #5826 ) ;
#1537 = EDGE_CURVE ( 'NONE', #6704, #8736, #4039, .T. ) ;
#1538 = EDGE_CURVE ( 'NONE', #4212, #6026, #2319, .T. ) ;
#1539 = DIRECTION ( 'NONE',  ( 8.340016711426957754E-17, -0.000000000000000000, -1.000000000000000000 ) ) ;
#1540 = LINE ( 'NONE', #9507, #9047 ) ;
#1541 = DIRECTION ( 'NONE',  ( 0.000000000000000000, -1.000000000000000000, 0.000000000000000000 ) ) ;
#1542 = DIRECTION ( 'NONE',  ( -1.000000000000000000, 0.000000000000000000, 0.000000000000000000 ) ) ;
#1543 = VERTEX_POINT ( 'NONE', #584 ) ;
#1544 = DIRECTION ( 'NONE',  ( -0.000000000000000000, -1.000000000000000000, 0.000000000000000000 ) ) ;
#1545 = COLOUR_RGB ( '',0.7921568627450980005, 0.8196078431372548767, 0.9333333333333333481 ) ;
#1546 = EDGE_CURVE ( 'NONE', #7920, #5211, #7562, .T. ) ;
#1547 = ADVANCED_FACE ( 'NONE', ( #5070 ), #3236, .T. ) ;
#1548 = DIRECTION ( 'NONE',  ( -1.000000000000000000, 0.000000000000000000, 2.085004177856743210E-15 ) ) ;
#1549 = DIRECTION ( 'NONE',  ( 1.000000000000000000, 0.000000000000000000, 0.000000000000000000 ) ) ;
#1550 = EDGE_CURVE ( 'NONE', #1032, #9209, #8429, .T. ) ;
#1551 = ORIENTED_EDGE ( 'NONE', *, *, #7534, .T. ) ;
#1552 = LINE ( 'NONE', #3445, #3603 ) ;
#1553 = PLANE ( 'NONE',  #7934 ) ;
#1554 = CARTESIAN_POINT ( 'NONE',  ( 0.7250000000000010880, 0.009999999999999998473, -0.9999999999999991118 ) ) ;
#1555 = DIRECTION ( 'NONE',  ( -1.000000000000000000, 0.000000000000000000, -8.340016711426957754E-17 ) ) ;
#1556 = LINE ( 'NONE', #7501, #7142 ) ;
#1557 = CARTESIAN_POINT ( 'NONE',  ( -0.8500000000000004219, 0.1999999999999999833, 1.300000000000005373 ) ) ;
#1558 =( BOUNDED_CURVE ( )  B_SPLINE_CURVE ( 3, ( #1092, #3749, #7321, #2943 ),
 .UNSPECIFIED., .F., .F. ) 
 B_SPLINE_CURVE_WITH_KNOTS ( ( 4, 4 ),
 ( 5.235987755982931091, 5.560451059366093851 ),
 .UNSPECIFIED. ) 
 CURVE ( )  GEOMETRIC_REPRESENTATION_ITEM ( )  RATIONAL_B_SPLINE_CURVE ( ( 1.000000000000000000, 0.9912461883984138300, 0.9912461883984138300, 1.000000000000000000 ) ) 
 REPRESENTATION_ITEM ( '' )  );
#1559 = ORIENTED_EDGE ( 'NONE', *, *, #8500, .F. ) ;
#1560 = ORIENTED_EDGE ( 'NONE', *, *, #3860, .F. ) ;
#1561 = ORIENTED_EDGE ( 'NONE', *, *, #4243, .T. ) ;
#1562 = DIRECTION ( 'NONE',  ( 0.000000000000000000, -1.000000000000000000, 0.000000000000000000 ) ) ;
#1563 = EDGE_CURVE ( 'NONE', #5211, #9116, #11105, .T. ) ;
#1564 = CARTESIAN_POINT ( 'NONE',  ( 0.6499999999999999112, 0.009999999999999646325, 1.300000000000005596 ) ) ;
#1565 = EDGE_CURVE ( 'NONE', #11096, #1389, #6871, .T. ) ;
#1566 = DIRECTION ( 'NONE',  ( 1.417802840942573219E-14, 0.000000000000000000, -1.000000000000000000 ) ) ;
#1567 = FACE_OUTER_BOUND ( 'NONE', #101, .T. ) ;
#1568 = ORIENTED_EDGE ( 'NONE', *, *, #10190, .F. ) ;
#1569 = DIRECTION ( 'NONE',  ( 0.000000000000000000, -1.000000000000000000, 0.000000000000000000 ) ) ;
#1570 = ORIENTED_EDGE ( 'NONE', *, *, #2842, .T. ) ;
#1571 = VERTEX_POINT ( 'NONE', #6703 ) ;
#1572 = FACE_OUTER_BOUND ( 'NONE', #9455, .T. ) ;
#1573 = VERTEX_POINT ( 'NONE', #4154 ) ;
#1574 = CIRCLE ( 'NONE', #1764, 0.1000000000000000472 ) ;
#1575 = CARTESIAN_POINT ( 'NONE',  ( 0.5000000000000003331, 0.2000000000000000944, 0.4999999999999997780 ) ) ;
#1576 = LINE ( 'NONE', #3595, #11140 ) ;
#1577 = PLANE ( 'NONE',  #5178 ) ;
#1578 = ORIENTED_EDGE ( 'NONE', *, *, #6474, .F. ) ;
#1579 = EDGE_CURVE ( 'NONE', #1536, #4022, #5998, .T. ) ;
#1580 = VERTEX_POINT ( 'NONE', #5882 ) ;
#1581 = CIRCLE ( 'NONE', #10269, 0.1000000000000000472 ) ;
#1582 = CARTESIAN_POINT ( 'NONE',  ( 1.249999999999999778, 0.1999999999999999833, 1.124999999999999778 ) ) ;
#1583 = ORIENTED_EDGE ( 'NONE', *, *, #583, .F. ) ;
#1584 = DIRECTION ( 'NONE',  ( 1.000000000000000000, 0.000000000000000000, 0.000000000000000000 ) ) ;
#1585 = VERTEX_POINT ( 'NONE', #1557 ) ;
#1586 = VERTEX_POINT ( 'NONE', #9421 ) ;
#1587 = ORIENTED_EDGE ( 'NONE', *, *, #7456, .T. ) ;
#1588 = CYLINDRICAL_SURFACE ( 'NONE', #5323, 0.1250000000000000000 ) ;
#1589 = EDGE_CURVE ( 'NONE', #8292, #4281, #9475, .T. ) ;
#1590 = CARTESIAN_POINT ( 'NONE',  ( 0.3000000000000019873, 0.01000000000000000021, 0.3000000000000019873 ) ) ;
#1591 = VECTOR ( 'NONE', #590, 1000.000000000000000 ) ;
#1592 = DIRECTION ( 'NONE',  ( -1.000000000000000000, 0.000000000000000000, -8.340016711426957754E-17 ) ) ;
#1593 = FACE_OUTER_BOUND ( 'NONE', #3324, .T. ) ;
#1594 = EDGE_LOOP ( 'NONE', ( #6113, #4641, #4812, #1706 ) ) ;
#1595 = CARTESIAN_POINT ( 'NONE',  ( 0.1250000000000008049, 0.9846177413237633402, 1.224999999999999645 ) ) ;
#1596 = CARTESIAN_POINT ( 'NONE',  ( 0.3750000000000009992, 0.000000000000000000, -1.224999999999999867 ) ) ;
#1597 = ADVANCED_FACE ( 'NONE', ( #8657 ), #11045, .T. ) ;
#1598 = CARTESIAN_POINT ( 'NONE',  ( 0.5000000000000003331, 0.01000000000000002623, 0.4999999999999997780 ) ) ;
#1599 = AXIS2_PLACEMENT_3D ( 'NONE', #4214, #3351, #5024 ) ;
#1600 = DIRECTION ( 'NONE',  ( 0.000000000000000000, -1.000000000000000000, 0.000000000000000000 ) ) ;
#1601 = ORIENTED_EDGE ( 'NONE', *, *, #1286, .T. ) ;
#1602 = LINE ( 'NONE', #3177, #837 ) ;
#1603 = DIRECTION ( 'NONE',  ( 0.000000000000000000, -1.000000000000000000, 0.000000000000000000 ) ) ;
#1604 = EDGE_CURVE ( 'NONE', #3144, #6026, #10174, .T. ) ;
#1605 = FACE_OUTER_BOUND ( 'NONE', #3135, .T. ) ;
#1606 = VECTOR ( 'NONE', #4470, 1000.000000000000000 ) ;
#1607 = FACE_OUTER_BOUND ( 'NONE', #2980, .T. ) ;
#1608 = DIRECTION ( 'NONE',  ( -1.000000000000000000, 0.000000000000000000, -2.321304651347010626E-14 ) ) ;
#1609 = DIRECTION ( 'NONE',  ( 1.000000000000000000, 0.000000000000000000, -2.780005570475647818E-16 ) ) ;
#1610 = ORIENTED_EDGE ( 'NONE', *, *, #7597, .T. ) ;
#1611 = ORIENTED_EDGE ( 'NONE', *, *, #1260, .T. ) ;
#1612 = CIRCLE ( 'NONE', #8072, 0.1250000000000000555 ) ;
#1613 = AXIS2_PLACEMENT_3D ( 'NONE', #9599, #1794, #186 ) ;
#1614 = VERTEX_POINT ( 'NONE', #9582 ) ;
#1615 = CARTESIAN_POINT ( 'NONE',  ( -0.7250000000000009770, 0.1999999999999999833, -0.8999999999999992450 ) ) ;
#1616 = CARTESIAN_POINT ( 'NONE',  ( 0.2500000000000012768, 0.000000000000000000, 0.9249999999999997113 ) ) ;
#1617 = CARTESIAN_POINT ( 'NONE',  ( -0.3500000000000008105, 0.01000000000000005398, -1.249999999999999778 ) ) ;
#1618 =( BOUNDED_CURVE ( )  B_SPLINE_CURVE ( 3, ( #10171, #2264, #5768, #7555 ),
 .UNSPECIFIED., .F., .F. ) 
 B_SPLINE_CURVE_WITH_KNOTS ( ( 4, 4 ),
 ( 5.235987755982989711, 5.560451059366175564 ),
 .UNSPECIFIED. ) 
 CURVE ( )  GEOMETRIC_REPRESENTATION_ITEM ( )  RATIONAL_B_SPLINE_CURVE ( ( 1.000000000000000000, 0.9912461883984127198, 0.9912461883984127198, 1.000000000000000000 ) ) 
 REPRESENTATION_ITEM ( '' )  );
#1619 = DIRECTION ( 'NONE',  ( 8.340016711426957754E-17, -0.000000000000000000, -1.000000000000000000 ) ) ;
#1620 = SURFACE_STYLE_USAGE ( .BOTH. , #2714 ) ;
#1621 = VERTEX_POINT ( 'NONE', #10622 ) ;
#1622 = DIRECTION ( 'NONE',  ( 0.7071067811865476838, 0.000000000000000000, -0.7071067811865474617 ) ) ;
#1623 = ORIENTED_EDGE ( 'NONE', *, *, #11071, .T. ) ;
#1624 = ORIENTED_EDGE ( 'NONE', *, *, #687, .F. ) ;
#1625 = EDGE_CURVE ( 'NONE', #6506, #4259, #5183, .T. ) ;
#1626 = DIRECTION ( 'NONE',  ( 1.000000000000000000, -5.329070518200755338E-15, 1.355252715606879803E-16 ) ) ;
#1627 = EDGE_CURVE ( 'NONE', #10659, #7150, #9754, .T. ) ;
#1628 = EDGE_LOOP ( 'NONE', ( #3516, #11365, #6717, #363 ) ) ;
#1629 = VECTOR ( 'NONE', #7115, 1000.000000000000000 ) ;
#1630 = CARTESIAN_POINT ( 'NONE',  ( -1.225000000000000089, 0.1999999999999999833, 0.6249999999999997780 ) ) ;
#1631 = LINE ( 'NONE', #6073, #3203 ) ;
#1632 = ADVANCED_FACE ( 'NONE', ( #4374 ), #5416, .T. ) ;
#1633 = CARTESIAN_POINT ( 'NONE',  ( -1.250000000000000000, 0.009999999999999998473, 0.09999999999999982514 ) ) ;
#1634 = EDGE_LOOP ( 'NONE', ( #8273, #4313, #1292, #3312 ) ) ;
#1635 = EDGE_CURVE ( 'NONE', #9887, #8569, #6050, .T. ) ;
#1636 = CARTESIAN_POINT ( 'NONE',  ( 0.3500000000000185185, 0.01000000000000000021, 4.962309943299268719E-15 ) ) ;
#1637 = DIRECTION ( 'NONE',  ( -1.362202729533067540E-15, 0.000000000000000000, -1.000000000000000000 ) ) ;
#1638 = VERTEX_POINT ( 'NONE', #8768 ) ;
#1639 = CARTESIAN_POINT ( 'NONE',  ( 0.1500000000000009936, 0.9846177413237633402, -1.249999999999999556 ) ) ;
#1640 = VECTOR ( 'NONE', #3722, 1000.000000000000000 ) ;
#1641 = VECTOR ( 'NONE', #10099, 1000.000000000000000 ) ;
#1642 = ORIENTED_EDGE ( 'NONE', *, *, #932, .F. ) ;
#1643 = ORIENTED_EDGE ( 'NONE', *, *, #7525, .F. ) ;
#1644 = CARTESIAN_POINT ( 'NONE',  ( -1.300000000000000266, 5.776955262170046623, -1.300000000000000044 ) ) ;
#1645 = CARTESIAN_POINT ( 'NONE',  ( -1.250000000000000000, 0.2000000000000000111, -0.6000000000000001998 ) ) ;
#1646 = ADVANCED_FACE ( 'NONE', ( #9698 ), #3571, .T. ) ;
#1647 = CARTESIAN_POINT ( 'NONE',  ( -1.250000000000000000, 0.2000000000000000111, 0.3999999999999998557 ) ) ;
#1648 = DIRECTION ( 'NONE',  ( 1.401122807519719062E-14, 0.000000000000000000, 1.000000000000000000 ) ) ;
#1649 = ORIENTED_EDGE ( 'NONE', *, *, #7769, .F. ) ;
#1650 = VECTOR ( 'NONE', #937, 1000.000000000000000 ) ;
#1651 = CARTESIAN_POINT ( 'NONE',  ( -0.9249999999999998224, 0.2000000000000000111, -0.3750000000000001110 ) ) ;
#1652 = DIRECTION ( 'NONE',  ( -0.000000000000000000, -1.000000000000000000, 0.000000000000000000 ) ) ;
#1653 = DIRECTION ( 'NONE',  ( 1.000000000000000000, -0.000000000000000000, 8.340016711426957754E-17 ) ) ;
#1654 = PLANE ( 'NONE',  #6967 ) ;
#1655 = CIRCLE ( 'NONE', #5330, 0.1000000000000000472 ) ;
#1656 = VERTEX_POINT ( 'NONE', #2706 ) ;
#1657 = AXIS2_PLACEMENT_3D ( 'NONE', #2727, #4686, #9839 ) ;
#1658 = PLANE ( 'NONE',  #5449 ) ;
#1659 = LINE ( 'NONE', #636, #5535 ) ;
#1660 = VECTOR ( 'NONE', #3073, 1000.000000000000000 ) ;
#1661 = PLANE ( 'NONE',  #5341 ) ;
#1662 = VECTOR ( 'NONE', #4606, 1000.000000000000000 ) ;
#1663 = DIRECTION ( 'NONE',  ( -1.000000000000000000, 0.000000000000000000, 0.000000000000000000 ) ) ;
#1664 = CARTESIAN_POINT ( 'NONE',  ( -1.232185303455676451, 0.07429115107872273638, -1.142814696544323771 ) ) ;
#1665 = VECTOR ( 'NONE', #565, 1000.000000000000000 ) ;
#1666 = CARTESIAN_POINT ( 'NONE',  ( -1.224999999999999645, 0.000000000000000000, -1.149999999999999911 ) ) ;
#1667 = ADVANCED_FACE ( 'NONE', ( #853 ), #8717, .T. ) ;
#1668 =( BOUNDED_CURVE ( )  B_SPLINE_CURVE ( 3, ( #6785, #10314, #4933, #5746 ),
 .UNSPECIFIED., .F., .F. ) 
 B_SPLINE_CURVE_WITH_KNOTS ( ( 4, 4 ),
 ( 5.235987755982991487, 5.560451059366172011 ),
 .UNSPECIFIED. ) 
 CURVE ( )  GEOMETRIC_REPRESENTATION_ITEM ( )  RATIONAL_B_SPLINE_CURVE ( ( 1.000000000000000000, 0.9912461883984129418, 0.9912461883984129418, 1.000000000000000000 ) ) 
 REPRESENTATION_ITEM ( '' )  );
#1669 = ORIENTED_EDGE ( 'NONE', *, *, #2406, .T. ) ;
#1670 = CIRCLE ( 'NONE', #206, 0.1250000000000000000 ) ;
#1671 = ORIENTED_EDGE ( 'NONE', *, *, #7495, .T. ) ;
#1672 = AXIS2_PLACEMENT_3D ( 'NONE', #6152, #3779, #10841 ) ;
#1673 = VERTEX_POINT ( 'NONE', #1728 ) ;
#1674 = DIRECTION ( 'NONE',  ( -1.000000000000000000, 0.000000000000000000, -8.340016711426957754E-17 ) ) ;
#1675 = LINE ( 'NONE', #5190, #196 ) ;
#1676 = ADVANCED_FACE ( 'NONE', ( #8017 ), #1845, .T. ) ;
#1677 = EDGE_CURVE ( 'NONE', #9602, #10988, #11326, .T. ) ;
#1678 = DIRECTION ( 'NONE',  ( 1.084202172485503842E-15, -2.664535259100377669E-15, -1.000000000000000000 ) ) ;
#1679 = CARTESIAN_POINT ( 'NONE',  ( 1.250000000000000000, 0.7590169943749474069, -0.6000000000000003109 ) ) ;
#1680 = VECTOR ( 'NONE', #6454, 1000.000000000000000 ) ;
#1681 = DIRECTION ( 'NONE',  ( 1.292702590271169723E-14, 0.000000000000000000, 1.000000000000000000 ) ) ;
#1682 = MANIFOLD_SOLID_BREP ( 'Cut-Sweep1[12]', #5857 ) ;
#1683 = CARTESIAN_POINT ( 'NONE',  ( 1.250000000000000000, 0.1999999999999999833, -0.6000000000000003109 ) ) ;
#1684 = CARTESIAN_POINT ( 'NONE',  ( -1.300000000000000266, 5.776955262170046623, 1.300000000000000044 ) ) ;
#1685 = CARTESIAN_POINT ( 'NONE',  ( 1.225000000000000089, 0.009999999999999998473, -0.1250000000000002220 ) ) ;
#1686 = EDGE_LOOP ( 'NONE', ( #6354, #10496, #2465, #7022 ) ) ;
#1687 = EDGE_CURVE ( 'NONE', #3186, #1032, #2651, .T. ) ;
#1688 = ADVANCED_FACE ( 'NONE', ( #7088 ), #10682, .F. ) ;
#1689 = ORIENTED_EDGE ( 'NONE', *, *, #8186, .T. ) ;
#1690 = CARTESIAN_POINT ( 'NONE',  ( -0.6250000000000008882, 0.9846177413237633402, -1.225000000000004974 ) ) ;
#1691 = EDGE_CURVE ( 'NONE', #1580, #6563, #173, .T. ) ;
#1692 = ORIENTED_EDGE ( 'NONE', *, *, #3587, .T. ) ;
#1693 = DIRECTION ( 'NONE',  ( -1.000000000000000000, 0.000000000000000000, 0.000000000000000000 ) ) ;
#1694 = CARTESIAN_POINT ( 'NONE',  ( 1.225000000000000089, 0.009999999999999998473, 0.6249999999999997780 ) ) ;
#1695 = CYLINDRICAL_SURFACE ( 'NONE', #10177, 0.1250000000000000000 ) ;
#1696 = ORIENTED_EDGE ( 'NONE', *, *, #5085, .F. ) ;
#1697 = PLANE ( 'NONE',  #8099 ) ;
#1698 = ORIENTED_EDGE ( 'NONE', *, *, #8275, .T. ) ;
#1699 = DIRECTION ( 'NONE',  ( 1.000000000000000000, 0.000000000000000000, 8.340016711426957754E-17 ) ) ;
#1700 = CIRCLE ( 'NONE', #6306, 0.1000000000000000472 ) ;
#1701 = MANIFOLD_SOLID_BREP ( 'Cut-Sweep1[13]', #4200 ) ;
#1702 = EDGE_LOOP ( 'NONE', ( #6332, #3983, #1643, #1334, #5318 ) ) ;
#1703 = CARTESIAN_POINT ( 'NONE',  ( -1.224999999999999645, 0.1999999999999999833, -0.8999999999999993561 ) ) ;
#1704 = ORIENTED_EDGE ( 'NONE', *, *, #127, .T. ) ;
#1705 = ADVANCED_FACE ( 'NONE', ( #5530 ), #3052, .F. ) ;
#1706 = ORIENTED_EDGE ( 'NONE', *, *, #2039, .F. ) ;
#1707 = LINE ( 'NONE', #8637, #4783 ) ;
#1708 = PLANE ( 'NONE',  #1122 ) ;
#1709 = EDGE_CURVE ( 'NONE', #1071, #1348, #3686, .T. ) ;
#1710 = LINE ( 'NONE', #1826, #6318 ) ;
#1711 = CARTESIAN_POINT ( 'NONE',  ( 0.3750000000000009992, 0.1999999999999999833, -1.224999999999999867 ) ) ;
#1712 = ORIENTED_EDGE ( 'NONE', *, *, #4001, .T. ) ;
#1713 = ADVANCED_FACE ( 'NONE', ( #1205 ), #6396, .F. ) ;
#1714 = DIRECTION ( 'NONE',  ( -1.167602339599772261E-15, 0.000000000000000000, 1.000000000000000000 ) ) ;
#1715 = CARTESIAN_POINT ( 'NONE',  ( -0.6500000000000006883, 0.08660254037844693220, -1.250000000000004885 ) ) ;
#1716 = VECTOR ( 'NONE', #2919, 1000.000000000000000 ) ;
#1717 = CARTESIAN_POINT ( 'NONE',  ( 1.232185303455676229, 0.07429115107872286128, 0.1178146965443239852 ) ) ;
#1718 = PLANE ( 'NONE',  #3468 ) ;
#1719 = VERTEX_POINT ( 'NONE', #5642 ) ;
#1720 = CARTESIAN_POINT ( 'NONE',  ( -0.1250000000000010270, 0.1999999999999999833, 1.224999999999999645 ) ) ;
#1721 = FACE_OUTER_BOUND ( 'NONE', #9677, .T. ) ;
#1722 = VECTOR ( 'NONE', #9551, 1000.000000000000000 ) ;
#1723 = DIRECTION ( 'NONE',  ( 0.000000000000000000, -1.000000000000000000, 0.000000000000000000 ) ) ;
#1724 = DIRECTION ( 'NONE',  ( -2.304624617924155838E-14, 0.000000000000000000, -1.000000000000000000 ) ) ;
#1725 = FACE_OUTER_BOUND ( 'NONE', #1366, .T. ) ;
#1726 = FACE_OUTER_BOUND ( 'NONE', #6235, .T. ) ;
#1727 = ADVANCED_FACE ( 'NONE', ( #10746 ), #9872, .T. ) ;
#1728 = CARTESIAN_POINT ( 'NONE',  ( 0.9249999999999998224, 0.1999999999999999833, -0.6250000000000002220 ) ) ;
#1729 = ORIENTED_EDGE ( 'NONE', *, *, #6973, .T. ) ;
#1730 = AXIS2_PLACEMENT_3D ( 'NONE', #9073, #4675, #295 ) ;
#1731 = VERTEX_POINT ( 'NONE', #6566 ) ;
#1732 = EDGE_LOOP ( 'NONE', ( #6325, #190, #3892, #10686, #10307 ) ) ;
#1733 = CARTESIAN_POINT ( 'NONE',  ( -0.9250000000000001554, 0.7590169943749474069, -0.5000000000000002220 ) ) ;
#1734 = CARTESIAN_POINT ( 'NONE',  ( -0.9250000000000001554, 0.000000000000000000, -0.5000000000000002220 ) ) ;
#1735 = CARTESIAN_POINT ( 'NONE',  ( -0.9250000000000001554, 0.2000000000000000111, -0.5000000000000002220 ) ) ;
#1736 = EDGE_CURVE ( 'NONE', #9411, #7935, #10101, .T. ) ;
#1737 = DIRECTION ( 'NONE',  ( 1.726383459265352564E-14, 0.000000000000000000, 1.000000000000000000 ) ) ;
#1738 = DIRECTION ( 'NONE',  ( -1.000000000000000000, 0.000000000000000000, -4.086608188599209324E-16 ) ) ;
#1739 = DIRECTION ( 'NONE',  ( -1.000000000000000000, 0.000000000000000000, -8.340016711426957754E-17 ) ) ;
#1740 = DIRECTION ( 'NONE',  ( -1.000000000000000000, 0.000000000000000000, -8.340016711426957754E-17 ) ) ;
#1741 = CARTESIAN_POINT ( 'NONE',  ( -0.6250000000000011102, 0.000000000000000000, 1.225000000000004974 ) ) ;
#1742 = ORIENTED_EDGE ( 'NONE', *, *, #5085, .T. ) ;
#1743 = EDGE_CURVE ( 'NONE', #8329, #10878, #1263, .T. ) ;
#1744 = ORIENTED_EDGE ( 'NONE', *, *, #10301, .T. ) ;
#1745 = DIRECTION ( 'NONE',  ( 0.7071067811865451302, 0.000000000000000000, 0.7071067811865499042 ) ) ;
#1746 = ORIENTED_EDGE ( 'NONE', *, *, #10236, .F. ) ;
#1747 = DIRECTION ( 'NONE',  ( 0.000000000000000000, 1.000000000000000000, 0.000000000000000000 ) ) ;
#1748 = ADVANCED_FACE ( 'NONE', ( #6516 ), #7317, .T. ) ;
#1749 = CARTESIAN_POINT ( 'NONE',  ( -1.225000000000000089, 0.06614378277661521477, 0.1249999999999997918 ) ) ;
#1750 = SURFACE_STYLE_FILL_AREA ( #8792 ) ;
#1751 = ORIENTED_EDGE ( 'NONE', *, *, #5075, .F. ) ;
#1752 = LINE ( 'NONE', #10712, #6430 ) ;
#1753 = VERTEX_POINT ( 'NONE', #2083 ) ;
#1754 = DIRECTION ( 'NONE',  ( -2.780005570475647818E-16, 0.000000000000000000, -1.000000000000000000 ) ) ;
#1755 = ORIENTED_EDGE ( 'NONE', *, *, #9878, .F. ) ;
#1756 = CARTESIAN_POINT ( 'NONE',  ( 0.9249999999999999334, 0.1999999999999999833, -0.5000000000000002220 ) ) ;
#1757 = ORIENTED_EDGE ( 'NONE', *, *, #8413, .T. ) ;
#1758 = ORIENTED_EDGE ( 'NONE', *, *, #4185, .F. ) ;
#1759 = DIRECTION ( 'NONE',  ( 0.7071067811865459074, 0.000000000000000000, 0.7071067811865491270 ) ) ;
#1760 = DIRECTION ( 'NONE',  ( 1.000000000000000000, 0.000000000000000000, 8.340016711426957754E-17 ) ) ;
#1761 = CARTESIAN_POINT ( 'NONE',  ( -0.1250000000000011935, 0.000000000000000000, -0.9249999999999992673 ) ) ;
#1762 = DIRECTION ( 'NONE',  ( -0.000000000000000000, -1.000000000000000000, 0.000000000000000000 ) ) ;
#1763 = VERTEX_POINT ( 'NONE', #8138 ) ;
#1764 = AXIS2_PLACEMENT_3D ( 'NONE', #10168, #9468, #2480 ) ;
#1765 = DIRECTION ( 'NONE',  ( 0.000000000000000000, -1.000000000000000000, 0.000000000000000000 ) ) ;
#1766 =( NAMED_UNIT ( * ) SI_UNIT ( $, .STERADIAN. ) SOLID_ANGLE_UNIT ( ) );
#1767 = CARTESIAN_POINT ( 'NONE',  ( -0.8000000000000001554, 0.2000000000000000111, 0.4999999999999997780 ) ) ;
#1768 = EDGE_CURVE ( 'NONE', #10287, #4524, #234, .T. ) ;
#1769 = LINE ( 'NONE', #7950, #4574 ) ;
#1770 = ORIENTED_EDGE ( 'NONE', *, *, #5071, .T. ) ;
#1771 = VECTOR ( 'NONE', #11017, 1000.000000000000000 ) ;
#1772 = MANIFOLD_SOLID_BREP ( 'Chamfer1', #3454 ) ;
#1773 = LINE ( 'NONE', #5176, #7100 ) ;
#1774 = DIRECTION ( 'NONE',  ( 1.000000000000000000, 0.000000000000000000, 8.340016711426957754E-17 ) ) ;
#1775 = DIRECTION ( 'NONE',  ( -0.7071067811865451302, 0.000000000000000000, -0.7071067811865499042 ) ) ;
#1776 = CARTESIAN_POINT ( 'NONE',  ( 0.2500000000000013878, 0.009999999999999998473, -0.9249999999999997113 ) ) ;
#1777 = CARTESIAN_POINT ( 'NONE',  ( 1.299999999999999822, 0.01000000000000000021, 1.300000000000000266 ) ) ;
#1778 = ADVANCED_FACE ( 'NONE', ( #678 ), #8077, .T. ) ;
#1779 = LINE ( 'NONE', #8893, #1459 ) ;
#1780 = AXIS2_PLACEMENT_3D ( 'NONE', #2207, #8976, #4520 ) ;
#1781 = PRESENTATION_STYLE_ASSIGNMENT (( #799 ) ) ;
#1782 = ORIENTED_EDGE ( 'NONE', *, *, #683, .T. ) ;
#1783 = ORIENTED_EDGE ( 'NONE', *, *, #3725, .T. ) ;
#1784 = EDGE_CURVE ( 'NONE', #4281, #3388, #4194, .T. ) ;
#1785 = ORIENTED_EDGE ( 'NONE', *, *, #3627, .T. ) ;
#1786 = LINE ( 'NONE', #3577, #6920 ) ;
#1787 = DIRECTION ( 'NONE',  ( -1.000000000000000000, 0.000000000000000000, -8.340016711426957754E-17 ) ) ;
#1788 = PRODUCT_RELATED_PRODUCT_CATEGORY ( 'part', '', ( #10839 ) ) ;
#1789 = CARTESIAN_POINT ( 'NONE',  ( 1.199999999999999734, 0.000000000000000000, -0.6250000000000002220 ) ) ;
#1790 = DIRECTION ( 'NONE',  ( -8.340016711426957754E-17, -0.000000000000000000, 1.000000000000000000 ) ) ;
#1791 = MANIFOLD_SOLID_BREP ( 'Cut-Sweep1[11]', #9923 ) ;
#1792 = CARTESIAN_POINT ( 'NONE',  ( 0.3750000000000007772, 0.1999999999999999833, 1.224999999999999867 ) ) ;
#1793 = AXIS2_PLACEMENT_3D ( 'NONE', #2266, #7619, #6869 ) ;
#1794 = DIRECTION ( 'NONE',  ( -1.000000000000000000, 0.000000000000000000, -8.340016711426957754E-17 ) ) ;
#1795 = ORIENTED_EDGE ( 'NONE', *, *, #7269, .T. ) ;
#1796 = AXIS2_PLACEMENT_3D ( 'NONE', #5101, #6848, #6898 ) ;
#1797 = ORIENTED_EDGE ( 'NONE', *, *, #10160, .T. ) ;
#1798 = VECTOR ( 'NONE', #5018, 1000.000000000000000 ) ;
#1799 = CARTESIAN_POINT ( 'NONE',  ( -0.9249999999999998224, 0.009999999999999998473, 0.1249999999999998612 ) ) ;
#1800 = EDGE_CURVE ( 'NONE', #10489, #9945, #8477, .T. ) ;
#1801 = ORIENTED_EDGE ( 'NONE', *, *, #2793, .T. ) ;
#1802 = ORIENTED_EDGE ( 'NONE', *, *, #2623, .F. ) ;
#1803 = DIRECTION ( 'NONE',  ( -0.000000000000000000, -1.000000000000000000, 0.000000000000000000 ) ) ;
#1804 = VECTOR ( 'NONE', #7800, 1000.000000000000000 ) ;
#1805 = CARTESIAN_POINT ( 'NONE',  ( 0.3500000000000008105, 0.1999999999999999833, 1.249999999999999778 ) ) ;
#1806 = AXIS2_PLACEMENT_3D ( 'NONE', #9437, #7749, #4168 ) ;
#1807 = ADVANCED_FACE ( 'NONE', ( #2424 ), #2362, .F. ) ;
#1808 = DIRECTION ( 'NONE',  ( 1.000000000000000000, -0.000000000000000000, 8.340016711426957754E-17 ) ) ;
#1809 = AXIS2_PLACEMENT_3D ( 'NONE', #7206, #9119, #341 ) ;
#1810 = ORIENTED_EDGE ( 'NONE', *, *, #413, .F. ) ;
#1811 = CARTESIAN_POINT ( 'NONE',  ( 0.8750000000000009992, 0.1999999999999999833, -1.225000000000005196 ) ) ;
#1812 = VERTEX_POINT ( 'NONE', #570 ) ;
#1813 = CARTESIAN_POINT ( 'NONE',  ( 1.225000000000000089, 0.7590169943749474069, 0.1249999999999997363 ) ) ;
#1814 = MANIFOLD_SOLID_BREP ( 'Cut-Sweep1[2]', #6407 ) ;
#1815 = VERTEX_POINT ( 'NONE', #2694 ) ;
#1816 = EDGE_CURVE ( 'NONE', #174, #8340, #5936, .T. ) ;
#1817 = VECTOR ( 'NONE', #1600, 1000.000000000000000 ) ;
#1818 = ADVANCED_FACE ( 'NONE', ( #6208 ), #8006, .F. ) ;
#1819 = VERTEX_POINT ( 'NONE', #839 ) ;
#1820 = EDGE_CURVE ( 'NONE', #35, #10750, #9570, .T. ) ;
#1821 = DIRECTION ( 'NONE',  ( 0.000000000000000000, -1.000000000000000000, 0.000000000000000000 ) ) ;
#1822 = ORIENTED_EDGE ( 'NONE', *, *, #7419, .F. ) ;
#1823 = DIRECTION ( 'NONE',  ( -0.000000000000000000, -1.000000000000000000, 0.000000000000000000 ) ) ;
#1824 = FACE_OUTER_BOUND ( 'NONE', #6399, .T. ) ;
#1825 = EDGE_CURVE ( 'NONE', #3030, #1614, #1831, .T. ) ;
#1826 = CARTESIAN_POINT ( 'NONE',  ( -1.300000000000000044, 0.1999999999999999833, -0.9249999999999999334 ) ) ;
#1827 = LINE ( 'NONE', #6264, #7019 ) ;
#1828 = ORIENTED_EDGE ( 'NONE', *, *, #4370, .F. ) ;
#1829 = CARTESIAN_POINT ( 'NONE',  ( -1.250000000000000000, 0.009999999999999998473, 0.3999999999999998557 ) ) ;
#1830 = AXIS2_PLACEMENT_3D ( 'NONE', #6595, #3136, #2279 ) ;
#1831 = LINE ( 'NONE', #10492, #8039 ) ;
#1832 = DIRECTION ( 'NONE',  ( 1.000000000000000000, 0.000000000000000000, -2.085004177856743605E-15 ) ) ;
#1833 = EDGE_CURVE ( 'NONE', #9081, #4105, #5338, .T. ) ;
#1834 = CARTESIAN_POINT ( 'NONE',  ( 0.000000000000000000, 0.01000000000000000021, 0.000000000000000000 ) ) ;
#1835 = EDGE_LOOP ( 'NONE', ( #5999, #9903, #2737, #10483 ) ) ;
#1836 = VERTEX_POINT ( 'NONE', #960 ) ;
#1837 = AXIS2_PLACEMENT_3D ( 'NONE', #2990, #1022, #8068 ) ;
#1838 = CARTESIAN_POINT ( 'NONE',  ( -1.300000000000000044, 0.1999999999999999833, 0.3999999999999998557 ) ) ;
#1839 = CARTESIAN_POINT ( 'NONE',  ( 1.224999999999999645, 0.06614378277661471517, 0.8999999999999993561 ) ) ;
#1840 = DIRECTION ( 'NONE',  ( -2.780005570475647818E-16, 0.000000000000000000, -1.000000000000000000 ) ) ;
#1841 = FACE_OUTER_BOUND ( 'NONE', #10601, .T. ) ;
#1842 = FACE_OUTER_BOUND ( 'NONE', #8587, .T. ) ;
#1843 = EDGE_CURVE ( 'NONE', #11228, #3973, #8645, .T. ) ;
#1844 = DIRECTION ( 'NONE',  ( 0.7071067811865443531, 0.000000000000000000, 0.7071067811865506814 ) ) ;
#1845 = PLANE ( 'NONE',  #329 ) ;
#1846 = VECTOR ( 'NONE', #2119, 1000.000000000000000 ) ;
#1847 = AXIS2_PLACEMENT_3D ( 'NONE', #5253, #9665, #2562 ) ;
#1848 = ORIENTED_EDGE ( 'NONE', *, *, #3934, .F. ) ;
#1849 = ORIENTED_EDGE ( 'NONE', *, *, #9715, .T. ) ;
#1850 = VECTOR ( 'NONE', #7400, 1000.000000000000000 ) ;
#1851 = VERTEX_POINT ( 'NONE', #1715 ) ;
#1852 = DIRECTION ( 'NONE',  ( -1.000000000000000000, -0.000000000000000000, -1.417802840942572903E-14 ) ) ;
#1853 = ADVANCED_FACE ( 'NONE', ( #6157 ), #11413, .T. ) ;
#1854 = CARTESIAN_POINT ( 'NONE',  ( -0.3594077705648184851, 0.08117096151037238305, -1.240592229435182103 ) ) ;
#1855 = CIRCLE ( 'NONE', #7378, 0.1000000000000000472 ) ;
#1856 = FACE_OUTER_BOUND ( 'NONE', #9668, .T. ) ;
#1857 = EDGE_CURVE ( 'NONE', #7212, #9611, #3441, .T. ) ;
#1858 = CARTESIAN_POINT ( 'NONE',  ( 1.299999999999999822, 0.000000000000000000, -0.9249999999999994893 ) ) ;
#1859 = CARTESIAN_POINT ( 'NONE',  ( -0.1250000000000011935, 0.1999999999999999833, -0.9249999999999992673 ) ) ;
#1860 = EDGE_CURVE ( 'NONE', #4121, #7676, #2581, .T. ) ;
#1861 = CIRCLE ( 'NONE', #4430, 0.1000000000000000472 ) ;
#1862 = CARTESIAN_POINT ( 'NONE',  ( 1.250000000000000000, 0.1999999999999999833, -0.9249999999999991562 ) ) ;
#1863 = VERTEX_POINT ( 'NONE', #10440 ) ;
#1864 = AXIS2_PLACEMENT_3D ( 'NONE', #3727, #2001, #7359 ) ;
#1865 = VERTEX_POINT ( 'NONE', #4421 ) ;
#1866 = CARTESIAN_POINT ( 'NONE',  ( 0.1500000000000000777, 0.1000000000000001166, -1.300000000000000266 ) ) ;
#1867 = EDGE_LOOP ( 'NONE', ( #1578, #6919, #122, #6729, #9837 ) ) ;
#1868 = ORIENTED_EDGE ( 'NONE', *, *, #9502, .F. ) ;
#1869 = CARTESIAN_POINT ( 'NONE',  ( 1.240592229435182325, 0.08117096151037228591, 0.9155922294351815927 ) ) ;
#1870 = CYLINDRICAL_SURFACE ( 'NONE', #8110, 0.1000000000000000472 ) ;
#1871 = MECHANICAL_DESIGN_GEOMETRIC_PRESENTATION_REPRESENTATION (  '', ( #6667 ), #1136 ) ;
#1872 = CARTESIAN_POINT ( 'NONE',  ( -0.9249999999999998224, 0.000000000000000000, 0.6249999999999997780 ) ) ;
#1873 = DIRECTION ( 'NONE',  ( 1.000000000000000000, 0.000000000000000000, 8.340016711426966382E-17 ) ) ;
#1874 = ORIENTED_EDGE ( 'NONE', *, *, #11233, .F. ) ;
#1875 = DIRECTION ( 'NONE',  ( -0.000000000000000000, -1.000000000000000000, 0.000000000000000000 ) ) ;
#1876 = ORIENTED_EDGE ( 'NONE', *, *, #11390, .T. ) ;
#1877 = PLANE ( 'NONE',  #4354 ) ;
#1878 = MANIFOLD_SOLID_BREP ( 'Cut-Sweep1[10]', #5294 ) ;
#1879 = ORIENTED_EDGE ( 'NONE', *, *, #8480, .T. ) ;
#1880 = LINE ( 'NONE', #9095, #4193 ) ;
#1881 = STYLED_ITEM ( 'NONE', ( #10580 ), #9476 ) ;
#1882 = VERTEX_POINT ( 'NONE', #7775 ) ;
#1883 = DIRECTION ( 'NONE',  ( 1.000000000000000000, 0.000000000000000000, 8.340016711426957754E-17 ) ) ;
#1884 = VERTEX_POINT ( 'NONE', #7018 ) ;
#1885 = CARTESIAN_POINT ( 'NONE',  ( 1.249999999999999778, 0.1999999999999999833, 1.124999999999999778 ) ) ;
#1886 = FACE_OUTER_BOUND ( 'NONE', #11353, .T. ) ;
#1887 = LINE ( 'NONE', #4250, #5021 ) ;
#1888 = EDGE_CURVE ( 'NONE', #3663, #3042, #104, .T. ) ;
#1889 = CARTESIAN_POINT ( 'NONE',  ( 1.300000000000000044, 0.000000000000000000, 0.6249999999999996669 ) ) ;
#1890 = ORIENTED_EDGE ( 'NONE', *, *, #3372, .T. ) ;
#1891 = AXIS2_PLACEMENT_3D ( 'NONE', #7774, #11311, #9568 ) ;
#1892 = DIRECTION ( 'NONE',  ( 1.000000000000000000, 0.000000000000000000, 8.340016711426957754E-17 ) ) ;
#1893 = CARTESIAN_POINT ( 'NONE',  ( -0.6499999999999999112, 0.1999999999999999833, -1.300000000000005596 ) ) ;
#1894 = EDGE_CURVE ( 'NONE', #10145, #10140, #5276, .T. ) ;
#1895 =( NAMED_UNIT ( * ) PLANE_ANGLE_UNIT ( ) SI_UNIT ( $, .RADIAN. ) );
#1896 = VERTEX_POINT ( 'NONE', #7946 ) ;
#1897 = ORIENTED_EDGE ( 'NONE', *, *, #954, .F. ) ;
#1898 = AXIS2_PLACEMENT_3D ( 'NONE', #5172, #2639, #6859 ) ;
#1899 = MANIFOLD_SOLID_BREP ( 'Cut-Sweep1[6]', #6786 ) ;
#1900 = CARTESIAN_POINT ( 'NONE',  ( 0.7250000000000010880, 0.1999999999999999833, -0.9999999999999991118 ) ) ;
#1901 = CARTESIAN_POINT ( 'NONE',  ( 0.3500000000000000888, 0.1999999999999999833, 1.300000000000000266 ) ) ;
#1902 = DIRECTION ( 'NONE',  ( 1.000000000000000000, 0.000000000000000000, 8.340016711426966382E-17 ) ) ;
#1903 = CARTESIAN_POINT ( 'NONE',  ( 1.224999999999999645, 0.000000000000000000, -1.149999999999999911 ) ) ;
#1904 = ADVANCED_FACE ( 'NONE', ( #3783 ), #219, .F. ) ;
#1906 = AXIS2_PLACEMENT_3D ( 'NONE', #9625, #7879, #11357 ) ;
#1905 = LINE ( 'NONE', #5413, #4817 ) ;
#1907 = ADVANCED_FACE ( 'NONE', ( #6327 ), #6269, .F. ) ;
#1908 = CARTESIAN_POINT ( 'NONE',  ( 0.8500000000000001998, 0.1999999999999999833, 1.300000000000005373 ) ) ;
#1909 = DIRECTION ( 'NONE',  ( 0.000000000000000000, -1.000000000000000000, 0.000000000000000000 ) ) ;
#1910 = VECTOR ( 'NONE', #6641, 1000.000000000000000 ) ;
#1911 = ORIENTED_EDGE ( 'NONE', *, *, #1153, .T. ) ;
#1912 = ORIENTED_EDGE ( 'NONE', *, *, #5042, .T. ) ;
#1913 = CIRCLE ( 'NONE', #617, 0.1000000000000000472 ) ;
#1914 = ORIENTED_EDGE ( 'NONE', *, *, #4249, .T. ) ;
#1915 = DIRECTION ( 'NONE',  ( -1.000000000000000000, 0.000000000000000000, -4.086608188599209324E-16 ) ) ;
#1916 = CARTESIAN_POINT ( 'NONE',  ( -0.6321853034556771389, 0.07429115107872709400, 1.232185303455681114 ) ) ;
#1917 = CARTESIAN_POINT ( 'NONE',  ( 0.3500000000000003109, 0.1999999999999999833, -1.300000000000000266 ) ) ;
#1918 = CARTESIAN_POINT ( 'NONE',  ( -1.200000000000000178, 0.000000000000000000, -1.149999999999998579 ) ) ;
#1919 =( NAMED_UNIT ( * ) SI_UNIT ( $, .STERADIAN. ) SOLID_ANGLE_UNIT ( ) );
#1920 = LINE ( 'NONE', #16, #1804 ) ;
#1921 = CARTESIAN_POINT ( 'NONE',  ( 0.6250000000000009992, 0.000000000000000000, -0.9999999999999991118 ) ) ;
#1922 = AXIS2_PLACEMENT_3D ( 'NONE', #5180, #849, #11268 ) ;
#1923 = VERTEX_POINT ( 'NONE', #9158 ) ;
#1924 = EDGE_LOOP ( 'NONE', ( #9875, #11220, #8219, #1125, #8564, #3588, #5076, #6236 ) ) ;
#1925 = LINE ( 'NONE', #5249, #10300 ) ;
#1926 = EDGE_CURVE ( 'NONE', #2682, #2951, #5457, .T. ) ;
#1927 = VERTEX_POINT ( 'NONE', #1948 ) ;
#1928 = ORIENTED_EDGE ( 'NONE', *, *, #8696, .F. ) ;
#1929 = EDGE_CURVE ( 'NONE', #3080, #9689, #5460, .T. ) ;
#1930 = CARTESIAN_POINT ( 'NONE',  ( -1.300000000000000044, 0.1999999999999999833, 0.9249999999999997113 ) ) ;
#1931 = CARTESIAN_POINT ( 'NONE',  ( 1.225000000000000089, 0.7590169943749474069, -0.3750000000000002776 ) ) ;
#1932 = CARTESIAN_POINT ( 'NONE',  ( 0.3500000000000003664, 0.000000000000000000, -1.299999999999999822 ) ) ;
#1933 = LINE ( 'NONE', #4637, #4089 ) ;
#1934 = ORIENTED_EDGE ( 'NONE', *, *, #8023, .F. ) ;
#1935 = DIRECTION ( 'NONE',  ( 0.000000000000000000, -1.000000000000000000, 0.000000000000000000 ) ) ;
#1936 = ORIENTED_EDGE ( 'NONE', *, *, #1152, .T. ) ;
#1937 = DIRECTION ( 'NONE',  ( -1.000000000000000000, 0.000000000000000000, 1.943223893762450295E-14 ) ) ;
#1938 = EDGE_LOOP ( 'NONE', ( #2909, #10119, #457, #2429, #6346 ) ) ;
#1939 = DIRECTION ( 'NONE',  ( 1.000000000000000000, -0.000000000000000000, 1.167602339599772261E-15 ) ) ;
#1940 = ORIENTED_EDGE ( 'NONE', *, *, #3232, .T. ) ;
#1941 = VERTEX_POINT ( 'NONE', #9106 ) ;
#1942 = DIRECTION ( 'NONE',  ( 1.000000000000000000, 0.000000000000000000, 0.000000000000000000 ) ) ;
#1943 = CARTESIAN_POINT ( 'NONE',  ( 0.8749999999999990008, 0.1999999999999999833, 1.149999999999999911 ) ) ;
#1944 = CARTESIAN_POINT ( 'NONE',  ( 0.9249999999999998224, 0.000000000000000000, 0.1249999999999998196 ) ) ;
#1945 = LINE ( 'NONE', #9683, #1496 ) ;
#1946 = ORIENTED_EDGE ( 'NONE', *, *, #6544, .F. ) ;
#1947 = CARTESIAN_POINT ( 'NONE',  ( 1.300000000000000044, 0.000000000000000000, 0.3749999999999997780 ) ) ;
#1948 = CARTESIAN_POINT ( 'NONE',  ( 0.6250000000000011102, 0.1999999999999999833, -1.225000000000004974 ) ) ;
#1949 = CARTESIAN_POINT ( 'NONE',  ( -1.300000000000000044, 0.1000000000000001166, 0.09999999999999993616 ) ) ;
#1950 = ORIENTED_EDGE ( 'NONE', *, *, #8560, .T. ) ;
#1951 = VERTEX_POINT ( 'NONE', #6442 ) ;
#1952 = EDGE_CURVE ( 'NONE', #9005, #2524, #2864, .T. ) ;
#1953 = CARTESIAN_POINT ( 'NONE',  ( 0.5000000000000003331, 1.614213562373095323, -0.5000000000000004441 ) ) ;
#1954 = CARTESIAN_POINT ( 'NONE',  ( -0.8500000000000008660, 0.1999999999999999833, -1.250000000000005107 ) ) ;
#1955 = VECTOR ( 'NONE', #8314, 1000.000000000000000 ) ;
#1956 = DIRECTION ( 'NONE',  ( 0.000000000000000000, 1.000000000000000000, 0.000000000000000000 ) ) ;
#1957 = CARTESIAN_POINT ( 'NONE',  ( -1.250000000000000000, 0.08660254037844411501, 0.5999999999999998668 ) ) ;
#1958 = CARTESIAN_POINT ( 'NONE',  ( 0.3750000000000009992, 0.9846177413237633402, -1.224999999999999867 ) ) ;
#1959 = CARTESIAN_POINT ( 'NONE',  ( -0.4250000000000027645, 0.01000000000000000021, -0.4250000000000009326 ) ) ;
#1960 = ADVANCED_FACE ( 'NONE', ( #2067 ), #1074, .F. ) ;
#1961 = LINE ( 'NONE', #8137, #10328 ) ;
#1962 = DIRECTION ( 'NONE',  ( -0.000000000000000000, -1.000000000000000000, 0.000000000000000000 ) ) ;
#1963 = ORIENTED_EDGE ( 'NONE', *, *, #11151, .T. ) ;
#1964 = VECTOR ( 'NONE', #7422, 1000.000000000000000 ) ;
#1965 = VERTEX_POINT ( 'NONE', #2006 ) ;
#1966 = EDGE_CURVE ( 'NONE', #9611, #9081, #1581, .T. ) ;
#1967 = VERTEX_POINT ( 'NONE', #4596 ) ;
#1968 = DIRECTION ( 'NONE',  ( -1.726383459265352879E-14, 0.000000000000000000, -1.000000000000000000 ) ) ;
#1969 = CARTESIAN_POINT ( 'NONE',  ( -0.7575761381246520765, 1.050000000000000044, -0.8859432889494202046 ) ) ;
#1970 = LINE ( 'NONE', #3581, #5531 ) ;
#1971 = CIRCLE ( 'NONE', #3435, 0.1000000000000000472 ) ;
#1972 = CARTESIAN_POINT ( 'NONE',  ( -0.6500000000000006883, 0.1999999999999999833, -1.250000000000004885 ) ) ;
#1973 = FACE_OUTER_BOUND ( 'NONE', #7090, .T. ) ;
#1974 = DIRECTION ( 'NONE',  ( 0.7071067811865474617, 0.000000000000000000, 0.7071067811865476838 ) ) ;
#1975 = ORIENTED_EDGE ( 'NONE', *, *, #8715, .F. ) ;
#1976 = ORIENTED_EDGE ( 'NONE', *, *, #3479, .F. ) ;
#1977 = PLANE ( 'NONE',  #1994 ) ;
#1978 = VERTEX_POINT ( 'NONE', #10909 ) ;
#1979 = ORIENTED_EDGE ( 'NONE', *, *, #3293, .T. ) ;
#1980 = CARTESIAN_POINT ( 'NONE',  ( -0.6500000000000009104, 0.1999999999999999833, 1.250000000000004885 ) ) ;
#1981 = DIRECTION ( 'NONE',  ( 0.000000000000000000, -1.000000000000000000, 0.000000000000000000 ) ) ;
#1982 = CARTESIAN_POINT ( 'NONE',  ( 1.300000000000000044, 0.2000000000000000111, 0.3999999999999996336 ) ) ;
#1983 = LINE ( 'NONE', #5498, #949 ) ;
#1984 = ORIENTED_EDGE ( 'NONE', *, *, #7380, .F. ) ;
#1985 = AXIS2_PLACEMENT_3D ( 'NONE', #11061, #2225, #3999 ) ;
#1986 = DIRECTION ( 'NONE',  ( 1.362202729533067540E-15, 0.000000000000000000, 1.000000000000000000 ) ) ;
#1987 = VECTOR ( 'NONE', #3865, 1000.000000000000000 ) ;
#1988 = ORIENTED_EDGE ( 'NONE', *, *, #4138, .T. ) ;
#1989 = ADVANCED_FACE ( 'NONE', ( #2984 ), #6502, .F. ) ;
#1990 = ORIENTED_EDGE ( 'NONE', *, *, #1546, .T. ) ;
#1991 = LINE ( 'NONE', #8109, #2535 ) ;
#1992 = VECTOR ( 'NONE', #3411, 1000.000000000000000 ) ;
#1993 = ORIENTED_EDGE ( 'NONE', *, *, #7669, .F. ) ;
#1994 = AXIS2_PLACEMENT_3D ( 'NONE', #931, #23, #993 ) ;
#1995 = ORIENTED_EDGE ( 'NONE', *, *, #1186, .F. ) ;
#1996 = MECHANICAL_DESIGN_GEOMETRIC_PRESENTATION_REPRESENTATION (  '', ( #4195 ), #7515 ) ;
#1997 = EDGE_CURVE ( 'NONE', #3655, #5566, #10732, .T. ) ;
#1998 = DIRECTION ( 'NONE',  ( -0.7071067811865474617, 0.000000000000000000, -0.7071067811865476838 ) ) ;
#1999 = CARTESIAN_POINT ( 'NONE',  ( -0.8749999999999992228, 0.01000000000000005398, 1.149999999999999911 ) ) ;
#2000 = DIRECTION ( 'NONE',  ( -0.7071067811865491270, 0.000000000000000000, 0.7071067811865459074 ) ) ;
#2001 = DIRECTION ( 'NONE',  ( -2.780005570475647818E-16, -0.000000000000000000, -1.000000000000000000 ) ) ;
#2002 = ORIENTED_EDGE ( 'NONE', *, *, #2196, .T. ) ;
#2003 = DIRECTION ( 'NONE',  ( 0.000000000000000000, -1.000000000000000000, 0.000000000000000000 ) ) ;
#2004 = AXIS2_PLACEMENT_3D ( 'NONE', #8648, #6861, #4258 ) ;
#2005 = ADVANCED_FACE ( 'NONE', ( #4764 ), #9803, .F. ) ;
#2006 = CARTESIAN_POINT ( 'NONE',  ( -0.1500000000000007716, 0.1999999999999999833, -1.249999999999999556 ) ) ;
#2007 = CARTESIAN_POINT ( 'NONE',  ( -0.8500000000000001998, 0.9846177413237633402, -1.300000000000005373 ) ) ;
#2008 = ORIENTED_EDGE ( 'NONE', *, *, #7822, .F. ) ;
#2009 = VERTEX_POINT ( 'NONE', #5044 ) ;
#2010 = EDGE_CURVE ( 'NONE', #5686, #6368, #6730, .T. ) ;
#2011 = DIRECTION ( 'NONE',  ( 2.304624617924155838E-14, 0.000000000000000000, 1.000000000000000000 ) ) ;
#2012 = LINE ( 'NONE', #10042, #9423 ) ;
#2013 = CARTESIAN_POINT ( 'NONE',  ( -1.199999999999999956, 0.000000000000000000, 0.8999999999999991340 ) ) ;
#2014 = CARTESIAN_POINT ( 'NONE',  ( 0.9249999999999998224, 0.01000000000000000021, -0.1250000000000002498 ) ) ;
#2015 = CARTESIAN_POINT ( 'NONE',  ( 1.224999999999999645, 0.1999999999999999833, 1.149999999999999911 ) ) ;
#2016 = VECTOR ( 'NONE', #6881, 1000.000000000000000 ) ;
#2017 = CARTESIAN_POINT ( 'NONE',  ( 0.3750000000000007772, 0.1999999999999999833, 1.224999999999999867 ) ) ;
#2018 = LINE ( 'NONE', #8947, #9404 ) ;
#2019 = CARTESIAN_POINT ( 'NONE',  ( -1.225000000000000089, 0.2000000000000000111, -0.1250000000000001110 ) ) ;
#2020 = EDGE_LOOP ( 'NONE', ( #3049, #6051, #4938, #5701 ) ) ;
#2021 = VECTOR ( 'NONE', #7011, 1000.000000000000000 ) ;
#2022 = VECTOR ( 'NONE', #6109, 1000.000000000000000 ) ;
#2023 = ORIENTED_EDGE ( 'NONE', *, *, #10726, .T. ) ;
#2024 = DIRECTION ( 'NONE',  ( -1.743063492688207036E-14, 0.000000000000000000, 1.000000000000000000 ) ) ;
#2025 = FACE_OUTER_BOUND ( 'NONE', #2127, .T. ) ;
#2026 = UNCERTAINTY_MEASURE_WITH_UNIT (LENGTH_MEASURE( 1.000000000000000082E-05 ), #7133, 'distance_accuracy_value', 'NONE');
#2027 = CARTESIAN_POINT ( 'NONE',  ( -0.3750000000000012768, 0.9846177413237633402, -0.9249999999999994893 ) ) ;
#2028 = FILL_AREA_STYLE_COLOUR ( '', #990 ) ;
#2029 = EDGE_CURVE ( 'NONE', #10061, #10937, #9392, .T. ) ;
#2030 = DIRECTION ( 'NONE',  ( -0.7071067811865476838, 0.000000000000000000, 0.7071067811865474617 ) ) ;
#2031 = AXIS2_PLACEMENT_3D ( 'NONE', #997, #8040, #3816 ) ;
#2032 = CARTESIAN_POINT ( 'NONE',  ( 0.000000000000000000, 0.000000000000000000, 0.000000000000000000 ) ) ;
#2033 = ORIENTED_EDGE ( 'NONE', *, *, #1691, .F. ) ;
#2034 = AXIS2_PLACEMENT_3D ( 'NONE', #591, #6925, #6817 ) ;
#2035 = ORIENTED_EDGE ( 'NONE', *, *, #10707, .F. ) ;
#2036 = LINE ( 'NONE', #4094, #5488 ) ;
#2037 = EDGE_CURVE ( 'NONE', #7005, #1352, #8577, .T. ) ;
#2038 = VERTEX_POINT ( 'NONE', #5856 ) ;
#2039 = EDGE_CURVE ( 'NONE', #4891, #4625, #7477, .T. ) ;
#2040 = VECTOR ( 'NONE', #9273, 1000.000000000000000 ) ;
#2041 = VECTOR ( 'NONE', #9693, 1000.000000000000000 ) ;
#2042 = ORIENTED_EDGE ( 'NONE', *, *, #10048, .T. ) ;
#2043 = DIRECTION ( 'NONE',  ( -8.340016711426957754E-17, -0.000000000000000000, 1.000000000000000000 ) ) ;
#2044 = DIRECTION ( 'NONE',  ( 0.000000000000000000, 0.000000000000000000, -1.000000000000000000 ) ) ;
#2045 = VECTOR ( 'NONE', #8469, 1000.000000000000000 ) ;
#2046 = DIRECTION ( 'NONE',  ( -1.000000000000000000, 0.000000000000000000, -8.340016711426957754E-17 ) ) ;
#2047 = CARTESIAN_POINT ( 'NONE',  ( -0.3500000000000008105, 0.1999999999999999833, -1.249999999999999778 ) ) ;
#2048 = ORIENTED_EDGE ( 'NONE', *, *, #2430, .F. ) ;
#2049 = EDGE_CURVE ( 'NONE', #868, #10287, #9450, .T. ) ;
#2050 = AXIS2_PLACEMENT_3D ( 'NONE', #3166, #8243, #10097 ) ;
#2051 = DIRECTION ( 'NONE',  ( -1.726383459265352564E-14, 0.000000000000000000, -1.000000000000000000 ) ) ;
#2052 = EDGE_CURVE ( 'NONE', #4830, #10848, #4827, .T. ) ;
#2053 = ORIENTED_EDGE ( 'NONE', *, *, #4487, .F. ) ;
#2054 = EDGE_CURVE ( 'NONE', #4612, #3840, #2349, .T. ) ;
#2055 = ORIENTED_EDGE ( 'NONE', *, *, #9307, .T. ) ;
#2056 = DIRECTION ( 'NONE',  ( 1.000802005371233057E-15, 0.000000000000000000, 1.000000000000000000 ) ) ;
#2057 = VERTEX_POINT ( 'NONE', #2239 ) ;
#2058 = CIRCLE ( 'NONE', #7754, 0.1000000000000000472 ) ;
#2059 = VERTEX_POINT ( 'NONE', #5919 ) ;
#2060 = CYLINDRICAL_SURFACE ( 'NONE', #4967, 0.1681122869172740064 ) ;
#2061 = LINE ( 'NONE', #6321, #3687 ) ;
#2062 = CARTESIAN_POINT ( 'NONE',  ( -1.300000000000000044, 0.2000000000000000111, -0.6000000000000001998 ) ) ;
#2063 = DIRECTION ( 'NONE',  ( -0.7071067811865491270, 0.000000000000000000, 0.7071067811865459074 ) ) ;
#2064 = VERTEX_POINT ( 'NONE', #7530 ) ;
#2066 = VECTOR ( 'NONE', #231, 1000.000000000000000 ) ;
#2065 = DIRECTION ( 'NONE',  ( -0.000000000000000000, -1.000000000000000000, 0.000000000000000000 ) ) ;
#2067 = FACE_OUTER_BOUND ( 'NONE', #10415, .T. ) ;
#2068 = VECTOR ( 'NONE', #7232, 1000.000000000000000 ) ;
#2069 = FACE_OUTER_BOUND ( 'NONE', #9194, .T. ) ;
#2070 = ADVANCED_FACE ( 'NONE', ( #666 ), #9331, .T. ) ;
#2071 = ORIENTED_EDGE ( 'NONE', *, *, #3360, .F. ) ;
#2072 = ORIENTED_EDGE ( 'NONE', *, *, #4166, .T. ) ;
#2073 = EDGE_CURVE ( 'NONE', #3092, #4980, #3958, .T. ) ;
#2074 = LINE ( 'NONE', #3737, #6439 ) ;
#2075 = EDGE_CURVE ( 'NONE', #1197, #3812, #2409, .T. ) ;
#2076 = CARTESIAN_POINT ( 'NONE',  ( -1.300000000000000044, 0.000000000000000000, 0.5999999999999999778 ) ) ;
#2077 = AXIS2_PLACEMENT_3D ( 'NONE', #6626, #505, #1424 ) ;
#2078 =( BOUNDED_CURVE ( )  B_SPLINE_CURVE ( 3, ( #8226, #6547, #6496, #2918 ),
 .UNSPECIFIED., .F., .T. ) 
 B_SPLINE_CURVE_WITH_KNOTS ( ( 4, 4 ),
 ( 2.094395102393194374, 2.418858405776375342 ),
 .UNSPECIFIED. ) 
 CURVE ( )  GEOMETRIC_REPRESENTATION_ITEM ( )  RATIONAL_B_SPLINE_CURVE ( ( 1.000000000000000000, 0.9912461883984129418, 0.9912461883984129418, 1.000000000000000000 ) ) 
 REPRESENTATION_ITEM ( '' )  );
#2079 = CARTESIAN_POINT ( 'NONE',  ( -0.4250000000000040412, 0.01000000000000000021, 0.4250000000000012101 ) ) ;
#2080 = LINE ( 'NONE', #3106, #1116 ) ;
#2081 = VERTEX_POINT ( 'NONE', #8522 ) ;
#2082 = DIRECTION ( 'NONE',  ( 0.7071067811865461294, 0.000000000000000000, -0.7071067811865489050 ) ) ;
#2083 = CARTESIAN_POINT ( 'NONE',  ( -0.1499999999999998002, 0.1999999999999999833, -1.300000000000000266 ) ) ;
#2084 = AXIS2_PLACEMENT_3D ( 'NONE', #9685, #6380, #959 ) ;
#2085 = VERTEX_POINT ( 'NONE', #1412 ) ;
#2086 = ORIENTED_EDGE ( 'NONE', *, *, #7284, .T. ) ;
#2087 = DIRECTION ( 'NONE',  ( -0.000000000000000000, -1.000000000000000000, 0.000000000000000000 ) ) ;
#2088 = DIRECTION ( 'NONE',  ( 1.000000000000000000, -0.000000000000000000, 8.340016711426957754E-17 ) ) ;
#2089 = AXIS2_PLACEMENT_3D ( 'NONE', #8349, #7471, #1407 ) ;
#2090 = PLANE ( 'NONE',  #4801 ) ;
#2091 = ADVANCED_FACE ( 'NONE', ( #3094 ), #3267, .F. ) ;
#2092 = CARTESIAN_POINT ( 'NONE',  ( -0.1250000000000008327, 0.000000000000000000, -1.199999999999999734 ) ) ;
#2093 = DIRECTION ( 'NONE',  ( 0.7071067811865443531, 0.000000000000000000, 0.7071067811865506814 ) ) ;
#2094 = CARTESIAN_POINT ( 'NONE',  ( -0.3750000000000013878, 0.1999999999999999833, 0.9249999999999994893 ) ) ;
#2095 = ORIENTED_EDGE ( 'NONE', *, *, #8500, .T. ) ;
#2096 = AXIS2_PLACEMENT_3D ( 'NONE', #2506, #11394, #4290 ) ;
#2097 = VERTEX_POINT ( 'NONE', #6611 ) ;
#2098 = LINE ( 'NONE', #4029, #2191 ) ;
#2099 = ORIENTED_EDGE ( 'NONE', *, *, #10230, .F. ) ;
#2100 = ORIENTED_EDGE ( 'NONE', *, *, #3860, .T. ) ;
#2101 = DIRECTION ( 'NONE',  ( -1.000000000000000000, 0.000000000000000000, -5.652677993300369151E-16 ) ) ;
#2102 = EDGE_CURVE ( 'NONE', #11188, #3042, #1668, .T. ) ;
#2103 = FACE_OUTER_BOUND ( 'NONE', #8649, .T. ) ;
#2104 = FACE_OUTER_BOUND ( 'NONE', #2332, .T. ) ;
#2105 = VECTOR ( 'NONE', #9882, 1000.000000000000000 ) ;
#2106 = CARTESIAN_POINT ( 'NONE',  ( -0.9250000000000001554, 0.000000000000000000, -1.855653718292498106E-16 ) ) ;
#2107 = DIRECTION ( 'NONE',  ( -0.7071067811865491270, 0.000000000000000000, 0.7071067811865459074 ) ) ;
#2108 = ORIENTED_EDGE ( 'NONE', *, *, #750, .T. ) ;
#2109 = LINE ( 'NONE', #5728, #10133 ) ;
#2110 = ORIENTED_EDGE ( 'NONE', *, *, #6476, .F. ) ;
#2111 = ORIENTED_EDGE ( 'NONE', *, *, #2359, .F. ) ;
#2112 = DIRECTION ( 'NONE',  ( 1.000000000000000000, 0.000000000000000000, 1.309382623694028928E-14 ) ) ;
#2113 = VECTOR ( 'NONE', #7314, 1000.000000000000000 ) ;
#2114 = VERTEX_POINT ( 'NONE', #2295 ) ;
#2115 = EDGE_CURVE ( 'NONE', #11228, #6011, #3155, .T. ) ;
#2116 = EDGE_LOOP ( 'NONE', ( #3176, #10062, #7056, #8462 ) ) ;
#2117 = CARTESIAN_POINT ( 'NONE',  ( 1.300000000000000044, 0.9846177413237633402, 0.9249999999999999334 ) ) ;
#2118 = EDGE_CURVE ( 'NONE', #3882, #5591, #6675, .T. ) ;
#2119 = DIRECTION ( 'NONE',  ( -0.000000000000000000, -1.000000000000000000, 0.000000000000000000 ) ) ;
#2120 = DIRECTION ( 'NONE',  ( -7.144614316122429123E-15, 0.000000000000000000, -1.000000000000000000 ) ) ;
#2121 = CARTESIAN_POINT ( 'NONE',  ( 1.250000000000000000, 0.1999999999999999833, 0.09999999999999982514 ) ) ;
#2122 = VERTEX_POINT ( 'NONE', #1304 ) ;
#2123 = DIRECTION ( 'NONE',  ( 0.000000000000000000, -1.000000000000000000, 0.000000000000000000 ) ) ;
#2124 = DIRECTION ( 'NONE',  ( 0.7071067811865474617, 0.000000000000000000, 0.7071067811865476838 ) ) ;
#2125 = DIRECTION ( 'NONE',  ( 8.340016711426957754E-17, 0.000000000000000000, -1.000000000000000000 ) ) ;
#2126 = SURFACE_SIDE_STYLE ('',( #6383 ) ) ;
#2127 = EDGE_LOOP ( 'NONE', ( #4295, #1934, #10192, #9963 ) ) ;
#2128 = ORIENTED_EDGE ( 'NONE', *, *, #10606, .T. ) ;
#2129 = CARTESIAN_POINT ( 'NONE',  ( 0.1500000000000009936, 0.1999999999999999833, -1.249999999999999556 ) ) ;
#2130 = PLANE ( 'NONE',  #5169 ) ;
#2131 = FACE_OUTER_BOUND ( 'NONE', #11330, .T. ) ;
#2132 = DIRECTION ( 'NONE',  ( -0.000000000000000000, -1.000000000000000000, 0.000000000000000000 ) ) ;
#2133 = EDGE_LOOP ( 'NONE', ( #4213, #8345, #11243, #9142 ) ) ;
#2134 = DIRECTION ( 'NONE',  ( 1.000000000000000000, 0.000000000000000000, -1.401122807519719062E-14 ) ) ;
#2135 = ADVANCED_FACE ( 'NONE', ( #11137 ), #1362, .T. ) ;
#2136 = SURFACE_SIDE_STYLE ('',( #10921 ) ) ;
#2137 = EDGE_CURVE ( 'NONE', #7549, #1896, #7760, .T. ) ;
#2138 = VERTEX_POINT ( 'NONE', #6944 ) ;
#2139 = AXIS2_PLACEMENT_3D ( 'NONE', #7552, #3976, #9519 ) ;
#2140 = EDGE_LOOP ( 'NONE', ( #4507, #1559, #4497, #883, #456, #11165, #1386, #2973 ) ) ;
#2141 = PLANE ( 'NONE',  #10997 ) ;
#2142 = DIRECTION ( 'NONE',  ( -0.000000000000000000, -1.000000000000000000, 0.000000000000000000 ) ) ;
#2143 = EDGE_CURVE ( 'NONE', #751, #1016, #3482, .T. ) ;
#2144 = CARTESIAN_POINT ( 'NONE',  ( 0.1500000000000007716, 0.08660254037844367092, 1.249999999999999556 ) ) ;
#2145 = FACE_OUTER_BOUND ( 'NONE', #604, .T. ) ;
#2146 = ADVANCED_FACE ( 'NONE', ( #8860 ), #2625, .F. ) ;
#2147 = VECTOR ( 'NONE', #10667, 1000.000000000000000 ) ;
#2148 = LINE ( 'NONE', #5654, #1251 ) ;
#2149 = ORIENTED_EDGE ( 'NONE', *, *, #5071, .F. ) ;
#2150 = CARTESIAN_POINT ( 'NONE',  ( 0.3750000000000012768, 0.1999999999999999833, 0.9249999999999994893 ) ) ;
#2151 = EDGE_LOOP ( 'NONE', ( #7982, #7925, #10821, #2240 ) ) ;
#2152 = EDGE_CURVE ( 'NONE', #10308, #1316, #7004, .T. ) ;
#2153 = ORIENTED_EDGE ( 'NONE', *, *, #4459, .T. ) ;
#2154 = ORIENTED_EDGE ( 'NONE', *, *, #3397, .T. ) ;
#2155 = CARTESIAN_POINT ( 'NONE',  ( 1.224999999999999645, 0.1999999999999999833, 1.149999999999999911 ) ) ;
#2156 = CARTESIAN_POINT ( 'NONE',  ( -1.249999999999999778, 0.1999999999999999833, -1.124999999999999778 ) ) ;
#2157 = AXIS2_PLACEMENT_3D ( 'NONE', #2255, #6801, #6742 ) ;
#2158 = CARTESIAN_POINT ( 'NONE',  ( 0.6499999999999999112, 0.1999999999999999833, 1.300000000000005596 ) ) ;
#2159 = CARTESIAN_POINT ( 'NONE',  ( -0.1500000000000008271, 0.08660254037844393460, -1.249999999999999556 ) ) ;
#2160 = ORIENTED_EDGE ( 'NONE', *, *, #7859, .F. ) ;
#2161 = DIRECTION ( 'NONE',  ( 0.000000000000000000, -1.000000000000000000, 0.000000000000000000 ) ) ;
#2162 = ORIENTED_EDGE ( 'NONE', *, *, #7394, .F. ) ;
#2163 = EDGE_CURVE ( 'NONE', #2081, #11163, #10641, .T. ) ;
#2164 = VECTOR ( 'NONE', #2549, 1000.000000000000000 ) ;
#2165 = ORIENTED_EDGE ( 'NONE', *, *, #8453, .F. ) ;
#2166 = PLANE ( 'NONE',  #5479 ) ;
#2167 = VERTEX_POINT ( 'NONE', #6082 ) ;
#2168 = EDGE_CURVE ( 'NONE', #1060, #6273, #10598, .T. ) ;
#2169 = ORIENTED_EDGE ( 'NONE', *, *, #4600, .T. ) ;
#2170 = DIRECTION ( 'NONE',  ( -1.000000000000000000, 0.000000000000000000, -1.309382623694023564E-14 ) ) ;
#2171 = AXIS2_PLACEMENT_3D ( 'NONE', #8925, #1939, #5447 ) ;
#2172 = DIRECTION ( 'NONE',  ( -1.000000000000000000, -2.664535259100377669E-15, 2.710505431213759606E-16 ) ) ;
#2173 = DIRECTION ( 'NONE',  ( 0.7071067811865459074, 0.000000000000000000, 0.7071067811865491270 ) ) ;
#2174 = EDGE_LOOP ( 'NONE', ( #2190, #2278, #6773, #9034 ) ) ;
#2175 = CARTESIAN_POINT ( 'NONE',  ( -1.225000000000000089, 0.009999999999999998473, 0.6249999999999997780 ) ) ;
#2176 = EDGE_CURVE ( 'NONE', #2722, #5333, #5320, .T. ) ;
#2177 = DIRECTION ( 'NONE',  ( 1.000000000000000000, 0.000000000000000000, -1.000802005371233254E-15 ) ) ;
#2178 = VECTOR ( 'NONE', #4153, 1000.000000000000000 ) ;
#2179 = VERTEX_POINT ( 'NONE', #4296 ) ;
#2180 = CARTESIAN_POINT ( 'NONE',  ( 1.224999999999999645, 0.01000000000000005398, 1.149999999999999911 ) ) ;
#2181 = AXIS2_PLACEMENT_3D ( 'NONE', #3379, #2514, #3429 ) ;
#2182 = ORIENTED_EDGE ( 'NONE', *, *, #6734, .T. ) ;
#2183 = CIRCLE ( 'NONE', #10291, 0.1000000000000000472 ) ;
#2184 = ORIENTED_EDGE ( 'NONE', *, *, #6129, .T. ) ;
#2185 = EDGE_CURVE ( 'NONE', #10235, #5954, #2888, .T. ) ;
#2186 = CARTESIAN_POINT ( 'NONE',  ( 0.6500000000000225597, 0.01000000000000000021, -1.122149248522518388E-14 ) ) ;
#2187 = PLANE ( 'NONE',  #926 ) ;
#2188 = CARTESIAN_POINT ( 'NONE',  ( -1.300000000000000266, 0.01000000000000000021, -1.300000000000000044 ) ) ;
#2189 = LINE ( 'NONE', #4661, #4986 ) ;
#2190 = ORIENTED_EDGE ( 'NONE', *, *, #3056, .F. ) ;
#2191 = VECTOR ( 'NONE', #681, 1000.000000000000000 ) ;
#2192 = DIRECTION ( 'NONE',  ( 1.000000000000000000, 0.000000000000000000, 8.340016711426957754E-17 ) ) ;
#2193 = CARTESIAN_POINT ( 'NONE',  ( -0.8749999999999992228, 0.1999999999999999833, 1.149999999999999911 ) ) ;
#2194 = EDGE_CURVE ( 'NONE', #3388, #4061, #4403, .T. ) ;
#2195 = FILL_AREA_STYLE_COLOUR ( '', #10859 ) ;
#2196 = EDGE_CURVE ( 'NONE', #3316, #464, #6845, .T. ) ;
#2197 = LINE ( 'NONE', #3172, #7972 ) ;
#2198 = ORIENTED_EDGE ( 'NONE', *, *, #9948, .F. ) ;
#2199 = EDGE_LOOP ( 'NONE', ( #5056, #7692, #11216, #5924, #11136, #10380, #7646, #10131 ) ) ;
#2200 = CARTESIAN_POINT ( 'NONE',  ( -0.6500000000000009104, 0.1999999999999999833, 1.250000000000004885 ) ) ;
#2201 = CARTESIAN_POINT ( 'NONE',  ( -0.8500000000000008660, 0.08660254037844702935, -1.250000000000005107 ) ) ;
#2202 = SURFACE_STYLE_USAGE ( .BOTH. , #581 ) ;
#2203 = LINE ( 'NONE', #10173, #5957 ) ;
#2204 = CARTESIAN_POINT ( 'NONE',  ( 0.6500000000000001332, 0.1999999999999999833, -1.300000000000005596 ) ) ;
#2205 = VECTOR ( 'NONE', #11336, 1000.000000000000000 ) ;
#2206 = ORIENTED_EDGE ( 'NONE', *, *, #2911, .T. ) ;
#2207 = CARTESIAN_POINT ( 'NONE',  ( -0.1250000000000011657, 0.1999999999999999833, -0.9249999999999992673 ) ) ;
#2208 = ORIENTED_EDGE ( 'NONE', *, *, #7060, .F. ) ;
#2209 = EDGE_CURVE ( 'NONE', #3156, #9794, #2680, .T. ) ;
#2210 = ORIENTED_EDGE ( 'NONE', *, *, #11279, .F. ) ;
#2211 = ORIENTED_EDGE ( 'NONE', *, *, #1127, .F. ) ;
#2212 = DIRECTION ( 'NONE',  ( 1.000000000000000000, 0.000000000000000000, 8.340016711426957754E-17 ) ) ;
#2213 = EDGE_CURVE ( 'NONE', #9449, #3813, #7818, .T. ) ;
#2214 = CARTESIAN_POINT ( 'NONE',  ( -1.250000000000000000, 0.1999999999999999833, -0.6000000000000001998 ) ) ;
#2215 = AXIS2_PLACEMENT_3D ( 'NONE', #2574, #6091, #9679 ) ;
#2216 = LINE ( 'NONE', #9136, #9784 ) ;
#2217 = EDGE_CURVE ( 'NONE', #1456, #8614, #10831, .T. ) ;
#2218 = LINE ( 'NONE', #2276, #1534 ) ;
#2219 = FACE_OUTER_BOUND ( 'NONE', #8553, .T. ) ;
#2220 = ORIENTED_EDGE ( 'NONE', *, *, #10259, .F. ) ;
#2221 = DIRECTION ( 'NONE',  ( -1.943223893762450295E-14, 0.000000000000000000, -1.000000000000000000 ) ) ;
#2222 = VERTEX_POINT ( 'NONE', #1582 ) ;
#2223 = VECTOR ( 'NONE', #4698, 1000.000000000000000 ) ;
#2224 = ORIENTED_EDGE ( 'NONE', *, *, #5230, .F. ) ;
#2225 = DIRECTION ( 'NONE',  ( -1.000000000000000000, 0.000000000000000000, -8.340016711426957754E-17 ) ) ;
#2226 = CIRCLE ( 'NONE', #5892, 0.1250000000000000555 ) ;
#2227 = VERTEX_POINT ( 'NONE', #11349 ) ;
#2228 = VECTOR ( 'NONE', #6807, 1000.000000000000000 ) ;
#2229 = VERTEX_POINT ( 'NONE', #5210 ) ;
#2230 = DIRECTION ( 'NONE',  ( 1.000000000000000000, 0.000000000000000000, -2.085004177856743210E-15 ) ) ;
#2231 = DIRECTION ( 'NONE',  ( -1.000000000000000000, -0.000000000000000000, -5.652677993300369151E-16 ) ) ;
#2232 = VECTOR ( 'NONE', #7260, 1000.000000000000000 ) ;
#2233 = FACE_OUTER_BOUND ( 'NONE', #6397, .T. ) ;
#2234 = CARTESIAN_POINT ( 'NONE',  ( 1.224999999999999645, 0.1999999999999999833, -1.149999999999999911 ) ) ;
#2235 = ORIENTED_EDGE ( 'NONE', *, *, #8352, .F. ) ;
#2236 = PLANE ( 'NONE',  #6480 ) ;
#2237 = PLANE ( 'NONE',  #7229 ) ;
#2238 = VECTOR ( 'NONE', #280, 1000.000000000000000 ) ;
#2239 = CARTESIAN_POINT ( 'NONE',  ( 0.1500000000000000222, 0.009999999999999646325, -1.300000000000000266 ) ) ;
#2240 = ORIENTED_EDGE ( 'NONE', *, *, #3572, .F. ) ;
#2241 = CARTESIAN_POINT ( 'NONE',  ( 1.250000000000000000, 0.2000000000000000111, -0.4000000000000001887 ) ) ;
#2242 = AXIS2_PLACEMENT_3D ( 'NONE', #449, #7312, #10155 ) ;
#2243 = ORIENTED_EDGE ( 'NONE', *, *, #9547, .T. ) ;
#2244 = EDGE_LOOP ( 'NONE', ( #5390, #5432, #7762, #620 ) ) ;
#2245 = CARTESIAN_POINT ( 'NONE',  ( -0.1250000000000006661, 0.000000000000000000, -1.299999999999999822 ) ) ;
#2246 = DIRECTION ( 'NONE',  ( -1.529003063761606547E-15, 0.000000000000000000, 1.000000000000000000 ) ) ;
#2247 = AXIS2_PLACEMENT_3D ( 'NONE', #5916, #4130, #2935 ) ;
#2248 = LINE ( 'NONE', #8585, #7567 ) ;
#2249 = CARTESIAN_POINT ( 'NONE',  ( 1.250000000000000000, 0.2000000000000000111, -0.1000000000000002554 ) ) ;
#2250 = ORIENTED_EDGE ( 'NONE', *, *, #1198, .T. ) ;
#2251 =( GEOMETRIC_REPRESENTATION_CONTEXT ( 3 ) GLOBAL_UNCERTAINTY_ASSIGNED_CONTEXT ( ( #7442 ) ) GLOBAL_UNIT_ASSIGNED_CONTEXT ( ( #9088, #1175, #4745 ) ) REPRESENTATION_CONTEXT ( 'NONE', 'WORKASPACE' ) );
#2252 = CARTESIAN_POINT ( 'NONE',  ( 0.3500000000000010880, 0.08660254037844405950, -1.249999999999999778 ) ) ;
#2253 = CARTESIAN_POINT ( 'NONE',  ( -0.1499999999999998002, 0.009999999999999646325, -1.300000000000000266 ) ) ;
#2254 = ADVANCED_FACE ( 'NONE', ( #6896 ), #10426, .T. ) ;
#2255 = CARTESIAN_POINT ( 'NONE',  ( 0.8500000000000010880, 0.1999999999999999833, -1.250000000000005107 ) ) ;
#2256 = PLANE ( 'NONE',  #5193 ) ;
#2257 = EDGE_LOOP ( 'NONE', ( #2048, #5612, #136, #3530, #164 ) ) ;
#2258 = MECHANICAL_DESIGN_GEOMETRIC_PRESENTATION_REPRESENTATION (  '', ( #2797 ), #1512 ) ;
#2259 = ORIENTED_EDGE ( 'NONE', *, *, #851, .F. ) ;
#2260 = DIRECTION ( 'NONE',  ( -0.7071067811865482389, 0.000000000000000000, -0.7071067811865469066 ) ) ;
#2261 = LINE ( 'NONE', #1380, #7190 ) ;
#2262 = EDGE_CURVE ( 'NONE', #3984, #10140, #4237, .T. ) ;
#2263 = EDGE_CURVE ( 'NONE', #5918, #277, #1233, .T. ) ;
#2264 = CARTESIAN_POINT ( 'NONE',  ( -1.240592229435182325, 0.08117096151037206386, -0.9155922294351815927 ) ) ;
#2265 = DIRECTION ( 'NONE',  ( 0.000000000000000000, -1.000000000000000000, 0.000000000000000000 ) ) ;
#2266 = CARTESIAN_POINT ( 'NONE',  ( -0.8750000000000024425, 0.000000000000000000, -1.299999999999999822 ) ) ;
#2267 = AXIS2_PLACEMENT_3D ( 'NONE', #5627, #1302, #380 ) ;
#2268 = CARTESIAN_POINT ( 'NONE',  ( 0.6250000000000009992, 0.01000000000000005398, -0.9999999999999991118 ) ) ;
#2269 = ORIENTED_EDGE ( 'NONE', *, *, #4334, .T. ) ;
#2270 = ORIENTED_EDGE ( 'NONE', *, *, #3382, .T. ) ;
#2271 = ORIENTED_EDGE ( 'NONE', *, *, #2799, .F. ) ;
#2272 = FACE_OUTER_BOUND ( 'NONE', #3266, .T. ) ;
#2273 = FACE_OUTER_BOUND ( 'NONE', #4537, .T. ) ;
#2274 = VECTOR ( 'NONE', #1194, 1000.000000000000000 ) ;
#2275 = CARTESIAN_POINT ( 'NONE',  ( 0.3500000000000010325, 0.1999999999999999833, -1.249999999999999778 ) ) ;
#2276 = CARTESIAN_POINT ( 'NONE',  ( -0.3500000000000008105, 0.9846177413237633402, -1.249999999999999778 ) ) ;
#2277 = CARTESIAN_POINT ( 'NONE',  ( -0.8749999999999992228, 0.1999999999999999833, 1.149999999999999911 ) ) ;
#2278 = ORIENTED_EDGE ( 'NONE', *, *, #10974, .F. ) ;
#2279 = DIRECTION ( 'NONE',  ( 1.000000000000000000, 0.000000000000000000, 1.309382623694029086E-14 ) ) ;
#2280 = VECTOR ( 'NONE', #5913, 1000.000000000000000 ) ;
#2281 = ORIENTED_EDGE ( 'NONE', *, *, #9898, .F. ) ;
#2282 = ADVANCED_FACE ( 'NONE', ( #7061 ), #9616, .F. ) ;
#2283 = ORIENTED_EDGE ( 'NONE', *, *, #10752, .T. ) ;
#2284 = LINE ( 'NONE', #1457, #10465 ) ;
#2285 = EDGE_CURVE ( 'NONE', #5954, #11003, #8796, .T. ) ;
#2286 = ORIENTED_EDGE ( 'NONE', *, *, #4035, .F. ) ;
#2287 = AXIS2_PLACEMENT_3D ( 'NONE', #2447, #1619, #8670 ) ;
#2288 = VERTEX_POINT ( 'NONE', #5712 ) ;
#2289 = DIRECTION ( 'NONE',  ( 2.085004177856743210E-15, 0.000000000000000000, 1.000000000000000000 ) ) ;
#2290 = LINE ( 'NONE', #488, #10150 ) ;
#2291 = LINE ( 'NONE', #489, #4289 ) ;
#2292 = DIRECTION ( 'NONE',  ( -1.000000000000000000, 0.000000000000000000, 2.780005570475647818E-16 ) ) ;
#2293 = VERTEX_POINT ( 'NONE', #7992 ) ;
#2294 = FACE_OUTER_BOUND ( 'NONE', #8977, .T. ) ;
#2295 = CARTESIAN_POINT ( 'NONE',  ( 0.9249999999999998224, 0.2000000000000000111, -0.1250000000000002498 ) ) ;
#2296 = AXIS2_PLACEMENT_3D ( 'NONE', #7786, #3291, #1555 ) ;
#2297 = ORIENTED_EDGE ( 'NONE', *, *, #1627, .T. ) ;
#2298 = CARTESIAN_POINT ( 'NONE',  ( -0.3500000000000000888, 0.1999999999999999833, -1.300000000000000266 ) ) ;
#2299 = VERTEX_POINT ( 'NONE', #9846 ) ;
#2300 = ORIENTED_EDGE ( 'NONE', *, *, #4048, .F. ) ;
#2301 = DIRECTION ( 'NONE',  ( -0.000000000000000000, -1.000000000000000000, 0.000000000000000000 ) ) ;
#2302 = CARTESIAN_POINT ( 'NONE',  ( 0.8750000000000007772, 0.06614378277662061323, 1.225000000000005196 ) ) ;
#2303 = LINE ( 'NONE', #4942, #3141 ) ;
#2304 = CYLINDRICAL_SURFACE ( 'NONE', #7386, 0.1000000000000000472 ) ;
#2305 = ORIENTED_EDGE ( 'NONE', *, *, #1537, .F. ) ;
#2306 = CARTESIAN_POINT ( 'NONE',  ( -0.3750000000000009992, 0.9846177413237633402, 1.224999999999999867 ) ) ;
#2307 = CARTESIAN_POINT ( 'NONE',  ( 1.240592229435182103, 0.08117096151037234142, -1.134407770564817675 ) ) ;
#2308 = PLANE ( 'NONE',  #3546 ) ;
#2309 = EDGE_CURVE ( 'NONE', #5672, #4830, #1335, .T. ) ;
#2310 = CARTESIAN_POINT ( 'NONE',  ( -0.8500000000000004219, 0.1000000000000001166, -1.300000000000005373 ) ) ;
#2311 = ORIENTED_EDGE ( 'NONE', *, *, #1045, .F. ) ;
#2312 = ORIENTED_EDGE ( 'NONE', *, *, #5744, .T. ) ;
#2313 = CARTESIAN_POINT ( 'NONE',  ( 1.300000000000000044, 0.2000000000000000111, 0.09999999999999982514 ) ) ;
#2314 = DIRECTION ( 'NONE',  ( -0.7071067811865489050, 0.000000000000000000, -0.7071067811865461294 ) ) ;
#2315 = EDGE_CURVE ( 'NONE', #64, #1358, #2735, .T. ) ;
#2316 = DIRECTION ( 'NONE',  ( 0.000000000000000000, -1.000000000000000000, 0.000000000000000000 ) ) ;
#2317 = CARTESIAN_POINT ( 'NONE',  ( -1.250000000000000000, 0.08660254037844393460, -0.6000000000000001998 ) ) ;
#2318 = PLANE ( 'NONE',  #11215 ) ;
#2319 = LINE ( 'NONE', #745, #869 ) ;
#2320 = ORIENTED_EDGE ( 'NONE', *, *, #9786, .T. ) ;
#2321 = ADVANCED_FACE ( 'NONE', ( #9787 ), #148, .T. ) ;
#2322 = ORIENTED_EDGE ( 'NONE', *, *, #11182, .T. ) ;
#2323 = EDGE_CURVE ( 'NONE', #10195, #8310, #1971, .T. ) ;
#2324 = EDGE_LOOP ( 'NONE', ( #2154, #1218, #1890, #8631 ) ) ;
#2325 = LINE ( 'NONE', #5077, #3081 ) ;
#2326 = DIRECTION ( 'NONE',  ( -2.085004177856743605E-15, 0.000000000000000000, -1.000000000000000000 ) ) ;
#2327 = CARTESIAN_POINT ( 'NONE',  ( 0.6500000000000225597, 0.01000000000000000021, 1.132991270247373748E-14 ) ) ;
#2328 = AXIS2_PLACEMENT_3D ( 'NONE', #1733, #6924, #8 ) ;
#2329 = FILL_AREA_STYLE ('',( #1174 ) ) ;
#2330 = ORIENTED_EDGE ( 'NONE', *, *, #10575, .T. ) ;
#2331 = PLANE ( 'NONE',  #8464 ) ;
#2332 = EDGE_LOOP ( 'NONE', ( #108, #5711, #8867, #8248, #802 ) ) ;
#2333 = ADVANCED_FACE ( 'NONE', ( #6581 ), #1877, .T. ) ;
#2334 = ORIENTED_EDGE ( 'NONE', *, *, #4945, .T. ) ;
#2335 = CARTESIAN_POINT ( 'NONE',  ( -0.9249999999999998224, 0.2000000000000000111, 0.3749999999999998335 ) ) ;
#2336 = VECTOR ( 'NONE', #6959, 1000.000000000000000 ) ;
#2337 = ORIENTED_EDGE ( 'NONE', *, *, #5417, .T. ) ;
#2338 = VERTEX_POINT ( 'NONE', #7175 ) ;
#2339 = DIRECTION ( 'NONE',  ( -1.309382623694023564E-14, 0.000000000000000000, 1.000000000000000000 ) ) ;
#2340 = LINE ( 'NONE', #6057, #8115 ) ;
#2341 = DIRECTION ( 'NONE',  ( 0.7071067811865489050, 0.000000000000000000, 0.7071067811865461294 ) ) ;
#2342 = EDGE_CURVE ( 'NONE', #2731, #6633, #11202, .T. ) ;
#2343 = CARTESIAN_POINT ( 'NONE',  ( -1.250000000000000000, 0.7590169943749474069, 0.09999999999999982514 ) ) ;
#2344 = ORIENTED_EDGE ( 'NONE', *, *, #7956, .F. ) ;
#2345 = EDGE_CURVE ( 'NONE', #9900, #7687, #4467, .T. ) ;
#2346 = DIRECTION ( 'NONE',  ( 0.7071067811865512365, -0.000000000000000000, -0.7071067811865439090 ) ) ;
#2347 = AXIS2_PLACEMENT_3D ( 'NONE', #8923, #1937, #10936 ) ;
#2348 = ORIENTED_EDGE ( 'NONE', *, *, #7469, .T. ) ;
#2349 = LINE ( 'NONE', #4181, #9340 ) ;
#2350 = ORIENTED_EDGE ( 'NONE', *, *, #4568, .F. ) ;
#2351 = DIRECTION ( 'NONE',  ( -1.000000000000000000, 0.000000000000000000, -8.340016711426957754E-17 ) ) ;
#2352 = ORIENTED_EDGE ( 'NONE', *, *, #2762, .T. ) ;
#2353 = VERTEX_POINT ( 'NONE', #9190 ) ;
#2354 = DIRECTION ( 'NONE',  ( 0.000000000000000000, -1.000000000000000000, 0.000000000000000000 ) ) ;
#2355 = CARTESIAN_POINT ( 'NONE',  ( -0.8500000000000008660, 0.01000000000000005398, -1.250000000000005107 ) ) ;
#2356 = CARTESIAN_POINT ( 'NONE',  ( 1.300000000000000044, 0.9846177413237633402, 1.124999999999999334 ) ) ;
#2357 = FACE_OUTER_BOUND ( 'NONE', #6096, .T. ) ;
#2358 = ORIENTED_EDGE ( 'NONE', *, *, #881, .F. ) ;
#2359 = EDGE_CURVE ( 'NONE', #8037, #4133, #5445, .T. ) ;
#2360 = DIRECTION ( 'NONE',  ( 0.000000000000000000, -1.000000000000000000, 0.000000000000000000 ) ) ;
#2361 = VECTOR ( 'NONE', #7596, 1000.000000000000000 ) ;
#2362 = PLANE ( 'NONE',  #2157 ) ;
#2363 = AXIS2_PLACEMENT_3D ( 'NONE', #7502, #10233, #6643 ) ;
#2364 = DIRECTION ( 'NONE',  ( 1.000000000000000000, 0.000000000000000000, 8.340016711426957754E-17 ) ) ;
#2365 = CARTESIAN_POINT ( 'NONE',  ( 1.232185303455675562, 0.07429115107872227841, 1.142814696544324216 ) ) ;
#2366 = ADVANCED_FACE ( 'NONE', ( #1274 ), #1005, .F. ) ;
#2367 = VERTEX_POINT ( 'NONE', #8261 ) ;
#2368 = VECTOR ( 'NONE', #864, 1000.000000000000000 ) ;
#2369 = FACE_OUTER_BOUND ( 'NONE', #6765, .T. ) ;
#2370 = VECTOR ( 'NONE', #10699, 1000.000000000000000 ) ;
#2371 = DIRECTION ( 'NONE',  ( 0.000000000000000000, 0.000000000000000000, -1.000000000000000000 ) ) ;
#2372 = CARTESIAN_POINT ( 'NONE',  ( 0.9249999999999999334, 0.000000000000000000, -0.5000000000000002220 ) ) ;
#2373 = DIRECTION ( 'NONE',  ( -5.652677993300369151E-16, 0.000000000000000000, 1.000000000000000000 ) ) ;
#2374 = LINE ( 'NONE', #908, #9836 ) ;
#2375 = DIRECTION ( 'NONE',  ( 0.7071067811865489050, 0.000000000000000000, 0.7071067811865461294 ) ) ;
#2376 =( BOUNDED_CURVE ( )  B_SPLINE_CURVE ( 3, ( #6291, #9, #1916, #240 ),
 .UNSPECIFIED., .F., .T. ) 
 B_SPLINE_CURVE_WITH_KNOTS ( ( 4, 4 ),
 ( 5.235987755982932867, 5.560451059366096516 ),
 .UNSPECIFIED. ) 
 CURVE ( )  GEOMETRIC_REPRESENTATION_ITEM ( )  RATIONAL_B_SPLINE_CURVE ( ( 1.000000000000000000, 0.9912461883984138300, 0.9912461883984138300, 1.000000000000000000 ) ) 
 REPRESENTATION_ITEM ( '' )  );
#2377 = ORIENTED_EDGE ( 'NONE', *, *, #3416, .F. ) ;
#2378 = ORIENTED_EDGE ( 'NONE', *, *, #5441, .F. ) ;
#2379 = ORIENTED_EDGE ( 'NONE', *, *, #5617, .T. ) ;
#2380 = LINE ( 'NONE', #3299, #1048 ) ;
#2381 = DIRECTION ( 'NONE',  ( -1.000000000000000000, 0.000000000000000000, 1.943223893762450295E-14 ) ) ;
#2382 = EDGE_CURVE ( 'NONE', #7870, #5686, #1059, .T. ) ;
#2383 = DIRECTION ( 'NONE',  ( 1.000000000000000000, -0.000000000000000000, 8.340016711426957754E-17 ) ) ;
#2384 = SURFACE_SIDE_STYLE ('',( #10297 ) ) ;
#2385 = CARTESIAN_POINT ( 'NONE',  ( -0.3500000000000010325, 0.9846177413237633402, 1.249999999999999778 ) ) ;
#2386 = ORIENTED_EDGE ( 'NONE', *, *, #6222, .F. ) ;
#2387 = VECTOR ( 'NONE', #1986, 1000.000000000000000 ) ;
#2388 = DIRECTION ( 'NONE',  ( -1.000000000000000000, 0.000000000000000000, 1.292702590271175087E-14 ) ) ;
#2389 = ORIENTED_EDGE ( 'NONE', *, *, #9265, .T. ) ;
#2390 = ADVANCED_FACE ( 'NONE', ( #4581 ), #8047, .T. ) ;
#2391 = EDGE_CURVE ( 'NONE', #9768, #1812, #10715, .T. ) ;
#2392 = ORIENTED_EDGE ( 'NONE', *, *, #757, .F. ) ;
#2393 = CARTESIAN_POINT ( 'NONE',  ( -0.9250000000000001554, 0.2000000000000000111, -1.855653718292498106E-16 ) ) ;
#2394 = VECTOR ( 'NONE', #11250, 1000.000000000000000 ) ;
#2395 = CIRCLE ( 'NONE', #6625, 0.1681122869172741174 ) ;
#2396 = ORIENTED_EDGE ( 'NONE', *, *, #7606, .T. ) ;
#2397 = ORIENTED_EDGE ( 'NONE', *, *, #4282, .F. ) ;
#2398 = DIRECTION ( 'NONE',  ( 1.000000000000000000, 0.000000000000000000, 8.340016711426957754E-17 ) ) ;
#2399 = EDGE_CURVE ( 'NONE', #7549, #10145, #3010, .T. ) ;
#2400 = LINE ( 'NONE', #1525, #3923 ) ;
#2401 = EDGE_CURVE ( 'NONE', #7428, #1108, #5526, .T. ) ;
#2402 = CARTESIAN_POINT ( 'NONE',  ( -0.1250000000000011935, 0.1999999999999999833, -0.9249999999999992673 ) ) ;
#2403 = ORIENTED_EDGE ( 'NONE', *, *, #9871, .T. ) ;
#2404 = PLANE ( 'NONE',  #9617 ) ;
#2405 = CIRCLE ( 'NONE', #5707, 0.1000000000000000472 ) ;
#2406 = EDGE_CURVE ( 'NONE', #1455, #1884, #7040, .T. ) ;
#2407 = AXIS2_PLACEMENT_3D ( 'NONE', #10368, #10532, #2674 ) ;
#2408 = ORIENTED_EDGE ( 'NONE', *, *, #5016, .T. ) ;
#2409 = LINE ( 'NONE', #6553, #4719 ) ;
#2410 = ORIENTED_EDGE ( 'NONE', *, *, #3580, .F. ) ;
#2411 = CARTESIAN_POINT ( 'NONE',  ( 0.1250000000000011657, 0.1999999999999999833, 0.9249999999999992673 ) ) ;
#2412 = VECTOR ( 'NONE', #291, 1000.000000000000000 ) ;
#2413 = ORIENTED_EDGE ( 'NONE', *, *, #471, .F. ) ;
#2414 = VERTEX_POINT ( 'NONE', #8777 ) ;
#2415 = VECTOR ( 'NONE', #4367, 1000.000000000000000 ) ;
#2416 = VECTOR ( 'NONE', #3878, 1000.000000000000000 ) ;
#2417 = CARTESIAN_POINT ( 'NONE',  ( -1.093800711959200145, 0.9500000000000000666, -0.8859432889494202046 ) ) ;
#2418 = CARTESIAN_POINT ( 'NONE',  ( -1.250000000000000000, 0.1999999999999999833, -0.4000000000000001887 ) ) ;
#2419 = FACE_OUTER_BOUND ( 'NONE', #6221, .T. ) ;
#2420 = DIRECTION ( 'NONE',  ( -2.321304651347010626E-14, 0.000000000000000000, 1.000000000000000000 ) ) ;
#2421 = VERTEX_POINT ( 'NONE', #4662 ) ;
#2422 = VECTOR ( 'NONE', #10384, 1000.000000000000000 ) ;
#2423 = DIRECTION ( 'NONE',  ( -0.000000000000000000, -1.000000000000000000, 0.000000000000000000 ) ) ;
#2424 = FACE_OUTER_BOUND ( 'NONE', #10350, .T. ) ;
#2425 = CIRCLE ( 'NONE', #6099, 0.1000000000000000472 ) ;
#2426 = CARTESIAN_POINT ( 'NONE',  ( -0.1321853034556768058, 0.07429115107872212576, 1.232185303455675562 ) ) ;
#2427 = EDGE_CURVE ( 'NONE', #1978, #9600, #7851, .T. ) ;
#2428 = CYLINDRICAL_SURFACE ( 'NONE', #4755, 0.1000000000000000472 ) ;
#2429 = ORIENTED_EDGE ( 'NONE', *, *, #5075, .T. ) ;
#2430 = EDGE_CURVE ( 'NONE', #958, #10443, #9061, .T. ) ;
#2431 = VECTOR ( 'NONE', #3815, 1000.000000000000000 ) ;
#2432 = CARTESIAN_POINT ( 'NONE',  ( -0.1500000000000000222, 0.1999999999999999833, 1.300000000000000266 ) ) ;
#2433 = DIRECTION ( 'NONE',  ( 0.7071067811865461294, 0.000000000000000000, -0.7071067811865489050 ) ) ;
#2434 = AXIS2_PLACEMENT_3D ( 'NONE', #5786, #3357, #6712 ) ;
#2435 = CARTESIAN_POINT ( 'NONE',  ( 1.300000000000000044, 0.1999999999999999833, -0.1000000000000003664 ) ) ;
#2436 = DIRECTION ( 'NONE',  ( -3.984674651014977107E-16, 0.000000000000000000, -1.000000000000000000 ) ) ;
#2437 = PLANE ( 'NONE',  #4743 ) ;
#2438 = CARTESIAN_POINT ( 'NONE',  ( 1.224999999999999645, 0.01000000000000005398, -1.149999999999999911 ) ) ;
#2439 = ORIENTED_EDGE ( 'NONE', *, *, #9756, .T. ) ;
#2440 = AXIS2_PLACEMENT_3D ( 'NONE', #9369, #3247, #5027 ) ;
#2441 = ORIENTED_EDGE ( 'NONE', *, *, #5417, .F. ) ;
#2442 = ORIENTED_EDGE ( 'NONE', *, *, #2262, .F. ) ;
#2443 = DIRECTION ( 'NONE',  ( 0.000000000000000000, -1.000000000000000000, 0.000000000000000000 ) ) ;
#2444 = PLANE ( 'NONE',  #2034 ) ;
#2445 = AXIS2_PLACEMENT_3D ( 'NONE', #924, #3410, #1739 ) ;
#2446 =( BOUNDED_CURVE ( )  B_SPLINE_CURVE ( 3, ( #459, #346, #5595, #1328 ),
 .UNSPECIFIED., .F., .T. ) 
 B_SPLINE_CURVE_WITH_KNOTS ( ( 4, 4 ),
 ( 0.7227342478134242132, 1.047197551196604071 ),
 .UNSPECIFIED. ) 
 CURVE ( )  GEOMETRIC_REPRESENTATION_ITEM ( )  RATIONAL_B_SPLINE_CURVE ( ( 1.000000000000000000, 0.9912461883984129418, 0.9912461883984129418, 1.000000000000000000 ) ) 
 REPRESENTATION_ITEM ( '' )  );
#2447 = CARTESIAN_POINT ( 'NONE',  ( 1.299999999999999822, 0.000000000000000000, -0.1250000000000002220 ) ) ;
#2448 = DIRECTION ( 'NONE',  ( 1.000000000000000000, 0.000000000000000000, 0.000000000000000000 ) ) ;
#2449 = VERTEX_POINT ( 'NONE', #3354 ) ;
#2450 = FACE_OUTER_BOUND ( 'NONE', #7051, .T. ) ;
#2451 = VERTEX_POINT ( 'NONE', #7908 ) ;
#2452 = EDGE_LOOP ( 'NONE', ( #7507, #2108, #3078, #8351, #5793, #11304, #107, #893, #8207, #2334, #4857, #8344, #6677, #5228, #5100, #8746, #2099, #2684, #2790, #930, #3483, #2754, #10570, #3771, #3841, #5581, #4762, #9724, #10051, #10749, #7131, #7990, #1165, #6001, #7066, #9093, #1849, #1503, #1950, #2462, #965, #8527, #2386, #7305, #1232, #5774, #1183, #8832, #3471, #3237, #1275, #6147, #3761, #5188, #10049, #5603, #5900, #9769, #10468, #9146, #2348, #9006, #4322, #1423, #6673, #633, #6608, #8165, #1755, #10971, #5757, #7804, #257, #9379, #7295, #763, #6133, #476, #4042, #4017, #10407, #5921, #3716, #4656, #8636, #8466, #10215, #2377, #6790, #10830, #7319, #7902, #775, #702, #1372, #6286, #2243, #2999, #9907, #271, #10736, #10246, #4347, #6076, #544, #6303, #1757, #6947, #466, #8927, #2169, #5748, #3424, #3082, #9820 ) ) ;
#2453 = DIRECTION ( 'NONE',  ( 1.000802005371233057E-15, 0.000000000000000000, 1.000000000000000000 ) ) ;
#2454 = EDGE_CURVE ( 'NONE', #667, #11171, #3264, .T. ) ;
#2455 = AXIS2_PLACEMENT_3D ( 'NONE', #5058, #628, #3224 ) ;
#2456 = ORIENTED_EDGE ( 'NONE', *, *, #1399, .T. ) ;
#2457 = DIRECTION ( 'NONE',  ( 0.7071067811865469066, 0.000000000000000000, -0.7071067811865482389 ) ) ;
#2458 = VECTOR ( 'NONE', #3259, 1000.000000000000000 ) ;
#2459 = EDGE_CURVE ( 'NONE', #7227, #526, #754, .T. ) ;
#2460 = DIRECTION ( 'NONE',  ( 0.000000000000000000, 1.000000000000000000, 0.000000000000000000 ) ) ;
#2461 = CARTESIAN_POINT ( 'NONE',  ( -1.300000000000000044, 0.1000000000000001166, -0.4000000000000000777 ) ) ;
#2462 = ORIENTED_EDGE ( 'NONE', *, *, #4728, .T. ) ;
#2463 = ORIENTED_EDGE ( 'NONE', *, *, #716, .F. ) ;
#2464 = DIRECTION ( 'NONE',  ( 0.000000000000000000, -1.000000000000000000, 0.000000000000000000 ) ) ;
#2465 = ORIENTED_EDGE ( 'NONE', *, *, #1384, .F. ) ;
#2466 = DIRECTION ( 'NONE',  ( -0.000000000000000000, -1.000000000000000000, 0.000000000000000000 ) ) ;
#2467 = EDGE_CURVE ( 'NONE', #10026, #1571, #3408, .T. ) ;
#2468 = ORIENTED_EDGE ( 'NONE', *, *, #10972, .F. ) ;
#2469 = ORIENTED_EDGE ( 'NONE', *, *, #4816, .T. ) ;
#2470 = CARTESIAN_POINT ( 'NONE',  ( 0.9250000000000029310, 0.01000000000000000021, -0.9249999999999987121 ) ) ;
#2471 = CARTESIAN_POINT ( 'NONE',  ( -0.6250000000000011102, 0.1999999999999999833, 1.225000000000004974 ) ) ;
#2472 = PLANE ( 'NONE',  #8119 ) ;
#2473 = PLANE ( 'NONE',  #929 ) ;
#2474 = ORIENTED_EDGE ( 'NONE', *, *, #10485, .F. ) ;
#2475 = LINE ( 'NONE', #5111, #419 ) ;
#2476 = AXIS2_PLACEMENT_3D ( 'NONE', #1858, #8904, #6294 ) ;
#2477 = DIRECTION ( 'NONE',  ( -1.417802840942573219E-14, 0.000000000000000000, 1.000000000000000000 ) ) ;
#2478 = LINE ( 'NONE', #5990, #7892 ) ;
#2479 = VERTEX_POINT ( 'NONE', #1617 ) ;
#2480 = DIRECTION ( 'NONE',  ( -1.000000000000000000, 0.000000000000000000, 1.084202172485503961E-14 ) ) ;
#2481 = DIRECTION ( 'NONE',  ( -1.000000000000000000, 0.000000000000000000, 0.000000000000000000 ) ) ;
#2482 = CARTESIAN_POINT ( 'NONE',  ( -1.225000000000000089, 0.7590169943749472958, 0.3749999999999998890 ) ) ;
#2483 = EDGE_CURVE ( 'NONE', #3107, #857, #7261, .T. ) ;
#2484 = CARTESIAN_POINT ( 'NONE',  ( -0.4999999999999996669, 0.2000000000000000944, -0.2000000000000008993 ) ) ;
#2485 = DIRECTION ( 'NONE',  ( 1.000000000000000000, 0.000000000000000000, 8.340016711426957754E-17 ) ) ;
#2486 = EDGE_CURVE ( 'NONE', #9283, #8019, #2606, .T. ) ;
#2487 = CARTESIAN_POINT ( 'NONE',  ( 0.6500000000000001332, 0.1999999999999999833, -1.300000000000005596 ) ) ;
#2488 = ORIENTED_EDGE ( 'NONE', *, *, #3627, .F. ) ;
#2489 = ORIENTED_EDGE ( 'NONE', *, *, #11232, .T. ) ;
#2490 = EDGE_CURVE ( 'NONE', #1978, #8964, #7797, .T. ) ;
#2491 = ORIENTED_EDGE ( 'NONE', *, *, #4726, .F. ) ;
#2492 = FACE_OUTER_BOUND ( 'NONE', #10263, .T. ) ;
#2493 = CARTESIAN_POINT ( 'NONE',  ( 0.6250000000000008882, 0.1999999999999999833, 1.225000000000004974 ) ) ;
#2494 = CARTESIAN_POINT ( 'NONE',  ( -0.1999999999999987899, 1.614213562373095323, -0.5000000000000005551 ) ) ;
#2495 = FACE_OUTER_BOUND ( 'NONE', #950, .T. ) ;
#2496 = PLANE ( 'NONE',  #11117 ) ;
#2497 = EDGE_LOOP ( 'NONE', ( #5032, #7578, #67, #4498 ) ) ;
#2498 = CARTESIAN_POINT ( 'NONE',  ( -0.9250000000000001554, 0.2000000000000000111, -1.855653718292498106E-16 ) ) ;
#2499 = ORIENTED_EDGE ( 'NONE', *, *, #1161, .T. ) ;
#2500 = ORIENTED_EDGE ( 'NONE', *, *, #8930, .T. ) ;
#2501 = DIRECTION ( 'NONE',  ( -1.000000000000000000, 0.000000000000000000, -1.417802840942572903E-14 ) ) ;
#2502 = EDGE_CURVE ( 'NONE', #8574, #10649, #3464, .T. ) ;
#2503 = VERTEX_POINT ( 'NONE', #10459 ) ;
#2504 = AXIS2_PLACEMENT_3D ( 'NONE', #10394, #4899, #5765 ) ;
#2505 = CARTESIAN_POINT ( 'NONE',  ( -1.300000000000000266, 0.01000000000000000021, -1.300000000000000044 ) ) ;
#2506 = CARTESIAN_POINT ( 'NONE',  ( -0.2500000000000012768, 0.1999999999999999833, -0.9249999999999997113 ) ) ;
#2507 = LINE ( 'NONE', #609, #9620 ) ;
#2508 = ORIENTED_EDGE ( 'NONE', *, *, #2049, .F. ) ;
#2509 = LINE ( 'NONE', #9293, #1641 ) ;
#2510 = VERTEX_POINT ( 'NONE', #6981 ) ;
#2511 = AXIS2_PLACEMENT_3D ( 'NONE', #4535, #8062, #3213 ) ;
#2512 = CARTESIAN_POINT ( 'NONE',  ( -0.8000000000000001554, 0.7590169943749474069, -0.5000000000000002220 ) ) ;
#2513 = ORIENTED_EDGE ( 'NONE', *, *, #4516, .T. ) ;
#2514 = DIRECTION ( 'NONE',  ( -0.7071067811865445751, 0.000000000000000000, 0.7071067811865504593 ) ) ;
#2515 = ADVANCED_FACE ( 'NONE', ( #11333 ), #6878, .F. ) ;
#2516 = VERTEX_POINT ( 'NONE', #10516 ) ;
#2517 = ORIENTED_EDGE ( 'NONE', *, *, #4197, .T. ) ;
#2518 = CARTESIAN_POINT ( 'NONE',  ( -1.300000000000000044, 0.01000000000000005398, -0.9249999999999999334 ) ) ;
#2519 = CARTESIAN_POINT ( 'NONE',  ( -0.1250000000000008604, 0.000000000000000000, 1.200000000000000178 ) ) ;
#2520 = AXIS2_PLACEMENT_3D ( 'NONE', #3741, #10799, #2875 ) ;
#2521 = CARTESIAN_POINT ( 'NONE',  ( 0.6250000000000004441, 0.01000000000000000021, -2.490421656884362541E-16 ) ) ;
#2522 = ADVANCED_FACE ( 'NONE', ( #9706 ), #8669, .F. ) ;
#2523 = DIRECTION ( 'NONE',  ( 3.984674651014977107E-16, 0.000000000000000000, 1.000000000000000000 ) ) ;
#2524 = VERTEX_POINT ( 'NONE', #9652 ) ;
#2525 = FACE_OUTER_BOUND ( 'NONE', #303, .T. ) ;
#2526 = FILL_AREA_STYLE_COLOUR ( '', #3980 ) ;
#2527 = CARTESIAN_POINT ( 'NONE',  ( 0.6250000000000008882, 0.06614378277662037731, 1.225000000000004974 ) ) ;
#2528 = ADVANCED_FACE ( 'NONE', ( #6007 ), #230, .T. ) ;
#2529 = CARTESIAN_POINT ( 'NONE',  ( 1.300000000000000044, 0.1999999999999999833, -0.9249999999999997113 ) ) ;
#2530 = EDGE_CURVE ( 'NONE', #1156, #2081, #10083, .T. ) ;
#2531 = ORIENTED_EDGE ( 'NONE', *, *, #5130, .F. ) ;
#2532 = CARTESIAN_POINT ( 'NONE',  ( 1.300000000000000044, 0.7590169943749472958, 0.5999999999999998668 ) ) ;
#2533 = CARTESIAN_POINT ( 'NONE',  ( -1.225000000000000089, 0.06614378277661521477, 0.6249999999999997780 ) ) ;
#2534 = DIRECTION ( 'NONE',  ( 1.417802840942572903E-14, 0.000000000000000000, -1.000000000000000000 ) ) ;
#2535 = VECTOR ( 'NONE', #1180, 1000.000000000000000 ) ;
#2536 = EDGE_CURVE ( 'NONE', #9900, #10474, #9926, .T. ) ;
#2537 = DIRECTION ( 'NONE',  ( 0.7071067811865499042, 0.000000000000000000, -0.7071067811865451302 ) ) ;
#2538 = PLANE ( 'NONE',  #9575 ) ;
#2539 = DIRECTION ( 'NONE',  ( 1.000000000000000000, 0.000000000000000000, 8.340016711426957754E-17 ) ) ;
#2540 = ORIENTED_EDGE ( 'NONE', *, *, #24, .T. ) ;
#2541 = AXIS2_PLACEMENT_3D ( 'NONE', #10986, #185, #8204 ) ;
#2542 = VERTEX_POINT ( 'NONE', #4965 ) ;
#2543 = VECTOR ( 'NONE', #189, 1000.000000000000000 ) ;
#2544 = VECTOR ( 'NONE', #1609, 1000.000000000000000 ) ;
#2545 = ORIENTED_EDGE ( 'NONE', *, *, #2115, .F. ) ;
#2546 = CARTESIAN_POINT ( 'NONE',  ( -0.4999999999999995559, 0.2000000000000000944, 0.4999999999999994449 ) ) ;
#2547 = DIRECTION ( 'NONE',  ( -8.340016711426957754E-17, 0.000000000000000000, 1.000000000000000000 ) ) ;
#2548 = CARTESIAN_POINT ( 'NONE',  ( -1.224999999999999645, 0.1999999999999999833, 1.149999999999999911 ) ) ;
#2549 = DIRECTION ( 'NONE',  ( -0.000000000000000000, -1.000000000000000000, 0.000000000000000000 ) ) ;
#2550 = CARTESIAN_POINT ( 'NONE',  ( -0.1250000000000011657, 0.1999999999999999833, -0.9249999999999992673 ) ) ;
#2551 = DIRECTION ( 'NONE',  ( -0.000000000000000000, -1.000000000000000000, 0.000000000000000000 ) ) ;
#2552 = CARTESIAN_POINT ( 'NONE',  ( -0.3500000000000003109, 0.1999999999999999833, 1.300000000000000266 ) ) ;
#2553 = DIRECTION ( 'NONE',  ( -5.652677993300369151E-16, 0.000000000000000000, 1.000000000000000000 ) ) ;
#2554 = ORIENTED_EDGE ( 'NONE', *, *, #9721, .F. ) ;
#2555 = EDGE_CURVE ( 'NONE', #1455, #8371, #1445, .T. ) ;
#2556 = VERTEX_POINT ( 'NONE', #11166 ) ;
#2557 = DIRECTION ( 'NONE',  ( 0.7071067811865476838, 0.000000000000000000, -0.7071067811865474617 ) ) ;
#2558 = EDGE_CURVE ( 'NONE', #8340, #2734, #6708, .T. ) ;
#2559 = ORIENTED_EDGE ( 'NONE', *, *, #11315, .T. ) ;
#2560 = EDGE_CURVE ( 'NONE', #10315, #8465, #9310, .T. ) ;
#2561 = VECTOR ( 'NONE', #1346, 1000.000000000000000 ) ;
#2562 = DIRECTION ( 'NONE',  ( 1.000000000000000000, 0.000000000000000000, 0.000000000000000000 ) ) ;
#2563 = CARTESIAN_POINT ( 'NONE',  ( -1.300000000000000266, 0.000000000000000000, -0.3750000000000002220 ) ) ;
#2564 = PLANE ( 'NONE',  #587 ) ;
#2565 = EDGE_LOOP ( 'NONE', ( #3690, #7997, #2959, #7690 ) ) ;
#2566 = ORIENTED_EDGE ( 'NONE', *, *, #10670, .T. ) ;
#2567 = DIRECTION ( 'NONE',  ( -5.652677993300369151E-16, 0.000000000000000000, 1.000000000000000000 ) ) ;
#2568 = ORIENTED_EDGE ( 'NONE', *, *, #2194, .F. ) ;
#2569 = CARTESIAN_POINT ( 'NONE',  ( 1.249999999999999778, 0.1999999999999999833, -1.124999999999999778 ) ) ;
#2570 = VECTOR ( 'NONE', #8468, 1000.000000000000000 ) ;
#2571 = AXIS2_PLACEMENT_3D ( 'NONE', #4777, #2082, #8194 ) ;
#2572 = ORIENTED_EDGE ( 'NONE', *, *, #6004, .T. ) ;
#2573 = EDGE_LOOP ( 'NONE', ( #4509, #5037, #8004, #6668 ) ) ;
#2574 = CARTESIAN_POINT ( 'NONE',  ( -1.225000000000000089, 0.2000000000000000111, 0.6249999999999997780 ) ) ;
#2575 = CARTESIAN_POINT ( 'NONE',  ( -0.4999999999999995559, 0.2000000000000000944, 0.4999999999999994449 ) ) ;
#2576 = CARTESIAN_POINT ( 'NONE',  ( 1.300000000000000044, 0.009999999999999998473, -0.1000000000000003664 ) ) ;
#2577 = FACE_OUTER_BOUND ( 'NONE', #7196, .T. ) ;
#2578 = VERTEX_POINT ( 'NONE', #9427 ) ;
#2579 = AXIS2_PLACEMENT_3D ( 'NONE', #7230, #10884, #3766 ) ;
#2580 = CARTESIAN_POINT ( 'NONE',  ( -1.224999999999999645, 0.01000000000000005398, 1.149999999999999911 ) ) ;
#2581 = LINE ( 'NONE', #1596, #2147 ) ;
#2582 = DIRECTION ( 'NONE',  ( -1.000000000000000000, 0.000000000000000000, 0.000000000000000000 ) ) ;
#2583 = CARTESIAN_POINT ( 'NONE',  ( -0.9249999999999998224, 0.2000000000000000111, 0.3749999999999998335 ) ) ;
#2584 = ORIENTED_EDGE ( 'NONE', *, *, #5266, .T. ) ;
#2585 = VECTOR ( 'NONE', #8070, 1000.000000000000000 ) ;
#2586 = ADVANCED_FACE ( 'NONE', ( #1508 ), #6876, .F. ) ;
#2587 = DIRECTION ( 'NONE',  ( -0.7071067811865491270, 0.000000000000000000, 0.7071067811865459074 ) ) ;
#2588 = PLANE ( 'NONE',  #3879 ) ;
#2589 = AXIS2_PLACEMENT_3D ( 'NONE', #11251, #4188, #11306 ) ;
#2590 = CYLINDRICAL_SURFACE ( 'NONE', #10713, 0.1250000000000000000 ) ;
#2591 = CARTESIAN_POINT ( 'NONE',  ( 0.9249999999999998224, 0.1999999999999999833, 0.6249999999999997780 ) ) ;
#2592 = EDGE_CURVE ( 'NONE', #6615, #3809, #5955, .T. ) ;
#2593 = LINE ( 'NONE', #6868, #4862 ) ;
#2594 = PLANE ( 'NONE',  #5935 ) ;
#2595 = VECTOR ( 'NONE', #1482, 1000.000000000000000 ) ;
#2596 = DIRECTION ( 'NONE',  ( -0.7071067811865443531, 0.000000000000000000, -0.7071067811865506814 ) ) ;
#2597 = ORIENTED_EDGE ( 'NONE', *, *, #4726, .T. ) ;
#2598 = VECTOR ( 'NONE', #6737, 1000.000000000000000 ) ;
#2599 = VERTEX_POINT ( 'NONE', #4109 ) ;
#2600 = EDGE_CURVE ( 'NONE', #3402, #9254, #7626, .T. ) ;
#2601 = VECTOR ( 'NONE', #9229, 1000.000000000000114 ) ;
#2602 = VERTEX_POINT ( 'NONE', #4046 ) ;
#2603 = CYLINDRICAL_SURFACE ( 'NONE', #2328, 0.1250000000000000000 ) ;
#2604 = CARTESIAN_POINT ( 'NONE',  ( 0.8749999999999992228, 0.01000000000000005398, -1.149999999999999911 ) ) ;
#2605 = DIRECTION ( 'NONE',  ( 0.000000000000000000, -1.000000000000000000, 0.000000000000000000 ) ) ;
#2606 = LINE ( 'NONE', #3522, #9165 ) ;
#2607 = VECTOR ( 'NONE', #3593, 1000.000000000000000 ) ;
#2608 = CARTESIAN_POINT ( 'NONE',  ( 1.050000000000001155, 0.01000000000000000021, 1.050000000000006040 ) ) ;
#2609 = LINE ( 'NONE', #6124, #4753 ) ;
#2610 = COLOUR_RGB ( '',0.7921568627450980005, 0.8196078431372548767, 0.9333333333333333481 ) ;
#2611 = CARTESIAN_POINT ( 'NONE',  ( -0.7250000000000010880, 0.1999999999999999833, 0.8999999999999990230 ) ) ;
#2612 = ORIENTED_EDGE ( 'NONE', *, *, #7067, .T. ) ;
#2613 = ORIENTED_EDGE ( 'NONE', *, *, #5653, .T. ) ;
#2614 = CARTESIAN_POINT ( 'NONE',  ( 0.1250000000000013323, 0.1999999999999999833, -0.9249999999999992673 ) ) ;
#2615 = ORIENTED_EDGE ( 'NONE', *, *, #10630, .F. ) ;
#2616 = VECTOR ( 'NONE', #6405, 1000.000000000000114 ) ;
#2617 = CARTESIAN_POINT ( 'NONE',  ( -0.3500000000000010880, 0.1999999999999999833, 1.249999999999999778 ) ) ;
#2618 = DIRECTION ( 'NONE',  ( -1.000000000000000000, 0.000000000000000000, 1.292702590271175245E-14 ) ) ;
#2619 = CARTESIAN_POINT ( 'NONE',  ( 0.8749999999999988898, 0.1999999999999999833, 1.149999999999999911 ) ) ;
#2620 = ORIENTED_EDGE ( 'NONE', *, *, #2927, .F. ) ;
#2621 = EDGE_CURVE ( 'NONE', #5260, #667, #5888, .T. ) ;
#2622 = DIRECTION ( 'NONE',  ( 0.000000000000000000, -1.000000000000000000, 0.000000000000000000 ) ) ;
#2623 = EDGE_CURVE ( 'NONE', #7639, #1404, #1411, .T. ) ;
#2624 = VERTEX_POINT ( 'NONE', #10181 ) ;
#2625 = PLANE ( 'NONE',  #4729 ) ;
#2626 = VECTOR ( 'NONE', #3038, 1000.000000000000000 ) ;
#2627 = ORIENTED_EDGE ( 'NONE', *, *, #8032, .T. ) ;
#2628 = PLANE ( 'NONE',  #9360 ) ;
#2629 = ORIENTED_EDGE ( 'NONE', *, *, #5829, .T. ) ;
#2630 = ORIENTED_EDGE ( 'NONE', *, *, #10755, .T. ) ;
#2631 = CARTESIAN_POINT ( 'NONE',  ( -1.200000000000000178, 0.000000000000000000, -1.149999999999998579 ) ) ;
#2632 = LINE ( 'NONE', #11356, #9058 ) ;
#2633 = DIRECTION ( 'NONE',  ( 0.000000000000000000, -1.000000000000000000, 0.000000000000000000 ) ) ;
#2634 = PLANE ( 'NONE',  #1672 ) ;
#2635 = VERTEX_POINT ( 'NONE', #1615 ) ;
#2636 = DIRECTION ( 'NONE',  ( 8.340016711426957754E-17, -0.000000000000000000, -1.000000000000000000 ) ) ;
#2637 = DIRECTION ( 'NONE',  ( -0.000000000000000000, -1.000000000000000000, 0.000000000000000000 ) ) ;
#2638 = MECHANICAL_DESIGN_GEOMETRIC_PRESENTATION_REPRESENTATION (  '', ( #8918 ), #7615 ) ;
#2639 = DIRECTION ( 'NONE',  ( 8.340016711426957754E-17, 0.000000000000000000, -1.000000000000000000 ) ) ;
#2640 = ADVANCED_FACE ( 'NONE', ( #2272 ), #10239, .F. ) ;
#2641 = CARTESIAN_POINT ( 'NONE',  ( -1.300000000000000266, 0.000000000000000000, -0.8999999999999993561 ) ) ;
#2642 = ORIENTED_EDGE ( 'NONE', *, *, #11256, .F. ) ;
#2643 = CARTESIAN_POINT ( 'NONE',  ( 1.225000000000000089, 0.1999999999999999833, -0.3750000000000002776 ) ) ;
#2644 = DIRECTION ( 'NONE',  ( 0.7071067811865443531, 0.000000000000000000, 0.7071067811865506814 ) ) ;
#2645 = VECTOR ( 'NONE', #1681, 1000.000000000000000 ) ;
#2646 = CARTESIAN_POINT ( 'NONE',  ( -0.9250000000000001554, 0.7590169943749474069, -1.855653718292498106E-16 ) ) ;
#2647 = CARTESIAN_POINT ( 'NONE',  ( -1.225000000000000089, 0.2000000000000000111, -0.3750000000000001665 ) ) ;
#2648 = CARTESIAN_POINT ( 'NONE',  ( -1.225000000000000089, 0.1999999999999999833, 0.1249999999999998335 ) ) ;
#2649 = DIRECTION ( 'NONE',  ( 0.7071067811865445751, 0.000000000000000000, -0.7071067811865504593 ) ) ;
#2650 = EDGE_CURVE ( 'NONE', #682, #811, #2325, .T. ) ;
#2651 = LINE ( 'NONE', #6168, #519 ) ;
#2652 = VERTEX_POINT ( 'NONE', #5133 ) ;
#2653 = AXIS2_PLACEMENT_3D ( 'NONE', #3862, #6752, #2373 ) ;
#2654 = ORIENTED_EDGE ( 'NONE', *, *, #9268, .T. ) ;
#2655 = ADVANCED_FACE ( 'NONE', ( #2492 ), #4272, .T. ) ;
#2656 = ORIENTED_EDGE ( 'NONE', *, *, #9736, .T. ) ;
#2657 = LINE ( 'NONE', #10454, #8770 ) ;
#2658 = LINE ( 'NONE', #6173, #3497 ) ;
#2659 = CARTESIAN_POINT ( 'NONE',  ( -0.8500000000000008660, 0.9846177413237633402, -1.250000000000005107 ) ) ;
#2660 = CARTESIAN_POINT ( 'NONE',  ( -1.250000000000000000, 0.7590169943749472958, 0.3999999999999998557 ) ) ;
#2661 = LINE ( 'NONE', #9536, #2645 ) ;
#2662 = EDGE_CURVE ( 'NONE', #8294, #4944, #7500, .T. ) ;
#2663 = CARTESIAN_POINT ( 'NONE',  ( -1.224999999999999645, 0.06614378277661471517, 0.8999999999999992450 ) ) ;
#2664 = CARTESIAN_POINT ( 'NONE',  ( -1.300000000000000044, 0.1999999999999999833, -0.9249999999999999334 ) ) ;
#2665 = EDGE_CURVE ( 'NONE', #5388, #2813, #7795, .T. ) ;
#2666 = FACE_OUTER_BOUND ( 'NONE', #10266, .T. ) ;
#2667 = VERTEX_POINT ( 'NONE', #5831 ) ;
#2668 = EDGE_CURVE ( 'NONE', #2849, #6999, #9363, .T. ) ;
#2669 = ORIENTED_EDGE ( 'NONE', *, *, #8542, .F. ) ;
#2670 = CARTESIAN_POINT ( 'NONE',  ( -0.7250000000000010880, 0.1999999999999999833, 0.8999999999999991340 ) ) ;
#2671 = ORIENTED_EDGE ( 'NONE', *, *, #2075, .F. ) ;
#2672 = ORIENTED_EDGE ( 'NONE', *, *, #4925, .T. ) ;
#2673 = CARTESIAN_POINT ( 'NONE',  ( 0.3750000000000007772, 0.01000000000000005398, 1.224999999999999867 ) ) ;
#2674 = DIRECTION ( 'NONE',  ( 0.000000000000000000, 0.000000000000000000, -1.000000000000000000 ) ) ;
#2675 = DIRECTION ( 'NONE',  ( -1.000000000000000000, 0.000000000000000000, 0.000000000000000000 ) ) ;
#2676 = ORIENTED_EDGE ( 'NONE', *, *, #7352, .T. ) ;
#2677 = EDGE_CURVE ( 'NONE', #9397, #5619, #2380, .T. ) ;
#2678 = LINE ( 'NONE', #8217, #6053 ) ;
#2679 = ORIENTED_EDGE ( 'NONE', *, *, #6360, .T. ) ;
#2680 = LINE ( 'NONE', #7869, #6016 ) ;
#2681 = EDGE_CURVE ( 'NONE', #2222, #9900, #4158, .T. ) ;
#2682 = VERTEX_POINT ( 'NONE', #8022 ) ;
#2683 = DIRECTION ( 'NONE',  ( 1.000000000000000000, 0.000000000000000000, 8.340016711426957754E-17 ) ) ;
#2684 = ORIENTED_EDGE ( 'NONE', *, *, #4001, .F. ) ;
#2685 = VERTEX_POINT ( 'NONE', #6055 ) ;
#2686 = DIRECTION ( 'NONE',  ( -0.000000000000000000, -1.000000000000000000, 0.000000000000000000 ) ) ;
#2687 = FACE_OUTER_BOUND ( 'NONE', #5970, .T. ) ;
#2688 = ADVANCED_FACE ( 'NONE', ( #8082 ), #983, .F. ) ;
#2689 = DIRECTION ( 'NONE',  ( 0.000000000000000000, 1.000000000000000000, 0.000000000000000000 ) ) ;
#2690 = DIRECTION ( 'NONE',  ( -1.362202729533067540E-15, 0.000000000000000000, -1.000000000000000000 ) ) ;
#2691 = EDGE_LOOP ( 'NONE', ( #8689, #8695, #1378, #6746 ) ) ;
#2692 = VECTOR ( 'NONE', #635, 1000.000000000000000 ) ;
#2693 = FACE_OUTER_BOUND ( 'NONE', #4443, .T. ) ;
#2694 = CARTESIAN_POINT ( 'NONE',  ( -0.1250000000000013600, 0.000000000000000000, 0.9249999999999997113 ) ) ;
#2695 = CARTESIAN_POINT ( 'NONE',  ( -1.300000000000000044, 0.2000000000000000111, 0.09999999999999993616 ) ) ;
#2696 = DIRECTION ( 'NONE',  ( 0.000000000000000000, -1.000000000000000000, 0.000000000000000000 ) ) ;
#2697 = ORIENTED_EDGE ( 'NONE', *, *, #11151, .F. ) ;
#2698 = CARTESIAN_POINT ( 'NONE',  ( -1.225000000000000089, 0.06614378277661496497, -0.6250000000000001110 ) ) ;
#2699 = EDGE_CURVE ( 'NONE', #4858, #2902, #4547, .T. ) ;
#2700 = LINE ( 'NONE', #1901, #7007 ) ;
#2701 = CARTESIAN_POINT ( 'NONE',  ( 0.9249999999999998224, 0.7590169943749474069, -0.3750000000000002220 ) ) ;
#2702 = DIRECTION ( 'NONE',  ( 1.000000000000000000, 0.000000000000000000, 1.167602339599772458E-15 ) ) ;
#2703 = DIRECTION ( 'NONE',  ( -1.000000000000000000, 0.000000000000000000, -8.340016711426957754E-17 ) ) ;
#2704 = CARTESIAN_POINT ( 'NONE',  ( 1.224999999999999645, 0.9846177413237633402, 1.149999999999999911 ) ) ;
#2705 = VECTOR ( 'NONE', #4607, 1000.000000000000000 ) ;
#2706 = CARTESIAN_POINT ( 'NONE',  ( 1.250000000000000000, 0.1999999999999999833, -0.1000000000000002554 ) ) ;
#2707 = ORIENTED_EDGE ( 'NONE', *, *, #121, .T. ) ;
#2708 = ORIENTED_EDGE ( 'NONE', *, *, #6398, .T. ) ;
#2709 = EDGE_LOOP ( 'NONE', ( #9033, #5602, #5614, #7235 ) ) ;
#2710 = CARTESIAN_POINT ( 'NONE',  ( 0.3500000000000000888, 0.000000000000000000, 1.300000000000000266 ) ) ;
#2711 = DIRECTION ( 'NONE',  ( -1.000000000000000000, 0.000000000000000000, -8.340016711426957754E-17 ) ) ;
#2712 = PLANE ( 'NONE',  #4234 ) ;
#2713 = FILL_AREA_STYLE_COLOUR ( '', #1545 ) ;
#2714 = SURFACE_SIDE_STYLE ('',( #6232 ) ) ;
#2715 = DIRECTION ( 'NONE',  ( 1.401122807519719377E-14, 0.000000000000000000, 1.000000000000000000 ) ) ;
#2716 = CARTESIAN_POINT ( 'NONE',  ( 0.8750000000000007772, 0.1999999999999999833, 1.225000000000005196 ) ) ;
#2717 = ORIENTED_EDGE ( 'NONE', *, *, #2555, .F. ) ;
#2718 = CIRCLE ( 'NONE', #9178, 0.1000000000000000472 ) ;
#2719 = VERTEX_POINT ( 'NONE', #1034 ) ;
#2720 = VECTOR ( 'NONE', #4958, 1000.000000000000000 ) ;
#2721 = DIRECTION ( 'NONE',  ( 0.000000000000000000, -1.000000000000000000, 0.000000000000000000 ) ) ;
#2722 = VERTEX_POINT ( 'NONE', #6290 ) ;
#2723 = ADVANCED_FACE ( 'NONE', ( #9821 ), #11376, .T. ) ;
#2724 = VERTEX_POINT ( 'NONE', #10687 ) ;
#2725 = DIRECTION ( 'NONE',  ( 1.301042606982604690E-14, -3.552713678800503296E-15, -1.000000000000000000 ) ) ;
#2726 = VECTOR ( 'NONE', #9708, 1000.000000000000000 ) ;
#2727 = CARTESIAN_POINT ( 'NONE',  ( 0.9249999999999999334, 0.2000000000000000111, -2.481154971649519383E-16 ) ) ;
#2728 = VECTOR ( 'NONE', #11005, 1000.000000000000000 ) ;
#2729 = CARTESIAN_POINT ( 'NONE',  ( -0.6500000000000001332, 0.9846177413237633402, 1.300000000000005596 ) ) ;
#2730 = VECTOR ( 'NONE', #1962, 1000.000000000000000 ) ;
#2731 = VERTEX_POINT ( 'NONE', #3633 ) ;
#2732 = EDGE_CURVE ( 'NONE', #1444, #10603, #2855, .T. ) ;
#2733 = DIRECTION ( 'NONE',  ( 1.000000000000000000, 0.000000000000000000, -2.085004177856743210E-15 ) ) ;
#2734 = VERTEX_POINT ( 'NONE', #9760 ) ;
#2735 = LINE ( 'NONE', #6527, #11015 ) ;
#2736 =( BOUNDED_CURVE ( )  B_SPLINE_CURVE ( 3, ( #2533, #6046, #6697, #1495 ),
 .UNSPECIFIED., .F., .T. ) 
 B_SPLINE_CURVE_WITH_KNOTS ( ( 4, 4 ),
 ( 0.7227342478134212156, 1.047197551196601184 ),
 .UNSPECIFIED. ) 
 CURVE ( )  GEOMETRIC_REPRESENTATION_ITEM ( )  RATIONAL_B_SPLINE_CURVE ( ( 1.000000000000000000, 0.9912461883984129418, 0.9912461883984129418, 1.000000000000000000 ) ) 
 REPRESENTATION_ITEM ( '' )  );
#2737 = ORIENTED_EDGE ( 'NONE', *, *, #10949, .F. ) ;
#2738 = DIRECTION ( 'NONE',  ( -1.401122807519719062E-14, 0.000000000000000000, -1.000000000000000000 ) ) ;
#2739 = ORIENTED_EDGE ( 'NONE', *, *, #9337, .T. ) ;
#2740 = CYLINDRICAL_SURFACE ( 'NONE', #1133, 0.1250000000000000000 ) ;
#2741 = EDGE_CURVE ( 'NONE', #3871, #9280, #4346, .T. ) ;
#2742 = EDGE_LOOP ( 'NONE', ( #4571, #2270, #485, #19 ) ) ;
#2743 = EDGE_CURVE ( 'NONE', #9600, #9492, #9703, .T. ) ;
#2744 = FACE_OUTER_BOUND ( 'NONE', #1594, .T. ) ;
#2745 = LINE ( 'NONE', #5269, #733 ) ;
#2746 = ADVANCED_FACE ( 'NONE', ( #6978 ), #6115, .T. ) ;
#2747 = LINE ( 'NONE', #5219, #3743 ) ;
#2748 = PLANE ( 'NONE',  #4442 ) ;
#2749 = ORIENTED_EDGE ( 'NONE', *, *, #8930, .F. ) ;
#2750 = DIRECTION ( 'NONE',  ( 0.000000000000000000, -1.000000000000000000, 0.000000000000000000 ) ) ;
#2751 = DIRECTION ( 'NONE',  ( -1.000000000000000000, 0.000000000000000000, 1.301042606982604690E-14 ) ) ;
#2752 = CARTESIAN_POINT ( 'NONE',  ( 0.8750000000000009992, 0.1999999999999999833, -1.225000000000005196 ) ) ;
#2753 = ORIENTED_EDGE ( 'NONE', *, *, #4856, .F. ) ;
#2754 = ORIENTED_EDGE ( 'NONE', *, *, #1085, .F. ) ;
#2755 = AXIS2_PLACEMENT_3D ( 'NONE', #10837, #7244, #2858 ) ;
#2756 = PLANE ( 'NONE',  #473 ) ;
#2757 = DIRECTION ( 'NONE',  ( -0.000000000000000000, -1.000000000000000000, 0.000000000000000000 ) ) ;
#2758 = FACE_OUTER_BOUND ( 'NONE', #5799, .T. ) ;
#2759 = DIRECTION ( 'NONE',  ( -2.780005570475647818E-16, -0.000000000000000000, -1.000000000000000000 ) ) ;
#2760 = LINE ( 'NONE', #6283, #755 ) ;
#2761 = CARTESIAN_POINT ( 'NONE',  ( 1.149999999999998579, 0.1000000000000001166, -1.299999999999999378 ) ) ;
#2762 = EDGE_CURVE ( 'NONE', #1055, #10348, #7037, .T. ) ;
#2763 = DIRECTION ( 'NONE',  ( 1.000000000000000000, 0.000000000000000000, 5.652677993300369151E-16 ) ) ;
#2764 = VECTOR ( 'NONE', #5739, 1000.000000000000000 ) ;
#2765 = VECTOR ( 'NONE', #7984, 1000.000000000000000 ) ;
#2766 = VERTEX_POINT ( 'NONE', #7903 ) ;
#2767 = ADVANCED_FACE ( 'NONE', ( #5189 ), #2603, .T. ) ;
#2768 = ORIENTED_EDGE ( 'NONE', *, *, #645, .T. ) ;
#2769 = VECTOR ( 'NONE', #7214, 1000.000000000000000 ) ;
#2770 = EDGE_LOOP ( 'NONE', ( #4404, #1995, #4905, #2413 ) ) ;
#2771 = CARTESIAN_POINT ( 'NONE',  ( 1.300000000000000044, 0.1999999999999999833, -0.6000000000000004219 ) ) ;
#2772 = DIRECTION ( 'NONE',  ( 1.000000000000000000, 0.000000000000000000, -2.780005570475647818E-16 ) ) ;
#2774 = AXIS2_PLACEMENT_3D ( 'NONE', #6795, #9459, #10324 ) ;
#2773 = DIRECTION ( 'NONE',  ( 1.000000000000000000, 0.000000000000000000, 8.340016711426966382E-17 ) ) ;
#2775 =( LENGTH_UNIT ( ) NAMED_UNIT ( * ) SI_UNIT ( .MILLI., .METRE. ) );
#2776 = LINE ( 'NONE', #7911, #1992 ) ;
#2777 = AXIS2_PLACEMENT_3D ( 'NONE', #3844, #5636, #3738 ) ;
#2778 = PLANE ( 'NONE',  #10109 ) ;
#2779 = VERTEX_POINT ( 'NONE', #10573 ) ;
#2780 = CIRCLE ( 'NONE', #9244, 0.1000000000000000472 ) ;
#2781 = ORIENTED_EDGE ( 'NONE', *, *, #4373, .T. ) ;
#2782 = LINE ( 'NONE', #6237, #6038 ) ;
#2783 = ORIENTED_EDGE ( 'NONE', *, *, #881, .T. ) ;
#2784 = ORIENTED_EDGE ( 'NONE', *, *, #127, .F. ) ;
#2785 = DIRECTION ( 'NONE',  ( -0.000000000000000000, -1.000000000000000000, 0.000000000000000000 ) ) ;
#2786 = VECTOR ( 'NONE', #7146, 1000.000000000000000 ) ;
#2787 = CARTESIAN_POINT ( 'NONE',  ( 1.300000000000000044, 0.1999999999999999833, 0.3999999999999996336 ) ) ;
#2788 = VECTOR ( 'NONE', #6726, 1000.000000000000114 ) ;
#2789 = DIRECTION ( 'NONE',  ( -0.7071067811865491270, 0.000000000000000000, 0.7071067811865459074 ) ) ;
#2790 = ORIENTED_EDGE ( 'NONE', *, *, #3118, .F. ) ;
#2791 = DIRECTION ( 'NONE',  ( 0.000000000000000000, 1.000000000000000000, 0.000000000000000000 ) ) ;
#2792 = ORIENTED_EDGE ( 'NONE', *, *, #1446, .F. ) ;
#2793 = EDGE_CURVE ( 'NONE', #5274, #5925, #2657, .T. ) ;
#2794 = CARTESIAN_POINT ( 'NONE',  ( -1.250000000000000000, 0.1999999999999999833, -0.1000000000000001582 ) ) ;
#2795 = VERTEX_POINT ( 'NONE', #2771 ) ;
#2796 = LINE ( 'NONE', #3602, #9729 ) ;
#2797 = STYLED_ITEM ( 'NONE', ( #3134 ), #9378 ) ;
#2798 = ORIENTED_EDGE ( 'NONE', *, *, #1563, .F. ) ;
#2799 = EDGE_CURVE ( 'NONE', #9504, #9280, #68, .T. ) ;
#2800 = ORIENTED_EDGE ( 'NONE', *, *, #821, .F. ) ;
#2801 = PLANE ( 'NONE',  #8848 ) ;
#2802 = DIRECTION ( 'NONE',  ( 1.000000000000000000, 0.000000000000000000, 8.340016711426957754E-17 ) ) ;
#2803 = FACE_OUTER_BOUND ( 'NONE', #2573, .T. ) ;
#2804 = LINE ( 'NONE', #3437, #578 ) ;
#2805 = ORIENTED_EDGE ( 'NONE', *, *, #7138, .T. ) ;
#2806 = AXIS2_PLACEMENT_3D ( 'NONE', #5458, #7249, #894 ) ;
#2807 = PLANE ( 'NONE',  #1332 ) ;
#2808 =( BOUNDED_CURVE ( )  B_SPLINE_CURVE ( 3, ( #10332, #2365, #8593, #2955 ),
 .UNSPECIFIED., .F., .F. ) 
 B_SPLINE_CURVE_WITH_KNOTS ( ( 4, 4 ),
 ( 3.864326901403203784, 4.188790204786389637 ),
 .UNSPECIFIED. ) 
 CURVE ( )  GEOMETRIC_REPRESENTATION_ITEM ( )  RATIONAL_B_SPLINE_CURVE ( ( 1.000000000000000000, 0.9912461883984127198, 0.9912461883984127198, 1.000000000000000000 ) ) 
 REPRESENTATION_ITEM ( '' )  );
#2809 = EDGE_CURVE ( 'NONE', #6416, #10623, #1786, .T. ) ;
#2810 = DIRECTION ( 'NONE',  ( -0.7071067811865469066, 0.000000000000000000, 0.7071067811865482389 ) ) ;
#2811 = EDGE_CURVE ( 'NONE', #9518, #11188, #3245, .T. ) ;
#2812 = EDGE_LOOP ( 'NONE', ( #10022, #4219, #2469, #6036 ) ) ;
#2813 = VERTEX_POINT ( 'NONE', #8900 ) ;
#2814 = AXIS2_PLACEMENT_3D ( 'NONE', #5518, #8122, #1832 ) ;
#2815 = DIRECTION ( 'NONE',  ( -0.7071067811865489050, 0.000000000000000000, -0.7071067811865461294 ) ) ;
#2816 = DIRECTION ( 'NONE',  ( -1.000000000000000000, 0.000000000000000000, -8.340016711426966382E-17 ) ) ;
#2817 = CARTESIAN_POINT ( 'NONE',  ( 0.7250000000000009770, 0.1999999999999999833, 0.8999999999999993561 ) ) ;
#2818 = LINE ( 'NONE', #5525, #9601 ) ;
#2820 = AXIS2_PLACEMENT_3D ( 'NONE', #1069, #1129, #4649 ) ;
#2819 = CARTESIAN_POINT ( 'NONE',  ( -1.300000000000000044, 0.9846177413237633402, 1.124999999999998890 ) ) ;
#2821 = LINE ( 'NONE', #5528, #4960 ) ;
#2822 = AXIS2_PLACEMENT_3D ( 'NONE', #7787, #9752, #3451 ) ;
#2823 = ORIENTED_EDGE ( 'NONE', *, *, #10775, .T. ) ;
#2824 = VERTEX_POINT ( 'NONE', #4501 ) ;
#2825 = VECTOR ( 'NONE', #2046, 1000.000000000000000 ) ;
#2826 = ORIENTED_EDGE ( 'NONE', *, *, #1816, .F. ) ;
#2827 = CARTESIAN_POINT ( 'NONE',  ( -0.3750000000000007772, 0.01000000000000005398, -1.224999999999999867 ) ) ;
#2828 = CARTESIAN_POINT ( 'NONE',  ( 1.224999999999999645, 0.9846177413237633402, 0.8999999999999993561 ) ) ;
#2829 = UNCERTAINTY_MEASURE_WITH_UNIT (LENGTH_MEASURE( 1.000000000000000082E-05 ), #10634, 'distance_accuracy_value', 'NONE');
#2830 = EDGE_CURVE ( 'NONE', #6900, #10923, #7153, .T. ) ;
#2831 = CARTESIAN_POINT ( 'NONE',  ( 1.250000000000000000, 0.2000000000000000111, -0.4000000000000001887 ) ) ;
#2832 = EDGE_CURVE ( 'NONE', #964, #9021, #1208, .T. ) ;
#2833 = DIRECTION ( 'NONE',  ( 1.000000000000000000, 0.000000000000000000, 8.340016711426957754E-17 ) ) ;
#2834 = CARTESIAN_POINT ( 'NONE',  ( 0.3625000000000028200, 0.2000000000000000111, -1.062499999999999556 ) ) ;
#2835 = CARTESIAN_POINT ( 'NONE',  ( -1.093800711959200145, 1.050000000000000044, -0.8859432889494202046 ) ) ;
#2836 = LINE ( 'NONE', #3008, #6403 ) ;
#2837 = AXIS2_PLACEMENT_3D ( 'NONE', #5124, #11209, #1663 ) ;
#2838 = ORIENTED_EDGE ( 'NONE', *, *, #8391, .F. ) ;
#2839 = ORIENTED_EDGE ( 'NONE', *, *, #3043, .F. ) ;
#2840 = CARTESIAN_POINT ( 'NONE',  ( -0.7575761381246520765, 0.9500000000000000666, -0.8859432889494202046 ) ) ;
#2841 = EDGE_CURVE ( 'NONE', #10539, #613, #3418, .T. ) ;
#2842 = EDGE_CURVE ( 'NONE', #2338, #2059, #1157, .T. ) ;
#2843 = VERTEX_POINT ( 'NONE', #10866 ) ;
#2844 = ORIENTED_EDGE ( 'NONE', *, *, #399, .F. ) ;
#2845 = DIRECTION ( 'NONE',  ( 0.000000000000000000, -1.000000000000000000, 0.000000000000000000 ) ) ;
#2846 = DIRECTION ( 'NONE',  ( -0.7071067811865482389, 0.000000000000000000, -0.7071067811865469066 ) ) ;
#2847 = CARTESIAN_POINT ( 'NONE',  ( 0.6250000000000008882, 0.9846177413237633402, 1.225000000000004974 ) ) ;
#2848 = LINE ( 'NONE', #6592, #758 ) ;
#2849 = VERTEX_POINT ( 'NONE', #8198 ) ;
#2850 = LINE ( 'NONE', #1811, #4220 ) ;
#2851 = ORIENTED_EDGE ( 'NONE', *, *, #9905, .T. ) ;
#2852 = ADVANCED_FACE ( 'NONE', ( #10105 ), #6347, .F. ) ;
#2853 = ORIENTED_EDGE ( 'NONE', *, *, #10891, .T. ) ;
#2854 = DIRECTION ( 'NONE',  ( -1.292702590271175087E-14, -0.000000000000000000, -1.000000000000000000 ) ) ;
#2855 =( BOUNDED_CURVE ( )  B_SPLINE_CURVE ( 3, ( #8953, #9589, #6172, #3459 ),
 .UNSPECIFIED., .F., .F. ) 
 B_SPLINE_CURVE_WITH_KNOTS ( ( 4, 4 ),
 ( 5.235987755982987935, 5.560451059366172899 ),
 .UNSPECIFIED. ) 
 CURVE ( )  GEOMETRIC_REPRESENTATION_ITEM ( )  RATIONAL_B_SPLINE_CURVE ( ( 1.000000000000000000, 0.9912461883984127198, 0.9912461883984127198, 1.000000000000000000 ) ) 
 REPRESENTATION_ITEM ( '' )  );
#2856 = ORIENTED_EDGE ( 'NONE', *, *, #780, .T. ) ;
#2857 = VERTEX_POINT ( 'NONE', #3857 ) ;
#2858 = DIRECTION ( 'NONE',  ( 0.7071067811865491270, 0.000000000000000000, -0.7071067811865459074 ) ) ;
#2859 = DIRECTION ( 'NONE',  ( 5.652677993300369151E-16, 0.000000000000000000, -1.000000000000000000 ) ) ;
#2860 = LINE ( 'NONE', #6376, #786 ) ;
#2861 = CARTESIAN_POINT ( 'NONE',  ( 0.1250000000000013323, 0.000000000000000000, -0.9249999999999992673 ) ) ;
#2862 = ORIENTED_EDGE ( 'NONE', *, *, #1546, .F. ) ;
#2863 = LINE ( 'NONE', #6207, #7602 ) ;
#2864 = LINE ( 'NONE', #6381, #11195 ) ;
#2865 = DIRECTION ( 'NONE',  ( 1.000000000000000000, 0.000000000000000000, -2.780005570475647818E-16 ) ) ;
#2866 = VERTEX_POINT ( 'NONE', #3001 ) ;
#2867 = ORIENTED_EDGE ( 'NONE', *, *, #1579, .F. ) ;
#2868 = ADVANCED_FACE ( 'NONE', ( #9070 ), #239, .F. ) ;
#2869 = PLANE ( 'NONE',  #5145 ) ;
#2870 = CARTESIAN_POINT ( 'NONE',  ( -0.8500000000000001998, 0.1999999999999996503, -1.299999999999999822 ) ) ;
#2871 = AXIS2_PLACEMENT_3D ( 'NONE', #2710, #1852, #5359 ) ;
#2872 =( BOUNDED_CURVE ( )  B_SPLINE_CURVE ( 3, ( #9525, #1664, #975, #3850 ),
 .UNSPECIFIED., .F., .F. ) 
 B_SPLINE_CURVE_WITH_KNOTS ( ( 4, 4 ),
 ( 3.864326901403216219, 4.188790204786387861 ),
 .UNSPECIFIED. ) 
 CURVE ( )  GEOMETRIC_REPRESENTATION_ITEM ( )  RATIONAL_B_SPLINE_CURVE ( ( 1.000000000000000000, 0.9912461883984136080, 0.9912461883984136080, 1.000000000000000000 ) ) 
 REPRESENTATION_ITEM ( '' )  );
#2873 = DIRECTION ( 'NONE',  ( -1.000000000000000000, 0.000000000000000000, -8.340016711426957754E-17 ) ) ;
#2874 = CARTESIAN_POINT ( 'NONE',  ( 0.8500000000000010880, 0.01000000000000005398, -1.250000000000005107 ) ) ;
#2875 = DIRECTION ( 'NONE',  ( -1.000000000000000000, 0.000000000000000000, -8.340016711426966382E-17 ) ) ;
#2876 = DIRECTION ( 'NONE',  ( -0.7071067811865469066, 0.000000000000000000, 0.7071067811865482389 ) ) ;
#2877 = CARTESIAN_POINT ( 'NONE',  ( 0.9249999999999999334, 0.2000000000000000111, -0.5000000000000002220 ) ) ;
#2878 = EDGE_CURVE ( 'NONE', #2599, #3535, #9009, .T. ) ;
#2879 = CARTESIAN_POINT ( 'NONE',  ( 1.300000000000000044, 0.9846177413237633402, -1.124999999999998890 ) ) ;
#2880 = VECTOR ( 'NONE', #7649, 1000.000000000000000 ) ;
#2881 = ORIENTED_EDGE ( 'NONE', *, *, #11352, .F. ) ;
#2882 = ORIENTED_EDGE ( 'NONE', *, *, #7926, .T. ) ;
#2883 = CARTESIAN_POINT ( 'NONE',  ( -0.9250000000000001554, 0.1999999999999999833, -0.5000000000000002220 ) ) ;
#2884 = EDGE_CURVE ( 'NONE', #7108, #5316, #7384, .T. ) ;
#2885 = DIRECTION ( 'NONE',  ( 2.276824562219558365E-14, 1.776356839400251648E-15, -1.000000000000000000 ) ) ;
#2886 = EDGE_CURVE ( 'NONE', #9768, #5551, #3693, .T. ) ;
#2887 = CARTESIAN_POINT ( 'NONE',  ( -0.6499999999999999112, 0.9846177413237633402, -1.300000000000005596 ) ) ;
#2888 = CIRCLE ( 'NONE', #5466, 0.1250000000000000278 ) ;
#2889 = CARTESIAN_POINT ( 'NONE',  ( -1.225000000000000089, 0.2000000000000000111, 0.6249999999999997780 ) ) ;
#2890 = ADVANCED_FACE ( 'NONE', ( #4615 ), #7213, .F. ) ;
#2891 = CARTESIAN_POINT ( 'NONE',  ( -1.225000000000000089, 0.2000000000000000111, 0.3749999999999998890 ) ) ;
#2892 = DIRECTION ( 'NONE',  ( 1.000000000000000000, 0.000000000000000000, 8.340016711426957754E-17 ) ) ;
#2893 = CARTESIAN_POINT ( 'NONE',  ( -1.300000000000000044, 0.7590169943749474069, -0.6000000000000001998 ) ) ;
#2894 = ORIENTED_EDGE ( 'NONE', *, *, #7444, .T. ) ;
#2895 = EDGE_LOOP ( 'NONE', ( #3764, #8961, #496, #10701 ) ) ;
#2896 = LINE ( 'NONE', #3646, #2543 ) ;
#2897 = ORIENTED_EDGE ( 'NONE', *, *, #6988, .T. ) ;
#2898 = EDGE_LOOP ( 'NONE', ( #3428, #4000, #498, #5674 ) ) ;
#2899 = CARTESIAN_POINT ( 'NONE',  ( -0.9256884250419260551, 0.9500000000000000666, -0.8859432889494202046 ) ) ;
#2900 = DIRECTION ( 'NONE',  ( -1.167602339599772458E-15, 0.000000000000000000, 1.000000000000000000 ) ) ;
#2901 = PRESENTATION_STYLE_ASSIGNMENT (( #3941 ) ) ;
#2902 = VERTEX_POINT ( 'NONE', #10052 ) ;
#2903 = CIRCLE ( 'NONE', #11386, 0.1250000000000000000 ) ;
#2904 = EDGE_CURVE ( 'NONE', #1484, #7412, #1558, .T. ) ;
#2905 = DIRECTION ( 'NONE',  ( 1.000000000000000000, 0.000000000000000000, 8.340016711426966382E-17 ) ) ;
#2906 = AXIS2_PLACEMENT_3D ( 'NONE', #8907, #810, #6125 ) ;
#2907 = ORIENTED_EDGE ( 'NONE', *, *, #9669, .T. ) ;
#2908 = ADVANCED_FACE ( 'NONE', ( #4844, #345 ), #2141, .T. ) ;
#2909 = ORIENTED_EDGE ( 'NONE', *, *, #2650, .T. ) ;
#2910 = CARTESIAN_POINT ( 'NONE',  ( 1.300000000000000044, 0.000000000000000000, 1.124999999999999334 ) ) ;
#2911 = EDGE_CURVE ( 'NONE', #2667, #10659, #9177, .T. ) ;
#2912 = CLOSED_SHELL ( 'NONE', ( #6628, #10994, #3508, #5257, #11383, #2091, #10877, #4875, #3947, #1419, #9383, #7843, #116, #2908, #7091, #7621, #1187, #1646, #9642, #7807, #479, #9919, #6150, #1249, #5978, #10373, #7995, #9390, #6167, #10223, #9847, #9542, #2586, #8139, #8529, #984, #4667, #2953, #4151, #8591, #3460, #6253, #4072, #2723, #7023, #286, #3609, #5731, #9474, #11294, #10340, #3325, #7670, #4091, #9946, #10290, #3239, #5225, #3724, #2333, #5721, #6532, #4382, #9453, #8036, #10014, #3282, #1134, #4979, #167, #4499, #9864, #9968, #89, #2852, #8296, #10360, #10737, #3870, #9160, #2005, #1904, #5415, #4559, #4985, #7114, #1359, #5048, #2890, #5802, #7087, #3781, #3965, #5917, #65, #10529, #5542, #2640, #7208, #7907, #507, #11370, #1989, #1688, #4813, #10018, #9802, #1330, #1068, #11092, #2868, #211, #4433, #9090, #8031, #465, #9722, #7664, #4736, #9344, #7814, #9522, #10257, #6632, #3757, #9681, #744, #7250, #3352, #1807, #3638, #6146, #3243, #6181, #2997, #6716, #1140, #10129, #9172, #1072, #9118, #787, #5154, #2366, #6922, #2146, #11033, #3100, #1960, #5319, #3051, #1818, #8846, #235, #6574, #1676, #5118, #2070 ) ) ;
#2913 = ORIENTED_EDGE ( 'NONE', *, *, #1550, .F. ) ;
#2914 = VECTOR ( 'NONE', #8094, 1000.000000000000000 ) ;
#2915 = EDGE_LOOP ( 'NONE', ( #3261, #1058, #118, #928 ) ) ;
#2916 = PRESENTATION_LAYER_ASSIGNMENT (  '', '', ( #4205 ) ) ;
#2917 = CARTESIAN_POINT ( 'NONE',  ( -0.8000000000000001554, 0.7590169943749472958, 0.4999999999999997780 ) ) ;
#2918 = CARTESIAN_POINT ( 'NONE',  ( -1.225000000000000089, 0.06614378277661496497, -0.1250000000000000278 ) ) ;
#2919 = DIRECTION ( 'NONE',  ( 1.000000000000000000, 0.000000000000000000, -1.075862155774079406E-14 ) ) ;
#2920 = CARTESIAN_POINT ( 'NONE',  ( 0.7250000000000010880, 0.000000000000000000, -0.9999999999999991118 ) ) ;
#2921 = ORIENTED_EDGE ( 'NONE', *, *, #5649, .T. ) ;
#2922 = DIRECTION ( 'NONE',  ( -1.087828266707871075E-17, 0.000000000000000000, -1.000000000000000000 ) ) ;
#2923 = CARTESIAN_POINT ( 'NONE',  ( 1.299999999999999822, 0.000000000000000000, -0.1000000000000001582 ) ) ;
#2924 = CARTESIAN_POINT ( 'NONE',  ( -1.225000000000000089, 0.2000000000000000111, 0.1249999999999998335 ) ) ;
#2925 =( LENGTH_UNIT ( ) NAMED_UNIT ( * ) SI_UNIT ( .MILLI., .METRE. ) );
#2926 = VERTEX_POINT ( 'NONE', #2827 ) ;
#2927 = EDGE_CURVE ( 'NONE', #2866, #10379, #3921, .T. ) ;
#2928 = ORIENTED_EDGE ( 'NONE', *, *, #6772, .F. ) ;
#2929 = LINE ( 'NONE', #10973, #4959 ) ;
#2930 = DIRECTION ( 'NONE',  ( 1.000000000000000000, -0.000000000000000000, 8.340016711426957754E-17 ) ) ;
#2931 = CARTESIAN_POINT ( 'NONE',  ( -1.300000000000000266, 0.000000000000000000, -1.149999999999998801 ) ) ;
#2932 = DIRECTION ( 'NONE',  ( -0.000000000000000000, -1.000000000000000000, 0.000000000000000000 ) ) ;
#2933 = ORIENTED_EDGE ( 'NONE', *, *, #3262, .T. ) ;
#2934 = VECTOR ( 'NONE', #201, 1000.000000000000000 ) ;
#2935 = DIRECTION ( 'NONE',  ( 1.000000000000000000, 0.000000000000000000, 0.000000000000000000 ) ) ;
#2936 = DIRECTION ( 'NONE',  ( 1.000000000000000000, 0.000000000000000000, 1.918203843628200456E-16 ) ) ;
#2937 = SURFACE_STYLE_FILL_AREA ( #4718 ) ;
#2938 = EDGE_CURVE ( 'NONE', #2722, #11173, #4897, .T. ) ;
#2939 = ORIENTED_EDGE ( 'NONE', *, *, #10074, .T. ) ;
#2940 = VECTOR ( 'NONE', #6793, 1000.000000000000000 ) ;
#2941 = CIRCLE ( 'NONE', #1090, 0.1250000000000000000 ) ;
#2942 = ORIENTED_EDGE ( 'NONE', *, *, #10229, .T. ) ;
#2943 = CARTESIAN_POINT ( 'NONE',  ( 0.8750000000000007772, 0.06614378277662061323, 1.225000000000005196 ) ) ;
#2944 = DIRECTION ( 'NONE',  ( 0.7071067811865461294, 0.000000000000000000, -0.7071067811865489050 ) ) ;
#2945 = ADVANCED_FACE ( 'NONE', ( #6400 ), #7440, .F. ) ;
#2946 = LINE ( 'NONE', #9302, #8123 ) ;
#2947 = CARTESIAN_POINT ( 'NONE',  ( 1.050000000000001155, 0.01000000000000000021, -1.050000000000006040 ) ) ;
#2948 = CARTESIAN_POINT ( 'NONE',  ( -1.250000000000000000, 0.2000000000000000111, 0.5999999999999998668 ) ) ;
#2949 = VECTOR ( 'NONE', #660, 1000.000000000000000 ) ;
#2950 = DIRECTION ( 'NONE',  ( -0.000000000000000000, -1.000000000000000000, 0.000000000000000000 ) ) ;
#2951 = VERTEX_POINT ( 'NONE', #4201 ) ;
#2952 = AXIS2_PLACEMENT_3D ( 'NONE', #404, #3922, #1158 ) ;
#2953 = ADVANCED_FACE ( 'NONE', ( #1433 ), #6865, .T. ) ;
#2954 = ORIENTED_EDGE ( 'NONE', *, *, #6476, .T. ) ;
#2955 = CARTESIAN_POINT ( 'NONE',  ( 1.249999999999999778, 0.08660254037844393460, 1.124999999999999778 ) ) ;
#2956 = ORIENTED_EDGE ( 'NONE', *, *, #7463, .F. ) ;
#2957 = VECTOR ( 'NONE', #5363, 1000.000000000000000 ) ;
#2958 = VECTOR ( 'NONE', #281, 1000.000000000000000 ) ;
#2959 = ORIENTED_EDGE ( 'NONE', *, *, #2454, .T. ) ;
#2960 = FACE_OUTER_BOUND ( 'NONE', #5324, .T. ) ;
#2961 = DIRECTION ( 'NONE',  ( -1.000000000000000000, 0.000000000000000000, 0.000000000000000000 ) ) ;
#2962 = LINE ( 'NONE', #10996, #9036 ) ;
#2963 = CIRCLE ( 'NONE', #7752, 0.1250000000000000000 ) ;
#2964 = LINE ( 'NONE', #140, #4482 ) ;
#2965 = FILL_AREA_STYLE_COLOUR ( '', #4450 ) ;
#2966 = ORIENTED_EDGE ( 'NONE', *, *, #7323, .F. ) ;
#2967 = VECTOR ( 'NONE', #2702, 1000.000000000000000 ) ;
#2968 = DIRECTION ( 'NONE',  ( -0.000000000000000000, -1.000000000000000000, 0.000000000000000000 ) ) ;
#2969 = ORIENTED_EDGE ( 'NONE', *, *, #11256, .T. ) ;
#2970 = ORIENTED_EDGE ( 'NONE', *, *, #4026, .T. ) ;
#2971 = CARTESIAN_POINT ( 'NONE',  ( -0.9249999999999998224, 0.2000000000000000111, 0.6249999999999997780 ) ) ;
#2972 = VECTOR ( 'NONE', #5391, 1000.000000000000000 ) ;
#2973 = ORIENTED_EDGE ( 'NONE', *, *, #695, .F. ) ;
#2974 = CIRCLE ( 'NONE', #10721, 0.1000000000000000472 ) ;
#2975 = VERTEX_POINT ( 'NONE', #6806 ) ;
#2976 = FACE_OUTER_BOUND ( 'NONE', #5932, .T. ) ;
#2977 = ADVANCED_FACE ( 'NONE', ( #4953 ), #1379, .T. ) ;
#2978 = CARTESIAN_POINT ( 'NONE',  ( -1.300000000000000266, 0.000000000000000000, -1.149999999999998801 ) ) ;
#2979 = FACE_OUTER_BOUND ( 'NONE', #38, .T. ) ;
#2980 = EDGE_LOOP ( 'NONE', ( #790, #6774, #7915, #8922, #2489, #1000, #9376, #10729, #5505, #2851, #187, #26, #8855, #2823, #9965 ) ) ;
#2981 = EDGE_CURVE ( 'NONE', #5672, #10201, #11036, .T. ) ;
#2983 = AXIS2_PLACEMENT_3D ( 'NONE', #6587, #3876, #7455 ) ;
#2982 = CARTESIAN_POINT ( 'NONE',  ( 1.300000000000000044, 0.000000000000000000, 1.149999999999999023 ) ) ;
#2984 = FACE_OUTER_BOUND ( 'NONE', #1167, .T. ) ;
#2985 = PRESENTATION_LAYER_ASSIGNMENT (  '', '', ( #10924 ) ) ;
#2986 = CARTESIAN_POINT ( 'NONE',  ( 0.4250000000000011546, 0.01000000000000000021, 0.4250000000000003775 ) ) ;
#2987 = ORIENTED_EDGE ( 'NONE', *, *, #6127, .F. ) ;
#2988 = EDGE_CURVE ( 'NONE', #3882, #2722, #3057, .T. ) ;
#2989 = VERTEX_POINT ( 'NONE', #458 ) ;
#2990 = CARTESIAN_POINT ( 'NONE',  ( 1.225000000000000089, 0.7590169943749474069, -0.1250000000000002220 ) ) ;
#2991 = CARTESIAN_POINT ( 'NONE',  ( -1.300000000000000044, 0.7590169943749474069, -0.1000000000000001582 ) ) ;
#2992 = VECTOR ( 'NONE', #11227, 1000.000000000000000 ) ;
#2993 = DIRECTION ( 'NONE',  ( 1.959903927185304452E-14, 0.000000000000000000, -1.000000000000000000 ) ) ;
#2994 = CARTESIAN_POINT ( 'NONE',  ( -0.3750000000000008882, 0.000000000000000000, 1.300000000000000266 ) ) ;
#2995 = VERTEX_POINT ( 'NONE', #9352 ) ;
#2996 = CARTESIAN_POINT ( 'NONE',  ( -0.8500000000000010880, 0.08660254037844680730, 1.250000000000005107 ) ) ;
#2997 = ADVANCED_FACE ( 'NONE', ( #6636 ), #516, .F. ) ;
#2998 = VECTOR ( 'NONE', #454, 1000.000000000000000 ) ;
#2999 = ORIENTED_EDGE ( 'NONE', *, *, #5838, .T. ) ;
#3000 = ORIENTED_EDGE ( 'NONE', *, *, #3511, .F. ) ;
#3001 = CARTESIAN_POINT ( 'NONE',  ( 0.9249999999999998224, 0.1999999999999999833, 0.3749999999999997224 ) ) ;
#3002 = DIRECTION ( 'NONE',  ( 0.000000000000000000, 1.000000000000000000, 0.000000000000000000 ) ) ;
#3003 = VECTOR ( 'NONE', #10551, 1000.000000000000000 ) ;
#3004 = DIRECTION ( 'NONE',  ( -1.000000000000000000, 0.000000000000000000, -1.959903927185304452E-14 ) ) ;
#3005 = EDGE_CURVE ( 'NONE', #3388, #4271, #6748, .T. ) ;
#3006 = FACE_OUTER_BOUND ( 'NONE', #7337, .T. ) ;
#3007 = CARTESIAN_POINT ( 'NONE',  ( 0.6250000000000007772, 0.1999999999999999833, 0.9999999999999991118 ) ) ;
#3008 = CARTESIAN_POINT ( 'NONE',  ( 0.9249999999999998224, 0.000000000000000000, 0.6249999999999997780 ) ) ;
#3009 = ORIENTED_EDGE ( 'NONE', *, *, #5441, .T. ) ;
#3010 = LINE ( 'NONE', #8726, #6203 ) ;
#3011 = MECHANICAL_DESIGN_GEOMETRIC_PRESENTATION_REPRESENTATION (  '', ( #9840 ), #11322 ) ;
#3012 = EDGE_CURVE ( 'NONE', #2353, #8294, #576, .T. ) ;
#3013 = ORIENTED_EDGE ( 'NONE', *, *, #4847, .F. ) ;
#3014 = ORIENTED_EDGE ( 'NONE', *, *, #9471, .T. ) ;
#3015 = VERTEX_POINT ( 'NONE', #3229 ) ;
#3016 = DIRECTION ( 'NONE',  ( -8.340016711426957754E-17, 0.000000000000000000, 1.000000000000000000 ) ) ;
#3017 = LINE ( 'NONE', #11051, #6645 ) ;
#3018 = EDGE_CURVE ( 'NONE', #2167, #2813, #5820, .T. ) ;
#3019 = CARTESIAN_POINT ( 'NONE',  ( -1.300000000000000044, 0.9846177413237633402, -0.9249999999999999334 ) ) ;
#3020 = EDGE_CURVE ( 'NONE', #1571, #9321, #6187, .T. ) ;
#3021 = CARTESIAN_POINT ( 'NONE',  ( -0.3500000000000008105, 0.1999999999999999833, -1.249999999999999778 ) ) ;
#3022 = DIRECTION ( 'NONE',  ( -0.7071067811865459074, 0.000000000000000000, -0.7071067811865491270 ) ) ;
#3023 = EDGE_LOOP ( 'NONE', ( #7584, #3800, #10319, #7423 ) ) ;
#3024 = EDGE_CURVE ( 'NONE', #7383, #5984, #5010, .T. ) ;
#3025 = CARTESIAN_POINT ( 'NONE',  ( 0.5000000000000003331, 0.2000000000000000944, 0.4999999999999997780 ) ) ;
#3026 = ORIENTED_EDGE ( 'NONE', *, *, #10424, .T. ) ;
#3027 = EDGE_CURVE ( 'NONE', #1580, #7194, #7666, .T. ) ;
#3028 = VERTEX_POINT ( 'NONE', #7613 ) ;
#3029 = DIRECTION ( 'NONE',  ( 1.000000000000000000, -0.000000000000000000, -2.085004177856743210E-15 ) ) ;
#3030 = VERTEX_POINT ( 'NONE', #11205 ) ;
#3031 = ORIENTED_EDGE ( 'NONE', *, *, #4742, .F. ) ;
#3032 = FACE_OUTER_BOUND ( 'NONE', #5046, .T. ) ;
#3033 = EDGE_CURVE ( 'NONE', #10913, #6615, #1602, .T. ) ;
#3034 = DIRECTION ( 'NONE',  ( 0.7071067811865491270, 0.000000000000000000, -0.7071067811865459074 ) ) ;
#3035 = LINE ( 'NONE', #1014, #1716 ) ;
#3036 = CARTESIAN_POINT ( 'NONE',  ( -0.8749999999999992228, 0.1999999999999999833, 1.149999999999999911 ) ) ;
#3037 = ORIENTED_EDGE ( 'NONE', *, *, #7035, .F. ) ;
#3038 = DIRECTION ( 'NONE',  ( -0.000000000000000000, -1.000000000000000000, 0.000000000000000000 ) ) ;
#3039 = DIRECTION ( 'NONE',  ( -1.000000000000000000, 0.000000000000000000, -8.340016711426957754E-17 ) ) ;
#3040 = ORIENTED_EDGE ( 'NONE', *, *, #3591, .F. ) ;
#3041 = DIRECTION ( 'NONE',  ( -1.000000000000000000, 0.000000000000000000, 2.032879073410320025E-15 ) ) ;
#3042 = VERTEX_POINT ( 'NONE', #5942 ) ;
#3043 = EDGE_CURVE ( 'NONE', #10649, #2599, #1574, .T. ) ;
#3044 = ORIENTED_EDGE ( 'NONE', *, *, #9131, .T. ) ;
#3045 = CARTESIAN_POINT ( 'NONE',  ( -0.9250000000000001554, 0.2000000000000000111, -1.855653718292498106E-16 ) ) ;
#3046 = DIRECTION ( 'NONE',  ( 8.340016711426957754E-17, 0.000000000000000000, -1.000000000000000000 ) ) ;
#3047 = CARTESIAN_POINT ( 'NONE',  ( 0.8500000000000010880, 0.08660254037844704322, -1.250000000000005107 ) ) ;
#3048 = CARTESIAN_POINT ( 'NONE',  ( -1.300000000000000044, 0.1999999999999999833, 0.9249999999999997113 ) ) ;
#3049 = ORIENTED_EDGE ( 'NONE', *, *, #8817, .F. ) ;
#3050 = DIRECTION ( 'NONE',  ( -0.000000000000000000, -1.000000000000000000, 0.000000000000000000 ) ) ;
#3051 = ADVANCED_FACE ( 'NONE', ( #2369 ), #5876, .F. ) ;
#3052 = PLANE ( 'NONE',  #6791 ) ;
#3053 = PLANE ( 'NONE',  #5017 ) ;
#3054 = EDGE_CURVE ( 'NONE', #7808, #8010, #3115, .T. ) ;
#3055 = ORIENTED_EDGE ( 'NONE', *, *, #3785, .T. ) ;
#3056 = EDGE_CURVE ( 'NONE', #2179, #6423, #1552, .T. ) ;
#3057 = CIRCLE ( 'NONE', #4712, 0.1250000000000000000 ) ;
#3058 = ORIENTED_EDGE ( 'NONE', *, *, #7948, .T. ) ;
#3059 = CARTESIAN_POINT ( 'NONE',  ( -1.250000000000000000, 0.2000000000000000111, 0.09999999999999982514 ) ) ;
#3060 = CARTESIAN_POINT ( 'NONE',  ( -0.9249999999999998224, 0.2000000000000000111, 0.6249999999999997780 ) ) ;
#3061 = UNCERTAINTY_MEASURE_WITH_UNIT (LENGTH_MEASURE( 1.000000000000000082E-05 ), #6930, 'distance_accuracy_value', 'NONE');
#3062 = DIRECTION ( 'NONE',  ( -8.340016711426957754E-17, 0.000000000000000000, 1.000000000000000000 ) ) ;
#3063 =( NAMED_UNIT ( * ) PLANE_ANGLE_UNIT ( ) SI_UNIT ( $, .RADIAN. ) );
#3064 = DIRECTION ( 'NONE',  ( -1.087828266707871075E-17, 0.000000000000000000, -1.000000000000000000 ) ) ;
#3065 = COLOUR_RGB ( '',0.7921568627450980005, 0.8196078431372548767, 0.9333333333333333481 ) ;
#3066 = DIRECTION ( 'NONE',  ( -0.7071067811865451302, 0.000000000000000000, -0.7071067811865499042 ) ) ;
#3067 = ORIENTED_EDGE ( 'NONE', *, *, #7868, .F. ) ;
#3068 = CARTESIAN_POINT ( 'NONE',  ( 1.224999999999999645, 0.1999999999999999833, 1.149999999999999911 ) ) ;
#3069 = ORIENTED_EDGE ( 'NONE', *, *, #8085, .F. ) ;
#3070 = ORIENTED_EDGE ( 'NONE', *, *, #3901, .T. ) ;
#3071 = ORIENTED_EDGE ( 'NONE', *, *, #6040, .T. ) ;
#3072 = DIRECTION ( 'NONE',  ( -0.7071067811865491270, 0.000000000000000000, 0.7071067811865459074 ) ) ;
#3073 = DIRECTION ( 'NONE',  ( -1.959903927185304452E-14, 0.000000000000000000, 1.000000000000000000 ) ) ;
#3074 = VECTOR ( 'NONE', #3190, 1000.000000000000000 ) ;
#3075 = DIRECTION ( 'NONE',  ( 0.000000000000000000, -1.000000000000000000, 0.000000000000000000 ) ) ;
#3076 = CARTESIAN_POINT ( 'NONE',  ( 1.300000000000000044, 0.1999999999999999833, 0.9249999999999999334 ) ) ;
#3077 = CARTESIAN_POINT ( 'NONE',  ( 0.1500000000000000222, 0.1999999999999999833, -1.300000000000000266 ) ) ;
#3078 = ORIENTED_EDGE ( 'NONE', *, *, #7450, .F. ) ;
#3079 = CARTESIAN_POINT ( 'NONE',  ( 0.3500000000000008105, 0.01000000000000005398, 1.249999999999999778 ) ) ;
#3080 = VERTEX_POINT ( 'NONE', #1838 ) ;
#3081 = VECTOR ( 'NONE', #752, 1000.000000000000000 ) ;
#3082 = ORIENTED_EDGE ( 'NONE', *, *, #8437, .T. ) ;
#3083 = DIRECTION ( 'NONE',  ( 0.000000000000000000, 1.000000000000000000, 0.000000000000000000 ) ) ;
#3084 = EDGE_CURVE ( 'NONE', #2179, #6715, #903, .T. ) ;
#3085 = EDGE_LOOP ( 'NONE', ( #8842, #3478, #3707, #8913 ) ) ;
#3086 = ORIENTED_EDGE ( 'NONE', *, *, #714, .T. ) ;
#3087 = PLANE ( 'NONE',  #4601 ) ;
#3088 = CARTESIAN_POINT ( 'NONE',  ( -0.8000000000000001554, 0.000000000000000000, 0.4999999999999997780 ) ) ;
#3089 = EDGE_CURVE ( 'NONE', #7227, #3488, #1773, .T. ) ;
#3090 = CARTESIAN_POINT ( 'NONE',  ( -1.250000000000000000, 0.1999999999999999833, 0.9249999999999991562 ) ) ;
#3091 = PLANE ( 'NONE',  #8134 ) ;
#3092 = VERTEX_POINT ( 'NONE', #10498 ) ;
#3093 = LINE ( 'NONE', #3837, #10748 ) ;
#3094 = FACE_OUTER_BOUND ( 'NONE', #478, .T. ) ;
#3095 = ORIENTED_EDGE ( 'NONE', *, *, #7702, .T. ) ;
#3096 = DIRECTION ( 'NONE',  ( 0.7071067811865491270, 0.000000000000000000, -0.7071067811865459074 ) ) ;
#3097 = CIRCLE ( 'NONE', #4388, 0.1250000000000000000 ) ;
#3098 = ADVANCED_FACE ( 'NONE', ( #7891 ), #1658, .T. ) ;
#3099 = ORIENTED_EDGE ( 'NONE', *, *, #3542, .T. ) ;
#3100 = ADVANCED_FACE ( 'NONE', ( #968 ), #10561, .F. ) ;
#3101 = AXIS2_PLACEMENT_3D ( 'NONE', #6811, #7730, #11271 ) ;
#3102 = VERTEX_POINT ( 'NONE', #2698 ) ;
#3103 = CARTESIAN_POINT ( 'NONE',  ( 1.225000000000000089, 0.2000000000000000111, -0.1250000000000002220 ) ) ;
#3104 = DIRECTION ( 'NONE',  ( -8.340016711426957754E-17, 0.000000000000000000, 1.000000000000000000 ) ) ;
#3105 = DIRECTION ( 'NONE',  ( 1.943223893762450295E-14, 0.000000000000000000, 1.000000000000000000 ) ) ;
#3106 = CARTESIAN_POINT ( 'NONE',  ( -0.6250000000000009992, 0.9846177413237633402, 0.9999999999999991118 ) ) ;
#3107 = VERTEX_POINT ( 'NONE', #3621 ) ;
#3108 = AXIS2_PLACEMENT_3D ( 'NONE', #2583, #9745, #10558 ) ;
#3109 = CARTESIAN_POINT ( 'NONE',  ( 1.250000000000000000, 0.08660254037844405950, 0.09999999999999993616 ) ) ;
#3110 = LINE ( 'NONE', #4024, #10497 ) ;
#3111 = CARTESIAN_POINT ( 'NONE',  ( 0.9249999999999998224, 0.2000000000000000111, -0.6250000000000002220 ) ) ;
#3112 = ORIENTED_EDGE ( 'NONE', *, *, #9673, .F. ) ;
#3113 = VECTOR ( 'NONE', #5197, 1000.000000000000114 ) ;
#3114 = EDGE_LOOP ( 'NONE', ( #1712, #7633, #4916, #4939 ) ) ;
#3115 = LINE ( 'NONE', #11099, #658 ) ;
#3116 = CARTESIAN_POINT ( 'NONE',  ( -1.240592229435182547, 0.08117096151037234142, 0.1094077705648175830 ) ) ;
#3117 = CARTESIAN_POINT ( 'NONE',  ( -1.300000000000000266, 0.000000000000000000, -1.149999999999998801 ) ) ;
#3118 = EDGE_CURVE ( 'NONE', #4820, #1358, #10674, .T. ) ;
#3119 = DIRECTION ( 'NONE',  ( -0.000000000000000000, -1.000000000000000000, 0.000000000000000000 ) ) ;
#3120 = CARTESIAN_POINT ( 'NONE',  ( 0.9249999999999998224, 0.1999999999999999833, 0.3749999999999997224 ) ) ;
#3121 = ADVANCED_FACE ( 'NONE', ( #8885 ), #2756, .T. ) ;
#3122 = DIRECTION ( 'NONE',  ( -2.780005570475647818E-16, -0.000000000000000000, -1.000000000000000000 ) ) ;
#3123 = AXIS2_PLACEMENT_3D ( 'NONE', #8225, #1998, #6320 ) ;
#3124 = AXIS2_PLACEMENT_3D ( 'NONE', #2877, #10047, #10860 ) ;
#3125 = ORIENTED_EDGE ( 'NONE', *, *, #1820, .F. ) ;
#3126 = ORIENTED_EDGE ( 'NONE', *, *, #487, .F. ) ;
#3127 = EDGE_LOOP ( 'NONE', ( #8338, #4577, #8617, #3362 ) ) ;
#3128 = VERTEX_POINT ( 'NONE', #6104 ) ;
#3129 = DIRECTION ( 'NONE',  ( -8.340016711426957754E-17, 0.000000000000000000, 1.000000000000000000 ) ) ;
#3130 = CARTESIAN_POINT ( 'NONE',  ( -1.225000000000000089, 0.7590169943749474069, -0.6250000000000001110 ) ) ;
#3131 = CIRCLE ( 'NONE', #2579, 0.1250000000000000278 ) ;
#3132 = CARTESIAN_POINT ( 'NONE',  ( 0.9249999999999998224, 0.2000000000000000111, 0.1249999999999998196 ) ) ;
#3133 = LINE ( 'NONE', #3021, #5030 ) ;
#3134 = PRESENTATION_STYLE_ASSIGNMENT (( #1394 ) ) ;
#3135 = EDGE_LOOP ( 'NONE', ( #3031, #2671, #2208, #2111 ) ) ;
#3136 = DIRECTION ( 'NONE',  ( -1.309382623694029086E-14, 0.000000000000000000, 1.000000000000000000 ) ) ;
#3137 = ORIENTED_EDGE ( 'NONE', *, *, #8700, .T. ) ;
#3138 = VECTOR ( 'NONE', #3894, 1000.000000000000000 ) ;
#3139 = EDGE_LOOP ( 'NONE', ( #3432, #8390, #11234, #9096, #7392 ) ) ;
#3140 = CARTESIAN_POINT ( 'NONE',  ( 0.8500000000000008660, 0.1999999999999999833, 1.250000000000005107 ) ) ;
#3141 = VECTOR ( 'NONE', #502, 1000.000000000000000 ) ;
#3142 = ORIENTED_EDGE ( 'NONE', *, *, #1181, .T. ) ;
#3143 = AXIS2_PLACEMENT_3D ( 'NONE', #1734, #5480, #4616 ) ;
#3144 = VERTEX_POINT ( 'NONE', #6045 ) ;
#3145 = CARTESIAN_POINT ( 'NONE',  ( -0.6250000000000008882, 0.000000000000000000, -1.225000000000004974 ) ) ;
#3146 = DIRECTION ( 'NONE',  ( -1.000000000000000000, 0.000000000000000000, 2.304624617924156469E-14 ) ) ;
#3147 = CIRCLE ( 'NONE', #4434, 0.1000000000000000472 ) ;
#3148 = DIRECTION ( 'NONE',  ( -0.000000000000000000, -1.000000000000000000, 0.000000000000000000 ) ) ;
#3149 = LINE ( 'NONE', #4929, #8143 ) ;
#3150 = ORIENTED_EDGE ( 'NONE', *, *, #10090, .F. ) ;
#3151 = VECTOR ( 'NONE', #6762, 1000.000000000000000 ) ;
#3152 = EDGE_CURVE ( 'NONE', #10787, #8310, #3394, .T. ) ;
#3153 = CARTESIAN_POINT ( 'NONE',  ( -0.1999999999999974853, 0.2000000000000000944, -0.5000000000000005551 ) ) ;
#3154 = VECTOR ( 'NONE', #2757, 1000.000000000000000 ) ;
#3155 = LINE ( 'NONE', #9218, #10631 ) ;
#3156 = VERTEX_POINT ( 'NONE', #109 ) ;
#3157 = DIRECTION ( 'NONE',  ( 0.000000000000000000, 1.000000000000000000, 0.000000000000000000 ) ) ;
#3158 = AXIS2_PLACEMENT_3D ( 'NONE', #2249, #4835, #6622 ) ;
#3159 = ADVANCED_FACE ( 'NONE', ( #4364 ), #8651, .F. ) ;
#3160 = ORIENTED_EDGE ( 'NONE', *, *, #5947, .T. ) ;
#3161 = ORIENTED_EDGE ( 'NONE', *, *, #6744, .T. ) ;
#3162 = CARTESIAN_POINT ( 'NONE',  ( -0.1250000000000013600, 0.9846177413237633402, 0.9249999999999997113 ) ) ;
#3163 = LINE ( 'NONE', #2418, #10347 ) ;
#3164 = VECTOR ( 'NONE', #5495, 1000.000000000000000 ) ;
#3165 = LINE ( 'NONE', #8641, #7750 ) ;
#3166 = CARTESIAN_POINT ( 'NONE',  ( -0.2500000000000013878, 0.9846177413237633402, 0.9249999999999997113 ) ) ;
#3167 = ORIENTED_EDGE ( 'NONE', *, *, #8283, .F. ) ;
#3168 = EDGE_CURVE ( 'NONE', #8970, #3404, #7783, .T. ) ;
#3169 = AXIS2_PLACEMENT_3D ( 'NONE', #2343, #9446, #8402 ) ;
#3170 = DIRECTION ( 'NONE',  ( -1.000000000000000000, 0.000000000000000000, -8.340016711426957754E-17 ) ) ;
#3171 = DIRECTION ( 'NONE',  ( -1.529003063761606744E-15, 0.000000000000000000, 1.000000000000000000 ) ) ;
#3172 = CARTESIAN_POINT ( 'NONE',  ( -0.6500000000000001332, 0.1999999999999999833, 1.300000000000005596 ) ) ;
#3173 = LINE ( 'NONE', #5818, #5296 ) ;
#3174 = ORIENTED_EDGE ( 'NONE', *, *, #3118, .T. ) ;
#3175 = VECTOR ( 'NONE', #6010, 1000.000000000000000 ) ;
#3176 = ORIENTED_EDGE ( 'NONE', *, *, #7325, .F. ) ;
#3177 = CARTESIAN_POINT ( 'NONE',  ( 0.6250000000000008882, 0.1999999999999999833, 1.225000000000004974 ) ) ;
#3178 = DIRECTION ( 'NONE',  ( 1.000000000000000000, 0.000000000000000000, 2.321304651347009995E-14 ) ) ;
#3179 = UNCERTAINTY_MEASURE_WITH_UNIT (LENGTH_MEASURE( 1.000000000000000082E-05 ), #899, 'distance_accuracy_value', 'NONE');
#3180 = CARTESIAN_POINT ( 'NONE',  ( 1.225000000000000089, 0.06614378277661545069, -0.1250000000000002220 ) ) ;
#3181 = CARTESIAN_POINT ( 'NONE',  ( 0.9249999999999999334, 0.000000000000000000, 0.4999999999999997780 ) ) ;
#3182 = CARTESIAN_POINT ( 'NONE',  ( -1.232185303455676229, 0.07429115107872259760, -0.3821853034556760842 ) ) ;
#3183 = VECTOR ( 'NONE', #6267, 1000.000000000000000 ) ;
#3184 = DIRECTION ( 'NONE',  ( 0.000000000000000000, -1.000000000000000000, 0.000000000000000000 ) ) ;
#3185 =( BOUNDED_CURVE ( )  B_SPLINE_CURVE ( 3, ( #7538, #10321, #9286, #1368 ),
 .UNSPECIFIED., .F., .F. ) 
 B_SPLINE_CURVE_WITH_KNOTS ( ( 4, 4 ),
 ( 0.7227342478134249903, 1.047197551196604515 ),
 .UNSPECIFIED. ) 
 CURVE ( )  GEOMETRIC_REPRESENTATION_ITEM ( )  RATIONAL_B_SPLINE_CURVE ( ( 1.000000000000000000, 0.9912461883984129418, 0.9912461883984129418, 1.000000000000000000 ) ) 
 REPRESENTATION_ITEM ( '' )  );
#3186 = VERTEX_POINT ( 'NONE', #2643 ) ;
#3187 = ORIENTED_EDGE ( 'NONE', *, *, #4780, .F. ) ;
#3188 = ADVANCED_FACE ( 'NONE', ( #7081 ), #3505, .F. ) ;
#3189 = ORIENTED_EDGE ( 'NONE', *, *, #6994, .F. ) ;
#3190 = DIRECTION ( 'NONE',  ( 1.362202729533067540E-15, 0.000000000000000000, 1.000000000000000000 ) ) ;
#3191 = CARTESIAN_POINT ( 'NONE',  ( -0.4999999999999995559, 0.01000000000000000021, -0.2000000000000015377 ) ) ;
#3192 = EDGE_CURVE ( 'NONE', #4061, #4814, #10444, .T. ) ;
#3193 = DIRECTION ( 'NONE',  ( 1.000000000000000000, -0.000000000000000000, 8.340016711426957754E-17 ) ) ;
#3194 = CARTESIAN_POINT ( 'NONE',  ( -0.9249999999999998224, 0.000000000000000000, 0.3749999999999998335 ) ) ;
#3195 = CARTESIAN_POINT ( 'NONE',  ( 0.1250000000000013600, 0.1999999999999999833, -0.9249999999999992673 ) ) ;
#3196 = LINE ( 'NONE', #7576, #2205 ) ;
#3197 = VECTOR ( 'NONE', #6671, 1000.000000000000000 ) ;
#3198 = ORIENTED_EDGE ( 'NONE', *, *, #9131, .F. ) ;
#3199 = ORIENTED_EDGE ( 'NONE', *, *, #6504, .T. ) ;
#3200 = CARTESIAN_POINT ( 'NONE',  ( -0.1250000000000011935, 0.9846177413237633402, -0.9249999999999992673 ) ) ;
#3201 = ORIENTED_EDGE ( 'NONE', *, *, #3018, .F. ) ;
#3202 = EDGE_CURVE ( 'NONE', #2009, #10982, #7139, .T. ) ;
#3203 = VECTOR ( 'NONE', #10471, 1000.000000000000000 ) ;
#3204 = ORIENTED_EDGE ( 'NONE', *, *, #10568, .T. ) ;
#3205 = DIRECTION ( 'NONE',  ( 0.000000000000000000, -1.000000000000000000, 0.000000000000000000 ) ) ;
#3206 = LINE ( 'NONE', #6724, #3861 ) ;
#3207 = DIRECTION ( 'NONE',  ( -1.000000000000000000, 0.000000000000000000, 0.000000000000000000 ) ) ;
#3208 = DIRECTION ( 'NONE',  ( 0.000000000000000000, -1.000000000000000000, 0.000000000000000000 ) ) ;
#3209 = ORIENTED_EDGE ( 'NONE', *, *, #1825, .T. ) ;
#3210 = CARTESIAN_POINT ( 'NONE',  ( 1.300000000000000044, 0.1999999999999999833, -1.124999999999998890 ) ) ;
#3211 = EDGE_CURVE ( 'NONE', #10623, #3481, #9690, .T. ) ;
#3212 = ORIENTED_EDGE ( 'NONE', *, *, #9753, .F. ) ;
#3213 = DIRECTION ( 'NONE',  ( 1.000000000000000000, 0.000000000000000000, -1.292702590271175245E-14 ) ) ;
#3214 = AXIS2_PLACEMENT_3D ( 'NONE', #3524, #8727, #1566 ) ;
#3215 = VERTEX_POINT ( 'NONE', #7835 ) ;
#3216 = PLANE ( 'NONE',  #7237 ) ;
#3217 = ORIENTED_EDGE ( 'NONE', *, *, #3533, .T. ) ;
#3218 = ORIENTED_EDGE ( 'NONE', *, *, #5054, .F. ) ;
#3219 = CARTESIAN_POINT ( 'NONE',  ( 0.3750000000000009992, 0.1999999999999999833, -1.224999999999999867 ) ) ;
#3220 = CARTESIAN_POINT ( 'NONE',  ( -0.9249999999999998224, 0.000000000000000000, -0.6250000000000002220 ) ) ;
#3221 = CARTESIAN_POINT ( 'NONE',  ( -0.3750000000000007772, 0.000000000000000000, -1.224999999999999867 ) ) ;
#3222 = DIRECTION ( 'NONE',  ( -8.340016711426957754E-17, -0.000000000000000000, 1.000000000000000000 ) ) ;
#3223 = ORIENTED_EDGE ( 'NONE', *, *, #1768, .F. ) ;
#3224 = DIRECTION ( 'NONE',  ( 1.000000000000000000, 0.000000000000000000, 8.340016711426957754E-17 ) ) ;
#3225 = CARTESIAN_POINT ( 'NONE',  ( 1.251002506714040286E-15, 0.01000000000000000021, 0.5999999999999972022 ) ) ;
#3226 = CARTESIAN_POINT ( 'NONE',  ( 0.9249999999999999334, 0.7590169943749472958, 0.4999999999999997780 ) ) ;
#3227 = VERTEX_POINT ( 'NONE', #5280 ) ;
#3228 = EDGE_CURVE ( 'NONE', #10539, #290, #8821, .T. ) ;
#3229 = CARTESIAN_POINT ( 'NONE',  ( 0.1250000000000008327, 0.000000000000000000, 1.200000000000000178 ) ) ;
#3230 = CYLINDRICAL_SURFACE ( 'NONE', #568, 0.1250000000000000555 ) ;
#3231 = CARTESIAN_POINT ( 'NONE',  ( -0.8749999999999725775, 0.01000000000000000021, 2.016546540683573526E-14 ) ) ;
#3232 = EDGE_CURVE ( 'NONE', #7333, #8629, #5635, .T. ) ;
#3233 = ADVANCED_FACE ( 'NONE', ( #8995 ), #7429, .T. ) ;
#3234 = CARTESIAN_POINT ( 'NONE',  ( 1.300000000000000044, 0.1999999999999999833, -1.124999999999998890 ) ) ;
#3235 = CARTESIAN_POINT ( 'NONE',  ( -0.8500000000000008660, 0.1999999999999999833, -1.250000000000005107 ) ) ;
#3236 = PLANE ( 'NONE',  #4016 ) ;
#3237 = ORIENTED_EDGE ( 'NONE', *, *, #7991, .T. ) ;
#3238 = ORIENTED_EDGE ( 'NONE', *, *, #6386, .F. ) ;
#3239 = ADVANCED_FACE ( 'NONE', ( #3788 ), #10740, .T. ) ;
#3240 = VERTEX_POINT ( 'NONE', #6558 ) ;
#3241 = CARTESIAN_POINT ( 'NONE',  ( 0.3750000000000009992, 0.1999999999999999833, -1.224999999999999867 ) ) ;
#3242 = FACE_OUTER_BOUND ( 'NONE', #7694, .T. ) ;
#3243 = ADVANCED_FACE ( 'NONE', ( #8128 ), #7309, .F. ) ;
#3244 = CARTESIAN_POINT ( 'NONE',  ( -0.8749999999999990008, 0.000000000000000000, -1.149999999999999911 ) ) ;
#3245 = CIRCLE ( 'NONE', #2871, 0.1000000000000000472 ) ;
#3246 = PLANE ( 'NONE',  #1351 ) ;
#3247 = DIRECTION ( 'NONE',  ( -0.000000000000000000, -1.000000000000000000, -0.000000000000000000 ) ) ;
#3248 = EDGE_LOOP ( 'NONE', ( #6543, #9138, #7289, #6901 ) ) ;
#3249 = CARTESIAN_POINT ( 'NONE',  ( -1.250000000000000000, 0.7590169943749474069, -0.6000000000000001998 ) ) ;
#3250 = EDGE_LOOP ( 'NONE', ( #10422, #5420, #550, #8963 ) ) ;
#3251 = ORIENTED_EDGE ( 'NONE', *, *, #9471, .F. ) ;
#3252 = CARTESIAN_POINT ( 'NONE',  ( -1.225000000000000089, 0.06614378277661496497, -0.1250000000000000278 ) ) ;
#3253 = AXIS2_PLACEMENT_3D ( 'NONE', #3671, #4705, #9859 ) ;
#3254 = EDGE_LOOP ( 'NONE', ( #289, #3298, #9029, #9078 ) ) ;
#3255 = ORIENTED_EDGE ( 'NONE', *, *, #10638, .T. ) ;
#3256 = CARTESIAN_POINT ( 'NONE',  ( -0.6250000000000008882, 0.1999999999999999833, -1.225000000000004974 ) ) ;
#3258 = EDGE_CURVE ( 'NONE', #2857, #11198, #1253, .T. ) ;
#3257 = FACE_OUTER_BOUND ( 'NONE', #8361, .T. ) ;
#3259 = DIRECTION ( 'NONE',  ( 0.000000000000000000, -1.000000000000000000, 0.000000000000000000 ) ) ;
#3260 = CARTESIAN_POINT ( 'NONE',  ( -0.6500000000000009104, 0.1999999999999999833, 1.250000000000004885 ) ) ;
#3261 = ORIENTED_EDGE ( 'NONE', *, *, #347, .F. ) ;
#3262 = EDGE_CURVE ( 'NONE', #5221, #6934, #9981, .T. ) ;
#3263 = CARTESIAN_POINT ( 'NONE',  ( 0.8500000000000004219, 0.1999999999999999833, -1.300000000000005373 ) ) ;
#3264 = CIRCLE ( 'NONE', #680, 0.1681122869172741174 ) ;
#3265 = EDGE_CURVE ( 'NONE', #2421, #4906, #389, .T. ) ;
#3266 = EDGE_LOOP ( 'NONE', ( #5972, #1551, #9317, #10898, #705, #4350, #151, #8373 ) ) ;
#3267 = PLANE ( 'NONE',  #6195 ) ;
#3268 = ORIENTED_EDGE ( 'NONE', *, *, #4424, .T. ) ;
#3269 = DIRECTION ( 'NONE',  ( -1.000000000000000000, 0.000000000000000000, -1.959903927185304452E-14 ) ) ;
#3270 = ORIENTED_EDGE ( 'NONE', *, *, #5630, .T. ) ;
#3271 = EDGE_LOOP ( 'NONE', ( #7842, #10953, #10453, #713 ) ) ;
#3272 = DIRECTION ( 'NONE',  ( 0.000000000000000000, -1.000000000000000000, 0.000000000000000000 ) ) ;
#3273 = CARTESIAN_POINT ( 'NONE',  ( -1.300000000000000266, 1.050000000000000488, -1.300000000000000044 ) ) ;
#3274 = DIRECTION ( 'NONE',  ( 0.000000000000000000, -1.000000000000000000, 0.000000000000000000 ) ) ;
#3275 = DIRECTION ( 'NONE',  ( -2.780005570475647818E-16, 0.000000000000000000, -1.000000000000000000 ) ) ;
#3276 = ORIENTED_EDGE ( 'NONE', *, *, #5971, .F. ) ;
#3277 = CARTESIAN_POINT ( 'NONE',  ( -1.300000000000000044, 0.1999999999999999833, 0.5999999999999999778 ) ) ;
#3278 = VECTOR ( 'NONE', #4239, 1000.000000000000000 ) ;
#3279 = PRESENTATION_STYLE_ASSIGNMENT (( #5871 ) ) ;
#3280 = VECTOR ( 'NONE', #9657, 1000.000000000000000 ) ;
#3281 = CARTESIAN_POINT ( 'NONE',  ( -0.9249999999999998224, 0.2000000000000000111, -0.1250000000000001943 ) ) ;
#3282 = ADVANCED_FACE ( 'NONE', ( #4602 ), #2869, .T. ) ;
#3283 = LINE ( 'NONE', #10006, #874 ) ;
#3284 = ORIENTED_EDGE ( 'NONE', *, *, #7279, .F. ) ;
#3285 = AXIS2_PLACEMENT_3D ( 'NONE', #3639, #7158, #11382 ) ;
#3286 = DIRECTION ( 'NONE',  ( 1.918203843628200456E-16, 0.000000000000000000, -1.000000000000000000 ) ) ;
#3287 = VECTOR ( 'NONE', #9712, 1000.000000000000000 ) ;
#3288 = FACE_OUTER_BOUND ( 'NONE', #7522, .T. ) ;
#3289 = VECTOR ( 'NONE', #4548, 1000.000000000000000 ) ;
#3290 = DIRECTION ( 'NONE',  ( 1.000000000000000000, 0.000000000000000000, 8.340016711426957754E-17 ) ) ;
#3291 = DIRECTION ( 'NONE',  ( 0.000000000000000000, 1.000000000000000000, 0.000000000000000000 ) ) ;
#3292 = DIRECTION ( 'NONE',  ( 0.000000000000000000, -1.000000000000000000, 0.000000000000000000 ) ) ;
#3293 = EDGE_CURVE ( 'NONE', #7935, #1156, #2929, .T. ) ;
#3294 = DIRECTION ( 'NONE',  ( -0.000000000000000000, -1.000000000000000000, 0.000000000000000000 ) ) ;
#3295 = ORIENTED_EDGE ( 'NONE', *, *, #7284, .F. ) ;
#3296 = ORIENTED_EDGE ( 'NONE', *, *, #9365, .T. ) ;
#3297 = EDGE_CURVE ( 'NONE', #9133, #1656, #2074, .T. ) ;
#3298 = ORIENTED_EDGE ( 'NONE', *, *, #11113, .F. ) ;
#3299 = CARTESIAN_POINT ( 'NONE',  ( 1.250000000000000000, 0.1999999999999999833, 0.9249999999999993783 ) ) ;
#3300 = FACE_OUTER_BOUND ( 'NONE', #9985, .T. ) ;
#3301 = CARTESIAN_POINT ( 'NONE',  ( -1.225000000000000089, 0.2000000000000000111, 0.1249999999999998335 ) ) ;
#3302 = DIRECTION ( 'NONE',  ( -1.000000000000000000, 0.000000000000000000, 0.000000000000000000 ) ) ;
#3303 = EDGE_LOOP ( 'NONE', ( #6080, #5184, #1642, #9817 ) ) ;
#3304 = VECTOR ( 'NONE', #2622, 1000.000000000000000 ) ;
#3305 = ADVANCED_FACE ( 'NONE', ( #9921 ), #1143, .T. ) ;
#3306 = LINE ( 'NONE', #5788, #4031 ) ;
#3307 = ORIENTED_EDGE ( 'NONE', *, *, #5937, .T. ) ;
#3308 = ORIENTED_EDGE ( 'NONE', *, *, #627, .T. ) ;
#3309 = LINE ( 'NONE', #11288, #6958 ) ;
#3310 = VECTOR ( 'NONE', #1823, 1000.000000000000000 ) ;
#3311 = ORIENTED_EDGE ( 'NONE', *, *, #10526, .F. ) ;
#3312 = ORIENTED_EDGE ( 'NONE', *, *, #10670, .F. ) ;
#3313 = CARTESIAN_POINT ( 'NONE',  ( -1.225000000000000089, 0.2000000000000000111, 0.6249999999999997780 ) ) ;
#3314 = CARTESIAN_POINT ( 'NONE',  ( -0.3500000000000003664, 0.000000000000000000, 1.300000000000000266 ) ) ;
#3315 = CARTESIAN_POINT ( 'NONE',  ( -1.300000000000000044, 0.1000000000000001166, -1.124999999999999334 ) ) ;
#3316 = VERTEX_POINT ( 'NONE', #8299 ) ;
#3317 = VECTOR ( 'NONE', #10754, 1000.000000000000114 ) ;
#3318 = VECTOR ( 'NONE', #4337, 1000.000000000000000 ) ;
#3319 = CARTESIAN_POINT ( 'NONE',  ( -0.9250000000000001554, 0.009999999999999998473, -1.855653718292498106E-16 ) ) ;
#3320 = ORIENTED_EDGE ( 'NONE', *, *, #8184, .T. ) ;
#3321 = CARTESIAN_POINT ( 'NONE',  ( 7.506015040284254829E-17, 0.01000000000000000021, -0.8999999999999992450 ) ) ;
#3322 = CIRCLE ( 'NONE', #1293, 0.1000000000000000472 ) ;
#3323 = ORIENTED_EDGE ( 'NONE', *, *, #7838, .T. ) ;
#3324 = EDGE_LOOP ( 'NONE', ( #9857, #8398, #2697, #5952 ) ) ;
#3325 = ADVANCED_FACE ( 'NONE', ( #332 ), #6333, .F. ) ;
#3326 = VECTOR ( 'NONE', #7959, 1000.000000000000000 ) ;
#3327 = AXIS2_PLACEMENT_3D ( 'NONE', #10797, #10976, #6561 ) ;
#3328 = CARTESIAN_POINT ( 'NONE',  ( -1.300000000000000044, 0.1999999999999999833, -0.9249999999999999334 ) ) ;
#3329 = LINE ( 'NONE', #622, #5347 ) ;
#3330 = ADVANCED_FACE ( 'NONE', ( #10914 ), #3678, .F. ) ;
#3331 = CARTESIAN_POINT ( 'NONE',  ( -1.300000000000000266, 0.01000000000000000021, 1.300000000000000044 ) ) ;
#3332 = CARTESIAN_POINT ( 'NONE',  ( -1.250000000000000000, 0.08660254037844393460, -0.6000000000000001998 ) ) ;
#3333 = EDGE_LOOP ( 'NONE', ( #615, #356, #4750, #2928, #9393, #3675, #3189, #8079 ) ) ;
#3334 = VECTOR ( 'NONE', #2930, 1000.000000000000000 ) ;
#3335 = PLANE ( 'NONE',  #1891 ) ;
#3336 = AXIS2_PLACEMENT_3D ( 'NONE', #5109, #3275, #3387 ) ;
#3337 = EDGE_CURVE ( 'NONE', #3481, #2288, #166, .T. ) ;
#3338 = DIRECTION ( 'NONE',  ( -0.000000000000000000, -1.000000000000000000, 0.000000000000000000 ) ) ;
#3339 = CARTESIAN_POINT ( 'NONE',  ( -0.9249999999999998224, 0.2000000000000000111, -0.6250000000000002220 ) ) ;
#3340 = VERTEX_POINT ( 'NONE', #9055 ) ;
#3341 = VECTOR ( 'NONE', #3072, 1000.000000000000114 ) ;
#3342 = CARTESIAN_POINT ( 'NONE',  ( 0.1250000000000022482, 0.01000000000000000021, 1.459502924499741458E-16 ) ) ;
#3343 = LINE ( 'NONE', #4099, #8130 ) ;
#3344 = CARTESIAN_POINT ( 'NONE',  ( -0.6500000000000009104, 0.08660254037844693220, 1.250000000000004885 ) ) ;
#3345 = DIRECTION ( 'NONE',  ( -2.304624617924155838E-14, 0.000000000000000000, -1.000000000000000000 ) ) ;
#3346 = DIRECTION ( 'NONE',  ( -1.529003063761606547E-15, 0.000000000000000000, 1.000000000000000000 ) ) ;
#3347 = DIRECTION ( 'NONE',  ( -1.000000000000000000, 0.000000000000000000, -8.340016711426957754E-17 ) ) ;
#3348 = EDGE_LOOP ( 'NONE', ( #10222, #5443, #5737, #8576 ) ) ;
#3349 = ORIENTED_EDGE ( 'NONE', *, *, #11031, .T. ) ;
#3350 = VERTEX_POINT ( 'NONE', #9865 ) ;
#3351 = DIRECTION ( 'NONE',  ( 0.000000000000000000, 1.000000000000000000, 0.000000000000000000 ) ) ;
#3352 = ADVANCED_FACE ( 'NONE', ( #6508 ), #10041, .F. ) ;
#3353 = LINE ( 'NONE', #9483, #7401 ) ;
#3354 = CARTESIAN_POINT ( 'NONE',  ( -0.7250000000000009770, 0.01000000000000005398, -0.8999999999999992450 ) ) ;
#3355 = VECTOR ( 'NONE', #9858, 1000.000000000000000 ) ;
#3356 = CARTESIAN_POINT ( 'NONE',  ( -1.224999999999999645, 0.9846177413237633402, -1.149999999999999911 ) ) ;
#3357 = DIRECTION ( 'NONE',  ( 0.000000000000000000, 1.000000000000000000, 0.000000000000000000 ) ) ;
#3358 = ORIENTED_EDGE ( 'NONE', *, *, #4620, .F. ) ;
#3359 = DIRECTION ( 'NONE',  ( -2.085004177856743605E-15, 0.000000000000000000, -1.000000000000000000 ) ) ;
#3360 = EDGE_CURVE ( 'NONE', #64, #5084, #8362, .T. ) ;
#3361 = ORIENTED_EDGE ( 'NONE', *, *, #10090, .T. ) ;
#3362 = ORIENTED_EDGE ( 'NONE', *, *, #10439, .F. ) ;
#3363 = DIRECTION ( 'NONE',  ( 1.000000000000000000, -0.000000000000000000, 8.340016711426957754E-17 ) ) ;
#3364 = VECTOR ( 'NONE', #6382, 1000.000000000000000 ) ;
#3365 = EDGE_CURVE ( 'NONE', #147, #8050, #4137, .T. ) ;
#3366 = ORIENTED_EDGE ( 'NONE', *, *, #10039, .F. ) ;
#3367 = DIRECTION ( 'NONE',  ( -0.7071067811865461294, 0.000000000000000000, 0.7071067811865489050 ) ) ;
#3368 = VECTOR ( 'NONE', #11012, 1000.000000000000000 ) ;
#3369 = DIRECTION ( 'NONE',  ( -1.000000000000000000, 0.000000000000000000, -8.340016711426957754E-17 ) ) ;
#3370 = LINE ( 'NONE', #6892, #10358 ) ;
#3371 = VERTEX_POINT ( 'NONE', #5927 ) ;
#3372 = EDGE_CURVE ( 'NONE', #912, #554, #7712, .T. ) ;
#3373 = EDGE_CURVE ( 'NONE', #10247, #2734, #5051, .T. ) ;
#3374 = DIRECTION ( 'NONE',  ( 1.417802840942573219E-14, 0.000000000000000000, -1.000000000000000000 ) ) ;
#3375 = VECTOR ( 'NONE', #3292, 1000.000000000000000 ) ;
#3376 = ORIENTED_EDGE ( 'NONE', *, *, #10439, .T. ) ;
#3377 = DIRECTION ( 'NONE',  ( 0.000000000000000000, -1.000000000000000000, 0.000000000000000000 ) ) ;
#3378 = ORIENTED_EDGE ( 'NONE', *, *, #11052, .T. ) ;
#3379 = CARTESIAN_POINT ( 'NONE',  ( -1.224999999999999645, 0.9846177413237633402, -0.8999999999999993561 ) ) ;
#3380 = CIRCLE ( 'NONE', #3561, 0.1000000000000000472 ) ;
#3381 = ORIENTED_EDGE ( 'NONE', *, *, #5422, .F. ) ;
#3382 = EDGE_CURVE ( 'NONE', #4858, #1815, #4940, .T. ) ;
#3383 = ORIENTED_EDGE ( 'NONE', *, *, #1504, .F. ) ;
#3384 = LINE ( 'NONE', #5980, #8474 ) ;
#3385 = CARTESIAN_POINT ( 'NONE',  ( -1.300000000000000266, 1.050000000000000488, 1.300000000000000044 ) ) ;
#3386 = CARTESIAN_POINT ( 'NONE',  ( -1.300000000000000044, 0.7590169943749474069, -0.6000000000000001998 ) ) ;
#3387 = DIRECTION ( 'NONE',  ( -1.000000000000000000, 0.000000000000000000, 2.780005570475647818E-16 ) ) ;
#3388 = VERTEX_POINT ( 'NONE', #9456 ) ;
#3389 = LINE ( 'NONE', #6741, #3537 ) ;
#3390 = AXIS2_PLACEMENT_3D ( 'NONE', #5302, #14, #7685 ) ;
#3391 = SURFACE_STYLE_FILL_AREA ( #8756 ) ;
#3392 = CARTESIAN_POINT ( 'NONE',  ( 0.8749999999999992228, 0.1999999999999999833, -1.149999999999999911 ) ) ;
#3393 = ORIENTED_EDGE ( 'NONE', *, *, #11191, .F. ) ;
#3394 = LINE ( 'NONE', #844, #9144 ) ;
#3395 = DIRECTION ( 'NONE',  ( 0.000000000000000000, 1.000000000000000000, 0.000000000000000000 ) ) ;
#3396 = DIRECTION ( 'NONE',  ( -1.000000000000000000, 0.000000000000000000, -8.340016711426957754E-17 ) ) ;
#3397 = EDGE_CURVE ( 'NONE', #8019, #11107, #563, .T. ) ;
#3398 = LINE ( 'NONE', #10565, #10043 ) ;
#3399 = PLANE ( 'NONE',  #6063 ) ;
#3400 = EDGE_CURVE ( 'NONE', #1585, #10040, #7482, .T. ) ;
#3401 = DIRECTION ( 'NONE',  ( 0.000000000000000000, -1.000000000000000000, 0.000000000000000000 ) ) ;
#3402 = VERTEX_POINT ( 'NONE', #3219 ) ;
#3403 = ADVANCED_FACE ( 'NONE', ( #3964 ), #5808, .T. ) ;
#3404 = VERTEX_POINT ( 'NONE', #3328 ) ;
#3405 = VERTEX_POINT ( 'NONE', #7600 ) ;
#3406 = CARTESIAN_POINT ( 'NONE',  ( -0.1405922294351829582, 0.08117096151037218876, -1.240592229435181881 ) ) ;
#3407 = DIRECTION ( 'NONE',  ( 2.502005013428087819E-17, 0.000000000000000000, 1.000000000000000000 ) ) ;
#3408 = LINE ( 'NONE', #1679, #3804 ) ;
#3409 =( LENGTH_UNIT ( ) NAMED_UNIT ( * ) SI_UNIT ( .MILLI., .METRE. ) );
#3410 = DIRECTION ( 'NONE',  ( 8.340016711426957754E-17, 0.000000000000000000, -1.000000000000000000 ) ) ;
#3411 = DIRECTION ( 'NONE',  ( 1.000000000000000000, 0.000000000000000000, -2.780005570475647818E-16 ) ) ;
#3412 = PLANE ( 'NONE',  #6976 ) ;
#3413 = VERTEX_POINT ( 'NONE', #2417 ) ;
#3414 = ORIENTED_EDGE ( 'NONE', *, *, #1952, .F. ) ;
#3415 = LINE ( 'NONE', #6131, #337 ) ;
#3416 = EDGE_CURVE ( 'NONE', #299, #5512, #10267, .T. ) ;
#3417 = EDGE_LOOP ( 'NONE', ( #5405, #1413, #6014, #4796 ) ) ;
#3418 = CIRCLE ( 'NONE', #7293, 0.1250000000000000555 ) ;
#3419 = DIRECTION ( 'NONE',  ( 0.7071067811865451302, 0.000000000000000000, 0.7071067811865499042 ) ) ;
#3420 = PLANE ( 'NONE',  #430 ) ;
#3421 = DIRECTION ( 'NONE',  ( 0.7071067811865445751, 0.000000000000000000, -0.7071067811865504593 ) ) ;
#3422 = ORIENTED_EDGE ( 'NONE', *, *, #699, .F. ) ;
#3423 = LINE ( 'NONE', #6627, #7544 ) ;
#3424 = ORIENTED_EDGE ( 'NONE', *, *, #5489, .T. ) ;
#3425 = EDGE_CURVE ( 'NONE', #5657, #3871, #541, .T. ) ;
#3426 = VECTOR ( 'NONE', #2637, 1000.000000000000000 ) ;
#3427 = DIRECTION ( 'NONE',  ( -8.340016711426957754E-17, 0.000000000000000000, 1.000000000000000000 ) ) ;
#3428 = ORIENTED_EDGE ( 'NONE', *, *, #4129, .F. ) ;
#3429 = DIRECTION ( 'NONE',  ( 0.7071067811865504593, 0.000000000000000000, 0.7071067811865445751 ) ) ;
#3430 = ORIENTED_EDGE ( 'NONE', *, *, #2886, .T. ) ;
#3431 = EDGE_CURVE ( 'NONE', #1865, #312, #8412, .T. ) ;
#3432 = ORIENTED_EDGE ( 'NONE', *, *, #1384, .T. ) ;
#3433 = CARTESIAN_POINT ( 'NONE',  ( 1.299999999999999822, 5.776955262170046623, 1.300000000000000266 ) ) ;
#3434 = CARTESIAN_POINT ( 'NONE',  ( 0.2500000000000013878, 0.000000000000000000, -0.9249999999999997113 ) ) ;
#3435 = AXIS2_PLACEMENT_3D ( 'NONE', #8325, #10059, #10989 ) ;
#3436 = DIRECTION ( 'NONE',  ( -1.000000000000000000, -3.552713678800503296E-15, 2.168404344971007685E-15 ) ) ;
#3437 = CARTESIAN_POINT ( 'NONE',  ( -1.300000000000000044, 0.2000000000000000111, -0.1000000000000001582 ) ) ;
#3438 = VERTEX_POINT ( 'NONE', #4018 ) ;
#3439 = PLANE ( 'NONE',  #10376 ) ;
#3440 = EDGE_CURVE ( 'NONE', #11127, #6223, #9398, .T. ) ;
#3441 = LINE ( 'NONE', #4481, #2336 ) ;
#3442 = LINE ( 'NONE', #2695, #3736 ) ;
#3443 = CARTESIAN_POINT ( 'NONE',  ( -0.8000000000000001554, 0.2000000000000000111, 0.4999999999999997780 ) ) ;
#3444 = ORIENTED_EDGE ( 'NONE', *, *, #6819, .T. ) ;
#3445 = CARTESIAN_POINT ( 'NONE',  ( -0.1250000000000010270, 0.1999999999999999833, 1.224999999999999645 ) ) ;
#3446 = LINE ( 'NONE', #9748, #8682 ) ;
#3447 = CARTESIAN_POINT ( 'NONE',  ( 0.3750000000000006661, 0.000000000000000000, 1.300000000000000266 ) ) ;
#3448 = VECTOR ( 'NONE', #2112, 1000.000000000000000 ) ;
#3449 = CARTESIAN_POINT ( 'NONE',  ( 0.6500000000000009104, 0.1999999999999999833, -1.250000000000004885 ) ) ;
#3450 = VECTOR ( 'NONE', #8151, 1000.000000000000000 ) ;
#3451 = DIRECTION ( 'NONE',  ( 1.000000000000000000, 0.000000000000000000, -2.780005570475647818E-16 ) ) ;
#3452 =( NAMED_UNIT ( * ) SI_UNIT ( $, .STERADIAN. ) SOLID_ANGLE_UNIT ( ) );
#3453 = ORIENTED_EDGE ( 'NONE', *, *, #1286, .F. ) ;
#3454 = CLOSED_SHELL ( 'NONE', ( #547, #1376, #1597, #4884, #1727, #2977, #8836 ) ) ;
#3455 = ORIENTED_EDGE ( 'NONE', *, *, #5022, .T. ) ;
#3456 = VECTOR ( 'NONE', #3888, 1000.000000000000000 ) ;
#3457 =( GEOMETRIC_REPRESENTATION_CONTEXT ( 3 ) GLOBAL_UNCERTAINTY_ASSIGNED_CONTEXT ( ( #10689 ) ) GLOBAL_UNIT_ASSIGNED_CONTEXT ( ( #7490, #4092, #5815 ) ) REPRESENTATION_CONTEXT ( 'NONE', 'WORKASPACE' ) );
#3458 = ORIENTED_EDGE ( 'NONE', *, *, #9905, .F. ) ;
#3459 = CARTESIAN_POINT ( 'NONE',  ( -1.224999999999999645, 0.06614378277661471517, 1.150000000000000133 ) ) ;
#3460 = ADVANCED_FACE ( 'NONE', ( #4999 ), #5691, .T. ) ;
#3461 = CARTESIAN_POINT ( 'NONE',  ( -0.9256884250419260551, 0.9500000000000000666, -0.8859432889494202046 ) ) ;
#3462 = FACE_OUTER_BOUND ( 'NONE', #651, .T. ) ;
#3463 = EDGE_CURVE ( 'NONE', #3920, #6488, #9226, .T. ) ;
#3464 = LINE ( 'NONE', #6392, #7128 ) ;
#3465 = LINE ( 'NONE', #8610, #3759 ) ;
#3466 = CARTESIAN_POINT ( 'NONE',  ( -1.232185303455675784, 0.07429115107872244494, 0.9071853034556750517 ) ) ;
#3467 = CARTESIAN_POINT ( 'NONE',  ( 0.1250000000000008604, 0.000000000000000000, -1.299999999999999822 ) ) ;
#3468 = AXIS2_PLACEMENT_3D ( 'NONE', #1834, #6159, #51 ) ;
#3469 = DIRECTION ( 'NONE',  ( -1.292702590271169407E-14, 0.000000000000000000, -1.000000000000000000 ) ) ;
#3470 = ORIENTED_EDGE ( 'NONE', *, *, #4878, .F. ) ;
#3471 = ORIENTED_EDGE ( 'NONE', *, *, #5448, .T. ) ;
#3472 = DIRECTION ( 'NONE',  ( 0.000000000000000000, -1.000000000000000000, 0.000000000000000000 ) ) ;
#3473 = ORIENTED_EDGE ( 'NONE', *, *, #5825, .F. ) ;
#3474 = VECTOR ( 'NONE', #10829, 1000.000000000000000 ) ;
#3475 = CARTESIAN_POINT ( 'NONE',  ( -0.9249999999999998224, 0.1999999999999999833, 0.1249999999999998612 ) ) ;
#3476 = DIRECTION ( 'NONE',  ( -0.000000000000000000, -1.000000000000000000, 0.000000000000000000 ) ) ;
#3477 = DIRECTION ( 'NONE',  ( -0.7071067811865469066, 0.000000000000000000, 0.7071067811865482389 ) ) ;
#3478 = ORIENTED_EDGE ( 'NONE', *, *, #11232, .F. ) ;
#3479 = EDGE_CURVE ( 'NONE', #8569, #1571, #3185, .T. ) ;
#3480 = DIRECTION ( 'NONE',  ( 8.340016711426957754E-17, 0.000000000000000000, -1.000000000000000000 ) ) ;
#3481 = VERTEX_POINT ( 'NONE', #5752 ) ;
#3482 = LINE ( 'NONE', #6196, #9526 ) ;
#3483 = ORIENTED_EDGE ( 'NONE', *, *, #8557, .F. ) ;
#3484 = DIRECTION ( 'NONE',  ( 5.652677993300369151E-16, -0.000000000000000000, -1.000000000000000000 ) ) ;
#3485 = AXIS2_PLACEMENT_3D ( 'NONE', #4658, #3907, #7654 ) ;
#3486 = VECTOR ( 'NONE', #10681, 1000.000000000000000 ) ;
#3487 = ORIENTED_EDGE ( 'NONE', *, *, #976, .F. ) ;
#3488 = VERTEX_POINT ( 'NONE', #11081 ) ;
#3489 = LINE ( 'NONE', #5268, #11419 ) ;
#3490 = EDGE_CURVE ( 'NONE', #1812, #868, #6681, .T. ) ;
#3491 = CARTESIAN_POINT ( 'NONE',  ( -0.3000000000000019873, 0.01000000000000000021, 0.3000000000000019873 ) ) ;
#3492 = DIRECTION ( 'NONE',  ( 2.085004177856743210E-15, -0.000000000000000000, 1.000000000000000000 ) ) ;
#3493 = DIRECTION ( 'NONE',  ( 0.7071067811865461294, 0.000000000000000000, 0.7071067811865489050 ) ) ;
#3494 = ORIENTED_EDGE ( 'NONE', *, *, #6568, .T. ) ;
#3495 = VECTOR ( 'NONE', #195, 1000.000000000000000 ) ;
#3496 = FACE_OUTER_BOUND ( 'NONE', #1628, .T. ) ;
#3497 = VECTOR ( 'NONE', #1787, 1000.000000000000000 ) ;
#3498 = DIRECTION ( 'NONE',  ( 1.000000000000000000, 0.000000000000000000, 1.309382623694023249E-14 ) ) ;
#3499 = EDGE_CURVE ( 'NONE', #5779, #9334, #1707, .T. ) ;
#3500 = CARTESIAN_POINT ( 'NONE',  ( 1.300000000000000044, 0.009999999999999998473, 0.09999999999999982514 ) ) ;
#3501 = DIRECTION ( 'NONE',  ( 1.000000000000000000, 0.000000000000000000, 0.000000000000000000 ) ) ;
#3502 = AXIS2_PLACEMENT_3D ( 'NONE', #3752, #9011, #5425 ) ;
#3503 = VERTEX_POINT ( 'NONE', #2518 ) ;
#3504 = AXIS2_PLACEMENT_3D ( 'NONE', #2701, #1840, #5348 ) ;
#3505 = PLANE ( 'NONE',  #4161 ) ;
#3506 = DIRECTION ( 'NONE',  ( 0.000000000000000000, 1.000000000000000000, 0.000000000000000000 ) ) ;
#3507 = VECTOR ( 'NONE', #577, 1000.000000000000000 ) ;
#3508 = ADVANCED_FACE ( 'NONE', ( #10484 ), #1588, .F. ) ;
#3509 = DIRECTION ( 'NONE',  ( 8.340016711426957754E-17, -0.000000000000000000, -1.000000000000000000 ) ) ;
#3510 = DIRECTION ( 'NONE',  ( 1.087828266707871075E-17, -0.000000000000000000, 1.000000000000000000 ) ) ;
#3511 = EDGE_CURVE ( 'NONE', #9917, #2766, #4410, .T. ) ;
#3512 = VECTOR ( 'NONE', #393, 1000.000000000000000 ) ;
#3513 = CARTESIAN_POINT ( 'NONE',  ( 1.250000000000000000, 0.01000000000000005398, 0.9249999999999993783 ) ) ;
#3514 = CARTESIAN_POINT ( 'NONE',  ( -0.3750000000000013878, 0.01000000000000005398, 0.9249999999999994893 ) ) ;
#3515 = ORIENTED_EDGE ( 'NONE', *, *, #4582, .F. ) ;
#3516 = ORIENTED_EDGE ( 'NONE', *, *, #8032, .F. ) ;
#3517 = VECTOR ( 'NONE', #8176, 1000.000000000000000 ) ;
#3518 = ORIENTED_EDGE ( 'NONE', *, *, #3572, .T. ) ;
#3519 = EDGE_CURVE ( 'NONE', #7535, #8144, #3489, .T. ) ;
#3520 = CARTESIAN_POINT ( 'NONE',  ( 1.250000000000000000, 0.1999999999999999833, -0.9249999999999991562 ) ) ;
#3521 = CARTESIAN_POINT ( 'NONE',  ( 0.1500000000000252798, 0.01000000000000000021, 2.939855890778451846E-15 ) ) ;
#3522 = CARTESIAN_POINT ( 'NONE',  ( -1.300000000000000266, 0.01000000000000000021, 1.300000000000000044 ) ) ;
#3523 = VECTOR ( 'NONE', #1280, 1000.000000000000000 ) ;
#3524 = CARTESIAN_POINT ( 'NONE',  ( 0.3500000000000000888, 0.1999999999999999833, 1.300000000000000266 ) ) ;
#3525 = CARTESIAN_POINT ( 'NONE',  ( -1.224999999999999645, 0.1999999999999999833, 1.149999999999999911 ) ) ;
#3526 = CARTESIAN_POINT ( 'NONE',  ( -1.224999999999999423, 0.1999999999999999833, -0.8999999999999993561 ) ) ;
#3527 = AXIS2_PLACEMENT_3D ( 'NONE', #6309, #8686, #4292 ) ;
#3528 = LINE ( 'NONE', #74, #9569 ) ;
#3529 = ORIENTED_EDGE ( 'NONE', *, *, #8478, .F. ) ;
#3530 = ORIENTED_EDGE ( 'NONE', *, *, #4948, .F. ) ;
#3531 = ADVANCED_FACE ( 'NONE', ( #43 ), #97, .F. ) ;
#3532 = LINE ( 'NONE', #6356, #2370 ) ;
#3533 = EDGE_CURVE ( 'NONE', #7428, #3920, #5106, .T. ) ;
#3534 = ORIENTED_EDGE ( 'NONE', *, *, #10365, .T. ) ;
#3535 = VERTEX_POINT ( 'NONE', #9623 ) ;
#3536 = LINE ( 'NONE', #7052, #10916 ) ;
#3537 = VECTOR ( 'NONE', #6858, 1000.000000000000000 ) ;
#3538 = LINE ( 'NONE', #1630, #8668 ) ;
#3539 = CARTESIAN_POINT ( 'NONE',  ( -0.7250000000000009770, 0.000000000000000000, -0.9999999999999991118 ) ) ;
#3540 = CARTESIAN_POINT ( 'NONE',  ( 0.9249999999999999334, 0.7590169943749474069, -2.481154971649519383E-16 ) ) ;
#3541 = EDGE_LOOP ( 'NONE', ( #429, #6842, #9862, #3912 ) ) ;
#3542 = EDGE_CURVE ( 'NONE', #1614, #8643, #725, .T. ) ;
#3543 = DIRECTION ( 'NONE',  ( 1.726383459265352564E-14, 0.000000000000000000, 1.000000000000000000 ) ) ;
#3544 = ORIENTED_EDGE ( 'NONE', *, *, #7308, .T. ) ;
#3545 = DIRECTION ( 'NONE',  ( 0.7071067811865491270, 0.000000000000000000, -0.7071067811865459074 ) ) ;
#3546 = AXIS2_PLACEMENT_3D ( 'NONE', #9465, #10102, #4781 ) ;
#3547 =( BOUNDED_CURVE ( )  B_SPLINE_CURVE ( 3, ( #6520, #4034, #3116, #6402 ),
 .UNSPECIFIED., .F., .F. ) 
 B_SPLINE_CURVE_WITH_KNOTS ( ( 4, 4 ),
 ( 0.7227342478134205495, 1.047197551196599408 ),
 .UNSPECIFIED. ) 
 CURVE ( )  GEOMETRIC_REPRESENTATION_ITEM ( )  RATIONAL_B_SPLINE_CURVE ( ( 1.000000000000000000, 0.9912461883984129418, 0.9912461883984129418, 1.000000000000000000 ) ) 
 REPRESENTATION_ITEM ( '' )  );
#3548 = ORIENTED_EDGE ( 'NONE', *, *, #11008, .T. ) ;
#3549 = LINE ( 'NONE', #7063, #1606 ) ;
#3550 = EDGE_CURVE ( 'NONE', #6472, #3871, #7068, .T. ) ;
#3551 = ORIENTED_EDGE ( 'NONE', *, *, #146, .F. ) ;
#3552 = VECTOR ( 'NONE', #3895, 1000.000000000000000 ) ;
#3553 = ORIENTED_EDGE ( 'NONE', *, *, #2345, .F. ) ;
#3554 = CARTESIAN_POINT ( 'NONE',  ( -0.9250000000000001554, 0.2000000000000000111, 0.4999999999999997780 ) ) ;
#3555 = DIRECTION ( 'NONE',  ( 0.7071067811865474617, 0.000000000000000000, 0.7071067811865476838 ) ) ;
#3556 = ADVANCED_FACE ( 'NONE', ( #11355 ), #11305, .F. ) ;
#3557 = CARTESIAN_POINT ( 'NONE',  ( -1.300000000000000266, 0.000000000000000000, -0.4000000000000000777 ) ) ;
#3558 = CARTESIAN_POINT ( 'NONE',  ( -1.300000000000000266, 0.01000000000000000021, -1.300000000000000044 ) ) ;
#3559 = VERTEX_POINT ( 'NONE', #8806 ) ;
#3560 = CARTESIAN_POINT ( 'NONE',  ( -1.300000000000000266, 5.776955262170046623, 1.300000000000000044 ) ) ;
#3561 = AXIS2_PLACEMENT_3D ( 'NONE', #1932, #5497, #10015 ) ;
#3562 = CARTESIAN_POINT ( 'NONE',  ( -0.4999999999999995559, 0.01000000000000002623, 0.4999999999999994449 ) ) ;
#3563 = VERTEX_POINT ( 'NONE', #8750 ) ;
#3564 = CARTESIAN_POINT ( 'NONE',  ( 0.8500000000000010880, 0.9846177413237633402, -1.250000000000005107 ) ) ;
#3565 = LINE ( 'NONE', #845, #5908 ) ;
#3566 = VECTOR ( 'NONE', #1738, 1000.000000000000000 ) ;
#3567 = CARTESIAN_POINT ( 'NONE',  ( 0.1250000000000010270, 0.1999999999999999833, -1.224999999999999645 ) ) ;
#3568 = LINE ( 'NONE', #847, #10911 ) ;
#3569 = CARTESIAN_POINT ( 'NONE',  ( 0.1250000000000008049, 0.01000000000000005398, 1.224999999999999645 ) ) ;
#3570 = DIRECTION ( 'NONE',  ( 0.7071067811865489050, 0.000000000000000000, 0.7071067811865461294 ) ) ;
#3571 = PLANE ( 'NONE',  #10472 ) ;
#3572 = EDGE_CURVE ( 'NONE', #1638, #3647, #3384, .T. ) ;
#3573 = EDGE_LOOP ( 'NONE', ( #5715, #8830, #7857, #3823 ) ) ;
#3574 = VECTOR ( 'NONE', #4608, 1000.000000000000114 ) ;
#3575 = VERTEX_POINT ( 'NONE', #7938 ) ;
#3576 = VERTEX_POINT ( 'NONE', #5328 ) ;
#3577 = CARTESIAN_POINT ( 'NONE',  ( -0.8500000000000001998, 0.1999999999999999833, -1.300000000000005373 ) ) ;
#3578 = CARTESIAN_POINT ( 'NONE',  ( -1.300000000000000266, 1.050000000000000488, -1.300000000000000044 ) ) ;
#3579 = EDGE_CURVE ( 'NONE', #1536, #5081, #6148, .T. ) ;
#3580 = EDGE_CURVE ( 'NONE', #365, #7528, #10604, .T. ) ;
#3581 = CARTESIAN_POINT ( 'NONE',  ( 1.225000000000000089, 0.2000000000000000111, 0.6249999999999997780 ) ) ;
#3582 = FILL_AREA_STYLE ('',( #2713 ) ) ;
#3583 = LINE ( 'NONE', #5368, #6956 ) ;
#3584 = CARTESIAN_POINT ( 'NONE',  ( 0.9249999999999998224, 0.2000000000000000111, -0.3750000000000002220 ) ) ;
#3585 = ORIENTED_EDGE ( 'NONE', *, *, #6840, .F. ) ;
#3586 = EDGE_CURVE ( 'NONE', #2813, #2503, #10432, .T. ) ;
#3587 = EDGE_CURVE ( 'NONE', #203, #9788, #6031, .T. ) ;
#3588 = ORIENTED_EDGE ( 'NONE', *, *, #5744, .F. ) ;
#3589 = CARTESIAN_POINT ( 'NONE',  ( 0.9249999999999998224, 0.1999999999999999833, 0.1249999999999998196 ) ) ;
#3590 = ORIENTED_EDGE ( 'NONE', *, *, #4695, .F. ) ;
#3591 = EDGE_CURVE ( 'NONE', #5606, #6030, #8698, .T. ) ;
#3592 = ORIENTED_EDGE ( 'NONE', *, *, #265, .F. ) ;
#3593 = DIRECTION ( 'NONE',  ( 0.000000000000000000, 0.000000000000000000, -1.000000000000000000 ) ) ;
#3594 = LINE ( 'NONE', #1931, #3495 ) ;
#3595 = CARTESIAN_POINT ( 'NONE',  ( -8.340016711426935259E-18, 0.01000000000000000021, 0.09999999999999971412 ) ) ;
#3596 = DIRECTION ( 'NONE',  ( 1.000000000000000000, 0.000000000000000000, -1.362202729533067540E-15 ) ) ;
#3597 = VERTEX_POINT ( 'NONE', #11405 ) ;
#3598 = CARTESIAN_POINT ( 'NONE',  ( 1.300000000000000044, 0.01000000000000005398, -0.9249999999999997113 ) ) ;
#3599 = ORIENTED_EDGE ( 'NONE', *, *, #6244, .T. ) ;
#3600 = CARTESIAN_POINT ( 'NONE',  ( 1.300000000000000044, 0.1999999999999999833, -1.124999999999998890 ) ) ;
#3601 = ORIENTED_EDGE ( 'NONE', *, *, #6504, .F. ) ;
#3602 = CARTESIAN_POINT ( 'NONE',  ( 0.8749999999999992228, 0.1999999999999999833, -1.149999999999999911 ) ) ;
#3603 = VECTOR ( 'NONE', #6277, 1000.000000000000000 ) ;
#3604 = ORIENTED_EDGE ( 'NONE', *, *, #5778, .T. ) ;
#3605 = DIRECTION ( 'NONE',  ( -8.340016711426957754E-17, 0.000000000000000000, 1.000000000000000000 ) ) ;
#3606 = ORIENTED_EDGE ( 'NONE', *, *, #8060, .T. ) ;
#3607 = CARTESIAN_POINT ( 'NONE',  ( 0.3750000000000007772, 0.1999999999999999833, 1.224999999999999867 ) ) ;
#3608 = DIRECTION ( 'NONE',  ( -1.000000000000000000, -2.664535259100377669E-15, -1.301042606982604690E-14 ) ) ;
#3609 = ADVANCED_FACE ( 'NONE', ( #10548 ), #7877, .T. ) ;
#3610 = LINE ( 'NONE', #1647, #3003 ) ;
#3611 = CARTESIAN_POINT ( 'NONE',  ( -0.8749999999999992228, 0.9846177413237633402, 1.149999999999999911 ) ) ;
#3612 = ORIENTED_EDGE ( 'NONE', *, *, #6256, .F. ) ;
#3613 = ADVANCED_FACE ( 'NONE', ( #6201 ), #8284, .T. ) ;
#3614 = VECTOR ( 'NONE', #897, 1000.000000000000000 ) ;
#3615 = DIRECTION ( 'NONE',  ( -0.000000000000000000, -1.000000000000000000, 0.000000000000000000 ) ) ;
#3616 = DIRECTION ( 'NONE',  ( 1.000000000000000000, 0.000000000000000000, 8.340016711426957754E-17 ) ) ;
#3617 = CARTESIAN_POINT ( 'NONE',  ( -1.224999999999999645, 0.9846177413237633402, -0.8999999999999993561 ) ) ;
#3618 = ORIENTED_EDGE ( 'NONE', *, *, #11144, .F. ) ;
#3619 = ORIENTED_EDGE ( 'NONE', *, *, #3258, .T. ) ;
#3620 = AXIS2_PLACEMENT_3D ( 'NONE', #8133, #8999, #1737 ) ;
#3621 = CARTESIAN_POINT ( 'NONE',  ( 1.224999999999999645, 0.1999999999999999833, -1.149999999999999911 ) ) ;
#3622 = CARTESIAN_POINT ( 'NONE',  ( -0.6250000000000011102, 0.9846177413237633402, 1.225000000000004974 ) ) ;
#3623 = CARTESIAN_POINT ( 'NONE',  ( 0.1499999999999998002, 0.1999999999999999833, 1.300000000000000266 ) ) ;
#3624 = DIRECTION ( 'NONE',  ( 0.000000000000000000, 1.000000000000000000, 0.000000000000000000 ) ) ;
#3625 = CARTESIAN_POINT ( 'NONE',  ( -1.224999999999999645, 0.000000000000000000, 1.149999999999999911 ) ) ;
#3626 = DIRECTION ( 'NONE',  ( 1.000000000000000000, 0.000000000000000000, -2.780005570475648805E-16 ) ) ;
#3627 = EDGE_CURVE ( 'NONE', #1731, #1062, #8931, .T. ) ;
#3628 = AXIS2_PLACEMENT_3D ( 'NONE', #5135, #5471, #10410 ) ;
#3629 =( NAMED_UNIT ( * ) PLANE_ANGLE_UNIT ( ) SI_UNIT ( $, .RADIAN. ) );
#3630 = ORIENTED_EDGE ( 'NONE', *, *, #6522, .F. ) ;
#3631 = ORIENTED_EDGE ( 'NONE', *, *, #3084, .T. ) ;
#3632 = ORIENTED_EDGE ( 'NONE', *, *, #1800, .F. ) ;
#3633 = CARTESIAN_POINT ( 'NONE',  ( -0.1500000000000000777, 0.1000000000000001166, 1.300000000000000266 ) ) ;
#3634 = VECTOR ( 'NONE', #2683, 1000.000000000000000 ) ;
#3635 = DIRECTION ( 'NONE',  ( -0.7071067811865504593, 0.000000000000000000, -0.7071067811865445751 ) ) ;
#3636 = PRODUCT_DEFINITION_CONTEXT ( 'detailed design', #5462, 'design' ) ;
#3637 = CARTESIAN_POINT ( 'NONE',  ( -1.249999999999999778, 0.1999999999999999833, -1.124999999999999778 ) ) ;
#3638 = ADVANCED_FACE ( 'NONE', ( #9908 ), #3832, .F. ) ;
#3639 = CARTESIAN_POINT ( 'NONE',  ( -0.3500000000000008105, 0.9846177413237633402, -1.249999999999999778 ) ) ;
#3640 = DIRECTION ( 'NONE',  ( -1.000000000000000000, 0.000000000000000000, -8.340016711426957754E-17 ) ) ;
#3641 = ORIENTED_EDGE ( 'NONE', *, *, #557, .F. ) ;
#3642 = VECTOR ( 'NONE', #9019, 1000.000000000000000 ) ;
#3643 = ADVANCED_FACE ( 'NONE', ( #1238 ), #1012, .T. ) ;
#3644 = ORIENTED_EDGE ( 'NONE', *, *, #2665, .T. ) ;
#3645 = VECTOR ( 'NONE', #2596, 1000.000000000000000 ) ;
#3646 = CARTESIAN_POINT ( 'NONE',  ( -0.3750000000000007772, 0.1999999999999999833, -1.224999999999999867 ) ) ;
#3647 = VERTEX_POINT ( 'NONE', #4758 ) ;
#3648 = ORIENTED_EDGE ( 'NONE', *, *, #2342, .T. ) ;
#3649 = DIRECTION ( 'NONE',  ( -1.000000000000000000, -0.000000000000000000, -1.309382623694023249E-14 ) ) ;
#3650 = PLANE ( 'NONE',  #10151 ) ;
#3651 = AXIS2_PLACEMENT_3D ( 'NONE', #5550, #4681, #6803 ) ;
#3652 = EDGE_CURVE ( 'NONE', #5333, #10326, #4594, .T. ) ;
#3653 = DIRECTION ( 'NONE',  ( 1.000000000000000000, 0.000000000000000000, 8.340016711426966382E-17 ) ) ;
#3654 = FACE_OUTER_BOUND ( 'NONE', #4300, .T. ) ;
#3655 = VERTEX_POINT ( 'NONE', #9853 ) ;
#3656 = ADVANCED_FACE ( 'NONE', ( #2744 ), #4528, .T. ) ;
#3657 = DIRECTION ( 'NONE',  ( 0.000000000000000000, 0.000000000000000000, 1.000000000000000000 ) ) ;
#3658 = ORIENTED_EDGE ( 'NONE', *, *, #6837, .T. ) ;
#3659 = DIRECTION ( 'NONE',  ( 0.000000000000000000, -1.000000000000000000, 0.000000000000000000 ) ) ;
#3660 = ORIENTED_EDGE ( 'NONE', *, *, #7778, .F. ) ;
#3661 = LINE ( 'NONE', #7177, #4004 ) ;
#3662 = ORIENTED_EDGE ( 'NONE', *, *, #8470, .F. ) ;
#3663 = VERTEX_POINT ( 'NONE', #3607 ) ;
#3664 = PLANE ( 'NONE',  #1099 ) ;
#3665 = DIRECTION ( 'NONE',  ( 1.000802005371233254E-15, 0.000000000000000000, 1.000000000000000000 ) ) ;
#3666 = DIRECTION ( 'NONE',  ( 0.000000000000000000, 1.000000000000000000, 0.000000000000000000 ) ) ;
#3667 = CARTESIAN_POINT ( 'NONE',  ( 0.8500000000000008660, 0.01000000000000005398, 1.250000000000005107 ) ) ;
#3668 = ORIENTED_EDGE ( 'NONE', *, *, #146, .T. ) ;
#3669 = DIRECTION ( 'NONE',  ( 1.000000000000000000, 0.000000000000000000, 0.000000000000000000 ) ) ;
#3670 = VECTOR ( 'NONE', #11397, 1000.000000000000114 ) ;
#3671 = CARTESIAN_POINT ( 'NONE',  ( 1.300000000000000044, 0.000000000000000000, 1.149999999999999023 ) ) ;
#3672 = CARTESIAN_POINT ( 'NONE',  ( 0.8749999999999992228, 0.9846177413237633402, -1.149999999999999911 ) ) ;
#3673 = ORIENTED_EDGE ( 'NONE', *, *, #2904, .F. ) ;
#3674 = EDGE_CURVE ( 'NONE', #1105, #5779, #8113, .T. ) ;
#3675 = ORIENTED_EDGE ( 'NONE', *, *, #10382, .F. ) ;
#3676 = EDGE_CURVE ( 'NONE', #2222, #6289, #9966, .T. ) ;
#3677 = CIRCLE ( 'NONE', #10143, 0.1250000000000000000 ) ;
#3678 = PLANE ( 'NONE',  #1837 ) ;
#3679 = CARTESIAN_POINT ( 'NONE',  ( -0.6250000000000011102, 0.9846177413237633402, 1.225000000000004974 ) ) ;
#3680 = CARTESIAN_POINT ( 'NONE',  ( 0.6250000000000008882, 0.000000000000000000, 1.225000000000004974 ) ) ;
#3681 = CARTESIAN_POINT ( 'NONE',  ( 1.300000000000000044, 0.2000000000000000111, 0.5999999999999998668 ) ) ;
#3682 = DIRECTION ( 'NONE',  ( 1.000000000000000000, 0.000000000000000000, -2.780005570475648805E-16 ) ) ;
#3683 = EDGE_CURVE ( 'NONE', #10697, #3215, #3776, .T. ) ;
#3684 = CARTESIAN_POINT ( 'NONE',  ( -1.149999999999999023, 0.1000000000000001166, 1.300000000000005151 ) ) ;
#3685 = EDGE_CURVE ( 'NONE', #8661, #7875, #7126, .T. ) ;
#3686 = LINE ( 'NONE', #4666, #2730 ) ;
#3687 = VECTOR ( 'NONE', #5570, 1000.000000000000000 ) ;
#3688 = VECTOR ( 'NONE', #4512, 1000.000000000000000 ) ;
#3689 = EDGE_LOOP ( 'NONE', ( #10764, #6680, #5640, #450 ) ) ;
#3690 = ORIENTED_EDGE ( 'NONE', *, *, #5042, .F. ) ;
#3691 = VECTOR ( 'NONE', #698, 1000.000000000000000 ) ;
#3692 = ORIENTED_EDGE ( 'NONE', *, *, #9860, .F. ) ;
#3693 = LINE ( 'NONE', #4785, #1393 ) ;
#3694 = DIRECTION ( 'NONE',  ( 0.7071067811865445751, 0.000000000000000000, -0.7071067811865504593 ) ) ;
#3695 = VECTOR ( 'NONE', #8824, 1000.000000000000000 ) ;
#3697 = VECTOR ( 'NONE', #9259, 1000.000000000000000 ) ;
#3696 = CARTESIAN_POINT ( 'NONE',  ( -0.9250000000000001554, 0.2000000000000000111, -1.855653718292498106E-16 ) ) ;
#3698 = EDGE_CURVE ( 'NONE', #9388, #4670, #3677, .T. ) ;
#3699 = CARTESIAN_POINT ( 'NONE',  ( 1.299999999999999822, 0.01000000000000000021, 1.300000000000000266 ) ) ;
#3700 = CARTESIAN_POINT ( 'NONE',  ( 0.6250000000000011102, 0.1999999999999999833, -1.225000000000004974 ) ) ;
#3701 = DIRECTION ( 'NONE',  ( -1.075862155774079406E-14, 0.000000000000000000, -1.000000000000000000 ) ) ;
#3702 = ORIENTED_EDGE ( 'NONE', *, *, #8972, .F. ) ;
#3703 = CIRCLE ( 'NONE', #2242, 0.1000000000000000472 ) ;
#3704 = ORIENTED_EDGE ( 'NONE', *, *, #7103, .T. ) ;
#3705 = DIRECTION ( 'NONE',  ( -0.000000000000000000, -1.000000000000000000, -0.000000000000000000 ) ) ;
#3706 = ORIENTED_EDGE ( 'NONE', *, *, #8725, .F. ) ;
#3707 = ORIENTED_EDGE ( 'NONE', *, *, #7415, .T. ) ;
#3708 = LINE ( 'NONE', #4632, #4440 ) ;
#3709 = DIRECTION ( 'NONE',  ( -0.7071067811865469066, 0.000000000000000000, 0.7071067811865482389 ) ) ;
#3710 = CIRCLE ( 'NONE', #4635, 0.1250000000000000278 ) ;
#3711 = CARTESIAN_POINT ( 'NONE',  ( -1.199999999999999956, 0.000000000000000000, 1.150000000000000133 ) ) ;
#3712 = CARTESIAN_POINT ( 'NONE',  ( 0.7250000000000009770, 0.9846177413237633402, 0.8999999999999993561 ) ) ;
#3713 = VERTEX_POINT ( 'NONE', #4588 ) ;
#3714 = DIRECTION ( 'NONE',  ( -1.000000000000000000, 0.000000000000000000, -8.340016711426957754E-17 ) ) ;
#3715 = EDGE_LOOP ( 'NONE', ( #2921, #4642, #603, #4997 ) ) ;
#3716 = ORIENTED_EDGE ( 'NONE', *, *, #7318, .F. ) ;
#3717 = FACE_OUTER_BOUND ( 'NONE', #7222, .T. ) ;
#3718 = ADVANCED_FACE ( 'NONE', ( #155 ), #2060, .T. ) ;
#3719 = STYLED_ITEM ( 'NONE', ( #3755 ), #9509 ) ;
#3720 = ORIENTED_EDGE ( 'NONE', *, *, #2143, .T. ) ;
#3721 = ORIENTED_EDGE ( 'NONE', *, *, #8761, .F. ) ;
#3722 = DIRECTION ( 'NONE',  ( -0.000000000000000000, -1.000000000000000000, 0.000000000000000000 ) ) ;
#3723 = DIRECTION ( 'NONE',  ( 2.780005570475647818E-16, -0.000000000000000000, 1.000000000000000000 ) ) ;
#3724 = ADVANCED_FACE ( 'NONE', ( #10899 ), #3664, .F. ) ;
#3725 = EDGE_CURVE ( 'NONE', #10865, #11303, #9412, .T. ) ;
#3726 = DIRECTION ( 'NONE',  ( -1.000000000000000000, 0.000000000000000000, -8.340016711426957754E-17 ) ) ;
#3727 = CARTESIAN_POINT ( 'NONE',  ( -1.300000000000000266, 0.000000000000000000, -0.6250000000000001110 ) ) ;
#3728 = ORIENTED_EDGE ( 'NONE', *, *, #4224, .F. ) ;
#3729 = VECTOR ( 'NONE', #8308, 1000.000000000000114 ) ;
#3730 = CARTESIAN_POINT ( 'NONE',  ( 1.225000000000000089, 0.2000000000000000111, 0.1249999999999997363 ) ) ;
#3731 = DIRECTION ( 'NONE',  ( 1.000000000000000000, 5.329070518200755338E-15, -2.032879073410320025E-15 ) ) ;
#3732 = LINE ( 'NONE', #9049, #10203 ) ;
#3733 = ADVANCED_FACE ( 'NONE', ( #2976 ), #2801, .T. ) ;
#3734 = ORIENTED_EDGE ( 'NONE', *, *, #6489, .F. ) ;
#3735 = ORIENTED_EDGE ( 'NONE', *, *, #1768, .T. ) ;
#3736 = VECTOR ( 'NONE', #3338, 1000.000000000000000 ) ;
#3737 = CARTESIAN_POINT ( 'NONE',  ( 1.250000000000000000, 0.1999999999999999833, -0.1000000000000002554 ) ) ;
#3738 = DIRECTION ( 'NONE',  ( -1.000000000000000000, 0.000000000000000000, -8.340016711426957754E-17 ) ) ;
#3739 = CARTESIAN_POINT ( 'NONE',  ( -1.250000000000000000, 0.1999999999999999833, -0.4000000000000001887 ) ) ;
#3740 = CARTESIAN_POINT ( 'NONE',  ( -1.473055451655803765E-14, 0.01000000000000000021, 1.125000000000015987 ) ) ;
#3741 = CARTESIAN_POINT ( 'NONE',  ( -0.9250000000000001554, 0.009999999999999998473, -1.855653718292498106E-16 ) ) ;
#3743 = VECTOR ( 'NONE', #8002, 1000.000000000000000 ) ;
#3742 = CARTESIAN_POINT ( 'NONE',  ( -0.6250000000000011102, 0.1999999999999999833, 1.225000000000004974 ) ) ;
#3744 = CARTESIAN_POINT ( 'NONE',  ( -0.8750000000000009992, 0.06614378277662059935, 1.225000000000005196 ) ) ;
#3745 =( NAMED_UNIT ( * ) SI_UNIT ( $, .STERADIAN. ) SOLID_ANGLE_UNIT ( ) );
#3746 = ORIENTED_EDGE ( 'NONE', *, *, #3676, .F. ) ;
#3747 = VECTOR ( 'NONE', #10579, 1000.000000000000000 ) ;
#3748 = VERTEX_POINT ( 'NONE', #9149 ) ;
#3749 = CARTESIAN_POINT ( 'NONE',  ( 0.8594077705648183185, 0.08117096151037592189, 1.240592229435187432 ) ) ;
#3750 = ADVANCED_FACE ( 'NONE', ( #8982 ), #10077, .T. ) ;
#3751 = CARTESIAN_POINT ( 'NONE',  ( 0.8750000000000007772, 0.01000000000000005398, 1.225000000000005196 ) ) ;
#3752 = CARTESIAN_POINT ( 'NONE',  ( 1.250000000000000000, 0.2000000000000000111, -0.6000000000000003109 ) ) ;
#3753 = EDGE_CURVE ( 'NONE', #6715, #2602, #3952, .T. ) ;
#3754 = DIRECTION ( 'NONE',  ( -0.000000000000000000, -1.000000000000000000, 0.000000000000000000 ) ) ;
#3755 = PRESENTATION_STYLE_ASSIGNMENT (( #7273 ) ) ;
#3756 = DIRECTION ( 'NONE',  ( 0.000000000000000000, -1.000000000000000000, 0.000000000000000000 ) ) ;
#3757 = ADVANCED_FACE ( 'NONE', ( #11128 ), #10309, .F. ) ;
#3758 = PLANE ( 'NONE',  #9361 ) ;
#3759 = VECTOR ( 'NONE', #700, 1000.000000000000114 ) ;
#3760 = ORIENTED_EDGE ( 'NONE', *, *, #6719, .T. ) ;
#3761 = ORIENTED_EDGE ( 'NONE', *, *, #7678, .T. ) ;
#3762 = DIRECTION ( 'NONE',  ( -0.000000000000000000, -1.000000000000000000, 0.000000000000000000 ) ) ;
#3763 = ORIENTED_EDGE ( 'NONE', *, *, #5360, .T. ) ;
#3764 = ORIENTED_EDGE ( 'NONE', *, *, #5763, .F. ) ;
#3765 = FACE_OUTER_BOUND ( 'NONE', #7872, .T. ) ;
#3766 = DIRECTION ( 'NONE',  ( 1.000000000000000000, 0.000000000000000000, 0.000000000000000000 ) ) ;
#3767 = LINE ( 'NONE', #256, #6514 ) ;
#3768 = DIRECTION ( 'NONE',  ( -1.000000000000000000, 0.000000000000000000, -8.340016711426957754E-17 ) ) ;
#3769 = ORIENTED_EDGE ( 'NONE', *, *, #480, .T. ) ;
#3770 = DIRECTION ( 'NONE',  ( 1.000000000000000000, 0.000000000000000000, -1.075862155774079406E-14 ) ) ;
#3771 = ORIENTED_EDGE ( 'NONE', *, *, #10381, .F. ) ;
#3772 = ORIENTED_EDGE ( 'NONE', *, *, #10752, .F. ) ;
#3773 = PLANE ( 'NONE',  #5104 ) ;
#3774 = EDGE_LOOP ( 'NONE', ( #11186, #6599, #8153, #4135 ) ) ;
#3775 = ORIENTED_EDGE ( 'NONE', *, *, #8915, .T. ) ;
#3776 = LINE ( 'NONE', #9100, #7178 ) ;
#3777 = LINE ( 'NONE', #6434, #1846 ) ;
#3778 = CARTESIAN_POINT ( 'NONE',  ( -0.8750000000000009992, 0.1999999999999999833, 1.225000000000005196 ) ) ;
#3779 = DIRECTION ( 'NONE',  ( 0.000000000000000000, -1.000000000000000000, 0.000000000000000000 ) ) ;
#3780 = ORIENTED_EDGE ( 'NONE', *, *, #7419, .T. ) ;
#3781 = ADVANCED_FACE ( 'NONE', ( #1353 ), #3087, .F. ) ;
#3782 = CARTESIAN_POINT ( 'NONE',  ( -1.250000000000000000, 0.08660254037844389297, -0.4000000000000001887 ) ) ;
#3783 = FACE_OUTER_BOUND ( 'NONE', #6251, .T. ) ;
#3784 = DIRECTION ( 'NONE',  ( 0.000000000000000000, 1.000000000000000000, 0.000000000000000000 ) ) ;
#3785 = EDGE_CURVE ( 'NONE', #5146, #7409, #605, .T. ) ;
#3786 = EDGE_LOOP ( 'NONE', ( #6083, #10992, #11354, #4599 ) ) ;
#3787 = ORIENTED_EDGE ( 'NONE', *, *, #4274, .F. ) ;
#3788 = FACE_OUTER_BOUND ( 'NONE', #6384, .T. ) ;
#3789 = PLANE ( 'NONE',  #2777 ) ;
#3790 = VECTOR ( 'NONE', #2087, 1000.000000000000000 ) ;
#3791 = CYLINDRICAL_SURFACE ( 'NONE', #3327, 0.1250000000000000278 ) ;
#3792 = CARTESIAN_POINT ( 'NONE',  ( -1.250000000000000000, 0.1999999999999999833, 0.9249999999999991562 ) ) ;
#3793 = ORIENTED_EDGE ( 'NONE', *, *, #4780, .T. ) ;
#3794 = ADVANCED_FACE ( 'NONE', ( #486 ), #10136, .F. ) ;
#3795 = DIRECTION ( 'NONE',  ( 0.7071067811865461294, 0.000000000000000000, -0.7071067811865489050 ) ) ;
#3796 = CARTESIAN_POINT ( 'NONE',  ( -0.4999999999999996669, 0.2000000000000000944, -0.5000000000000005551 ) ) ;
#3797 = DIRECTION ( 'NONE',  ( 1.000000000000000000, -0.000000000000000000, 8.340016711426957754E-17 ) ) ;
#3798 = PRESENTATION_LAYER_ASSIGNMENT (  '', '', ( #11006 ) ) ;
#3799 = VERTEX_POINT ( 'NONE', #5038 ) ;
#3800 = ORIENTED_EDGE ( 'NONE', *, *, #6069, .T. ) ;
#3801 = DIRECTION ( 'NONE',  ( -1.000000000000000000, 0.000000000000000000, -8.340016711426957754E-17 ) ) ;
#3802 = DIRECTION ( 'NONE',  ( -1.000000000000000000, 0.000000000000000000, -8.340016711426957754E-17 ) ) ;
#3803 = LINE ( 'NONE', #10869, #5912 ) ;
#3804 = VECTOR ( 'NONE', #4275, 1000.000000000000000 ) ;
#3805 = CARTESIAN_POINT ( 'NONE',  ( 0.1250000000000010270, 0.9846177413237633402, -1.224999999999999645 ) ) ;
#3806 = CARTESIAN_POINT ( 'NONE',  ( -1.225000000000000089, 0.01000000000000000021, 0.3749999999999998890 ) ) ;
#3807 = CARTESIAN_POINT ( 'NONE',  ( 1.300000000000000044, 0.1000000000000001166, 0.9249999999999999334 ) ) ;
#3808 = VERTEX_POINT ( 'NONE', #4983 ) ;
#3809 = VERTEX_POINT ( 'NONE', #5738 ) ;
#3810 = DIRECTION ( 'NONE',  ( 0.7071067811865451302, 0.000000000000000000, 0.7071067811865499042 ) ) ;
#3811 = ADVANCED_FACE ( 'NONE', ( #3032 ), #8514, .T. ) ;
#3812 = VERTEX_POINT ( 'NONE', #5911 ) ;
#3813 = VERTEX_POINT ( 'NONE', #6669 ) ;
#3814 = CARTESIAN_POINT ( 'NONE',  ( -1.249999999999999778, 0.1999999999999999833, -1.124999999999999778 ) ) ;
#3815 = DIRECTION ( 'NONE',  ( 0.7071067811865443531, 0.000000000000000000, 0.7071067811865506814 ) ) ;
#3816 = DIRECTION ( 'NONE',  ( -1.000000000000000000, 0.000000000000000000, 0.000000000000000000 ) ) ;
#3817 = AXIS2_PLACEMENT_3D ( 'NONE', #2948, #6524, #4622 ) ;
#3818 = DIRECTION ( 'NONE',  ( 3.984674651014977107E-16, 0.000000000000000000, 1.000000000000000000 ) ) ;
#3819 = ORIENTED_EDGE ( 'NONE', *, *, #8803, .F. ) ;
#3820 = AXIS2_PLACEMENT_3D ( 'NONE', #9281, #10037, #6732 ) ;
#3821 = LINE ( 'NONE', #7514, #7533 ) ;
#3822 = VECTOR ( 'NONE', #1909, 1000.000000000000000 ) ;
#3823 = ORIENTED_EDGE ( 'NONE', *, *, #7956, .T. ) ;
#3824 = ORIENTED_EDGE ( 'NONE', *, *, #4494, .T. ) ;
#3825 = DIRECTION ( 'NONE',  ( -1.000000000000000000, 0.000000000000000000, 0.000000000000000000 ) ) ;
#3826 = VECTOR ( 'NONE', #925, 1000.000000000000000 ) ;
#3827 = ORIENTED_EDGE ( 'NONE', *, *, #7701, .T. ) ;
#3828 = VECTOR ( 'NONE', #11203, 1000.000000000000000 ) ;
#3829 = ORIENTED_EDGE ( 'NONE', *, *, #9731, .T. ) ;
#3830 = COLOUR_RGB ( '',0.7921568627450980005, 0.8196078431372548767, 0.9333333333333333481 ) ;
#3831 = EDGE_CURVE ( 'NONE', #11142, #5019, #4003, .T. ) ;
#3832 = PLANE ( 'NONE',  #3123 ) ;
#3833 = DIRECTION ( 'NONE',  ( -3.984674651014977107E-16, 0.000000000000000000, -1.000000000000000000 ) ) ;
#3834 = DIRECTION ( 'NONE',  ( -1.000000000000000000, 0.000000000000000000, -1.092542189196933248E-14 ) ) ;
#3835 = LINE ( 'NONE', #8228, #7575 ) ;
#3836 = ORIENTED_EDGE ( 'NONE', *, *, #777, .F. ) ;
#3837 = CARTESIAN_POINT ( 'NONE',  ( -1.224999999999999645, 0.1999999999999999833, 0.8999999999999991340 ) ) ;
#3838 =( NAMED_UNIT ( * ) SI_UNIT ( $, .STERADIAN. ) SOLID_ANGLE_UNIT ( ) );
#3839 = LINE ( 'NONE', #2986, #9278 ) ;
#3840 = VERTEX_POINT ( 'NONE', #3256 ) ;
#3841 = ORIENTED_EDGE ( 'NONE', *, *, #11201, .F. ) ;
#3842 = EDGE_CURVE ( 'NONE', #1965, #8422, #1295, .T. ) ;
#3843 = DIRECTION ( 'NONE',  ( -0.000000000000000000, -1.000000000000000000, 0.000000000000000000 ) ) ;
#3844 = CARTESIAN_POINT ( 'NONE',  ( 0.9249999999999999334, 0.000000000000000000, 0.4999999999999997780 ) ) ;
#3845 = CARTESIAN_POINT ( 'NONE',  ( -1.300000000000000266, 0.01000000000000000021, 1.300000000000000044 ) ) ;
#3846 = LINE ( 'NONE', #7373, #3512 ) ;
#3847 = ORIENTED_EDGE ( 'NONE', *, *, #6937, .F. ) ;
#3848 = VECTOR ( 'NONE', #7435, 1000.000000000000000 ) ;
#3849 = EDGE_CURVE ( 'NONE', #5671, #5086, #11010, .T. ) ;
#3850 = CARTESIAN_POINT ( 'NONE',  ( -1.249999999999999778, 0.08660254037844379582, -1.124999999999999778 ) ) ;
#3851 = FILL_AREA_STYLE_COLOUR ( '', #7886 ) ;
#3852 = ORIENTED_EDGE ( 'NONE', *, *, #9335, .F. ) ;
#3853 = EDGE_CURVE ( 'NONE', #3840, #3316, #9322, .T. ) ;
#3854 = VECTOR ( 'NONE', #4609, 1000.000000000000000 ) ;
#3855 = EDGE_CURVE ( 'NONE', #10878, #3030, #192, .T. ) ;
#3856 = ORIENTED_EDGE ( 'NONE', *, *, #11042, .T. ) ;
#3857 = CARTESIAN_POINT ( 'NONE',  ( 0.1500000000000009936, 0.1999999999999999833, -1.249999999999999556 ) ) ;
#3858 = CARTESIAN_POINT ( 'NONE',  ( -0.1250000000000008049, 0.1999999999999999833, -1.224999999999999645 ) ) ;
#3859 = CARTESIAN_POINT ( 'NONE',  ( 0.1405922294351829305, 0.08117096151037181406, 1.240592229435181881 ) ) ;
#3860 = EDGE_CURVE ( 'NONE', #8292, #11122, #4064, .T. ) ;
#3861 = VECTOR ( 'NONE', #5849, 1000.000000000000000 ) ;
#3862 = CARTESIAN_POINT ( 'NONE',  ( 0.6250000000000011102, 0.9846177413237633402, -1.225000000000004974 ) ) ;
#3863 = DIRECTION ( 'NONE',  ( -1.401122807519719377E-14, 0.000000000000000000, -1.000000000000000000 ) ) ;
#3864 = AXIS2_PLACEMENT_3D ( 'NONE', #5203, #8738, #710 ) ;
#3865 = DIRECTION ( 'NONE',  ( -0.000000000000000000, -1.000000000000000000, 0.000000000000000000 ) ) ;
#3866 = EDGE_LOOP ( 'NONE', ( #8288, #11404, #10672, #10684, #6875 ) ) ;
#3867 = CARTESIAN_POINT ( 'NONE',  ( 0.9249999999999998224, 0.000000000000000000, -0.6250000000000002220 ) ) ;
#3868 = VECTOR ( 'NONE', #7268, 1000.000000000000000 ) ;
#3869 = VERTEX_POINT ( 'NONE', #6775 ) ;
#3870 = ADVANCED_FACE ( 'NONE', ( #9444 ), #1523, .F. ) ;
#3871 = VERTEX_POINT ( 'NONE', #8346 ) ;
#3872 = VECTOR ( 'NONE', #4848, 1000.000000000000000 ) ;
#3873 = VECTOR ( 'NONE', #5783, 1000.000000000000114 ) ;
#3874 = VERTEX_POINT ( 'NONE', #432 ) ;
#3875 = DIRECTION ( 'NONE',  ( -8.340016711426957754E-17, 0.000000000000000000, 1.000000000000000000 ) ) ;
#3876 = DIRECTION ( 'NONE',  ( 1.000000000000000000, -0.000000000000000000, 8.340016711426957754E-17 ) ) ;
#3877 = ADVANCED_FACE ( 'NONE', ( #7468 ), #6604, .T. ) ;
#3878 = DIRECTION ( 'NONE',  ( 0.000000000000000000, -1.000000000000000000, 0.000000000000000000 ) ) ;
#3879 = AXIS2_PLACEMENT_3D ( 'NONE', #904, #10562, #2644 ) ;
#3880 = DIRECTION ( 'NONE',  ( 0.000000000000000000, 1.000000000000000000, -0.000000000000000000 ) ) ;
#3881 = LINE ( 'NONE', #10016, #2068 ) ;
#3882 = VERTEX_POINT ( 'NONE', #8571 ) ;
#3883 = AXIS2_PLACEMENT_3D ( 'NONE', #6205, #158, #100 ) ;
#3884 = CARTESIAN_POINT ( 'NONE',  ( 1.250000000000000000, 0.1999999999999999833, -0.9249999999999991562 ) ) ;
#3885 = ADVANCED_FACE ( 'NONE', ( #9549 ), #6889, .F. ) ;
#3886 = EDGE_LOOP ( 'NONE', ( #10318, #723, #10103, #4 ) ) ;
#3887 = ORIENTED_EDGE ( 'NONE', *, *, #10588, .F. ) ;
#3888 = DIRECTION ( 'NONE',  ( -0.000000000000000000, -1.000000000000000000, 0.000000000000000000 ) ) ;
#3889 = AXIS2_PLACEMENT_3D ( 'NONE', #551, #6674, #5743 ) ;
#3890 = ORIENTED_EDGE ( 'NONE', *, *, #1800, .T. ) ;
#3891 = VECTOR ( 'NONE', #3208, 1000.000000000000000 ) ;
#3892 = ORIENTED_EDGE ( 'NONE', *, *, #5151, .F. ) ;
#3893 = DIRECTION ( 'NONE',  ( -8.340016711426957754E-17, 0.000000000000000000, 1.000000000000000000 ) ) ;
#3894 = DIRECTION ( 'NONE',  ( 1.529003063761606744E-15, 0.000000000000000000, -1.000000000000000000 ) ) ;
#3895 = DIRECTION ( 'NONE',  ( -0.000000000000000000, -1.000000000000000000, 0.000000000000000000 ) ) ;
#3896 = CARTESIAN_POINT ( 'NONE',  ( 0.6250000000000008882, 0.000000000000000000, 1.300000000000000266 ) ) ;
#3897 = VERTEX_POINT ( 'NONE', #10419 ) ;
#3898 = EDGE_CURVE ( 'NONE', #7520, #7598, #765, .T. ) ;
#3900 = VECTOR ( 'NONE', #11222, 1000.000000000000000 ) ;
#3899 = CARTESIAN_POINT ( 'NONE',  ( 0.1321853034556767226, 0.07429115107872256984, -1.232185303455675562 ) ) ;
#3901 = EDGE_CURVE ( 'NONE', #11027, #5655, #11393, .T. ) ;
#3902 = VECTOR ( 'NONE', #2360, 1000.000000000000000 ) ;
#3903 = ORIENTED_EDGE ( 'NONE', *, *, #11207, .F. ) ;
#3904 = DIRECTION ( 'NONE',  ( -0.7071067811865506814, 0.000000000000000000, 0.7071067811865443531 ) ) ;
#3905 = ORIENTED_EDGE ( 'NONE', *, *, #4665, .F. ) ;
#3906 = VERTEX_POINT ( 'NONE', #2617 ) ;
#3907 = DIRECTION ( 'NONE',  ( 1.000000000000000000, 0.000000000000000000, 2.321304651347010626E-14 ) ) ;
#3908 = CARTESIAN_POINT ( 'NONE',  ( 0.6499999999999999112, 0.1999999999999999833, 1.300000000000005596 ) ) ;
#3909 = CIRCLE ( 'NONE', #8335, 0.1250000000000000555 ) ;
#3910 = LINE ( 'NONE', #7431, #2958 ) ;
#3911 = LINE ( 'NONE', #9289, #7566 ) ;
#3912 = ORIENTED_EDGE ( 'NONE', *, *, #9265, .F. ) ;
#3913 = LINE ( 'NONE', #5814, #3848 ) ;
#3914 = PRESENTATION_STYLE_ASSIGNMENT (( #5590 ) ) ;
#3915 = CARTESIAN_POINT ( 'NONE',  ( -0.7250000000000010880, 0.1999999999999999833, 0.8999999999999991340 ) ) ;
#3916 = VECTOR ( 'NONE', #2477, 1000.000000000000000 ) ;
#3917 =( BOUNDED_CURVE ( )  B_SPLINE_CURVE ( 3, ( #2663, #3466, #8026, #7097 ),
 .UNSPECIFIED., .F., .F. ) 
 B_SPLINE_CURVE_WITH_KNOTS ( ( 4, 4 ),
 ( 3.864326901403206893, 4.188790204786391413 ),
 .UNSPECIFIED. ) 
 CURVE ( )  GEOMETRIC_REPRESENTATION_ITEM ( )  RATIONAL_B_SPLINE_CURVE ( ( 1.000000000000000000, 0.9912461883984127198, 0.9912461883984127198, 1.000000000000000000 ) ) 
 REPRESENTATION_ITEM ( '' )  );
#3918 = EDGE_LOOP ( 'NONE', ( #4182, #8734, #6367, #4362 ) ) ;
#3919 = VECTOR ( 'NONE', #4372, 1000.000000000000000 ) ;
#3920 = VERTEX_POINT ( 'NONE', #2505 ) ;
#3921 = LINE ( 'NONE', #10807, #7844 ) ;
#3922 = DIRECTION ( 'NONE',  ( 1.000000000000000000, 0.000000000000000000, -1.943223893762450295E-14 ) ) ;
#3923 = VECTOR ( 'NONE', #6839, 1000.000000000000000 ) ;
#3924 = DIRECTION ( 'NONE',  ( -0.000000000000000000, -1.000000000000000000, 0.000000000000000000 ) ) ;
#3925 = DIRECTION ( 'NONE',  ( 1.000000000000000000, -0.000000000000000000, -1.726383459265352564E-14 ) ) ;
#3926 = VECTOR ( 'NONE', #8656, 1000.000000000000000 ) ;
#3927 = EDGE_CURVE ( 'NONE', #11034, #4944, #29, .T. ) ;
#3928 = FACE_OUTER_BOUND ( 'NONE', #4630, .T. ) ;
#3929 = FACE_OUTER_BOUND ( 'NONE', #1938, .T. ) ;
#3930 = ORIENTED_EDGE ( 'NONE', *, *, #7556, .F. ) ;
#3931 = CARTESIAN_POINT ( 'NONE',  ( -0.7250000000000009770, 0.9846177413237633402, -0.8999999999999993561 ) ) ;
#3932 = VECTOR ( 'NONE', #8336, 1000.000000000000000 ) ;
#3933 = ORIENTED_EDGE ( 'NONE', *, *, #4081, .T. ) ;
#3934 = EDGE_CURVE ( 'NONE', #1222, #499, #2226, .T. ) ;
#3935 = ORIENTED_EDGE ( 'NONE', *, *, #7536, .T. ) ;
#3936 = ORIENTED_EDGE ( 'NONE', *, *, #260, .F. ) ;
#3937 = LINE ( 'NONE', #10993, #3341 ) ;
#3938 = DIRECTION ( 'NONE',  ( 0.000000000000000000, 1.000000000000000000, 0.000000000000000000 ) ) ;
#3939 = DIRECTION ( 'NONE',  ( -0.000000000000000000, -1.000000000000000000, 0.000000000000000000 ) ) ;
#3940 = AXIS2_PLACEMENT_3D ( 'NONE', #8427, #6701, #4792 ) ;
#3941 = SURFACE_STYLE_USAGE ( .BOTH. , #7286 ) ;
#3942 = EDGE_LOOP ( 'NONE', ( #492, #2669, #2800, #3585, #3660, #5041, #4380, #6432, #8581 ) ) ;
#3943 = EDGE_CURVE ( 'NONE', #9240, #9388, #11238, .T. ) ;
#3944 = FACE_OUTER_BOUND ( 'NONE', #6412, .T. ) ;
#3945 = EDGE_CURVE ( 'NONE', #9449, #10656, #7810, .T. ) ;
#3946 = VERTEX_POINT ( 'NONE', #7862 ) ;
#3947 = ADVANCED_FACE ( 'NONE', ( #10469 ), #5967, .F. ) ;
#3948 = VERTEX_POINT ( 'NONE', #6836 ) ;
#3949 = DIRECTION ( 'NONE',  ( -1.000802005371233057E-15, 0.000000000000000000, -1.000000000000000000 ) ) ;
#3950 = EDGE_LOOP ( 'NONE', ( #8504, #9781, #11204, #1914, #1219, #1470, #4171, #4186, #8769, #8580, #6722, #1507, #10244, #9500, #2184 ) ) ;
#3951 = ORIENTED_EDGE ( 'NONE', *, *, #8269, .T. ) ;
#3952 = LINE ( 'NONE', #11065, #9583 ) ;
#3953 = CARTESIAN_POINT ( 'NONE',  ( 1.300000000000000044, 0.000000000000000000, 0.09999999999999993616 ) ) ;
#3954 = LINE ( 'NONE', #9324, #3197 ) ;
#3955 = CARTESIAN_POINT ( 'NONE',  ( 0.3678146965443251371, 0.07429115107872275026, -1.232185303455675784 ) ) ;
#3956 = ORIENTED_EDGE ( 'NONE', *, *, #5926, .F. ) ;
#3957 = PLANE ( 'NONE',  #4102 ) ;
#3958 = LINE ( 'NONE', #4010, #1771 ) ;
#3959 = ORIENTED_EDGE ( 'NONE', *, *, #294, .T. ) ;
#3960 = CARTESIAN_POINT ( 'NONE',  ( -0.6499999999999999112, 0.1999999999999999833, -1.300000000000005596 ) ) ;
#3961 = ORIENTED_EDGE ( 'NONE', *, *, #5617, .F. ) ;
#3962 = ORIENTED_EDGE ( 'NONE', *, *, #2029, .F. ) ;
#3963 = EDGE_CURVE ( 'NONE', #7875, #33, #6634, .T. ) ;
#3964 = FACE_OUTER_BOUND ( 'NONE', #5237, .T. ) ;
#3965 = ADVANCED_FACE ( 'NONE', ( #11342 ), #8789, .F. ) ;
#3966 = LINE ( 'NONE', #7371, #747 ) ;
#3967 = DIRECTION ( 'NONE',  ( -2.780005570475648805E-16, 0.000000000000000000, -1.000000000000000000 ) ) ;
#3968 = DIRECTION ( 'NONE',  ( 0.000000000000000000, 1.000000000000000000, 0.000000000000000000 ) ) ;
#3969 = ORIENTED_EDGE ( 'NONE', *, *, #1181, .F. ) ;
#3970 = DIRECTION ( 'NONE',  ( -1.292702590271169407E-14, 0.000000000000000000, -1.000000000000000000 ) ) ;
#3971 = PLANE ( 'NONE',  #7363 ) ;
#3972 = LINE ( 'NONE', #3225, #6500 ) ;
#3973 = VERTEX_POINT ( 'NONE', #6995 ) ;
#3974 = AXIS2_PLACEMENT_3D ( 'NONE', #1199, #9166, #6388 ) ;
#3975 = EDGE_LOOP ( 'NONE', ( #10366, #2396, #8033, #11301 ) ) ;
#3976 = DIRECTION ( 'NONE',  ( -0.000000000000000000, -1.000000000000000000, 0.000000000000000000 ) ) ;
#3977 = CYLINDRICAL_SURFACE ( 'NONE', #10922, 0.1000000000000000472 ) ;
#3978 = DIRECTION ( 'NONE',  ( 1.000000000000000000, 0.000000000000000000, 8.340016711426957754E-17 ) ) ;
#3979 = CARTESIAN_POINT ( 'NONE',  ( 0.7250000000000010880, 0.1999999999999999833, -0.8999999999999990230 ) ) ;
#3980 = COLOUR_RGB ( '',0.7921568627450980005, 0.8196078431372548767, 0.9333333333333333481 ) ;
#3981 = CARTESIAN_POINT ( 'NONE',  ( 1.299999999999999822, 1.050000000000000488, -1.299999999999999378 ) ) ;
#3982 =( BOUNDED_CURVE ( )  B_SPLINE_CURVE ( 3, ( #2527, #5115, #732, #50 ),
 .UNSPECIFIED., .F., .F. ) 
 B_SPLINE_CURVE_WITH_KNOTS ( ( 4, 4 ),
 ( 3.864326901403282388, 4.188790204786444704 ),
 .UNSPECIFIED. ) 
 CURVE ( )  GEOMETRIC_REPRESENTATION_ITEM ( )  RATIONAL_B_SPLINE_CURVE ( ( 1.000000000000000000, 0.9912461883984138300, 0.9912461883984138300, 1.000000000000000000 ) ) 
 REPRESENTATION_ITEM ( '' )  );
#3983 = ORIENTED_EDGE ( 'NONE', *, *, #5623, .T. ) ;
#3984 = VERTEX_POINT ( 'NONE', #1575 ) ;
#3985 = ORIENTED_EDGE ( 'NONE', *, *, #9325, .F. ) ;
#3986 = ORIENTED_EDGE ( 'NONE', *, *, #7628, .F. ) ;
#3987 = LINE ( 'NONE', #7454, #5355 ) ;
#3988 = EDGE_CURVE ( 'NONE', #7412, #6884, #10506, .T. ) ;
#3989 = DIRECTION ( 'NONE',  ( 2.321304651347009995E-14, -0.000000000000000000, -1.000000000000000000 ) ) ;
#3990 = AXIS2_PLACEMENT_3D ( 'NONE', #2660, #6176, #5192 ) ;
#3991 = CARTESIAN_POINT ( 'NONE',  ( -0.9249999999999998224, 0.7590169943749472958, 0.6249999999999997780 ) ) ;
#3992 = CARTESIAN_POINT ( 'NONE',  ( 0.7250000000000009770, 0.1999999999999999833, 0.8999999999999992450 ) ) ;
#3993 = DIRECTION ( 'NONE',  ( -0.7071067811865491270, 0.000000000000000000, 0.7071067811865459074 ) ) ;
#3994 = VERTEX_POINT ( 'NONE', #1805 ) ;
#3995 = CARTESIAN_POINT ( 'NONE',  ( -1.300000000000000044, 0.2000000000000000111, -0.1000000000000001582 ) ) ;
#3996 = ADVANCED_FACE ( 'NONE', ( #9607 ), #8621, .T. ) ;
#3997 = ORIENTED_EDGE ( 'NONE', *, *, #6226, .T. ) ;
#3998 = ORIENTED_EDGE ( 'NONE', *, *, #8311, .T. ) ;
#3999 = DIRECTION ( 'NONE',  ( 0.000000000000000000, 0.000000000000000000, 1.000000000000000000 ) ) ;
#4000 = ORIENTED_EDGE ( 'NONE', *, *, #3685, .T. ) ;
#4001 = EDGE_CURVE ( 'NONE', #1358, #656, #4397, .T. ) ;
#4002 = ORIENTED_EDGE ( 'NONE', *, *, #3853, .F. ) ;
#4003 = LINE ( 'NONE', #1463, #8298 ) ;
#4004 = VECTOR ( 'NONE', #2738, 1000.000000000000000 ) ;
#4005 = CARTESIAN_POINT ( 'NONE',  ( -1.225000000000000089, 0.2000000000000000111, -0.1250000000000001110 ) ) ;
#4006 = CARTESIAN_POINT ( 'NONE',  ( -0.6250000000000007772, 0.000000000000000000, -0.9999999999999991118 ) ) ;
#4007 = DIRECTION ( 'NONE',  ( 1.000000000000000000, 0.000000000000000000, 0.000000000000000000 ) ) ;
#4008 = ORIENTED_EDGE ( 'NONE', *, *, #7677, .F. ) ;
#4009 = FACE_OUTER_BOUND ( 'NONE', #9162, .T. ) ;
#4010 = CARTESIAN_POINT ( 'NONE',  ( -0.9249999999999998224, 0.000000000000000000, 0.1249999999999998612 ) ) ;
#4011 = VECTOR ( 'NONE', #2030, 1000.000000000000000 ) ;
#4012 = ORIENTED_EDGE ( 'NONE', *, *, #5088, .F. ) ;
#4013 = CARTESIAN_POINT ( 'NONE',  ( 3.475006963094562238E-17, 0.01000000000000000021, 0.1250000000000000555 ) ) ;
#4014 = VECTOR ( 'NONE', #8541, 1000.000000000000000 ) ;
#4015 = VERTEX_POINT ( 'NONE', #6018 ) ;
#4016 = AXIS2_PLACEMENT_3D ( 'NONE', #641, #523, #9527 ) ;
#4017 = ORIENTED_EDGE ( 'NONE', *, *, #2163, .F. ) ;
#4018 = CARTESIAN_POINT ( 'NONE',  ( 1.225000000000000089, 0.2000000000000000111, -0.1250000000000002220 ) ) ;
#4019 = CARTESIAN_POINT ( 'NONE',  ( 0.6250000000000009992, 0.1999999999999999833, -0.9999999999999991118 ) ) ;
#4020 = PLANE ( 'NONE',  #1118 ) ;
#4021 = CARTESIAN_POINT ( 'NONE',  ( 0.6250000000000008882, 0.000000000000000000, 1.200000000000000178 ) ) ;
#4022 = VERTEX_POINT ( 'NONE', #7922 ) ;
#4023 = CARTESIAN_POINT ( 'NONE',  ( -0.1500000000000007716, 0.1999999999999999833, -1.249999999999999556 ) ) ;
#4024 = CARTESIAN_POINT ( 'NONE',  ( -0.8500000000000001998, 0.1999999999999999833, -1.300000000000005373 ) ) ;
#4025 =( NAMED_UNIT ( * ) SI_UNIT ( $, .STERADIAN. ) SOLID_ANGLE_UNIT ( ) );
#4026 = EDGE_CURVE ( 'NONE', #10315, #147, #3538, .T. ) ;
#4027 = FACE_OUTER_BOUND ( 'NONE', #10536, .T. ) ;
#4028 = EDGE_CURVE ( 'NONE', #3748, #10210, #10769, .T. ) ;
#4029 = CARTESIAN_POINT ( 'NONE',  ( 0.6499999999999999112, 0.1999999999999999833, 1.300000000000005596 ) ) ;
#4030 = ORIENTED_EDGE ( 'NONE', *, *, #9386, .F. ) ;
#4031 = VECTOR ( 'NONE', #7634, 1000.000000000000000 ) ;
#4032 = ORIENTED_EDGE ( 'NONE', *, *, #2741, .T. ) ;
#4033 = DIRECTION ( 'NONE',  ( -1.000000000000000000, 0.000000000000000000, -1.167602339599772458E-15 ) ) ;
#4034 = CARTESIAN_POINT ( 'NONE',  ( -1.232185303455676229, 0.07429115107872276413, 0.1178146965443239991 ) ) ;
#4035 = EDGE_CURVE ( 'NONE', #2421, #1941, #1052, .T. ) ;
#4036 = LINE ( 'NONE', #1268, #10162 ) ;
#4037 = CARTESIAN_POINT ( 'NONE',  ( -1.250000000000000000, 0.2000000000000000111, 0.09999999999999982514 ) ) ;
#4038 = CARTESIAN_POINT ( 'NONE',  ( 0.1499999999999998002, 0.009999999999999646325, 1.300000000000000266 ) ) ;
#4039 = LINE ( 'NONE', #10345, #4566 ) ;
#4040 = VECTOR ( 'NONE', #3272, 1000.000000000000000 ) ;
#4041 = VECTOR ( 'NONE', #4893, 1000.000000000000000 ) ;
#4042 = ORIENTED_EDGE ( 'NONE', *, *, #6118, .F. ) ;
#4043 = EDGE_CURVE ( 'NONE', #3186, #5790, #3594, .T. ) ;
#4044 = ORIENTED_EDGE ( 'NONE', *, *, #399, .T. ) ;
#4045 = ORIENTED_EDGE ( 'NONE', *, *, #1894, .T. ) ;
#4046 = CARTESIAN_POINT ( 'NONE',  ( -0.1500000000000009936, 0.01000000000000005398, 1.249999999999999556 ) ) ;
#4047 = CARTESIAN_POINT ( 'NONE',  ( -0.6500000000000006883, 0.9846177413237633402, -1.250000000000004885 ) ) ;
#4048 = EDGE_CURVE ( 'NONE', #3015, #1586, #10013, .T. ) ;
#4049 = VECTOR ( 'NONE', #3193, 1000.000000000000000 ) ;
#4050 = LINE ( 'NONE', #3019, #3151 ) ;
#4051 =( BOUNDED_CURVE ( )  B_SPLINE_CURVE ( 3, ( #3744, #7148, #9930, #2996 ),
 .UNSPECIFIED., .F., .F. ) 
 B_SPLINE_CURVE_WITH_KNOTS ( ( 4, 4 ),
 ( 3.864326901403285497, 4.188790204786447369 ),
 .UNSPECIFIED. ) 
 CURVE ( )  GEOMETRIC_REPRESENTATION_ITEM ( )  RATIONAL_B_SPLINE_CURVE ( ( 1.000000000000000000, 0.9912461883984140520, 0.9912461883984140520, 1.000000000000000000 ) ) 
 REPRESENTATION_ITEM ( '' )  );
#4052 = DIRECTION ( 'NONE',  ( -8.340016711426957754E-17, 0.000000000000000000, 1.000000000000000000 ) ) ;
#4053 = DIRECTION ( 'NONE',  ( 1.000000000000000000, 0.000000000000000000, 0.000000000000000000 ) ) ;
#4054 = ORIENTED_EDGE ( 'NONE', *, *, #9647, .T. ) ;
#4055 = LINE ( 'NONE', #9315, #2016 ) ;
#4056 = ORIENTED_EDGE ( 'NONE', *, *, #1857, .T. ) ;
#4057 = AXIS2_PLACEMENT_3D ( 'NONE', #5795, #3146, #8515 ) ;
#4058 = ORIENTED_EDGE ( 'NONE', *, *, #1537, .T. ) ;
#4059 = CARTESIAN_POINT ( 'NONE',  ( -1.250000000000000000, 0.9846177413237633402, -0.9249999999999993783 ) ) ;
#4060 = VECTOR ( 'NONE', #11115, 1000.000000000000114 ) ;
#4061 = VERTEX_POINT ( 'NONE', #10705 ) ;
#4062 = AXIS2_PLACEMENT_3D ( 'NONE', #10395, #3178, #7614 ) ;
#4063 = ORIENTED_EDGE ( 'NONE', *, *, #6261, .F. ) ;
#4064 = LINE ( 'NONE', #5847, #1291 ) ;
#4065 = DIRECTION ( 'NONE',  ( -8.340016711426957754E-17, 0.000000000000000000, 1.000000000000000000 ) ) ;
#4066 = VECTOR ( 'NONE', #5284, 1000.000000000000000 ) ;
#4067 = CARTESIAN_POINT ( 'NONE',  ( -0.6499999999999999112, 0.9846177413237633402, -1.300000000000005596 ) ) ;
#4068 = FACE_OUTER_BOUND ( 'NONE', #5446, .T. ) ;
#4069 = ORIENTED_EDGE ( 'NONE', *, *, #10147, .T. ) ;
#4070 = VECTOR ( 'NONE', #7656, 1000.000000000000000 ) ;
#4071 = DIRECTION ( 'NONE',  ( -1.000000000000000000, 0.000000000000000000, -8.340016711426957754E-17 ) ) ;
#4072 = ADVANCED_FACE ( 'NONE', ( #8851 ), #5313, .F. ) ;
#4073 = EDGE_LOOP ( 'NONE', ( #9128, #7452, #8211, #4708 ) ) ;
#4074 = VECTOR ( 'NONE', #3555, 1000.000000000000000 ) ;
#4075 = CARTESIAN_POINT ( 'NONE',  ( -0.8749999999999992228, 0.9846177413237633402, 1.149999999999999911 ) ) ;
#4076 = ORIENTED_EDGE ( 'NONE', *, *, #6040, .F. ) ;
#4077 = LINE ( 'NONE', #7479, #2361 ) ;
#4078 = AXIS2_PLACEMENT_3D ( 'NONE', #5572, #1241, #4876 ) ;
#4079 = ORIENTED_EDGE ( 'NONE', *, *, #6568, .F. ) ;
#4080 = ORIENTED_EDGE ( 'NONE', *, *, #917, .F. ) ;
#4081 = EDGE_CURVE ( 'NONE', #1882, #3028, #6307, .T. ) ;
#4082 = EDGE_CURVE ( 'NONE', #842, #3413, #9225, .T. ) ;
#4083 = CARTESIAN_POINT ( 'NONE',  ( -0.8500000000000004219, 0.9846177413237633402, 1.300000000000005373 ) ) ;
#4084 = CARTESIAN_POINT ( 'NONE',  ( -0.9249999999999998224, 0.2000000000000000111, -0.3750000000000001110 ) ) ;
#4085 = CIRCLE ( 'NONE', #8140, 0.1000000000000000472 ) ;
#4086 = FACE_OUTER_BOUND ( 'NONE', #9309, .T. ) ;
#4087 = CARTESIAN_POINT ( 'NONE',  ( 1.300000000000000044, 0.000000000000000000, 0.5999999999999998668 ) ) ;
#4088 = ORIENTED_EDGE ( 'NONE', *, *, #4945, .F. ) ;
#4089 = VECTOR ( 'NONE', #9201, 1000.000000000000000 ) ;
#4090 = CARTESIAN_POINT ( 'NONE',  ( 1.225000000000000089, 0.2000000000000000111, 0.3749999999999997780 ) ) ;
#4091 = ADVANCED_FACE ( 'NONE', ( #5437 ), #3650, .T. ) ;
#4092 =( NAMED_UNIT ( * ) PLANE_ANGLE_UNIT ( ) SI_UNIT ( $, .RADIAN. ) );
#4093 = DIRECTION ( 'NONE',  ( 1.000000000000000000, 0.000000000000000000, -2.780005570475648805E-16 ) ) ;
#4094 = CARTESIAN_POINT ( 'NONE',  ( -0.1250000000000008049, 0.1999999999999999833, -1.224999999999999645 ) ) ;
#4095 = EDGE_CURVE ( 'NONE', #9671, #8660, #6243, .T. ) ;
#4096 = ORIENTED_EDGE ( 'NONE', *, *, #821, .T. ) ;
#4097 = VECTOR ( 'NONE', #6823, 1000.000000000000000 ) ;
#4098 = DIRECTION ( 'NONE',  ( -2.085004177856743210E-15, -0.000000000000000000, -1.000000000000000000 ) ) ;
#4099 = CARTESIAN_POINT ( 'NONE',  ( -1.300000000000000044, 0.1999999999999999833, -1.124999999999999334 ) ) ;
#4100 = DIRECTION ( 'NONE',  ( 0.000000000000000000, 1.000000000000000000, 0.000000000000000000 ) ) ;
#4101 = CARTESIAN_POINT ( 'NONE',  ( -0.7250000000000010880, 0.1999999999999999833, 0.8999999999999990230 ) ) ;
#4102 = AXIS2_PLACEMENT_3D ( 'NONE', #11016, #6691, #10220 ) ;
#4103 = CARTESIAN_POINT ( 'NONE',  ( -0.7250000000000009770, 0.9846177413237633402, -0.8999999999999992450 ) ) ;
#4104 = EDGE_LOOP ( 'NONE', ( #2286, #1182, #3444, #304 ) ) ;
#4105 = VERTEX_POINT ( 'NONE', #8159 ) ;
#4106 = EDGE_CURVE ( 'NONE', #9436, #10603, #254, .T. ) ;
#4107 = CIRCLE ( 'NONE', #4655, 0.1000000000000000472 ) ;
#4108 = ORIENTED_EDGE ( 'NONE', *, *, #4911, .F. ) ;
#4109 = CARTESIAN_POINT ( 'NONE',  ( -1.300000000000000044, 0.1000000000000001166, 0.9249999999999994893 ) ) ;
#4110 = EDGE_CURVE ( 'NONE', #5155, #5316, #6420, .T. ) ;
#4111 = DIRECTION ( 'NONE',  ( 1.092542189196933248E-14, -0.000000000000000000, -1.000000000000000000 ) ) ;
#4112 = DIRECTION ( 'NONE',  ( 0.000000000000000000, 1.000000000000000000, 0.000000000000000000 ) ) ;
#4113 = ADVANCED_FACE ( 'NONE', ( #4573 ), #1870, .F. ) ;
#4114 = CARTESIAN_POINT ( 'NONE',  ( -0.4999999999999996669, 0.2000000000000000944, -0.2000000000000015377 ) ) ;
#4115 = VERTEX_POINT ( 'NONE', #5555 ) ;
#4116 = FACE_OUTER_BOUND ( 'NONE', #10357, .T. ) ;
#4117 = VECTOR ( 'NONE', #2618, 1000.000000000000000 ) ;
#4118 = EDGE_LOOP ( 'NONE', ( #1976, #11237, #6310, #8066 ) ) ;
#4119 = ORIENTED_EDGE ( 'NONE', *, *, #4665, .T. ) ;
#4120 = CARTESIAN_POINT ( 'NONE',  ( -0.1250000000000013323, 0.1999999999999999833, 0.9249999999999992673 ) ) ;
#4121 = VERTEX_POINT ( 'NONE', #8100 ) ;
#4122 = STYLED_ITEM ( 'NONE', ( #1382 ), #5684 ) ;
#4123 = VERTEX_POINT ( 'NONE', #2787 ) ;
#4124 = DIRECTION ( 'NONE',  ( -1.000000000000000000, 0.000000000000000000, -8.340016711426957754E-17 ) ) ;
#4125 = CARTESIAN_POINT ( 'NONE',  ( 0.9249999999999998224, 0.2000000000000000111, 0.3749999999999997224 ) ) ;
#4126 = DIRECTION ( 'NONE',  ( -8.340016711426957754E-17, 0.000000000000000000, 1.000000000000000000 ) ) ;
#4127 = CARTESIAN_POINT ( 'NONE',  ( -0.6750000000000041522, 0.01000000000000000021, 0.6749999999999996003 ) ) ;
#4128 = EDGE_LOOP ( 'NONE', ( #3590, #11398, #8313, #9053 ) ) ;
#4129 = EDGE_CURVE ( 'NONE', #8661, #7381, #735, .T. ) ;
#4130 = DIRECTION ( 'NONE',  ( 1.087828266707871075E-17, 0.000000000000000000, 1.000000000000000000 ) ) ;
#4131 = DIRECTION ( 'NONE',  ( -1.000000000000000000, 0.000000000000000000, -2.321304651347009995E-14 ) ) ;
#4132 = AXIS2_PLACEMENT_3D ( 'NONE', #4318, #8601, #688 ) ;
#4133 = VERTEX_POINT ( 'NONE', #7341 ) ;
#4134 = LINE ( 'NONE', #2298, #5668 ) ;
#4135 = ORIENTED_EDGE ( 'NONE', *, *, #4682, .T. ) ;
#4136 = ORIENTED_EDGE ( 'NONE', *, *, #10511, .T. ) ;
#4137 = LINE ( 'NONE', #500, #4040 ) ;
#4138 = EDGE_CURVE ( 'NONE', #9794, #8196, #3131, .T. ) ;
#4139 = DIRECTION ( 'NONE',  ( -0.7071067811865476838, 0.000000000000000000, 0.7071067811865474617 ) ) ;
#4140 = DIRECTION ( 'NONE',  ( 0.000000000000000000, 0.000000000000000000, 1.000000000000000000 ) ) ;
#4141 = CARTESIAN_POINT ( 'NONE',  ( -1.250000000000000000, 0.2000000000000000111, -0.6000000000000001998 ) ) ;
#4142 = ORIENTED_EDGE ( 'NONE', *, *, #5448, .F. ) ;
#4143 = LINE ( 'NONE', #5170, #9818 ) ;
#4144 = LINE ( 'NONE', #3111, #2998 ) ;
#4145 = LINE ( 'NONE', #3339, #10470 ) ;
#4146 = EDGE_LOOP ( 'NONE', ( #10782, #9661, #7574, #4521, #4836, #2566, #8773, #10156, #7582, #394, #6616, #10817, #10178, #1729, #7120 ) ) ;
#4147 = CARTESIAN_POINT ( 'NONE',  ( 0.9249999999999998224, 0.7590169943749474069, -0.1250000000000002498 ) ) ;
#4148 = PLANE ( 'NONE',  #9976 ) ;
#4149 = EDGE_CURVE ( 'NONE', #6423, #1222, #6362, .T. ) ;
#4150 = FACE_OUTER_BOUND ( 'NONE', #7542, .T. ) ;
#4151 = ADVANCED_FACE ( 'NONE', ( #5496 ), #9026, .T. ) ;
#4152 = DIRECTION ( 'NONE',  ( 0.000000000000000000, -1.000000000000000000, 0.000000000000000000 ) ) ;
#4153 = DIRECTION ( 'NONE',  ( 0.000000000000000000, -1.000000000000000000, 0.000000000000000000 ) ) ;
#4154 = CARTESIAN_POINT ( 'NONE',  ( -0.6250000000000008882, 0.01000000000000005398, -1.225000000000004974 ) ) ;
#4155 = VERTEX_POINT ( 'NONE', #9954 ) ;
#4156 = ORIENTED_EDGE ( 'NONE', *, *, #3005, .T. ) ;
#4157 = ORIENTED_EDGE ( 'NONE', *, *, #5236, .T. ) ;
#4158 = LINE ( 'NONE', #7680, #6576 ) ;
#4159 = CARTESIAN_POINT ( 'NONE',  ( -0.1250000000000008049, 0.1999999999999999833, -1.224999999999999645 ) ) ;
#4160 = CARTESIAN_POINT ( 'NONE',  ( -2.085004177856694695E-16, 0.01000000000000000021, -0.09999999999999766020 ) ) ;
#4161 = AXIS2_PLACEMENT_3D ( 'NONE', #6912, #10615, #6211 ) ;
#4162 =( NAMED_UNIT ( * ) SI_UNIT ( $, .STERADIAN. ) SOLID_ANGLE_UNIT ( ) );
#4163 = ORIENTED_EDGE ( 'NONE', *, *, #7874, .T. ) ;
#4164 = LINE ( 'NONE', #10245, #535 ) ;
#4165 = ORIENTED_EDGE ( 'NONE', *, *, #1743, .T. ) ;
#4166 = EDGE_CURVE ( 'NONE', #1032, #5327, #2962, .T. ) ;
#4167 = ORIENTED_EDGE ( 'NONE', *, *, #1276, .F. ) ;
#4168 = DIRECTION ( 'NONE',  ( 1.000000000000000000, 0.000000000000000000, 8.340016711426957754E-17 ) ) ;
#4169 = EDGE_CURVE ( 'NONE', #10639, #1506, #8387, .T. ) ;
#4170 = VECTOR ( 'NONE', #614, 1000.000000000000000 ) ;
#4171 = ORIENTED_EDGE ( 'NONE', *, *, #972, .T. ) ;
#4172 = ORIENTED_EDGE ( 'NONE', *, *, #11002, .T. ) ;
#4173 = DIRECTION ( 'NONE',  ( -0.7071067811865445751, 0.000000000000000000, 0.7071067811865504593 ) ) ;
#4174 = DIRECTION ( 'NONE',  ( 0.000000000000000000, -1.000000000000000000, 0.000000000000000000 ) ) ;
#4175 = EDGE_CURVE ( 'NONE', #8940, #11184, #420, .T. ) ;
#4176 = CARTESIAN_POINT ( 'NONE',  ( -0.9249999999999998224, 0.1999999999999999833, 0.3749999999999998335 ) ) ;
#4177 = ORIENTED_EDGE ( 'NONE', *, *, #165, .T. ) ;
#4178 = AXIS2_PLACEMENT_3D ( 'NONE', #3931, #7449, #4853 ) ;
#4179 = ORIENTED_EDGE ( 'NONE', *, *, #4227, .T. ) ;
#4180 = EDGE_CURVE ( 'NONE', #4670, #3597, #552, .T. ) ;
#4181 = CARTESIAN_POINT ( 'NONE',  ( -0.6250000000000008882, 0.1999999999999999833, -1.225000000000004974 ) ) ;
#4182 = ORIENTED_EDGE ( 'NONE', *, *, #2938, .F. ) ;
#4183 = CARTESIAN_POINT ( 'NONE',  ( -1.224999999999999645, 0.06614378277661471517, 1.150000000000000133 ) ) ;
#4184 = ORIENTED_EDGE ( 'NONE', *, *, #10673, .T. ) ;
#4185 = EDGE_CURVE ( 'NONE', #22, #4105, #4050, .T. ) ;
#4186 = ORIENTED_EDGE ( 'NONE', *, *, #199, .T. ) ;
#4187 = DIRECTION ( 'NONE',  ( -1.000000000000000000, 0.000000000000000000, -8.340016711426957754E-17 ) ) ;
#4188 = DIRECTION ( 'NONE',  ( 1.000000000000000000, -0.000000000000000000, -1.292702590271169407E-14 ) ) ;
#4189 = CARTESIAN_POINT ( 'NONE',  ( -0.8000000000000001554, 0.1999999999999999833, -1.751403509399661104E-16 ) ) ;
#4190 = CARTESIAN_POINT ( 'NONE',  ( 0.7250000000000010880, 0.1999999999999999833, -0.9999999999999991118 ) ) ;
#4191 = ORIENTED_EDGE ( 'NONE', *, *, #8352, .T. ) ;
#4192 = PLANE ( 'NONE',  #602 ) ;
#4193 = VECTOR ( 'NONE', #9727, 1000.000000000000000 ) ;
#4194 = LINE ( 'NONE', #10275, #4379 ) ;
#4195 = STYLED_ITEM ( 'NONE', ( #1781 ), #1682 ) ;
#4196 = CARTESIAN_POINT ( 'NONE',  ( -0.3678146965443251926, 0.07429115107872233392, 1.232185303455675784 ) ) ;
#4197 = EDGE_CURVE ( 'NONE', #5251, #7875, #9237, .T. ) ;
#4198 = DIRECTION ( 'NONE',  ( -0.000000000000000000, -1.000000000000000000, 0.000000000000000000 ) ) ;
#4199 = ORIENTED_EDGE ( 'NONE', *, *, #1231, .T. ) ;
#4200 = CLOSED_SHELL ( 'NONE', ( #6565, #4789, #2390, #5770, #2746, #7078, #3121, #1778, #2528, #5909, #5769, #6970, #2254, #208, #10323, #1748, #8871, #1355, #1907 ) ) ;
#4201 = CARTESIAN_POINT ( 'NONE',  ( 1.300000000000000044, 0.1000000000000001166, -0.1000000000000001582 ) ) ;
#4202 = VECTOR ( 'NONE', #2453, 1000.000000000000000 ) ;
#4203 = DIRECTION ( 'NONE',  ( -1.000000000000000000, 0.000000000000000000, 1.000802005371233254E-15 ) ) ;
#4204 = EDGE_CURVE ( 'NONE', #11133, #6612, #10124, .T. ) ;
#4205 = STYLED_ITEM ( 'NONE', ( #8306 ), #1772 ) ;
#4206 = DIRECTION ( 'NONE',  ( -1.084202172485503842E-15, -8.881784197001258240E-16, 1.000000000000000000 ) ) ;
#4207 = FACE_OUTER_BOUND ( 'NONE', #8524, .T. ) ;
#4208 = LINE ( 'NONE', #4101, #3375 ) ;
#4209 = LINE ( 'NONE', #8550, #9918 ) ;
#4210 = EDGE_CURVE ( 'NONE', #5979, #1456, #4968, .T. ) ;
#4211 = VERTEX_POINT ( 'NONE', #8501 ) ;
#4212 = VERTEX_POINT ( 'NONE', #531 ) ;
#4213 = ORIENTED_EDGE ( 'NONE', *, *, #1926, .F. ) ;
#4214 = CARTESIAN_POINT ( 'NONE',  ( 0.9249999999999999334, 0.000000000000000000, -2.481154971649519383E-16 ) ) ;
#4215 = DIRECTION ( 'NONE',  ( -1.087828266707871075E-17, -0.000000000000000000, -1.000000000000000000 ) ) ;
#4216 = EDGE_CURVE ( 'NONE', #336, #958, #6832, .T. ) ;
#4217 = CARTESIAN_POINT ( 'NONE',  ( -0.4999999999999995559, 0.000000000000000000, 0.4999999999999994449 ) ) ;
#4218 = CARTESIAN_POINT ( 'NONE',  ( 0.000000000000000000, 0.01000000000000000021, 0.000000000000000000 ) ) ;
#4219 = ORIENTED_EDGE ( 'NONE', *, *, #7969, .F. ) ;
#4220 = VECTOR ( 'NONE', #1935, 1000.000000000000000 ) ;
#4221 = FACE_OUTER_BOUND ( 'NONE', #10890, .T. ) ;
#4222 = ORIENTED_EDGE ( 'NONE', *, *, #8583, .T. ) ;
#4223 = ADVANCED_FACE ( 'NONE', ( #2104 ), #1283, .F. ) ;
#4224 = EDGE_CURVE ( 'NONE', #3503, #800, #11053, .T. ) ;
#4225 = VERTEX_POINT ( 'NONE', #7457 ) ;
#4226 = DIRECTION ( 'NONE',  ( 1.000802005371233057E-15, 0.000000000000000000, 1.000000000000000000 ) ) ;
#4227 = EDGE_CURVE ( 'NONE', #4015, #312, #2216, .T. ) ;
#4228 = VECTOR ( 'NONE', #1126, 1000.000000000000114 ) ;
#4229 = ORIENTED_EDGE ( 'NONE', *, *, #5403, .T. ) ;
#4230 = CARTESIAN_POINT ( 'NONE',  ( 3.336006684570785197E-17, 0.01000000000000000021, -0.4000000000000002998 ) ) ;
#4231 = CARTESIAN_POINT ( 'NONE',  ( -0.6500000000000225597, 0.01000000000000000021, -1.132991270247373748E-14 ) ) ;
#4232 = DIRECTION ( 'NONE',  ( 0.000000000000000000, -1.000000000000000000, 0.000000000000000000 ) ) ;
#4233 = ORIENTED_EDGE ( 'NONE', *, *, #10382, .T. ) ;
#4234 = AXIS2_PLACEMENT_3D ( 'NONE', #7039, #1160, #8835 ) ;
#4235 = DIRECTION ( 'NONE',  ( 0.7071067811865506814, 0.000000000000000000, -0.7071067811865443531 ) ) ;
#4236 = AXIS2_PLACEMENT_3D ( 'NONE', #2899, #4462, #139 ) ;
#4237 = LINE ( 'NONE', #11299, #10092 ) ;
#4238 = VERTEX_POINT ( 'NONE', #4741 ) ;
#4239 = DIRECTION ( 'NONE',  ( 0.7071067811865504593, 0.000000000000000000, 0.7071067811865445751 ) ) ;
#4240 = AXIS2_PLACEMENT_3D ( 'NONE', #5766, #5538, #8316 ) ;
#4241 = VERTEX_POINT ( 'NONE', #1226 ) ;
#4242 = EDGE_LOOP ( 'NONE', ( #5110, #9960, #414, #10130, #6862, #11285, #9888, #9222 ) ) ;
#4243 = EDGE_CURVE ( 'NONE', #7409, #9343, #6654, .T. ) ;
#4244 = CIRCLE ( 'NONE', #1487, 0.1000000000000000472 ) ;
#4245 = EDGE_LOOP ( 'NONE', ( #4825, #5776, #5644, #4441, #9140, #9481, #7823, #11242 ) ) ;
#4246 = VECTOR ( 'NONE', #7629, 1000.000000000000000 ) ;
#4247 = CARTESIAN_POINT ( 'NONE',  ( -0.1250000000000008049, 0.9846177413237633402, -1.224999999999999645 ) ) ;
#4248 = DIRECTION ( 'NONE',  ( 1.000000000000000000, 0.000000000000000000, -2.085004177856743210E-15 ) ) ;
#4249 = EDGE_CURVE ( 'NONE', #4831, #574, #5722, .T. ) ;
#4250 = CARTESIAN_POINT ( 'NONE',  ( 9.591019218141001047E-17, 0.01000000000000000021, -1.149999999999999911 ) ) ;
#4251 = CARTESIAN_POINT ( 'NONE',  ( 1.250000000000000000, 0.009999999999999998473, -0.6000000000000003109 ) ) ;
#4252 = ORIENTED_EDGE ( 'NONE', *, *, #5022, .F. ) ;
#4253 = EDGE_CURVE ( 'NONE', #8384, #2367, #11168, .T. ) ;
#4254 = VECTOR ( 'NONE', #4139, 1000.000000000000000 ) ;
#4255 = LINE ( 'NONE', #9629, #11300 ) ;
#4256 = VECTOR ( 'NONE', #10031, 1000.000000000000000 ) ;
#4257 = DIRECTION ( 'NONE',  ( 1.167602339599772261E-15, 0.000000000000000000, -1.000000000000000000 ) ) ;
#4258 = DIRECTION ( 'NONE',  ( -1.084202172485503842E-15, 0.000000000000000000, -1.000000000000000000 ) ) ;
#4259 = VERTEX_POINT ( 'NONE', #3244 ) ;
#4260 = VECTOR ( 'NONE', #1803, 1000.000000000000000 ) ;
#4261 = DIRECTION ( 'NONE',  ( 0.000000000000000000, 1.000000000000000000, 0.000000000000000000 ) ) ;
#4262 = LINE ( 'NONE', #4542, #10719 ) ;
#4263 = AXIS2_PLACEMENT_3D ( 'NONE', #11068, #7864, #5206 ) ;
#4264 = DIRECTION ( 'NONE',  ( 2.304624617924156469E-14, 0.000000000000000000, 1.000000000000000000 ) ) ;
#4265 = LINE ( 'NONE', #9472, #9297 ) ;
#4266 = CARTESIAN_POINT ( 'NONE',  ( -1.249999999999999778, 0.1999999999999999833, 1.124999999999999778 ) ) ;
#4267 = CARTESIAN_POINT ( 'NONE',  ( -0.1500000000000000222, 0.9846177413237633402, 1.300000000000000266 ) ) ;
#4268 = ORIENTED_EDGE ( 'NONE', *, *, #527, .F. ) ;
#4269 = VECTOR ( 'NONE', #8367, 1000.000000000000000 ) ;
#4270 = ORIENTED_EDGE ( 'NONE', *, *, #2010, .T. ) ;
#4271 = VERTEX_POINT ( 'NONE', #1343 ) ;
#4272 = PLANE ( 'NONE',  #8056 ) ;
#4273 = LINE ( 'NONE', #11167, #3691 ) ;
#4274 = EDGE_CURVE ( 'NONE', #3402, #7354, #4861, .T. ) ;
#4275 = DIRECTION ( 'NONE',  ( 0.000000000000000000, -1.000000000000000000, 0.000000000000000000 ) ) ;
#4276 = VECTOR ( 'NONE', #8289, 1000.000000000000114 ) ;
#4277 = PLANE ( 'NONE',  #3390 ) ;
#4278 = DIRECTION ( 'NONE',  ( 0.000000000000000000, -1.000000000000000000, 0.000000000000000000 ) ) ;
#4279 = FACE_OUTER_BOUND ( 'NONE', #4870, .T. ) ;
#4280 = LINE ( 'NONE', #7801, #3113 ) ;
#4281 = VERTEX_POINT ( 'NONE', #10184 ) ;
#4282 = EDGE_CURVE ( 'NONE', #8384, #3402, #7402, .T. ) ;
#4283 = ORIENTED_EDGE ( 'NONE', *, *, #10485, .T. ) ;
#4284 = DIRECTION ( 'NONE',  ( 1.000000000000000000, 0.000000000000000000, -2.602085213965209458E-15 ) ) ;
#4285 = AXIS2_PLACEMENT_3D ( 'NONE', #2007, #6443, #9915 ) ;
#4286 = VERTEX_POINT ( 'NONE', #9312 ) ;
#4287 = CARTESIAN_POINT ( 'NONE',  ( -1.249999999999999778, 0.9846177413237633402, -1.124999999999999778 ) ) ;
#4288 = EDGE_CURVE ( 'NONE', #4646, #7464, #1392, .T. ) ;
#4289 = VECTOR ( 'NONE', #4126, 1000.000000000000000 ) ;
#4290 = DIRECTION ( 'NONE',  ( 1.000000000000000000, 0.000000000000000000, 0.000000000000000000 ) ) ;
#4291 = EDGE_CURVE ( 'NONE', #10026, #9887, #5026, .T. ) ;
#4292 = DIRECTION ( 'NONE',  ( 0.000000000000000000, 0.000000000000000000, 1.000000000000000000 ) ) ;
#4293 = ORIENTED_EDGE ( 'NONE', *, *, #4169, .T. ) ;
#4294 = DIRECTION ( 'NONE',  ( 0.000000000000000000, -1.000000000000000000, 0.000000000000000000 ) ) ;
#4295 = ORIENTED_EDGE ( 'NONE', *, *, #11223, .F. ) ;
#4296 = CARTESIAN_POINT ( 'NONE',  ( -0.1250000000000010270, 0.1999999999999999833, 1.224999999999999645 ) ) ;
#4297 = EDGE_LOOP ( 'NONE', ( #3935, #1077, #8662, #1076 ) ) ;
#4298 = DIRECTION ( 'NONE',  ( 1.167602339599772261E-15, -0.000000000000000000, -1.000000000000000000 ) ) ;
#4299 = COLOUR_RGB ( '',0.7921568627450980005, 0.8196078431372548767, 0.9333333333333333481 ) ;
#4300 = EDGE_LOOP ( 'NONE', ( #5008, #95, #4179, #11248 ) ) ;
#4301 = ORIENTED_EDGE ( 'NONE', *, *, #233, .F. ) ;
#4302 = CARTESIAN_POINT ( 'NONE',  ( 0.7250000000000009770, 0.000000000000000000, 0.8999999999999993561 ) ) ;
#4303 = CARTESIAN_POINT ( 'NONE',  ( 1.300000000000000044, 0.1999999999999999833, 0.09999999999999982514 ) ) ;
#4304 = CARTESIAN_POINT ( 'NONE',  ( 1.300000000000000044, 0.1000000000000001166, 0.5999999999999998668 ) ) ;
#4305 = DIRECTION ( 'NONE',  ( 0.7071067811865476838, 0.000000000000000000, -0.7071067811865474617 ) ) ;
#4306 = ORIENTED_EDGE ( 'NONE', *, *, #8355, .F. ) ;
#4307 = CARTESIAN_POINT ( 'NONE',  ( -1.249999999999999778, 0.08660254037844379582, -1.124999999999999778 ) ) ;
#4308 = AXIS2_PLACEMENT_3D ( 'NONE', #1439, #1213, #10930 ) ;
#4309 = CARTESIAN_POINT ( 'NONE',  ( -1.300000000000000044, 0.1000000000000001166, -1.149999999999998579 ) ) ;
#4310 = PLANE ( 'NONE',  #5387 ) ;
#4311 = EDGE_CURVE ( 'NONE', #6182, #336, #5283, .T. ) ;
#4312 = LINE ( 'NONE', #7833, #525 ) ;
#4313 = ORIENTED_EDGE ( 'NONE', *, *, #11174, .T. ) ;
#4314 = ADVANCED_FACE ( 'NONE', ( #2758 ), #2590, .T. ) ;
#4315 = DIRECTION ( 'NONE',  ( 0.000000000000000000, -1.000000000000000000, 0.000000000000000000 ) ) ;
#4316 = DIRECTION ( 'NONE',  ( -1.000000000000000000, 0.000000000000000000, 2.780005570475647818E-16 ) ) ;
#4317 = CARTESIAN_POINT ( 'NONE',  ( -1.149999999999999023, 0.000000000000000000, 1.300000000000000266 ) ) ;
#4318 = CARTESIAN_POINT ( 'NONE',  ( 0.6250000000000011102, 0.9846177413237633402, -1.225000000000004974 ) ) ;
#4319 = CARTESIAN_POINT ( 'NONE',  ( -0.3000000000000019873, 0.01000000000000000021, -0.3000000000000019873 ) ) ;
#4320 = EDGE_LOOP ( 'NONE', ( #426, #8276, #5499, #10525, #11126 ) ) ;
#4321 = ORIENTED_EDGE ( 'NONE', *, *, #5031, .F. ) ;
#4322 = ORIENTED_EDGE ( 'NONE', *, *, #10320, .T. ) ;
#4323 = CARTESIAN_POINT ( 'NONE',  ( -0.2500000000000013878, 0.1999999999999999833, 0.9249999999999997113 ) ) ;
#4324 = DIRECTION ( 'NONE',  ( 1.743063492688207036E-14, 0.000000000000000000, -1.000000000000000000 ) ) ;
#4325 = CARTESIAN_POINT ( 'NONE',  ( -1.300000000000000044, 0.1999999999999999833, -0.6000000000000001998 ) ) ;
#4326 = DIRECTION ( 'NONE',  ( 0.000000000000000000, 1.000000000000000000, 0.000000000000000000 ) ) ;
#4327 = DIRECTION ( 'NONE',  ( 0.7071067811865491270, 0.000000000000000000, -0.7071067811865459074 ) ) ;
#4328 = CARTESIAN_POINT ( 'NONE',  ( -0.9250000000000001554, 0.2000000000000000111, 0.4999999999999997780 ) ) ;
#4329 = FACE_OUTER_BOUND ( 'NONE', #1686, .T. ) ;
#4330 = DIRECTION ( 'NONE',  ( 0.000000000000000000, 1.000000000000000000, 0.000000000000000000 ) ) ;
#4331 = ORIENTED_EDGE ( 'NONE', *, *, #5971, .T. ) ;
#4332 = ORIENTED_EDGE ( 'NONE', *, *, #4338, .F. ) ;
#4333 = CARTESIAN_POINT ( 'NONE',  ( 1.300000000000000044, 0.1000000000000001166, 1.124999999999999334 ) ) ;
#4334 = EDGE_CURVE ( 'NONE', #4469, #4510, #6079, .T. ) ;
#4335 = EDGE_LOOP ( 'NONE', ( #6153, #468, #2500, #1221, #10180, #1345, #7411, #6170 ) ) ;
#4336 = VECTOR ( 'NONE', #8423, 1000.000000000000000 ) ;
#4337 = DIRECTION ( 'NONE',  ( -1.000000000000000000, 0.000000000000000000, -8.340016711426957754E-17 ) ) ;
#4338 = EDGE_CURVE ( 'NONE', #4891, #1484, #6821, .T. ) ;
#4339 = CARTESIAN_POINT ( 'NONE',  ( -0.2500000000000012768, 0.1999999999999999833, -0.9249999999999997113 ) ) ;
#4340 = LINE ( 'NONE', #10827, #1505 ) ;
#4341 = ORIENTED_EDGE ( 'NONE', *, *, #7953, .T. ) ;
#4342 = DIRECTION ( 'NONE',  ( -1.087828266707871075E-17, -0.000000000000000000, -1.000000000000000000 ) ) ;
#4343 = ORIENTED_EDGE ( 'NONE', *, *, #4106, .T. ) ;
#4344 = AXIS2_PLACEMENT_3D ( 'NONE', #9048, #8989, #1135 ) ;
#4345 = DIRECTION ( 'NONE',  ( -1.000000000000000000, 0.000000000000000000, 0.000000000000000000 ) ) ;
#4346 =( BOUNDED_CURVE ( )  B_SPLINE_CURVE ( 3, ( #4553, #4381, #3406, #5299 ),
 .UNSPECIFIED., .F., .F. ) 
 B_SPLINE_CURVE_WITH_KNOTS ( ( 4, 4 ),
 ( 3.864326901403210002, 4.188790204786390525 ),
 .UNSPECIFIED. ) 
 CURVE ( )  GEOMETRIC_REPRESENTATION_ITEM ( )  RATIONAL_B_SPLINE_CURVE ( ( 1.000000000000000000, 0.9912461883984129418, 0.9912461883984129418, 1.000000000000000000 ) ) 
 REPRESENTATION_ITEM ( '' )  );
#4347 = ORIENTED_EDGE ( 'NONE', *, *, #10093, .T. ) ;
#4348 = CARTESIAN_POINT ( 'NONE',  ( 0.6250000000000011102, 0.000000000000000000, -1.225000000000004974 ) ) ;
#4349 = EDGE_CURVE ( 'NONE', #178, #2167, #8764, .T. ) ;
#4350 = ORIENTED_EDGE ( 'NONE', *, *, #4568, .T. ) ;
#4351 = VERTEX_POINT ( 'NONE', #1511 ) ;
#4352 = CARTESIAN_POINT ( 'NONE',  ( -1.250000000000000000, 0.2000000000000000111, 0.3999999999999998557 ) ) ;
#4353 = CARTESIAN_POINT ( 'NONE',  ( 1.300000000000000044, 0.009999999999999998473, -0.6000000000000004219 ) ) ;
#4354 = AXIS2_PLACEMENT_3D ( 'NONE', #6250, #5386, #5656 ) ;
#4355 = PLANE ( 'NONE',  #10208 ) ;
#4356 = FACE_OUTER_BOUND ( 'NONE', #9489, .T. ) ;
#4357 = VERTEX_POINT ( 'NONE', #8559 ) ;
#4358 = PRESENTATION_STYLE_ASSIGNMENT (( #11312 ) ) ;
#4359 = CARTESIAN_POINT ( 'NONE',  ( 0.9249999999999999334, 0.2000000000000000111, -0.5000000000000002220 ) ) ;
#4360 = EDGE_CURVE ( 'NONE', #3575, #7360, #562, .T. ) ;
#4361 = FACE_OUTER_BOUND ( 'NONE', #8677, .T. ) ;
#4362 = ORIENTED_EDGE ( 'NONE', *, *, #8554, .F. ) ;
#4363 = EDGE_CURVE ( 'NONE', #1284, #6781, #169, .T. ) ;
#4364 = FACE_OUTER_BOUND ( 'NONE', #7846, .T. ) ;
#4365 = CARTESIAN_POINT ( 'NONE',  ( 1.250000000000000000, 0.7590169943749474069, 0.09999999999999982514 ) ) ;
#4366 = FACE_OUTER_BOUND ( 'NONE', #5105, .T. ) ;
#4367 = DIRECTION ( 'NONE',  ( 0.000000000000000000, -1.000000000000000000, 0.000000000000000000 ) ) ;
#4368 = AXIS2_PLACEMENT_3D ( 'NONE', #1756, #8693, #6788 ) ;
#4369 = LINE ( 'NONE', #3449, #8372 ) ;
#4370 = EDGE_CURVE ( 'NONE', #6827, #1229, #57, .T. ) ;
#4371 = VECTOR ( 'NONE', #2375, 1000.000000000000114 ) ;
#4372 = DIRECTION ( 'NONE',  ( -0.7071067811865476838, 0.000000000000000000, 0.7071067811865474617 ) ) ;
#4373 = EDGE_CURVE ( 'NONE', #7805, #4820, #10563, .T. ) ;
#4374 = FACE_OUTER_BOUND ( 'NONE', #4457, .T. ) ;
#4375 = ORIENTED_EDGE ( 'NONE', *, *, #4360, .F. ) ;
#4376 = CLOSED_SHELL ( 'NONE', ( #7590, #5879, #1102, #10760, #6209, #8174, #8315, #3996, #2655, #8328, #6507 ) ) ;
#4377 = ORIENTED_EDGE ( 'NONE', *, *, #6886, .F. ) ;
#4378 = CIRCLE ( 'NONE', #703, 0.1250000000000000000 ) ;
#4379 = VECTOR ( 'NONE', #11090, 1000.000000000000000 ) ;
#4380 = ORIENTED_EDGE ( 'NONE', *, *, #1500, .F. ) ;
#4381 = CARTESIAN_POINT ( 'NONE',  ( -0.1321853034556765838, 0.07429115107872258372, -1.232185303455675562 ) ) ;
#4382 = ADVANCED_FACE ( 'NONE', ( #4366 ), #11224, .T. ) ;
#4383 = LINE ( 'NONE', #5423, #8121 ) ;
#4384 = CARTESIAN_POINT ( 'NONE',  ( 0.1499999999999998002, 0.000000000000000000, 1.300000000000000266 ) ) ;
#4385 = DIRECTION ( 'NONE',  ( -0.000000000000000000, -1.000000000000000000, 0.000000000000000000 ) ) ;
#4386 =( NAMED_UNIT ( * ) SI_UNIT ( $, .STERADIAN. ) SOLID_ANGLE_UNIT ( ) );
#4387 = CARTESIAN_POINT ( 'NONE',  ( -1.225000000000000089, 0.1999999999999999833, 0.6249999999999997780 ) ) ;
#4388 = AXIS2_PLACEMENT_3D ( 'NONE', #8481, #5061, #7336 ) ;
#4389 = EDGE_CURVE ( 'NONE', #9044, #1316, #8823, .T. ) ;
#4390 = CARTESIAN_POINT ( 'NONE',  ( -1.300000000000000044, 0.2000000000000000111, -0.4000000000000000777 ) ) ;
#4391 = EDGE_LOOP ( 'NONE', ( #9017, #3455, #776, #5667, #5659, #7506, #1689, #5157, #2907, #9320, #7161, #2739, #8067, #9874, #10104 ) ) ;
#4392 = EDGE_LOOP ( 'NONE', ( #11048, #10542, #7345, #5162 ) ) ;
#4393 = LINE ( 'NONE', #8911, #7884 ) ;
#4394 = ORIENTED_EDGE ( 'NONE', *, *, #9022, .T. ) ;
#4395 = DIRECTION ( 'NONE',  ( -1.000000000000000000, 0.000000000000000000, -8.340016711426957754E-17 ) ) ;
#4396 = VECTOR ( 'NONE', #3469, 1000.000000000000000 ) ;
#4397 = LINE ( 'NONE', #4230, #3318 ) ;
#4398 = CARTESIAN_POINT ( 'NONE',  ( -1.300000000000000044, 0.1999999999999999833, -0.4000000000000000777 ) ) ;
#4399 = PRESENTATION_STYLE_ASSIGNMENT (( #877 ) ) ;
#4400 = ORIENTED_EDGE ( 'NONE', *, *, #7534, .F. ) ;
#4401 = CARTESIAN_POINT ( 'NONE',  ( -0.3499999999999992562, 0.000000000000000000, -0.3500000000000006994 ) ) ;
#4402 = ORIENTED_EDGE ( 'NONE', *, *, #9325, .T. ) ;
#4403 = LINE ( 'NONE', #6141, #7682 ) ;
#4404 = ORIENTED_EDGE ( 'NONE', *, *, #4227, .F. ) ;
#4405 = FACE_OUTER_BOUND ( 'NONE', #4391, .T. ) ;
#4406 = VECTOR ( 'NONE', #2815, 1000.000000000000114 ) ;
#4407 = VECTOR ( 'NONE', #5641, 1000.000000000000000 ) ;
#4408 = EDGE_LOOP ( 'NONE', ( #2300, #7408, #9992, #11014, #2128 ) ) ;
#4409 = ORIENTED_EDGE ( 'NONE', *, *, #10537, .T. ) ;
#4410 = LINE ( 'NONE', #2631, #9217 ) ;
#4411 = DIRECTION ( 'NONE',  ( -1.000000000000000000, 0.000000000000000000, 2.085004177856743605E-15 ) ) ;
#4412 = AXIS2_PLACEMENT_3D ( 'NONE', #10029, #8172, #4589 ) ;
#4413 = DIRECTION ( 'NONE',  ( 1.000000000000000000, 0.000000000000000000, 0.000000000000000000 ) ) ;
#4414 = EDGE_CURVE ( 'NONE', #10348, #682, #8944, .T. ) ;
#4415 = PLANE ( 'NONE',  #3883 ) ;
#4416 = ORIENTED_EDGE ( 'NONE', *, *, #828, .F. ) ;
#4417 = VECTOR ( 'NONE', #3419, 1000.000000000000114 ) ;
#4418 = LINE ( 'NONE', #8232, #4276 ) ;
#4419 =( BOUNDED_CURVE ( )  B_SPLINE_CURVE ( 3, ( #5968, #7811, #6136, #7755 ),
 .UNSPECIFIED., .F., .F. ) 
 B_SPLINE_CURVE_WITH_KNOTS ( ( 4, 4 ),
 ( 2.094395102393191710, 2.418858405776368681 ),
 .UNSPECIFIED. ) 
 CURVE ( )  GEOMETRIC_REPRESENTATION_ITEM ( )  RATIONAL_B_SPLINE_CURVE ( ( 1.000000000000000000, 0.9912461883984132749, 0.9912461883984132749, 1.000000000000000000 ) ) 
 REPRESENTATION_ITEM ( '' )  );
#4420 = CIRCLE ( 'NONE', #8884, 0.1250000000000000000 ) ;
#4421 = CARTESIAN_POINT ( 'NONE',  ( 0.6500000000000001332, 0.009999999999999646325, -1.300000000000005596 ) ) ;
#4422 = LINE ( 'NONE', #7832, #11307 ) ;
#4423 = EDGE_CURVE ( 'NONE', #2843, #328, #1025, .T. ) ;
#4424 = EDGE_CURVE ( 'NONE', #6873, #2857, #905, .T. ) ;
#4425 = AXIS2_PLACEMENT_3D ( 'NONE', #2887, #7971, #9072 ) ;
#4426 = ORIENTED_EDGE ( 'NONE', *, *, #814, .F. ) ;
#4427 = AXIS2_PLACEMENT_3D ( 'NONE', #3301, #8888, #1775 ) ;
#4428 = CARTESIAN_POINT ( 'NONE',  ( -0.2500000000000012768, 0.1999999999999999833, -0.9249999999999997113 ) ) ;
#4429 = CARTESIAN_POINT ( 'NONE',  ( -8.340016711427031216E-16, 0.01000000000000000021, -0.4000000000000027978 ) ) ;
#4430 = AXIS2_PLACEMENT_3D ( 'NONE', #2076, #8129, #390 ) ;
#4431 = PLANE ( 'NONE',  #4611 ) ;
#4432 = LINE ( 'NONE', #6337, #1662 ) ;
#4433 = ADVANCED_FACE ( 'NONE', ( #7143 ), #4431, .F. ) ;
#4434 = AXIS2_PLACEMENT_3D ( 'NONE', #4492, #2759, #6164 ) ;
#4435 = CARTESIAN_POINT ( 'NONE',  ( -0.9249999999999998224, 0.2000000000000000111, 0.1249999999999998612 ) ) ;
#4436 = ADVANCED_FACE ( 'NONE', ( #9812 ), #10677, .F. ) ;
#4437 = LINE ( 'NONE', #797, #11318 ) ;
#4438 = EDGE_CURVE ( 'NONE', #8605, #2167, #970, .T. ) ;
#4439 = ORIENTED_EDGE ( 'NONE', *, *, #3012, .T. ) ;
#4440 = VECTOR ( 'NONE', #8097, 1000.000000000000000 ) ;
#4441 = ORIENTED_EDGE ( 'NONE', *, *, #5782, .F. ) ;
#4442 = AXIS2_PLACEMENT_3D ( 'NONE', #8753, #7130, #892 ) ;
#4443 = EDGE_LOOP ( 'NONE', ( #1339, #7179, #2002, #6897 ) ) ;
#4444 = DIRECTION ( 'NONE',  ( -0.000000000000000000, -1.000000000000000000, 0.000000000000000000 ) ) ;
#4445 = FACE_OUTER_BOUND ( 'NONE', #3417, .T. ) ;
#4446 = CARTESIAN_POINT ( 'NONE',  ( -1.225000000000000089, 0.06614378277661521477, 0.6249999999999997780 ) ) ;
#4447 = AXIS2_PLACEMENT_3D ( 'NONE', #9258, #2326, #5832 ) ;
#4448 = CARTESIAN_POINT ( 'NONE',  ( -1.249999999999999778, 0.1999999999999999833, 1.124999999999999778 ) ) ;
#4449 = CARTESIAN_POINT ( 'NONE',  ( -1.225000000000000089, 0.7590169943749474069, 0.1249999999999998335 ) ) ;
#4450 = COLOUR_RGB ( '',0.7921568627450980005, 0.8196078431372548767, 0.9333333333333333481 ) ;
#4451 = DIRECTION ( 'NONE',  ( -0.000000000000000000, -1.000000000000000000, 0.000000000000000000 ) ) ;
#4452 = ORIENTED_EDGE ( 'NONE', *, *, #4770, .F. ) ;
#4453 = EDGE_CURVE ( 'NONE', #5512, #484, #1080, .T. ) ;
#4454 = ORIENTED_EDGE ( 'NONE', *, *, #7874, .F. ) ;
#4455 = LINE ( 'NONE', #6183, #5675 ) ;
#4456 = EDGE_CURVE ( 'NONE', #9504, #1753, #8190, .T. ) ;
#4457 = EDGE_LOOP ( 'NONE', ( #6446, #2676, #10305, #4865 ) ) ;
#4458 = ORIENTED_EDGE ( 'NONE', *, *, #5729, .F. ) ;
#4459 = EDGE_CURVE ( 'NONE', #2795, #9321, #3910, .T. ) ;
#4460 = DIRECTION ( 'NONE',  ( -0.7071067811865489050, 0.000000000000000000, -0.7071067811865461294 ) ) ;
#4461 = PRESENTATION_LAYER_ASSIGNMENT (  '', '', ( #2797 ) ) ;
#4462 = DIRECTION ( 'NONE',  ( 0.000000000000000000, 1.000000000000000000, 0.000000000000000000 ) ) ;
#4463 = LINE ( 'NONE', #31, #10020 ) ;
#4464 = ORIENTED_EDGE ( 'NONE', *, *, #9408, .T. ) ;
#4465 = LINE ( 'NONE', #10538, #9944 ) ;
#4466 = ORIENTED_EDGE ( 'NONE', *, *, #10093, .F. ) ;
#4467 = LINE ( 'NONE', #3068, #5650 ) ;
#4468 = VECTOR ( 'NONE', #1714, 1000.000000000000000 ) ;
#4469 = VERTEX_POINT ( 'NONE', #3047 ) ;
#4470 = DIRECTION ( 'NONE',  ( 1.417802840942572903E-14, 0.000000000000000000, -1.000000000000000000 ) ) ;
#4471 = VERTEX_POINT ( 'NONE', #4713 ) ;
#4472 = CARTESIAN_POINT ( 'NONE',  ( 0.9249999999999998224, 0.2000000000000000111, -0.1250000000000002498 ) ) ;
#4473 = VECTOR ( 'NONE', #3148, 1000.000000000000000 ) ;
#4474 = ORIENTED_EDGE ( 'NONE', *, *, #5481, .T. ) ;
#4475 = DIRECTION ( 'NONE',  ( -0.000000000000000000, -1.000000000000000000, 0.000000000000000000 ) ) ;
#4476 = CARTESIAN_POINT ( 'NONE',  ( -0.3500000000000001443, 0.1999999999999996503, -1.299999999999999822 ) ) ;
#4477 = LINE ( 'NONE', #2521, #6090 ) ;
#4478 = DIRECTION ( 'NONE',  ( -0.000000000000000000, -1.000000000000000000, 0.000000000000000000 ) ) ;
#4479 = VERTEX_POINT ( 'NONE', #8364 ) ;
#4480 = CARTESIAN_POINT ( 'NONE',  ( -1.300000000000000266, 0.000000000000000000, -0.6000000000000001998 ) ) ;
#4481 = CARTESIAN_POINT ( 'NONE',  ( -1.249999999999999778, 0.9846177413237633402, -1.124999999999999778 ) ) ;
#4482 = VECTOR ( 'NONE', #10771, 1000.000000000000000 ) ;
#4483 = DIRECTION ( 'NONE',  ( 1.000000000000000000, 0.000000000000000000, -1.075862155774079406E-14 ) ) ;
#4484 = FACE_OUTER_BOUND ( 'NONE', #2452, .T. ) ;
#4485 = ORIENTED_EDGE ( 'NONE', *, *, #3490, .T. ) ;
#4486 = ORIENTED_EDGE ( 'NONE', *, *, #9141, .F. ) ;
#4487 = EDGE_CURVE ( 'NONE', #2685, #7528, #10917, .T. ) ;
#4488 = DIRECTION ( 'NONE',  ( 0.000000000000000000, 0.000000000000000000, -1.000000000000000000 ) ) ;
#4489 = CARTESIAN_POINT ( 'NONE',  ( -0.9249999999999998224, 0.2000000000000000111, 0.1249999999999998612 ) ) ;
#4490 = AXIS2_PLACEMENT_3D ( 'NONE', #3356, #8779, #6879 ) ;
#4491 = CARTESIAN_POINT ( 'NONE',  ( 1.224999999999999645, 0.9846177413237633402, 1.149999999999999911 ) ) ;
#4492 = CARTESIAN_POINT ( 'NONE',  ( -1.300000000000000044, 0.000000000000000000, 0.3750000000000000000 ) ) ;
#4493 = LINE ( 'NONE', #3625, #1493 ) ;
#4494 = EDGE_CURVE ( 'NONE', #3503, #1763, #392, .T. ) ;
#4495 = CARTESIAN_POINT ( 'NONE',  ( -1.225000000000000089, 0.1999999999999999833, -0.3750000000000001665 ) ) ;
#4496 = SURFACE_SIDE_STYLE ('',( #6110 ) ) ;
#4497 = ORIENTED_EDGE ( 'NONE', *, *, #5630, .F. ) ;
#4498 = ORIENTED_EDGE ( 'NONE', *, *, #4854, .F. ) ;
#4499 = ADVANCED_FACE ( 'NONE', ( #7311 ), #3791, .F. ) ;
#4500 = EDGE_LOOP ( 'NONE', ( #5812, #1064, #8507, #3673, #8183, #3126, #9175, #3150 ) ) ;
#4501 = CARTESIAN_POINT ( 'NONE',  ( 1.300000000000000044, 0.1999999999999999833, -1.124999999999998890 ) ) ;
#4502 = CARTESIAN_POINT ( 'NONE',  ( 0.8750000000000009992, 0.9846177413237633402, -1.225000000000005196 ) ) ;
#4503 = LINE ( 'NONE', #7155, #9418 ) ;
#4504 = CARTESIAN_POINT ( 'NONE',  ( 1.250000000000000000, 0.1999999999999999833, 0.9249999999999992673 ) ) ;
#4505 = FACE_OUTER_BOUND ( 'NONE', #760, .T. ) ;
#4506 = ORIENTED_EDGE ( 'NONE', *, *, #8167, .F. ) ;
#4507 = ORIENTED_EDGE ( 'NONE', *, *, #7636, .F. ) ;
#4508 = CARTESIAN_POINT ( 'NONE',  ( 0.8500000000000004219, 0.1999999999999999833, -1.300000000000005373 ) ) ;
#4509 = ORIENTED_EDGE ( 'NONE', *, *, #3753, .F. ) ;
#4510 = VERTEX_POINT ( 'NONE', #4773 ) ;
#4511 = CARTESIAN_POINT ( 'NONE',  ( -1.250000000000000000, 0.2000000000000000111, -0.1000000000000001582 ) ) ;
#4512 = DIRECTION ( 'NONE',  ( -0.000000000000000000, -1.000000000000000000, 0.000000000000000000 ) ) ;
#4513 = CARTESIAN_POINT ( 'NONE',  ( 1.250000000000000000, 0.009999999999999998473, 0.5999999999999998668 ) ) ;
#4514 = CARTESIAN_POINT ( 'NONE',  ( 1.249999999999999778, 0.1999999999999999833, 1.124999999999999778 ) ) ;
#4515 = ORIENTED_EDGE ( 'NONE', *, *, #7073, .T. ) ;
#4516 = EDGE_CURVE ( 'NONE', #3713, #10507, #10096, .T. ) ;
#4517 = CARTESIAN_POINT ( 'NONE',  ( -1.300000000000000044, 0.01000000000000005398, 1.124999999999998890 ) ) ;
#4518 = ORIENTED_EDGE ( 'NONE', *, *, #6863, .T. ) ;
#4519 = ADVANCED_FACE ( 'NONE', ( #10853 ), #4660, .F. ) ;
#4520 = DIRECTION ( 'NONE',  ( 1.167602339599772261E-15, 0.000000000000000000, -1.000000000000000000 ) ) ;
#4521 = ORIENTED_EDGE ( 'NONE', *, *, #5800, .T. ) ;
#4522 = CARTESIAN_POINT ( 'NONE',  ( 1.250000000000000000, 0.1999999999999999833, 0.09999999999999982514 ) ) ;
#4523 = AXIS2_PLACEMENT_3D ( 'NONE', #6696, #8596, #684 ) ;
#4524 = VERTEX_POINT ( 'NONE', #1146 ) ;
#4525 = PLANE ( 'NONE',  #8323 ) ;
#4526 = ORIENTED_EDGE ( 'NONE', *, *, #6329, .F. ) ;
#4527 = EDGE_CURVE ( 'NONE', #7226, #696, #448, .T. ) ;
#4528 = PLANE ( 'NONE',  #2755 ) ;
#4529 = CARTESIAN_POINT ( 'NONE',  ( -0.7250000000000009770, 0.000000000000000000, -0.8999999999999992450 ) ) ;
#4530 = CARTESIAN_POINT ( 'NONE',  ( 1.224999999999999645, 0.1999999999999999833, 1.149999999999999911 ) ) ;
#4531 = CARTESIAN_POINT ( 'NONE',  ( -0.4999999999999996669, 1.614213562373095323, -0.2000000000000008438 ) ) ;
#4532 = ORIENTED_EDGE ( 'NONE', *, *, #2, .F. ) ;
#4533 = VECTOR ( 'NONE', #1245, 1000.000000000000000 ) ;
#4534 = CARTESIAN_POINT ( 'NONE',  ( 0.6250000000000011102, 0.1999999999999999833, -1.225000000000004974 ) ) ;
#4535 = CARTESIAN_POINT ( 'NONE',  ( 1.300000000000000044, 0.1999999999999999833, 1.124999999999999334 ) ) ;
#4536 = CARTESIAN_POINT ( 'NONE',  ( 1.299999999999999822, 0.01000000000000000021, -1.299999999999999822 ) ) ;
#4537 = EDGE_LOOP ( 'NONE', ( #3890, #4694, #6499, #4486 ) ) ;
#4538 = ORIENTED_EDGE ( 'NONE', *, *, #2029, .T. ) ;
#4539 = VECTOR ( 'NONE', #1562, 1000.000000000000000 ) ;
#4540 = EDGE_CURVE ( 'NONE', #2542, #4922, #6451, .T. ) ;
#4541 = CARTESIAN_POINT ( 'NONE',  ( 0.9249999999999999334, 0.2000000000000000111, 0.4999999999999997780 ) ) ;
#4542 = CARTESIAN_POINT ( 'NONE',  ( 0.5499999999999998224, 0.01000000000000000021, -0.5500000000000021538 ) ) ;
#4543 = DIRECTION ( 'NONE',  ( -1.292702590271175245E-14, 0.000000000000000000, -1.000000000000000000 ) ) ;
#4544 = CARTESIAN_POINT ( 'NONE',  ( 1.224999999999999645, 0.06614378277661496497, -0.8999999999999992450 ) ) ;
#4545 = PLANE ( 'NONE',  #8691 ) ;
#4546 = LINE ( 'NONE', #2761, #8475 ) ;
#4547 = CIRCLE ( 'NONE', #11022, 0.1250000000000000278 ) ;
#4548 = DIRECTION ( 'NONE',  ( -1.087828266707871075E-17, -0.000000000000000000, -1.000000000000000000 ) ) ;
#4549 = ORIENTED_EDGE ( 'NONE', *, *, #3698, .F. ) ;
#4550 = ORIENTED_EDGE ( 'NONE', *, *, #9669, .F. ) ;
#4551 = ADVANCED_FACE ( 'NONE', ( #5585 ), #6511, .T. ) ;
#4552 = ORIENTED_EDGE ( 'NONE', *, *, #4185, .T. ) ;
#4553 = CARTESIAN_POINT ( 'NONE',  ( -0.1250000000000007216, 0.06614378277661496497, -1.224999999999999645 ) ) ;
#4554 = VECTOR ( 'NONE', #1306, 1000.000000000000000 ) ;
#4555 = CARTESIAN_POINT ( 'NONE',  ( 0.1500000000000009936, 0.1999999999999999833, -1.249999999999999556 ) ) ;
#4556 = UNCERTAINTY_MEASURE_WITH_UNIT (LENGTH_MEASURE( 1.000000000000000082E-05 ), #2925, 'distance_accuracy_value', 'NONE');
#4557 = LINE ( 'NONE', #8955, #2957 ) ;
#4558 = CARTESIAN_POINT ( 'NONE',  ( -1.300000000000000044, 0.9846177413237633402, -1.124999999999999334 ) ) ;
#4559 = ADVANCED_FACE ( 'NONE', ( #2131 ), #9924, .F. ) ;
#4560 = CARTESIAN_POINT ( 'NONE',  ( -1.224999999999999645, 0.1999999999999999833, -1.149999999999999911 ) ) ;
#4561 = CARTESIAN_POINT ( 'NONE',  ( 1.249999999999999778, 0.1999999999999999833, -1.124999999999999778 ) ) ;
#4562 = FACE_OUTER_BOUND ( 'NONE', #4245, .T. ) ;
#4563 = EDGE_LOOP ( 'NONE', ( #5356, #8383, #8754, #11350, #6835, #1277, #9746, #6792 ) ) ;
#4564 = AXIS2_PLACEMENT_3D ( 'NONE', #5034, #2501, #10363 ) ;
#4565 = VERTEX_POINT ( 'NONE', #3739 ) ;
#4566 = VECTOR ( 'NONE', #1385, 1000.000000000000000 ) ;
#4567 = LINE ( 'NONE', #10640, #2914 ) ;
#4568 = EDGE_CURVE ( 'NONE', #2843, #815, #5693, .T. ) ;
#4569 = ORIENTED_EDGE ( 'NONE', *, *, #4603, .F. ) ;
#4570 = EDGE_CURVE ( 'NONE', #5671, #2299, #5163, .T. ) ;
#4571 = ORIENTED_EDGE ( 'NONE', *, *, #2699, .F. ) ;
#4572 = CARTESIAN_POINT ( 'NONE',  ( 0.1250000000000008049, 0.1999999999999999833, 1.224999999999999645 ) ) ;
#4573 = FACE_OUTER_BOUND ( 'NONE', #4563, .T. ) ;
#4574 = VECTOR ( 'NONE', #9517, 1000.000000000000000 ) ;
#4575 = PLANE ( 'NONE',  #7434 ) ;
#4576 = LINE ( 'NONE', #3077, #9804 ) ;
#4577 = ORIENTED_EDGE ( 'NONE', *, *, #1446, .T. ) ;
#4578 = ADVANCED_FACE ( 'NONE', ( #1256 ), #4834, .F. ) ;
#4579 = CARTESIAN_POINT ( 'NONE',  ( -1.250000000000000000, 0.2000000000000000111, 0.09999999999999982514 ) ) ;
#4580 = VERTEX_POINT ( 'NONE', #2013 ) ;
#4581 = FACE_OUTER_BOUND ( 'NONE', #11164, .T. ) ;
#4582 = EDGE_CURVE ( 'NONE', #1753, #2338, #5524, .T. ) ;
#4583 = ORIENTED_EDGE ( 'NONE', *, *, #5697, .T. ) ;
#4584 = LINE ( 'NONE', #1061, #7505 ) ;
#4585 = AXIS2_PLACEMENT_3D ( 'NONE', #3584, #10636, #5430 ) ;
#4586 = VERTEX_POINT ( 'NONE', #6685 ) ;
#4587 = ORIENTED_EDGE ( 'NONE', *, *, #11319, .F. ) ;
#4588 = CARTESIAN_POINT ( 'NONE',  ( 1.199999999999999956, 0.000000000000000000, 0.6249999999999996669 ) ) ;
#4589 = DIRECTION ( 'NONE',  ( -1.000000000000000000, 0.000000000000000000, 2.780005570475648805E-16 ) ) ;
#4590 = CARTESIAN_POINT ( 'NONE',  ( -0.1250000000000010270, 0.1999999999999999833, 1.224999999999999645 ) ) ;
#4591 = CARTESIAN_POINT ( 'NONE',  ( 0.6250000000000011102, 0.1999999999999999833, -1.225000000000004974 ) ) ;
#4592 = EDGE_LOOP ( 'NONE', ( #8793, #8492, #8052, #4782 ) ) ;
#4593 = CARTESIAN_POINT ( 'NONE',  ( -1.300000000000000266, 0.01000000000000000021, 1.300000000000000044 ) ) ;
#4594 = CIRCLE ( 'NONE', #10327, 0.1250000000000000000 ) ;
#4595 = AXIS2_PLACEMENT_3D ( 'NONE', #396, #2134, #9117 ) ;
#4596 = CARTESIAN_POINT ( 'NONE',  ( 1.300000000000000044, 0.1000000000000001166, 0.09999999999999993616 ) ) ;
#4597 = DIRECTION ( 'NONE',  ( -0.000000000000000000, -1.000000000000000000, 0.000000000000000000 ) ) ;
#4598 = ORIENTED_EDGE ( 'NONE', *, *, #4349, .F. ) ;
#4599 = ORIENTED_EDGE ( 'NONE', *, *, #6293, .T. ) ;
#4600 = EDGE_CURVE ( 'NONE', #2057, #11198, #1421, .T. ) ;
#4601 = AXIS2_PLACEMENT_3D ( 'NONE', #545, #9211, #7585 ) ;
#4602 = FACE_OUTER_BOUND ( 'NONE', #8238, .T. ) ;
#4603 = EDGE_CURVE ( 'NONE', #10777, #484, #3165, .T. ) ;
#4604 = CARTESIAN_POINT ( 'NONE',  ( 1.224999999999999645, 0.1999999999999999833, -1.149999999999999911 ) ) ;
#4605 = DIRECTION ( 'NONE',  ( 0.000000000000000000, -1.000000000000000000, 0.000000000000000000 ) ) ;
#4606 = DIRECTION ( 'NONE',  ( -0.000000000000000000, -1.000000000000000000, 0.000000000000000000 ) ) ;
#4607 = DIRECTION ( 'NONE',  ( 0.000000000000000000, 0.000000000000000000, 1.000000000000000000 ) ) ;
#4608 = DIRECTION ( 'NONE',  ( 0.7071067811865451302, 0.000000000000000000, 0.7071067811865499042 ) ) ;
#4609 = DIRECTION ( 'NONE',  ( 1.000000000000000000, -0.000000000000000000, 8.340016711426957754E-17 ) ) ;
#4610 = AXIS2_PLACEMENT_3D ( 'NONE', #9593, #10252, #9323 ) ;
#4611 = AXIS2_PLACEMENT_3D ( 'NONE', #7083, #4543, #5232 ) ;
#4612 = VERTEX_POINT ( 'NONE', #7485 ) ;
#4613 = VECTOR ( 'NONE', #4832, 1000.000000000000000 ) ;
#4614 = ORIENTED_EDGE ( 'NONE', *, *, #8895, .F. ) ;
#4615 = FACE_OUTER_BOUND ( 'NONE', #7481, .T. ) ;
#4616 = DIRECTION ( 'NONE',  ( 1.000000000000000000, 0.000000000000000000, 0.000000000000000000 ) ) ;
#4617 = CIRCLE ( 'NONE', #11091, 0.1000000000000000472 ) ;
#4619 = VECTOR ( 'NONE', #8701, 1000.000000000000000 ) ;
#4618 = PLANE ( 'NONE',  #4425 ) ;
#4620 = EDGE_CURVE ( 'NONE', #5344, #7565, #2303, .T. ) ;
#4621 = CARTESIAN_POINT ( 'NONE',  ( -1.300000000000000044, 0.009999999999999998473, 0.5999999999999999778 ) ) ;
#4622 = DIRECTION ( 'NONE',  ( -1.000000000000000000, 0.000000000000000000, 2.085004177856743605E-15 ) ) ;
#4623 = VECTOR ( 'NONE', #5409, 1000.000000000000000 ) ;
#4624 = CARTESIAN_POINT ( 'NONE',  ( 0.6250000000000008882, 0.9846177413237633402, 1.225000000000004974 ) ) ;
#4625 = VERTEX_POINT ( 'NONE', #11025 ) ;
#4626 = AXIS2_PLACEMENT_3D ( 'NONE', #6324, #9856, #10488 ) ;
#4627 = ORIENTED_EDGE ( 'NONE', *, *, #6652, .F. ) ;
#4628 = CARTESIAN_POINT ( 'NONE',  ( 1.199999999999999734, 0.000000000000000000, -0.8999999999999991340 ) ) ;
#4629 = ORIENTED_EDGE ( 'NONE', *, *, #10972, .T. ) ;
#4630 = EDGE_LOOP ( 'NONE', ( #4722, #9554, #9402, #1033 ) ) ;
#4631 = EDGE_CURVE ( 'NONE', #7036, #8259, #1370, .T. ) ;
#4632 = CARTESIAN_POINT ( 'NONE',  ( -0.7250000000000010880, 0.9846177413237633402, 0.8999999999999990230 ) ) ;
#4633 = VECTOR ( 'NONE', #907, 1000.000000000000000 ) ;
#4634 = CARTESIAN_POINT ( 'NONE',  ( 1.250000000000000000, 0.2000000000000000111, 0.09999999999999982514 ) ) ;
#4635 = AXIS2_PLACEMENT_3D ( 'NONE', #9553, #491, #4007 ) ;
#4636 = CARTESIAN_POINT ( 'NONE',  ( -1.300000000000000044, 0.1999999999999999833, -1.124999999999999334 ) ) ;
#4637 = CARTESIAN_POINT ( 'NONE',  ( 1.224999999999999645, 0.1999999999999999833, 0.8999999999999993561 ) ) ;
#4638 = ORIENTED_EDGE ( 'NONE', *, *, #2677, .F. ) ;
#4639 = EDGE_CURVE ( 'NONE', #2578, #2975, #8125, .T. ) ;
#4640 = LINE ( 'NONE', #4689, #2561 ) ;
#4641 = ORIENTED_EDGE ( 'NONE', *, *, #2904, .T. ) ;
#4642 = ORIENTED_EDGE ( 'NONE', *, *, #5782, .T. ) ;
#4643 = CARTESIAN_POINT ( 'NONE',  ( 0.1250000000000013323, 0.9846177413237633402, -0.9249999999999992673 ) ) ;
#4644 = EDGE_LOOP ( 'NONE', ( #9461, #4233, #7967, #3515 ) ) ;
#4645 = ADVANCED_FACE ( 'NONE', ( #4086 ), #2472, .F. ) ;
#4646 = VERTEX_POINT ( 'NONE', #11146 ) ;
#4647 = DIRECTION ( 'NONE',  ( 1.000000000000000000, 0.000000000000000000, 1.092542189196933248E-14 ) ) ;
#4648 = CARTESIAN_POINT ( 'NONE',  ( 1.232185303455676229, 0.07429115107872279189, 0.3821853034556755291 ) ) ;
#4649 = DIRECTION ( 'NONE',  ( -1.734723475976806148E-14, -1.776356839400251648E-15, 1.000000000000000000 ) ) ;
#4650 = LINE ( 'NONE', #7417, #3517 ) ;
#4651 = ORIENTED_EDGE ( 'NONE', *, *, #5926, .T. ) ;
#4652 = FACE_OUTER_BOUND ( 'NONE', #4335, .T. ) ;
#4653 = DIRECTION ( 'NONE',  ( 0.7071067811865476838, 0.000000000000000000, -0.7071067811865474617 ) ) ;
#4654 = CARTESIAN_POINT ( 'NONE',  ( -0.7250000000000010880, 0.009999999999999998473, 0.9999999999999991118 ) ) ;
#4655 = AXIS2_PLACEMENT_3D ( 'NONE', #3557, #3492, #3436 ) ;
#4656 = ORIENTED_EDGE ( 'NONE', *, *, #3397, .F. ) ;
#4657 = ORIENTED_EDGE ( 'NONE', *, *, #8994, .T. ) ;
#4658 = CARTESIAN_POINT ( 'NONE',  ( 0.8749999999999992228, 0.1999999999999999833, -1.149999999999999911 ) ) ;
#4659 = LINE ( 'NONE', #1254, #11086 ) ;
#4660 = CYLINDRICAL_SURFACE ( 'NONE', #10164, 0.1000000000000000472 ) ;
#4661 = CARTESIAN_POINT ( 'NONE',  ( -0.9249999999999998224, 0.7590169943749474069, -0.6250000000000002220 ) ) ;
#4662 = CARTESIAN_POINT ( 'NONE',  ( -0.8500000000000010880, 0.1999999999999999833, 1.250000000000005107 ) ) ;
#4663 = FACE_OUTER_BOUND ( 'NONE', #5735, .T. ) ;
#4664 = LINE ( 'NONE', #6284, #10883 ) ;
#4665 = EDGE_CURVE ( 'NONE', #4612, #6872, #9288, .T. ) ;
#4666 = CARTESIAN_POINT ( 'NONE',  ( 0.6250000000000009992, 0.9846177413237633402, -0.9999999999999991118 ) ) ;
#4667 = ADVANCED_FACE ( 'NONE', ( #11083 ), #7603, .T. ) ;
#4668 = ORIENTED_EDGE ( 'NONE', *, *, #9234, .T. ) ;
#4669 = VECTOR ( 'NONE', #9666, 1000.000000000000000 ) ;
#4670 = VERTEX_POINT ( 'NONE', #4189 ) ;
#4671 = DIRECTION ( 'NONE',  ( 1.087828266707871075E-17, 0.000000000000000000, 1.000000000000000000 ) ) ;
#4672 = CARTESIAN_POINT ( 'NONE',  ( 0.8749999999999725775, 0.01000000000000000021, 2.031141569928570361E-14 ) ) ;
#4673 = UNCERTAINTY_MEASURE_WITH_UNIT (LENGTH_MEASURE( 1.000000000000000082E-05 ), #2775, 'distance_accuracy_value', 'NONE');
#4674 = LINE ( 'NONE', #4790, #7747 ) ;
#4675 = DIRECTION ( 'NONE',  ( 1.309382623694028928E-14, -0.000000000000000000, -1.000000000000000000 ) ) ;
#4676 = DIRECTION ( 'NONE',  ( -0.000000000000000000, -1.000000000000000000, 0.000000000000000000 ) ) ;
#4677 = DIRECTION ( 'NONE',  ( 0.7071067811865499042, 0.000000000000000000, -0.7071067811865451302 ) ) ;
#4678 = PRESENTATION_LAYER_ASSIGNMENT (  '', '', ( #4122 ) ) ;
#4679 = ORIENTED_EDGE ( 'NONE', *, *, #1736, .T. ) ;
#4680 = ORIENTED_EDGE ( 'NONE', *, *, #9012, .T. ) ;
#4681 = DIRECTION ( 'NONE',  ( -0.000000000000000000, -1.000000000000000000, 0.000000000000000000 ) ) ;
#4682 = EDGE_CURVE ( 'NONE', #10072, #386, #9341, .T. ) ;
#4683 = ORIENTED_EDGE ( 'NONE', *, *, #954, .T. ) ;
#4684 = ORIENTED_EDGE ( 'NONE', *, *, #4370, .T. ) ;
#4685 = LINE ( 'NONE', #10010, #6825 ) ;
#4686 = DIRECTION ( 'NONE',  ( 0.000000000000000000, 1.000000000000000000, 0.000000000000000000 ) ) ;
#4687 = DIRECTION ( 'NONE',  ( 1.000000000000000000, 0.000000000000000000, 1.167602339599772458E-15 ) ) ;
#4688 = ORIENTED_EDGE ( 'NONE', *, *, #3753, .T. ) ;
#4689 = CARTESIAN_POINT ( 'NONE',  ( 1.042502088928372338E-17, 0.01000000000000000021, -0.1250000000000003331 ) ) ;
#4690 = ORIENTED_EDGE ( 'NONE', *, *, #6047, .T. ) ;
#4691 = ADVANCED_FACE ( 'NONE', ( #5810 ), #4020, .T. ) ;
#4692 = EDGE_LOOP ( 'NONE', ( #8366, #3998, #3887, #5977, #3487 ) ) ;
#4693 = DIRECTION ( 'NONE',  ( -2.304624617924156469E-14, 0.000000000000000000, -1.000000000000000000 ) ) ;
#4694 = ORIENTED_EDGE ( 'NONE', *, *, #695, .T. ) ;
#4695 = EDGE_CURVE ( 'NONE', #5940, #947, #2248, .T. ) ;
#4696 = ORIENTED_EDGE ( 'NONE', *, *, #6647, .T. ) ;
#4697 = DIRECTION ( 'NONE',  ( 0.000000000000000000, 1.000000000000000000, 0.000000000000000000 ) ) ;
#4698 = DIRECTION ( 'NONE',  ( -0.000000000000000000, -1.000000000000000000, 0.000000000000000000 ) ) ;
#4699 = DIRECTION ( 'NONE',  ( -1.000000000000000000, 0.000000000000000000, -8.340016711426957754E-17 ) ) ;
#4700 = DIRECTION ( 'NONE',  ( 2.321304651347009995E-14, -0.000000000000000000, -1.000000000000000000 ) ) ;
#4701 = VERTEX_POINT ( 'NONE', #6738 ) ;
#4702 = CARTESIAN_POINT ( 'NONE',  ( -0.9250000000000001554, 0.2000000000000000111, -0.5000000000000002220 ) ) ;
#4703 = EDGE_CURVE ( 'NONE', #3799, #9788, #5982, .T. ) ;
#4704 = EDGE_CURVE ( 'NONE', #10466, #3799, #5002, .T. ) ;
#4705 = DIRECTION ( 'NONE',  ( -1.087828266707871075E-17, 0.000000000000000000, -1.000000000000000000 ) ) ;
#4706 = DIRECTION ( 'NONE',  ( 1.000000000000000000, 0.000000000000000000, 1.167602339599772458E-15 ) ) ;
#4707 = EDGE_CURVE ( 'NONE', #7150, #5940, #5755, .T. ) ;
#4708 = ORIENTED_EDGE ( 'NONE', *, *, #4456, .F. ) ;
#4709 = ORIENTED_EDGE ( 'NONE', *, *, #27, .F. ) ;
#4710 = DIRECTION ( 'NONE',  ( 0.000000000000000000, -1.000000000000000000, 0.000000000000000000 ) ) ;
#4711 = DIRECTION ( 'NONE',  ( 0.7071067811865461294, 0.000000000000000000, -0.7071067811865489050 ) ) ;
#4712 = AXIS2_PLACEMENT_3D ( 'NONE', #9299, #5821, #8484 ) ;
#4713 = CARTESIAN_POINT ( 'NONE',  ( 1.250000000000000000, 0.2000000000000000111, -0.6000000000000003109 ) ) ;
#4714 = LINE ( 'NONE', #1202, #5539 ) ;
#4715 = VERTEX_POINT ( 'NONE', #7540 ) ;
#4716 = LINE ( 'NONE', #6341, #3486 ) ;
#4717 = EDGE_CURVE ( 'NONE', #9615, #8407, #8533, .T. ) ;
#4718 = FILL_AREA_STYLE ('',( #2195 ) ) ;
#4719 = VECTOR ( 'NONE', #8461, 1000.000000000000000 ) ;
#4720 =( BOUNDED_CURVE ( )  B_SPLINE_CURVE ( 3, ( #2201, #10228, #9183, #9125 ),
 .UNSPECIFIED., .F., .F. ) 
 B_SPLINE_CURVE_WITH_KNOTS ( ( 4, 4 ),
 ( 5.235987755982926650, 5.560451059366086746 ),
 .UNSPECIFIED. ) 
 CURVE ( )  GEOMETRIC_REPRESENTATION_ITEM ( )  RATIONAL_B_SPLINE_CURVE ( ( 1.000000000000000000, 0.9912461883984141631, 0.9912461883984141631, 1.000000000000000000 ) ) 
 REPRESENTATION_ITEM ( '' )  );
#4721 = ADVANCED_FACE ( 'NONE', ( #2419 ), #5053, .T. ) ;
#4722 = ORIENTED_EDGE ( 'NONE', *, *, #11041, .T. ) ;
#4723 = ORIENTED_EDGE ( 'NONE', *, *, #8761, .T. ) ;
#4724 = DIRECTION ( 'NONE',  ( -0.000000000000000000, -1.000000000000000000, 0.000000000000000000 ) ) ;
#4725 = CARTESIAN_POINT ( 'NONE',  ( -0.1500000000000000222, 0.1999999999999999833, 1.300000000000000266 ) ) ;
#4726 = EDGE_CURVE ( 'NONE', #526, #3080, #5331, .T. ) ;
#4727 = CARTESIAN_POINT ( 'NONE',  ( -1.300000000000000044, 0.2000000000000000111, 0.5999999999999999778 ) ) ;
#4728 = EDGE_CURVE ( 'NONE', #8327, #85, #4477, .T. ) ;
#4729 = AXIS2_PLACEMENT_3D ( 'NONE', #7931, #11399, #9725 ) ;
#4730 = DIRECTION ( 'NONE',  ( 1.000000000000000000, 0.000000000000000000, 8.340016711426958986E-17 ) ) ;
#4731 = LINE ( 'NONE', #10113, #8800 ) ;
#4732 = DIRECTION ( 'NONE',  ( 1.000000000000000000, 0.000000000000000000, 8.340016711426957754E-17 ) ) ;
#4733 = ORIENTED_EDGE ( 'NONE', *, *, #3018, .T. ) ;
#4734 = ORIENTED_EDGE ( 'NONE', *, *, #4917, .F. ) ;
#4735 = DIRECTION ( 'NONE',  ( -0.000000000000000000, -1.000000000000000000, 0.000000000000000000 ) ) ;
#4736 = ADVANCED_FACE ( 'NONE', ( #834 ), #5272, .F. ) ;
#4737 = ORIENTED_EDGE ( 'NONE', *, *, #20, .F. ) ;
#4738 = VERTEX_POINT ( 'NONE', #727 ) ;
#4739 = PLANE ( 'NONE',  #7209 ) ;
#4740 = LINE ( 'NONE', #8268, #1850 ) ;
#4741 = CARTESIAN_POINT ( 'NONE',  ( -1.249999999999999778, 0.01000000000000005398, -1.124999999999999778 ) ) ;
#4742 = EDGE_CURVE ( 'NONE', #3812, #8037, #8808, .T. ) ;
#4743 = AXIS2_PLACEMENT_3D ( 'NONE', #6810, #9473, #7559 ) ;
#4744 = CARTESIAN_POINT ( 'NONE',  ( -0.9250000000000001554, 0.2000000000000000111, -0.5000000000000002220 ) ) ;
#4745 =( NAMED_UNIT ( * ) SI_UNIT ( $, .STERADIAN. ) SOLID_ANGLE_UNIT ( ) );
#4746 = ORIENTED_EDGE ( 'NONE', *, *, #6544, .T. ) ;
#4747 = VECTOR ( 'NONE', #384, 1000.000000000000000 ) ;
#4748 = LINE ( 'NONE', #8392, #3474 ) ;
#4749 = AXIS2_PLACEMENT_3D ( 'NONE', #2893, #10761, #7447 ) ;
#4750 = ORIENTED_EDGE ( 'NONE', *, *, #9497, .F. ) ;
#4751 = ORIENTED_EDGE ( 'NONE', *, *, #5991, .T. ) ;
#4752 = FACE_OUTER_BOUND ( 'NONE', #2199, .T. ) ;
#4753 = VECTOR ( 'NONE', #7975, 1000.000000000000000 ) ;
#4754 = ORIENTED_EDGE ( 'NONE', *, *, #3853, .T. ) ;
#4755 = AXIS2_PLACEMENT_3D ( 'NONE', #5007, #5939, #8209 ) ;
#4756 = EDGE_LOOP ( 'NONE', ( #10374, #374, #2531, #7856 ) ) ;
#4757 = MECHANICAL_DESIGN_GEOMETRIC_PRESENTATION_REPRESENTATION (  '', ( #4205 ), #1261 ) ;
#4758 = CARTESIAN_POINT ( 'NONE',  ( -0.1250000000000010270, 0.1999999999999999833, 1.224999999999999645 ) ) ;
#4759 = PLANE ( 'NONE',  #7738 ) ;
#4760 = PLANE ( 'NONE',  #6874 ) ;
#4761 = DIRECTION ( 'NONE',  ( 1.000000000000000000, 0.000000000000000000, 0.000000000000000000 ) ) ;
#4762 = ORIENTED_EDGE ( 'NONE', *, *, #8275, .F. ) ;
#4763 = CARTESIAN_POINT ( 'NONE',  ( 0.7250000000000010880, 0.1999999999999999833, -0.8999999999999991340 ) ) ;
#4764 = FACE_OUTER_BOUND ( 'NONE', #7516, .T. ) ;
#4765 = EDGE_LOOP ( 'NONE', ( #3933, #5033, #11004, #10523 ) ) ;
#4766 = CARTESIAN_POINT ( 'NONE',  ( 0.3750000000000007772, 0.1999999999999999833, 1.224999999999999867 ) ) ;
#4767 = PRESENTATION_STYLE_ASSIGNMENT (( #6330 ) ) ;
#4768 = ORIENTED_EDGE ( 'NONE', *, *, #8700, .F. ) ;
#4769 = ORIENTED_EDGE ( 'NONE', *, *, #2623, .T. ) ;
#4770 = EDGE_CURVE ( 'NONE', #3404, #7808, #1710, .T. ) ;
#4771 = DIRECTION ( 'NONE',  ( -2.304624617924155838E-14, 0.000000000000000000, -1.000000000000000000 ) ) ;
#4772 = CARTESIAN_POINT ( 'NONE',  ( 1.225000000000000089, 0.06614378277661539518, 0.6249999999999997780 ) ) ;
#4773 = CARTESIAN_POINT ( 'NONE',  ( 0.8500000000000004219, 0.1000000000000001166, -1.300000000000005151 ) ) ;
#4774 = FACE_OUTER_BOUND ( 'NONE', #2742, .T. ) ;
#4775 = ORIENTED_EDGE ( 'NONE', *, *, #3927, .T. ) ;
#4776 = VECTOR ( 'NONE', #9844, 1000.000000000000000 ) ;
#4777 = CARTESIAN_POINT ( 'NONE',  ( -0.1250000000000008049, 0.9846177413237633402, -1.224999999999999645 ) ) ;
#4778 = EDGE_CURVE ( 'NONE', #9897, #11310, #2747, .T. ) ;
#4779 = SURFACE_STYLE_USAGE ( .BOTH. , #2136 ) ;
#4780 = EDGE_CURVE ( 'NONE', #9935, #9116, #4107, .T. ) ;
#4781 = DIRECTION ( 'NONE',  ( 1.000000000000000000, 0.000000000000000000, 8.340016711426957754E-17 ) ) ;
#4782 = ORIENTED_EDGE ( 'NONE', *, *, #4603, .T. ) ;
#4783 = VECTOR ( 'NONE', #7767, 1000.000000000000000 ) ;
#4784 = ORIENTED_EDGE ( 'NONE', *, *, #4253, .F. ) ;
#4785 = CARTESIAN_POINT ( 'NONE',  ( -1.250000000000000000, 0.7590169943749474069, -0.1000000000000001582 ) ) ;
#4786 = DIRECTION ( 'NONE',  ( -1.000000000000000000, 0.000000000000000000, 0.000000000000000000 ) ) ;
#4787 = UNCERTAINTY_MEASURE_WITH_UNIT (LENGTH_MEASURE( 1.000000000000000082E-05 ), #767, 'distance_accuracy_value', 'NONE');
#4788 = ADVANCED_FACE ( 'NONE', ( #7013 ), #4355, .T. ) ;
#4789 = ADVANCED_FACE ( 'NONE', ( #99 ), #5397, .T. ) ;
#4790 = CARTESIAN_POINT ( 'NONE',  ( 0.5000000000000003331, 0.2000000000000000944, -0.5000000000000004441 ) ) ;
#4791 = CIRCLE ( 'NONE', #11260, 0.1000000000000000472 ) ;
#4792 = DIRECTION ( 'NONE',  ( -1.000000000000000000, 0.000000000000000000, -8.340016711426957754E-17 ) ) ;
#4793 = EDGE_CURVE ( 'NONE', #203, #5751, #3610, .T. ) ;
#4794 = DIRECTION ( 'NONE',  ( 1.000000000000000000, 0.000000000000000000, -1.401122807519719377E-14 ) ) ;
#4795 = CARTESIAN_POINT ( 'NONE',  ( 0.8500000000000008660, 0.08660254037844682118, 1.250000000000005107 ) ) ;
#4796 = ORIENTED_EDGE ( 'NONE', *, *, #9301, .F. ) ;
#4797 = DIRECTION ( 'NONE',  ( 1.000000000000000000, 0.000000000000000000, 1.309382623694028928E-14 ) ) ;
#4798 = VECTOR ( 'NONE', #2711, 1000.000000000000000 ) ;
#4799 = ORIENTED_EDGE ( 'NONE', *, *, #2427, .F. ) ;
#4800 = ORIENTED_EDGE ( 'NONE', *, *, #10836, .T. ) ;
#4801 = AXIS2_PLACEMENT_3D ( 'NONE', #1211, #293, #5706 ) ;
#4802 = VECTOR ( 'NONE', #9168, 1000.000000000000114 ) ;
#4803 = VERTEX_POINT ( 'NONE', #6094 ) ;
#4804 = DIRECTION ( 'NONE',  ( -1.000000000000000000, -1.776356839400251648E-15, 0.000000000000000000 ) ) ;
#4805 = PLANE ( 'NONE',  #4447 ) ;
#4806 = DIRECTION ( 'NONE',  ( -1.000000000000000000, 0.000000000000000000, 1.000802005371233254E-15 ) ) ;
#4807 = VECTOR ( 'NONE', #564, 1000.000000000000000 ) ;
#4808 =( NAMED_UNIT ( * ) SI_UNIT ( $, .STERADIAN. ) SOLID_ANGLE_UNIT ( ) );
#4809 = EDGE_LOOP ( 'NONE', ( #5573, #6584, #5186, #10021 ) ) ;
#4810 = AXIS2_PLACEMENT_3D ( 'NONE', #1422, #5003, #1648 ) ;
#4811 = DIRECTION ( 'NONE',  ( -0.7071067811865459074, 0.000000000000000000, -0.7071067811865491270 ) ) ;
#4812 = ORIENTED_EDGE ( 'NONE', *, *, #7734, .F. ) ;
#4813 = ADVANCED_FACE ( 'NONE', ( #7129 ), #10662, .F. ) ;
#4814 = VERTEX_POINT ( 'NONE', #4304 ) ;
#4815 = FACE_OUTER_BOUND ( 'NONE', #3333, .T. ) ;
#4816 = EDGE_CURVE ( 'NONE', #6017, #5155, #9682, .T. ) ;
#4817 = VECTOR ( 'NONE', #3682, 1000.000000000000000 ) ;
#4818 = VERTEX_POINT ( 'NONE', #1761 ) ;
#4819 = MECHANICAL_DESIGN_GEOMETRIC_PRESENTATION_REPRESENTATION (  '', ( #10924 ), #2251 ) ;
#4820 = VERTEX_POINT ( 'NONE', #2576 ) ;
#4821 = DIRECTION ( 'NONE',  ( 3.984674651014977107E-16, 0.000000000000000000, 1.000000000000000000 ) ) ;
#4822 = CARTESIAN_POINT ( 'NONE',  ( -0.1250000000000009437, 0.06614378277661447925, 1.224999999999999645 ) ) ;
#4823 = CARTESIAN_POINT ( 'NONE',  ( -0.9256884250419260551, 1.050000000000000044, -0.8859432889494202046 ) ) ;
#4824 = LINE ( 'NONE', #4176, #8877 ) ;
#4825 = ORIENTED_EDGE ( 'NONE', *, *, #6886, .T. ) ;
#4826 = DIRECTION ( 'NONE',  ( -1.000000000000000000, 0.000000000000000000, 0.000000000000000000 ) ) ;
#4827 = LINE ( 'NONE', #5803, #306 ) ;
#4828 = ORIENTED_EDGE ( 'NONE', *, *, #10253, .F. ) ;
#4829 = DIRECTION ( 'NONE',  ( -0.000000000000000000, -1.000000000000000000, -0.000000000000000000 ) ) ;
#4830 = VERTEX_POINT ( 'NONE', #7070 ) ;
#4831 = VERTEX_POINT ( 'NONE', #7941 ) ;
#4832 = DIRECTION ( 'NONE',  ( 1.000000000000000000, -0.000000000000000000, -1.000802005371233254E-15 ) ) ;
#4833 = VECTOR ( 'NONE', #2423, 1000.000000000000000 ) ;
#4834 = PLANE ( 'NONE',  #6275 ) ;
#4835 = DIRECTION ( 'NONE',  ( 2.085004177856743605E-15, 0.000000000000000000, 1.000000000000000000 ) ) ;
#4836 = ORIENTED_EDGE ( 'NONE', *, *, #4948, .T. ) ;
#4837 = LINE ( 'NONE', #451, #10367 ) ;
#4838 = DIRECTION ( 'NONE',  ( -0.000000000000000000, -1.000000000000000000, 0.000000000000000000 ) ) ;
#4839 = FILL_AREA_STYLE_COLOUR ( '', #3830 ) ;
#4840 = CARTESIAN_POINT ( 'NONE',  ( 0.5000000000000003331, 1.614213562373095323, -0.5000000000000004441 ) ) ;
#4841 = EDGE_CURVE ( 'NONE', #10427, #7437, #5166, .T. ) ;
#4842 = ORIENTED_EDGE ( 'NONE', *, *, #1329, .F. ) ;
#4843 = ORIENTED_EDGE ( 'NONE', *, *, #9480, .F. ) ;
#4844 = FACE_BOUND ( 'NONE', #5128, .T. ) ;
#4845 = CARTESIAN_POINT ( 'NONE',  ( -0.6250000000000008882, 0.1999999999999999833, -1.225000000000004974 ) ) ;
#4846 = AXIS2_PLACEMENT_3D ( 'NONE', #11131, #7587, #2341 ) ;
#4847 = EDGE_CURVE ( 'NONE', #277, #5918, #247, .T. ) ;
#4848 = DIRECTION ( 'NONE',  ( -1.726383459265352564E-14, 0.000000000000000000, -1.000000000000000000 ) ) ;
#4849 = DIRECTION ( 'NONE',  ( -8.340016711426957754E-17, 0.000000000000000000, 1.000000000000000000 ) ) ;
#4850 = DIRECTION ( 'NONE',  ( 0.000000000000000000, -1.000000000000000000, 0.000000000000000000 ) ) ;
#4851 = LINE ( 'NONE', #2094, #11388 ) ;
#4852 = ORIENTED_EDGE ( 'NONE', *, *, #10544, .T. ) ;
#4853 = DIRECTION ( 'NONE',  ( 1.000000000000000000, 0.000000000000000000, 8.340016711426957754E-17 ) ) ;
#4854 = EDGE_CURVE ( 'NONE', #1506, #6646, #1887, .T. ) ;
#4855 = ORIENTED_EDGE ( 'NONE', *, *, #4917, .T. ) ;
#4856 = EDGE_CURVE ( 'NONE', #7920, #4479, #11308, .T. ) ;
#4857 = ORIENTED_EDGE ( 'NONE', *, *, #9528, .F. ) ;
#4858 = VERTEX_POINT ( 'NONE', #10434 ) ;
#4859 = CARTESIAN_POINT ( 'NONE',  ( -0.3500000000000010880, 0.08660254037844379582, 1.249999999999999778 ) ) ;
#4860 = PLANE ( 'NONE',  #6268 ) ;
#4861 = LINE ( 'NONE', #9198, #2416 ) ;
#4862 = VECTOR ( 'NONE', #10399, 1000.000000000000000 ) ;
#4863 = CARTESIAN_POINT ( 'NONE',  ( -0.7250000000000009770, 0.1999999999999999833, -0.9999999999999991118 ) ) ;
#4864 = CARTESIAN_POINT ( 'NONE',  ( 1.225000000000000089, 0.2000000000000000111, -0.6250000000000002220 ) ) ;
#4865 = ORIENTED_EDGE ( 'NONE', *, *, #342, .F. ) ;
#4866 = LINE ( 'NONE', #3884, #10491 ) ;
#4867 = ORIENTED_EDGE ( 'NONE', *, *, #1477, .T. ) ;
#4868 = EDGE_LOOP ( 'NONE', ( #3706, #1207, #2568, #4156 ) ) ;
#4869 = FACE_OUTER_BOUND ( 'NONE', #4868, .T. ) ;
#4870 = EDGE_LOOP ( 'NONE', ( #8381, #2035, #9663, #9447 ) ) ;
#4871 = EDGE_LOOP ( 'NONE', ( #3378, #353, #3125, #1046 ) ) ;
#4872 = DIRECTION ( 'NONE',  ( 0.000000000000000000, -1.000000000000000000, 0.000000000000000000 ) ) ;
#4873 = LINE ( 'NONE', #10198, #11079 ) ;
#4874 = DIRECTION ( 'NONE',  ( -1.000000000000000000, 0.000000000000000000, -8.340016711426957754E-17 ) ) ;
#4875 = ADVANCED_FACE ( 'NONE', ( #6497 ), #4760, .F. ) ;
#4876 = DIRECTION ( 'NONE',  ( -0.7071067811865451302, 0.000000000000000000, -0.7071067811865499042 ) ) ;
#4877 = VERTEX_POINT ( 'NONE', #7185 ) ;
#4878 = EDGE_CURVE ( 'NONE', #1016, #3240, #8116, .T. ) ;
#4879 = CARTESIAN_POINT ( 'NONE',  ( -0.6321853034556768058, 0.07429115107872742707, -1.232185303455680891 ) ) ;
#4880 = CARTESIAN_POINT ( 'NONE',  ( 1.300000000000000044, 0.9846177413237633402, 1.124999999999999334 ) ) ;
#4881 = ORIENTED_EDGE ( 'NONE', *, *, #9901, .F. ) ;
#4882 = DIRECTION ( 'NONE',  ( 8.340016711426957754E-17, 0.000000000000000000, -1.000000000000000000 ) ) ;
#4883 = ORIENTED_EDGE ( 'NONE', *, *, #7172, .T. ) ;
#4884 = ADVANCED_FACE ( 'NONE', ( #321 ), #7246, .T. ) ;
#4885 = VERTEX_POINT ( 'NONE', #8933 ) ;
#4886 = EDGE_CURVE ( 'NONE', #1819, #5887, #157, .T. ) ;
#4887 = CARTESIAN_POINT ( 'NONE',  ( -1.250000000000000000, 0.2000000000000000111, -0.1000000000000001582 ) ) ;
#4888 = CARTESIAN_POINT ( 'NONE',  ( -1.224999999999999645, 0.01000000000000005398, -1.149999999999999911 ) ) ;
#4889 = CARTESIAN_POINT ( 'NONE',  ( 0.9249999999999998224, 0.2000000000000000111, 0.1249999999999998196 ) ) ;
#4890 = DIRECTION ( 'NONE',  ( 1.000000000000000000, 0.000000000000000000, -1.000802005371233254E-15 ) ) ;
#4891 = VERTEX_POINT ( 'NONE', #7358 ) ;
#4892 = PLANE ( 'NONE',  #5747 ) ;
#4893 = DIRECTION ( 'NONE',  ( 2.304624617924155838E-14, 0.000000000000000000, 1.000000000000000000 ) ) ;
#4894 = DIRECTION ( 'NONE',  ( 0.000000000000000000, 1.000000000000000000, 0.000000000000000000 ) ) ;
#4895 = ADVANCED_FACE ( 'NONE', ( #9151 ), #5624, .F. ) ;
#4896 = ORIENTED_EDGE ( 'NONE', *, *, #3382, .F. ) ;
#4897 = CIRCLE ( 'NONE', #10624, 0.1250000000000000000 ) ;
#4898 = ORIENTED_EDGE ( 'NONE', *, *, #5899, .F. ) ;
#4899 = DIRECTION ( 'NONE',  ( 0.7071067811865443531, 0.000000000000000000, 0.7071067811865506814 ) ) ;
#4900 = LINE ( 'NONE', #518, #2228 ) ;
#4901 = DIRECTION ( 'NONE',  ( 1.000000000000000000, 0.000000000000000000, 1.743063492688206721E-14 ) ) ;
#4902 = LINE ( 'NONE', #8256, #10967 ) ;
#4903 = CARTESIAN_POINT ( 'NONE',  ( -0.3750000000000007772, 0.9846177413237633402, -1.224999999999999867 ) ) ;
#4904 = DIRECTION ( 'NONE',  ( 1.000000000000000000, 0.000000000000000000, 8.340016711426957754E-17 ) ) ;
#4905 = ORIENTED_EDGE ( 'NONE', *, *, #8817, .T. ) ;
#4906 = VERTEX_POINT ( 'NONE', #3778 ) ;
#4907 = EDGE_LOOP ( 'NONE', ( #4552, #670, #5631, #9433 ) ) ;
#4908 = CARTESIAN_POINT ( 'NONE',  ( -1.250000000000000000, 0.7590169943749472958, 0.5999999999999998668 ) ) ;
#4909 = LINE ( 'NONE', #10995, #1660 ) ;
#4910 = AXIS2_PLACEMENT_3D ( 'NONE', #36, #6025, #10478 ) ;
#4911 = EDGE_CURVE ( 'NONE', #2038, #1763, #10030, .T. ) ;
#4912 = CARTESIAN_POINT ( 'NONE',  ( -0.9250000000000001554, 0.1999999999999999833, -1.855653718292498106E-16 ) ) ;
#4913 = FILL_AREA_STYLE_COLOUR ( '', #10001 ) ;
#4914 = VERTEX_POINT ( 'NONE', #376 ) ;
#4915 = CYLINDRICAL_SURFACE ( 'NONE', #721, 0.1250000000000000000 ) ;
#4916 = ORIENTED_EDGE ( 'NONE', *, *, #9050, .T. ) ;
#4917 = EDGE_CURVE ( 'NONE', #5963, #8329, #9646, .T. ) ;
#4918 = EDGE_CURVE ( 'NONE', #1062, #8629, #7978, .T. ) ;
#4919 = EDGE_LOOP ( 'NONE', ( #1518, #11317, #7460, #7900, #543, #1797, #8059, #88 ) ) ;
#4920 = CARTESIAN_POINT ( 'NONE',  ( -0.6499999999999996891, 0.1000000000000001166, -1.300000000000007594 ) ) ;
#4921 = ORIENTED_EDGE ( 'NONE', *, *, #4703, .T. ) ;
#4922 = VERTEX_POINT ( 'NONE', #9855 ) ;
#4923 = DIRECTION ( 'NONE',  ( -0.000000000000000000, -1.000000000000000000, -0.000000000000000000 ) ) ;
#4924 = AXIS2_PLACEMENT_3D ( 'NONE', #2241, #2125, #1473 ) ;
#4925 = EDGE_CURVE ( 'NONE', #2524, #6506, #6128, .T. ) ;
#4926 = FACE_OUTER_BOUND ( 'NONE', #537, .T. ) ;
#4927 = LINE ( 'NONE', #8457, #10763 ) ;
#4928 = CIRCLE ( 'NONE', #8254, 0.1681122869172741174 ) ;
#4929 = CARTESIAN_POINT ( 'NONE',  ( 1.250000000000000000, 0.9846177413237633402, -0.9249999999999991562 ) ) ;
#4930 = ORIENTED_EDGE ( 'NONE', *, *, #9350, .T. ) ;
#4931 = LINE ( 'NONE', #1469, #8510 ) ;
#4932 = EDGE_CURVE ( 'NONE', #4022, #1460, #10962, .T. ) ;
#4933 = CARTESIAN_POINT ( 'NONE',  ( 0.3678146965443249150, 0.07429115107872240331, 1.232185303455675784 ) ) ;
#4934 = CLOSED_SHELL ( 'NONE', ( #8733, #3159, #9174, #2282, #2522, #7106, #3794, #3330, #9545, #6093, #273 ) ) ;
#4935 = ORIENTED_EDGE ( 'NONE', *, *, #10012, .F. ) ;
#4936 = LINE ( 'NONE', #10264, #10845 ) ;
#4937 = AXIS2_PLACEMENT_3D ( 'NONE', #9889, #5308, #6414 ) ;
#4938 = ORIENTED_EDGE ( 'NONE', *, *, #7427, .T. ) ;
#4939 = ORIENTED_EDGE ( 'NONE', *, *, #2315, .T. ) ;
#4940 = LINE ( 'NONE', #3162, #8098 ) ;
#4941 = LINE ( 'NONE', #1590, #381 ) ;
#4942 = CARTESIAN_POINT ( 'NONE',  ( 1.199999999999999956, 0.000000000000000000, 1.149999999999999023 ) ) ;
#4943 = DIRECTION ( 'NONE',  ( -0.000000000000000000, -1.000000000000000000, 0.000000000000000000 ) ) ;
#4944 = VERTEX_POINT ( 'NONE', #1944 ) ;
#4945 = EDGE_CURVE ( 'NONE', #11056, #827, #3035, .T. ) ;
#4946 = SURFACE_SIDE_STYLE ('',( #10219 ) ) ;
#4947 = FACE_OUTER_BOUND ( 'NONE', #5742, .T. ) ;
#4948 = EDGE_CURVE ( 'NONE', #9176, #6182, #8057, .T. ) ;
#4949 = DIRECTION ( 'NONE',  ( -0.000000000000000000, -1.000000000000000000, 0.000000000000000000 ) ) ;
#4950 = ORIENTED_EDGE ( 'NONE', *, *, #7606, .F. ) ;
#4951 = EDGE_CURVE ( 'NONE', #2288, #9005, #2860, .T. ) ;
#4952 = VECTOR ( 'NONE', #2221, 1000.000000000000000 ) ;
#4953 = FACE_OUTER_BOUND ( 'NONE', #237, .T. ) ;
#4954 = CARTESIAN_POINT ( 'NONE',  ( 0.3500000000000003109, 0.009999999999999646325, -1.300000000000000266 ) ) ;
#4955 = DIRECTION ( 'NONE',  ( 0.000000000000000000, 0.000000000000000000, -1.000000000000000000 ) ) ;
#4956 = CARTESIAN_POINT ( 'NONE',  ( 0.6500000000000001332, 0.000000000000000000, -1.299999999999999822 ) ) ;
#4957 = CARTESIAN_POINT ( 'NONE',  ( 1.250000000000000000, 0.7590169943749472958, 0.3999999999999997446 ) ) ;
#4958 = DIRECTION ( 'NONE',  ( 0.000000000000000000, -1.000000000000000000, 0.000000000000000000 ) ) ;
#4959 = VECTOR ( 'NONE', #6449, 1000.000000000000000 ) ;
#4960 = VECTOR ( 'NONE', #1204, 1000.000000000000000 ) ;
#4961 = ORIENTED_EDGE ( 'NONE', *, *, #10190, .T. ) ;
#4962 = ORIENTED_EDGE ( 'NONE', *, *, #10088, .F. ) ;
#4963 = EDGE_CURVE ( 'NONE', #5043, #11127, #607, .T. ) ;
#4964 = ORIENTED_EDGE ( 'NONE', *, *, #5266, .F. ) ;
#4965 = CARTESIAN_POINT ( 'NONE',  ( -0.3500000000000000888, 0.009999999999999646325, -1.300000000000000266 ) ) ;
#4966 = FACE_OUTER_BOUND ( 'NONE', #7223, .T. ) ;
#4967 = AXIS2_PLACEMENT_3D ( 'NONE', #7296, #319, #1066 ) ;
#4968 = LINE ( 'NONE', #3132, #10515 ) ;
#4969 = DIRECTION ( 'NONE',  ( -1.000000000000000000, 0.000000000000000000, -8.340016711426957754E-17 ) ) ;
#4970 =( NAMED_UNIT ( * ) SI_UNIT ( $, .STERADIAN. ) SOLID_ANGLE_UNIT ( ) );
#4971 = ORIENTED_EDGE ( 'NONE', *, *, #7028, .T. ) ;
#4972 = VECTOR ( 'NONE', #4215, 1000.000000000000000 ) ;
#4973 = CARTESIAN_POINT ( 'NONE',  ( -0.1250000000000011657, 0.9846177413237633402, -0.9249999999999992673 ) ) ;
#4974 = VERTEX_POINT ( 'NONE', #8175 ) ;
#4975 = VECTOR ( 'NONE', #1094, 1000.000000000000000 ) ;
#4976 = EDGE_LOOP ( 'NONE', ( #4723, #6044, #10714, #7050 ) ) ;
#4977 = PLANE ( 'NONE',  #7334 ) ;
#4978 = AXIS2_PLACEMENT_3D ( 'NONE', #2817, #7200, #228 ) ;
#4979 = ADVANCED_FACE ( 'NONE', ( #2803 ), #8985, .F. ) ;
#4980 = VERTEX_POINT ( 'NONE', #6435 ) ;
#4981 = VECTOR ( 'NONE', #5981, 1000.000000000000000 ) ;
#4982 = ORIENTED_EDGE ( 'NONE', *, *, #1604, .T. ) ;
#4983 = CARTESIAN_POINT ( 'NONE',  ( 0.6250000000000009992, 0.000000000000000000, -1.199999999999999734 ) ) ;
#4984 = DIRECTION ( 'NONE',  ( 1.000000000000000000, 0.000000000000000000, 8.340016711426957754E-17 ) ) ;
#4985 = ADVANCED_FACE ( 'NONE', ( #8227 ), #9102, .F. ) ;
#4986 = VECTOR ( 'NONE', #5639, 1000.000000000000000 ) ;
#4987 = CARTESIAN_POINT ( 'NONE',  ( 0.8749999999999990008, 0.000000000000000000, 1.149999999999999911 ) ) ;
#4988 = DIRECTION ( 'NONE',  ( -1.092542189196933248E-14, 0.000000000000000000, 1.000000000000000000 ) ) ;
#4989 = ORIENTED_EDGE ( 'NONE', *, *, #4169, .F. ) ;
#4990 = DIRECTION ( 'NONE',  ( -0.000000000000000000, -1.000000000000000000, 0.000000000000000000 ) ) ;
#4991 = ORIENTED_EDGE ( 'NONE', *, *, #4854, .T. ) ;
#4992 = CARTESIAN_POINT ( 'NONE',  ( -0.9256884250419260551, 0.9500000000000000666, -0.8859432889494202046 ) ) ;
#4993 = ORIENTED_EDGE ( 'NONE', *, *, #714, .F. ) ;
#4994 = CARTESIAN_POINT ( 'NONE',  ( 0.8749999999999990008, 0.000000000000000000, 1.149999999999999911 ) ) ;
#4995 = EDGE_CURVE ( 'NONE', #4803, #3340, #5679, .T. ) ;
#4996 = VECTOR ( 'NONE', #10854, 1000.000000000000000 ) ;
#4997 = ORIENTED_EDGE ( 'NONE', *, *, #972, .F. ) ;
#4998 = ORIENTED_EDGE ( 'NONE', *, *, #6916, .F. ) ;
#4999 = FACE_OUTER_BOUND ( 'NONE', #5491, .T. ) ;
#5000 = DIRECTION ( 'NONE',  ( 0.7071067811865476838, 0.000000000000000000, -0.7071067811865474617 ) ) ;
#5001 = AXIS2_PLACEMENT_3D ( 'NONE', #9928, #1149, #2876 ) ;
#5002 = LINE ( 'NONE', #3331, #9604 ) ;
#5003 = DIRECTION ( 'NONE',  ( -1.000000000000000000, 0.000000000000000000, 1.401122807519719062E-14 ) ) ;
#5004 = VERTEX_POINT ( 'NONE', #434 ) ;
#5005 = CARTESIAN_POINT ( 'NONE',  ( -0.3750000000000010547, 0.000000000000000000, 1.200000000000000178 ) ) ;
#5006 = DIRECTION ( 'NONE',  ( -1.000000000000000000, 0.000000000000000000, -1.167602339599772458E-15 ) ) ;
#5007 = CARTESIAN_POINT ( 'NONE',  ( -0.7250000000000009770, 0.9846177413237633402, -0.9999999999999991118 ) ) ;
#5008 = ORIENTED_EDGE ( 'NONE', *, *, #6415, .F. ) ;
#5009 = AXIS2_PLACEMENT_3D ( 'NONE', #5895, #10187, #2448 ) ;
#5010 = LINE ( 'NONE', #3342, #2692 ) ;
#5011 = CARTESIAN_POINT ( 'NONE',  ( -0.6250000000000009992, 0.1999999999999999833, -1.225000000000004974 ) ) ;
#5012 = DIRECTION ( 'NONE',  ( 0.7071067811865460184, 0.000000000000000000, -0.7071067811865489050 ) ) ;
#5013 = EDGE_CURVE ( 'NONE', #4738, #10805, #11067, .T. ) ;
#5014 = PLANE ( 'NONE',  #9113 ) ;
#5015 = CARTESIAN_POINT ( 'NONE',  ( -0.9249999999999998224, 0.009999999999999998473, -0.3750000000000001110 ) ) ;
#5016 = EDGE_CURVE ( 'NONE', #3080, #3575, #10199, .T. ) ;
#5017 = AXIS2_PLACEMENT_3D ( 'NONE', #7661, #2364, #5938 ) ;
#5018 = DIRECTION ( 'NONE',  ( 1.000000000000000000, -0.000000000000000000, -2.085004177856743210E-15 ) ) ;
#5019 = VERTEX_POINT ( 'NONE', #9213 ) ;
#5020 = ORIENTED_EDGE ( 'NONE', *, *, #6630, .F. ) ;
#5021 = VECTOR ( 'NONE', #9565, 1000.000000000000000 ) ;
#5022 = EDGE_CURVE ( 'NONE', #9436, #9358, #9274, .T. ) ;
#5023 = ORIENTED_EDGE ( 'NONE', *, *, #11052, .F. ) ;
#5024 = DIRECTION ( 'NONE',  ( -1.000000000000000000, 0.000000000000000000, -8.340016711426966382E-17 ) ) ;
#5025 = FACE_OUTER_BOUND ( 'NONE', #8929, .T. ) ;
#5026 = LINE ( 'NONE', #10617, #2585 ) ;
#5027 = DIRECTION ( 'NONE',  ( -1.000000000000000000, 0.000000000000000000, 0.000000000000000000 ) ) ;
#5028 = ORIENTED_EDGE ( 'NONE', *, *, #3901, .F. ) ;
#5029 = LINE ( 'NONE', #10359, #5696 ) ;
#5030 = VECTOR ( 'NONE', #6657, 1000.000000000000114 ) ;
#5031 = EDGE_CURVE ( 'NONE', #6227, #2227, #8359, .T. ) ;
#5032 = ORIENTED_EDGE ( 'NONE', *, *, #9660, .F. ) ;
#5033 = ORIENTED_EDGE ( 'NONE', *, *, #7824, .T. ) ;
#5034 = CARTESIAN_POINT ( 'NONE',  ( -0.3500000000000000888, 0.9846177413237633402, -1.300000000000000266 ) ) ;
#5035 = ORIENTED_EDGE ( 'NONE', *, *, #5988, .T. ) ;
#5036 = VECTOR ( 'NONE', #3754, 1000.000000000000000 ) ;
#5037 = ORIENTED_EDGE ( 'NONE', *, *, #3084, .F. ) ;
#5038 = CARTESIAN_POINT ( 'NONE',  ( -1.300000000000000044, 0.009999999999999998473, 0.3999999999999998557 ) ) ;
#5039 = CARTESIAN_POINT ( 'NONE',  ( -0.8749999999999990008, 0.9846177413237633402, -1.149999999999999911 ) ) ;
#5040 = CARTESIAN_POINT ( 'NONE',  ( -1.250000000000000000, 0.1999999999999999833, -0.9249999999999993783 ) ) ;
#5041 = ORIENTED_EDGE ( 'NONE', *, *, #11077, .F. ) ;
#5042 = EDGE_CURVE ( 'NONE', #5260, #6694, #8909, .T. ) ;
#5043 = VERTEX_POINT ( 'NONE', #6606 ) ;
#5044 = CARTESIAN_POINT ( 'NONE',  ( -1.225000000000000089, 0.1999999999999999833, -0.1250000000000001110 ) ) ;
#5045 = CIRCLE ( 'NONE', #10591, 0.1000000000000000472 ) ;
#5046 = EDGE_LOOP ( 'NONE', ( #9959, #10032, #8281, #5451, #4222, #10855, #6824 ) ) ;
#5047 = CARTESIAN_POINT ( 'NONE',  ( 0.1500000000000007716, 0.1999999999999999833, 1.249999999999999556 ) ) ;
#5048 = ADVANCED_FACE ( 'NONE', ( #2233 ), #9445, .F. ) ;
#5049 = EDGE_LOOP ( 'NONE', ( #6485, #5385, #3604, #1560 ) ) ;
#5050 = ORIENTED_EDGE ( 'NONE', *, *, #5490, .F. ) ;
#5051 = LINE ( 'NONE', #10152, #7912 ) ;
#5052 = CARTESIAN_POINT ( 'NONE',  ( 1.300000000000000044, 0.1000000000000001166, 1.149999999999999023 ) ) ;
#5053 = PLANE ( 'NONE',  #572 ) ;
#5054 = EDGE_CURVE ( 'NONE', #7335, #2685, #3954, .T. ) ;
#5055 = LINE ( 'NONE', #8702, #938 ) ;
#5056 = ORIENTED_EDGE ( 'NONE', *, *, #1045, .T. ) ;
#5057 = EDGE_CURVE ( 'NONE', #2719, #5388, #1466, .T. ) ;
#5058 = CARTESIAN_POINT ( 'NONE',  ( -0.7250000000000009770, 0.1999999999999999833, -0.9999999999999991118 ) ) ;
#5059 = CARTESIAN_POINT ( 'NONE',  ( -0.3500000000000010880, 0.08660254037844379582, 1.249999999999999778 ) ) ;
#5060 = EDGE_CURVE ( 'NONE', #3371, #5399, #8401, .T. ) ;
#5061 = DIRECTION ( 'NONE',  ( -0.000000000000000000, -1.000000000000000000, -0.000000000000000000 ) ) ;
#5062 = ORIENTED_EDGE ( 'NONE', *, *, #8739, .T. ) ;
#5063 = DIRECTION ( 'NONE',  ( 1.000000000000000000, 5.329070518200755338E-15, -2.168404344971007685E-15 ) ) ;
#5064 = CARTESIAN_POINT ( 'NONE',  ( -1.250000000000000000, 0.2000000000000000111, 0.3999999999999998557 ) ) ;
#5065 = DIRECTION ( 'NONE',  ( -1.000000000000000000, 0.000000000000000000, 1.075862155774079406E-14 ) ) ;
#5066 = ADVANCED_FACE ( 'NONE', ( #10254 ), #7697, .T. ) ;
#5067 = PLANE ( 'NONE',  #4132 ) ;
#5068 = EDGE_CURVE ( 'NONE', #2288, #4259, #5850, .T. ) ;
#5069 = DIRECTION ( 'NONE',  ( 1.292702590271169407E-14, 0.000000000000000000, 1.000000000000000000 ) ) ;
#5070 = FACE_OUTER_BOUND ( 'NONE', #11047, .T. ) ;
#5071 = EDGE_CURVE ( 'NONE', #10443, #6884, #11239, .T. ) ;
#5072 = ORIENTED_EDGE ( 'NONE', *, *, #10079, .T. ) ;
#5073 = VECTOR ( 'NONE', #4315, 1000.000000000000000 ) ;
#5074 = ORIENTED_EDGE ( 'NONE', *, *, #8199, .F. ) ;
#5075 = EDGE_CURVE ( 'NONE', #8371, #1836, #2291, .T. ) ;
#5076 = ORIENTED_EDGE ( 'NONE', *, *, #1281, .F. ) ;
#5077 = CARTESIAN_POINT ( 'NONE',  ( -0.4999999999999996669, 0.000000000000000000, -0.5000000000000005551 ) ) ;
#5078 = CARTESIAN_POINT ( 'NONE',  ( -1.300000000000000044, 0.1000000000000001166, -1.149999999999998579 ) ) ;
#5079 = AXIS2_PLACEMENT_3D ( 'NONE', #1018, #1193, #8179 ) ;
#5080 = DIRECTION ( 'NONE',  ( -0.000000000000000000, -1.000000000000000000, 0.000000000000000000 ) ) ;
#5081 = VERTEX_POINT ( 'NONE', #7644 ) ;
#5082 = CARTESIAN_POINT ( 'NONE',  ( 0.9249999999999998224, 0.000000000000000000, -0.3750000000000002220 ) ) ;
#5083 = APPLICATION_CONTEXT ( 'automotive_design' ) ;
#5084 = VERTEX_POINT ( 'NONE', #6777 ) ;
#5085 = EDGE_CURVE ( 'NONE', #1431, #2599, #2400, .T. ) ;
#5086 = VERTEX_POINT ( 'NONE', #4006 ) ;
#5087 = DIRECTION ( 'NONE',  ( 0.000000000000000000, 1.000000000000000000, -0.000000000000000000 ) ) ;
#5088 = EDGE_CURVE ( 'NONE', #3647, #4858, #10370, .T. ) ;
#5089 = VECTOR ( 'NONE', #6816, 1000.000000000000000 ) ;
#5090 = EDGE_LOOP ( 'NONE', ( #2235, #9912, #10773, #6695 ) ) ;
#5091 = EDGE_CURVE ( 'NONE', #6615, #85, #4927, .T. ) ;
#5092 = DIRECTION ( 'NONE',  ( -0.7071067811865492381, 0.000000000000000000, 0.7071067811865457964 ) ) ;
#5093 = CARTESIAN_POINT ( 'NONE',  ( 0.5000000000000003331, 0.2000000000000000944, -0.5000000000000004441 ) ) ;
#5094 = CARTESIAN_POINT ( 'NONE',  ( 0.3750000000000012212, 0.000000000000000000, 1.200000000000000178 ) ) ;
#5095 = EDGE_LOOP ( 'NONE', ( #4962, #8829, #871, #1751 ) ) ;
#5096 = AXIS2_PLACEMENT_3D ( 'NONE', #529, #9482, #697 ) ;
#5097 = CARTESIAN_POINT ( 'NONE',  ( -0.3750000000000007772, 0.1999999999999999833, -1.224999999999999867 ) ) ;
#5098 = ORIENTED_EDGE ( 'NONE', *, *, #11182, .F. ) ;
#5099 = CARTESIAN_POINT ( 'NONE',  ( 0.7250000000000010880, 0.9846177413237633402, -0.8999999999999991340 ) ) ;
#5100 = ORIENTED_EDGE ( 'NONE', *, *, #3855, .F. ) ;
#5101 = CARTESIAN_POINT ( 'NONE',  ( 0.7250000000000009770, 0.1999999999999999833, 0.9999999999999991118 ) ) ;
#5102 = ORIENTED_EDGE ( 'NONE', *, *, #3698, .T. ) ;
#5103 = ORIENTED_EDGE ( 'NONE', *, *, #10114, .T. ) ;
#5104 = AXIS2_PLACEMENT_3D ( 'NONE', #7292, #10833, #6252 ) ;
#5105 = EDGE_LOOP ( 'NONE', ( #10403, #724, #2969, #5559 ) ) ;
#5106 = LINE ( 'NONE', #1644, #2021 ) ;
#5107 = LINE ( 'NONE', #10212, #4807 ) ;
#5108 = CARTESIAN_POINT ( 'NONE',  ( 0.7250000000000009770, 0.1999999999999999833, 0.9999999999999991118 ) ) ;
#5109 = CARTESIAN_POINT ( 'NONE',  ( 0.9249999999999998224, 0.7590169943749472958, 0.6249999999999997780 ) ) ;
#5110 = ORIENTED_EDGE ( 'NONE', *, *, #349, .T. ) ;
#5111 = CARTESIAN_POINT ( 'NONE',  ( -0.6250000000000011102, 0.1999999999999999833, 1.225000000000004974 ) ) ;
#5112 = VECTOR ( 'NONE', #11154, 1000.000000000000000 ) ;
#5113 = SURFACE_SIDE_STYLE ('',( #3391 ) ) ;
#5114 = AXIS2_PLACEMENT_3D ( 'NONE', #9816, #7790, #10505 ) ;
#5115 = CARTESIAN_POINT ( 'NONE',  ( 0.6321853034556769169, 0.07429115107872699686, 1.232185303455681114 ) ) ;
#5116 = DIRECTION ( 'NONE',  ( 1.000000000000000000, 0.000000000000000000, 8.340016711426957754E-17 ) ) ;
#5117 = VERTEX_POINT ( 'NONE', #7112 ) ;
#5118 = ADVANCED_FACE ( 'NONE', ( #8791 ), #939, .F. ) ;
#5119 = DIRECTION ( 'NONE',  ( -1.000000000000000000, 0.000000000000000000, -8.340016711426957754E-17 ) ) ;
#5120 = CIRCLE ( 'NONE', #885, 0.1000000000000000472 ) ;
#5121 = CARTESIAN_POINT ( 'NONE',  ( -1.225000000000000089, 0.2000000000000000111, -0.6250000000000001110 ) ) ;
#5122 = PLANE ( 'NONE',  #6829 ) ;
#5123 = EDGE_CURVE ( 'NONE', #10201, #5, #1576, .T. ) ;
#5124 = CARTESIAN_POINT ( 'NONE',  ( -0.7250000000000009770, 0.009999999999999998473, -0.9999999999999991118 ) ) ;
#5125 = DIRECTION ( 'NONE',  ( 0.7071067811865451302, 0.000000000000000000, 0.7071067811865499042 ) ) ;
#5126 = CARTESIAN_POINT ( 'NONE',  ( -1.250000000000000000, 0.2000000000000000111, -0.4000000000000001887 ) ) ;
#5127 = ORIENTED_EDGE ( 'NONE', *, *, #5013, .T. ) ;
#5128 = EDGE_LOOP ( 'NONE', ( #3013, #7397 ) ) ;
#5129 = VECTOR ( 'NONE', #2161, 1000.000000000000000 ) ;
#5130 = EDGE_CURVE ( 'NONE', #9264, #11188, #766, .T. ) ;
#5131 = EDGE_CURVE ( 'NONE', #9917, #5251, #4463, .T. ) ;
#5132 = ORIENTED_EDGE ( 'NONE', *, *, #10725, .T. ) ;
#5133 = CARTESIAN_POINT ( 'NONE',  ( 0.9249999999999998224, 0.009999999999999998473, 0.6249999999999997780 ) ) ;
#5134 = DIRECTION ( 'NONE',  ( -0.000000000000000000, -1.000000000000000000, 0.000000000000000000 ) ) ;
#5135 = CARTESIAN_POINT ( 'NONE',  ( 1.225000000000000089, 0.7590169943749474069, 0.1249999999999997363 ) ) ;
#5136 = CARTESIAN_POINT ( 'NONE',  ( -1.225000000000000089, 0.009999999999999998473, -0.3750000000000001665 ) ) ;
#5137 = PRESENTATION_STYLE_ASSIGNMENT (( #128 ) ) ;
#5138 = ORIENTED_EDGE ( 'NONE', *, *, #6154, .F. ) ;
#5139 = VECTOR ( 'NONE', #4710, 1000.000000000000000 ) ;
#5140 = VECTOR ( 'NONE', #3480, 1000.000000000000000 ) ;
#5141 = DIRECTION ( 'NONE',  ( 1.000000000000000000, 0.000000000000000000, 8.340016711426966382E-17 ) ) ;
#5142 = ORIENTED_EDGE ( 'NONE', *, *, #4138, .F. ) ;
#5143 = ORIENTED_EDGE ( 'NONE', *, *, #4363, .T. ) ;
#5144 = FACE_OUTER_BOUND ( 'NONE', #8578, .T. ) ;
#5145 = AXIS2_PLACEMENT_3D ( 'NONE', #3045, #225, #279 ) ;
#5146 = VERTEX_POINT ( 'NONE', #11344 ) ;
#5147 = CARTESIAN_POINT ( 'NONE',  ( 1.225000000000000089, 0.7590169943749472958, 0.3749999999999997780 ) ) ;
#5148 = DIRECTION ( 'NONE',  ( -1.000000000000000000, 0.000000000000000000, 0.000000000000000000 ) ) ;
#5149 = DIRECTION ( 'NONE',  ( 0.000000000000000000, -1.000000000000000000, 0.000000000000000000 ) ) ;
#5150 = ORIENTED_EDGE ( 'NONE', *, *, #11218, .F. ) ;
#5151 = EDGE_CURVE ( 'NONE', #10348, #5806, #10593, .T. ) ;
#5152 = CIRCLE ( 'NONE', #191, 0.1000000000000000472 ) ;
#5153 = CARTESIAN_POINT ( 'NONE',  ( -0.4999999999999996669, 0.000000000000000000, -0.2000000000000008993 ) ) ;
#5154 = ADVANCED_FACE ( 'NONE', ( #6190 ), #8685, .F. ) ;
#5155 = VERTEX_POINT ( 'NONE', #5314 ) ;
#5156 = CARTESIAN_POINT ( 'NONE',  ( -0.6500000000000225597, 0.01000000000000000021, 1.122149248522518388E-14 ) ) ;
#5157 = ORIENTED_EDGE ( 'NONE', *, *, #8715, .T. ) ;
#5158 = LINE ( 'NONE', #1703, #3278 ) ;
#5159 = AXIS2_PLACEMENT_3D ( 'NONE', #1616, #5134, #8664 ) ;
#5160 = ORIENTED_EDGE ( 'NONE', *, *, #5250, .T. ) ;
#5161 = AXIS2_PLACEMENT_3D ( 'NONE', #6575, #520, #3978 ) ;
#5162 = ORIENTED_EDGE ( 'NONE', *, *, #4043, .T. ) ;
#5163 = CIRCLE ( 'NONE', #6457, 0.1000000000000000472 ) ;
#5164 = CARTESIAN_POINT ( 'NONE',  ( -0.8500000000000008660, 0.1999999999999999833, -1.250000000000005107 ) ) ;
#5165 = DIRECTION ( 'NONE',  ( 1.000000000000000000, 0.000000000000000000, 0.000000000000000000 ) ) ;
#5166 = LINE ( 'NONE', #10607, #5953 ) ;
#5167 = CARTESIAN_POINT ( 'NONE',  ( 1.299999999999999822, 0.1000000000000001166, -1.124999999999998890 ) ) ;
#5168 = ORIENTED_EDGE ( 'NONE', *, *, #2668, .F. ) ;
#5169 = AXIS2_PLACEMENT_3D ( 'NONE', #4604, #3046, #7430 ) ;
#5170 = CARTESIAN_POINT ( 'NONE',  ( 1.225000000000000089, 0.2000000000000000111, -0.6250000000000002220 ) ) ;
#5171 = VECTOR ( 'NONE', #11197, 1000.000000000000000 ) ;
#5172 = CARTESIAN_POINT ( 'NONE',  ( 1.250000000000000000, 0.7590169943749474069, -0.4000000000000001887 ) ) ;
#5173 = CARTESIAN_POINT ( 'NONE',  ( 1.225000000000000089, 0.2000000000000000111, -0.6250000000000002220 ) ) ;
#5174 = ORIENTED_EDGE ( 'NONE', *, *, #7617, .T. ) ;
#5175 = VECTOR ( 'NONE', #6217, 1000.000000000000000 ) ;
#5176 = CARTESIAN_POINT ( 'NONE',  ( -1.225000000000000089, 0.7590169943749472958, 0.3749999999999998890 ) ) ;
#5177 = CARTESIAN_POINT ( 'NONE',  ( -0.3750000000000009992, 0.01000000000000005398, 1.224999999999999867 ) ) ;
#5178 = AXIS2_PLACEMENT_3D ( 'NONE', #6672, #9387, #1467 ) ;
#5179 = LINE ( 'NONE', #5944, #9425 ) ;
#5180 = CARTESIAN_POINT ( 'NONE',  ( 0.7250000000000009770, 0.1999999999999999833, 0.9999999999999991118 ) ) ;
#5181 = FACE_OUTER_BOUND ( 'NONE', #2257, .T. ) ;
#5182 = EDGE_CURVE ( 'NONE', #524, #1535, #9658, .T. ) ;
#5183 = LINE ( 'NONE', #1666, #8805 ) ;
#5184 = ORIENTED_EDGE ( 'NONE', *, *, #2793, .F. ) ;
#5185 = VECTOR ( 'NONE', #8611, 1000.000000000000000 ) ;
#5186 = ORIENTED_EDGE ( 'NONE', *, *, #3676, .T. ) ;
#5187 = EDGE_CURVE ( 'NONE', #10165, #3563, #11293, .T. ) ;
#5188 = ORIENTED_EDGE ( 'NONE', *, *, #4149, .T. ) ;
#5189 = FACE_OUTER_BOUND ( 'NONE', #3918, .T. ) ;
#5190 = CARTESIAN_POINT ( 'NONE',  ( 0.3000000000000019873, 0.01000000000000000021, -0.3000000000000019873 ) ) ;
#5191 = CARTESIAN_POINT ( 'NONE',  ( -1.300000000000000266, 5.776955262170046623, -1.300000000000000044 ) ) ;
#5192 = DIRECTION ( 'NONE',  ( 1.000000000000000000, 0.000000000000000000, 8.340016711426957754E-17 ) ) ;
#5193 = AXIS2_PLACEMENT_3D ( 'NONE', #3915, #11153, #6567 ) ;
#5194 = CARTESIAN_POINT ( 'NONE',  ( 0.1250000000000022482, 0.01000000000000000021, -1.251002506714064001E-16 ) ) ;
#5195 = DIRECTION ( 'NONE',  ( 8.340016711426957754E-17, 0.000000000000000000, -1.000000000000000000 ) ) ;
#5196 = EDGE_CURVE ( 'NONE', #4238, #6488, #817, .T. ) ;
#5197 = DIRECTION ( 'NONE',  ( -0.7071067811865491270, 0.000000000000000000, 0.7071067811865459074 ) ) ;
#5198 = ORIENTED_EDGE ( 'NONE', *, *, #11425, .F. ) ;
#5199 = ORIENTED_EDGE ( 'NONE', *, *, #11343, .F. ) ;
#5200 = CARTESIAN_POINT ( 'NONE',  ( 0.2500000000000012768, 0.1999999999999999833, 0.9249999999999997113 ) ) ;
#5201 = AXIS2_PLACEMENT_3D ( 'NONE', #6909, #7077, #2582 ) ;
#5202 = ORIENTED_EDGE ( 'NONE', *, *, #4841, .F. ) ;
#5203 = CARTESIAN_POINT ( 'NONE',  ( 0.3500000000000008105, 0.9846177413237633402, 1.249999999999999778 ) ) ;
#5204 = AXIS2_PLACEMENT_3D ( 'NONE', #9797, #2689, #6204 ) ;
#5205 = LINE ( 'NONE', #10534, #4669 ) ;
#5206 = DIRECTION ( 'NONE',  ( 1.959903927185304452E-14, 0.000000000000000000, -1.000000000000000000 ) ) ;
#5207 = ORIENTED_EDGE ( 'NONE', *, *, #2699, .T. ) ;
#5208 = CARTESIAN_POINT ( 'NONE',  ( -7.506015040284254829E-17, 0.01000000000000000021, 0.8999999999999992450 ) ) ;
#5209 = ORIENTED_EDGE ( 'NONE', *, *, #7067, .F. ) ;
#5210 = CARTESIAN_POINT ( 'NONE',  ( 0.9249999999999998224, 0.2000000000000000111, 0.3749999999999997224 ) ) ;
#5211 = VERTEX_POINT ( 'NONE', #4398 ) ;
#5212 = LINE ( 'NONE', #2411, #867 ) ;
#5213 = VERTEX_POINT ( 'NONE', #1749 ) ;
#5214 = ORIENTED_EDGE ( 'NONE', *, *, #6175, .T. ) ;
#5215 = EDGE_CURVE ( 'NONE', #5327, #5790, #4419, .T. ) ;
#5216 = DIRECTION ( 'NONE',  ( -0.7071067811865482389, 0.000000000000000000, -0.7071067811865469066 ) ) ;
#5217 = CARTESIAN_POINT ( 'NONE',  ( -0.8749999999999990008, 0.1999999999999999833, -1.149999999999999911 ) ) ;
#5218 = EDGE_CURVE ( 'NONE', #5086, #7599, #5402, .T. ) ;
#5219 = CARTESIAN_POINT ( 'NONE',  ( 0.6500000000000009104, 0.9846177413237633402, -1.250000000000004885 ) ) ;
#5220 = DIRECTION ( 'NONE',  ( 0.000000000000000000, -1.000000000000000000, 0.000000000000000000 ) ) ;
#5221 = VERTEX_POINT ( 'NONE', #5093 ) ;
#5222 = LINE ( 'NONE', #5985, #3902 ) ;
#5223 = VECTOR ( 'NONE', #8148, 1000.000000000000000 ) ;
#5224 =( BOUNDED_CURVE ( )  B_SPLINE_CURVE ( 3, ( #10979, #2307, #715, #5759 ),
 .UNSPECIFIED., .F., .T. ) 
 B_SPLINE_CURVE_WITH_KNOTS ( ( 4, 4 ),
 ( 5.235987755982986158, 5.560451059366168458 ),
 .UNSPECIFIED. ) 
 CURVE ( )  GEOMETRIC_REPRESENTATION_ITEM ( )  RATIONAL_B_SPLINE_CURVE ( ( 1.000000000000000000, 0.9912461883984129418, 0.9912461883984129418, 1.000000000000000000 ) ) 
 REPRESENTATION_ITEM ( '' )  );
#5225 = ADVANCED_FACE ( 'NONE', ( #8623 ), #3420, .T. ) ;
#5226 = CARTESIAN_POINT ( 'NONE',  ( -0.3594077705648188181, 0.08117096151037196672, 1.240592229435182103 ) ) ;
#5227 = EDGE_CURVE ( 'NONE', #6872, #4922, #6940, .T. ) ;
#5228 = ORIENTED_EDGE ( 'NONE', *, *, #1825, .F. ) ;
#5229 = DIRECTION ( 'NONE',  ( 0.000000000000000000, 1.000000000000000000, 0.000000000000000000 ) ) ;
#5230 = EDGE_CURVE ( 'NONE', #5619, #3350, #1631, .T. ) ;
#5231 = DIRECTION ( 'NONE',  ( 8.340016711426957754E-17, 0.000000000000000000, -1.000000000000000000 ) ) ;
#5232 = DIRECTION ( 'NONE',  ( -1.000000000000000000, 0.000000000000000000, 1.292702590271175245E-14 ) ) ;
#5233 = CARTESIAN_POINT ( 'NONE',  ( -0.9250000000000001554, 0.7590169943749474069, -1.855653718292498106E-16 ) ) ;
#5234 = DIRECTION ( 'NONE',  ( -1.726383459265352879E-14, 0.000000000000000000, -1.000000000000000000 ) ) ;
#5235 = CARTESIAN_POINT ( 'NONE',  ( -1.250000000000000000, 0.009999999999999998473, -0.4000000000000001887 ) ) ;
#5236 = EDGE_CURVE ( 'NONE', #9467, #3215, #8368, .T. ) ;
#5237 = EDGE_LOOP ( 'NONE', ( #8864, #6206, #9104, #5072 ) ) ;
#5238 = EDGE_LOOP ( 'NONE', ( #1783, #2942, #654, #1822 ) ) ;
#5239 = ORIENTED_EDGE ( 'NONE', *, *, #9020, .F. ) ;
#5240 = DIRECTION ( 'NONE',  ( 0.000000000000000000, -1.000000000000000000, 0.000000000000000000 ) ) ;
#5241 = CARTESIAN_POINT ( 'NONE',  ( 1.249999999999999778, 0.1999999999999999833, 1.124999999999999778 ) ) ;
#5242 = DIRECTION ( 'NONE',  ( -0.7071067811865461294, 0.000000000000000000, 0.7071067811865489050 ) ) ;
#5243 = DIRECTION ( 'NONE',  ( -0.7071067811865489050, 0.000000000000000000, -0.7071067811865461294 ) ) ;
#5244 = PLANE ( 'NONE',  #4490 ) ;
#5245 = DIRECTION ( 'NONE',  ( 1.000000000000000000, -0.000000000000000000, -1.000802005371233057E-15 ) ) ;
#5246 = FACE_OUTER_BOUND ( 'NONE', #9080, .T. ) ;
#5247 = VERTEX_POINT ( 'NONE', #1694 ) ;
#5248 = VERTEX_POINT ( 'NONE', #6997 ) ;
#5249 = CARTESIAN_POINT ( 'NONE',  ( -1.225000000000000089, 0.2000000000000000111, -0.3750000000000001665 ) ) ;
#5250 = EDGE_CURVE ( 'NONE', #4646, #3128, #5205, .T. ) ;
#5251 = VERTEX_POINT ( 'NONE', #1872 ) ;
#5252 = VECTOR ( 'NONE', #1915, 1000.000000000000000 ) ;
#5253 = CARTESIAN_POINT ( 'NONE',  ( -0.9250000000000001554, 0.000000000000000000, 0.4999999999999997780 ) ) ;
#5254 = DIRECTION ( 'NONE',  ( 1.000000000000000000, 0.000000000000000000, -3.469446951953613400E-15 ) ) ;
#5255 = SURFACE_SIDE_STYLE ('',( #1750 ) ) ;
#5256 = VERTEX_POINT ( 'NONE', #10647 ) ;
#5257 = ADVANCED_FACE ( 'NONE', ( #197 ), #6421, .F. ) ;
#5258 = ADVANCED_FACE ( 'NONE', ( #8919 ), #9841, .T. ) ;
#5259 = CARTESIAN_POINT ( 'NONE',  ( -1.250000000000000000, 0.2000000000000000111, -0.1000000000000001582 ) ) ;
#5260 = VERTEX_POINT ( 'NONE', #8214 ) ;
#5261 = STYLED_ITEM ( 'NONE', ( #4358 ), #1878 ) ;
#5262 = DIRECTION ( 'NONE',  ( -1.000000000000000000, 0.000000000000000000, 2.780005570475647818E-16 ) ) ;
#5263 = VERTEX_POINT ( 'NONE', #3711 ) ;
#5264 = DIRECTION ( 'NONE',  ( -0.7071067811865459074, 0.000000000000000000, -0.7071067811865491270 ) ) ;
#5265 = ORIENTED_EDGE ( 'NONE', *, *, #1888, .T. ) ;
#5266 = EDGE_CURVE ( 'NONE', #7212, #8448, #10885, .T. ) ;
#5267 = ORIENTED_EDGE ( 'NONE', *, *, #5623, .F. ) ;
#5268 = CARTESIAN_POINT ( 'NONE',  ( 1.225000000000000089, 0.7590169943749474069, -0.1250000000000002220 ) ) ;
#5269 = CARTESIAN_POINT ( 'NONE',  ( -1.225000000000000089, 0.2000000000000000111, 0.1249999999999998335 ) ) ;
#5270 = VECTOR ( 'NONE', #945, 1000.000000000000000 ) ;
#5271 = EDGE_CURVE ( 'NONE', #5155, #8459, #2964, .T. ) ;
#5272 = PLANE ( 'NONE',  #1906 ) ;
#5273 = DIRECTION ( 'NONE',  ( -0.000000000000000000, -1.000000000000000000, 0.000000000000000000 ) ) ;
#5274 = VERTEX_POINT ( 'NONE', #998 ) ;
#5275 = CARTESIAN_POINT ( 'NONE',  ( 0.5000000000000003331, 1.614213562373095323, -0.5000000000000004441 ) ) ;
#5276 = LINE ( 'NONE', #8814, #3614 ) ;
#5277 = CARTESIAN_POINT ( 'NONE',  ( -0.3500000000000185185, 0.01000000000000000021, -4.962309943299268719E-15 ) ) ;
#5278 = LINE ( 'NONE', #106, #1817 ) ;
#5279 = ORIENTED_EDGE ( 'NONE', *, *, #4082, .T. ) ;
#5280 = CARTESIAN_POINT ( 'NONE',  ( -1.200000000000000178, 0.000000000000000000, -0.6250000000000001110 ) ) ;
#5281 = CARTESIAN_POINT ( 'NONE',  ( 0.9249999999999999334, 0.2000000000000000111, -0.5000000000000002220 ) ) ;
#5282 = VECTOR ( 'NONE', #9304, 1000.000000000000000 ) ;
#5283 = LINE ( 'NONE', #4491, #5532 ) ;
#5284 = DIRECTION ( 'NONE',  ( 1.167602339599772261E-15, 0.000000000000000000, -1.000000000000000000 ) ) ;
#5285 = VECTOR ( 'NONE', #2351, 1000.000000000000000 ) ;
#5286 = EDGE_CURVE ( 'NONE', #4980, #310, #1173, .T. ) ;
#5287 = LINE ( 'NONE', #2648, #3574 ) ;
#5288 = AXIS2_PLACEMENT_3D ( 'NONE', #4267, #6220, #5291 ) ;
#5289 = CARTESIAN_POINT ( 'NONE',  ( -0.3750000000000012768, 0.1999999999999999833, -0.9249999999999994893 ) ) ;
#5290 = EDGE_CURVE ( 'NONE', #9492, #6784, #3380, .T. ) ;
#5291 = DIRECTION ( 'NONE',  ( 1.000000000000000000, 0.000000000000000000, 1.167602339599772458E-15 ) ) ;
#5292 = ORIENTED_EDGE ( 'NONE', *, *, #961, .T. ) ;
#5293 = EDGE_CURVE ( 'NONE', #5399, #2229, #5438, .T. ) ;
#5294 = CLOSED_SHELL ( 'NONE', ( #5509, #5364, #3098, #4578, #9989, #2135, #5066, #1632, #1036, #7125, #10404, #10493, #8820, #1461, #302, #6274, #10500, #4113, #7577 ) ) ;
#5295 = EDGE_LOOP ( 'NONE', ( #10406, #4569, #941, #1782 ) ) ;
#5296 = VECTOR ( 'NONE', #3810, 1000.000000000000114 ) ;
#5297 = MECHANICAL_DESIGN_GEOMETRIC_PRESENTATION_REPRESENTATION (  '', ( #10303 ), #3457 ) ;
#5298 = EDGE_LOOP ( 'NONE', ( #9202, #11387, #1139, #2517 ) ) ;
#5299 = CARTESIAN_POINT ( 'NONE',  ( -0.1500000000000008271, 0.08660254037844393460, -1.249999999999999556 ) ) ;
#5300 = DIRECTION ( 'NONE',  ( 1.000000000000000000, 0.000000000000000000, 8.340016711426957754E-17 ) ) ;
#5301 = DIRECTION ( 'NONE',  ( -0.000000000000000000, -1.000000000000000000, 0.000000000000000000 ) ) ;
#5302 = CARTESIAN_POINT ( 'NONE',  ( -1.249999999999999778, 0.9846177413237633402, 1.124999999999999778 ) ) ;
#5303 = FACE_OUTER_BOUND ( 'NONE', #6301, .T. ) ;
#5304 = DIRECTION ( 'NONE',  ( 1.529003063761606744E-15, 0.000000000000000000, -1.000000000000000000 ) ) ;
#5305 = CARTESIAN_POINT ( 'NONE',  ( 1.225000000000000089, 0.2000000000000000111, 0.1249999999999997363 ) ) ;
#5306 = ORIENTED_EDGE ( 'NONE', *, *, #9516, .T. ) ;
#5307 = VERTEX_POINT ( 'NONE', #7169 ) ;
#5308 = DIRECTION ( 'NONE',  ( 1.000000000000000000, 0.000000000000000000, 1.959903927185304452E-14 ) ) ;
#5309 = ADVANCED_FACE ( 'NONE', ( #1227 ), #4575, .T. ) ;
#5310 = ORIENTED_EDGE ( 'NONE', *, *, #4878, .T. ) ;
#5311 = ORIENTED_EDGE ( 'NONE', *, *, #7702, .F. ) ;
#5312 = CARTESIAN_POINT ( 'NONE',  ( -0.9250000000000001554, 0.000000000000000000, -1.855653718292498106E-16 ) ) ;
#5313 = PLANE ( 'NONE',  #1657 ) ;
#5314 = CARTESIAN_POINT ( 'NONE',  ( 1.250000000000000000, 0.2000000000000000111, 0.5999999999999998668 ) ) ;
#5315 = CARTESIAN_POINT ( 'NONE',  ( 1.300000000000000044, 0.1999999999999999833, -0.4000000000000001887 ) ) ;
#5316 = VERTEX_POINT ( 'NONE', #4513 ) ;
#5317 = CARTESIAN_POINT ( 'NONE',  ( -0.7575761381246520765, 0.9500000000000000666, -0.8859432889494202046 ) ) ;
#5318 = ORIENTED_EDGE ( 'NONE', *, *, #6744, .F. ) ;
#5319 = ADVANCED_FACE ( 'NONE', ( #8968 ), #8041, .F. ) ;
#5320 = LINE ( 'NONE', #2512, #852 ) ;
#5321 = ORIENTED_EDGE ( 'NONE', *, *, #10475, .F. ) ;
#5322 = CARTESIAN_POINT ( 'NONE',  ( -1.232185303455676229, 0.07429115107872279189, 0.3821853034556755846 ) ) ;
#5323 = AXIS2_PLACEMENT_3D ( 'NONE', #3554, #4475, #9734 ) ;
#5324 = EDGE_LOOP ( 'NONE', ( #3209, #6545, #2939, #4583 ) ) ;
#5325 = FACE_OUTER_BOUND ( 'NONE', #3248, .T. ) ;
#5326 = EDGE_CURVE ( 'NONE', #7496, #3994, #3767, .T. ) ;
#5327 = VERTEX_POINT ( 'NONE', #6308 ) ;
#5328 = CARTESIAN_POINT ( 'NONE',  ( 1.250000000000000000, 0.1999999999999999833, -0.9249999999999991562 ) ) ;
#5329 = CARTESIAN_POINT ( 'NONE',  ( 0.1499999999999998002, 0.9846177413237633402, 1.300000000000000266 ) ) ;
#5330 = AXIS2_PLACEMENT_3D ( 'NONE', #8400, #2231, #1678 ) ;
#5331 = LINE ( 'NONE', #782, #4619 ) ;
#5332 = PLANE ( 'NONE',  #9608 ) ;
#5333 = VERTEX_POINT ( 'NONE', #7285 ) ;
#5334 = VECTOR ( 'NONE', #7642, 1000.000000000000000 ) ;
#5335 = DIRECTION ( 'NONE',  ( -0.000000000000000000, -1.000000000000000000, 0.000000000000000000 ) ) ;
#5336 = CIRCLE ( 'NONE', #5713, 0.1250000000000000278 ) ;
#5337 = EDGE_CURVE ( 'NONE', #2635, #2849, #7802, .T. ) ;
#5338 = LINE ( 'NONE', #4309, #8231 ) ;
#5339 = CARTESIAN_POINT ( 'NONE',  ( -0.6500000000000001332, 0.009999999999999646325, 1.300000000000005596 ) ) ;
#5340 = DIRECTION ( 'NONE',  ( 0.000000000000000000, 1.000000000000000000, -0.000000000000000000 ) ) ;
#5341 = AXIS2_PLACEMENT_3D ( 'NONE', #6107, #6969, #2534 ) ;
#5342 = ORIENTED_EDGE ( 'NONE', *, *, #4175, .F. ) ;
#5343 = AXIS2_PLACEMENT_3D ( 'NONE', #10065, #10945, #472 ) ;
#5344 = VERTEX_POINT ( 'NONE', #5610 ) ;
#5345 = DIRECTION ( 'NONE',  ( -1.000000000000000000, 0.000000000000000000, -8.340016711426957754E-17 ) ) ;
#5346 = DIRECTION ( 'NONE',  ( 0.000000000000000000, -1.000000000000000000, 0.000000000000000000 ) ) ;
#5347 = VECTOR ( 'NONE', #8531, 1000.000000000000000 ) ;
#5348 = DIRECTION ( 'NONE',  ( -1.000000000000000000, 0.000000000000000000, 2.780005570475647818E-16 ) ) ;
#5349 = CARTESIAN_POINT ( 'NONE',  ( 0.2500000000000013878, 0.9846177413237633402, -0.9249999999999997113 ) ) ;
#5350 = AXIS2_PLACEMENT_3D ( 'NONE', #2920, #10786, #1357 ) ;
#5351 = DIRECTION ( 'NONE',  ( -8.340016711426957754E-17, 0.000000000000000000, 1.000000000000000000 ) ) ;
#5352 = LINE ( 'NONE', #4319, #3919 ) ;
#5353 = CARTESIAN_POINT ( 'NONE',  ( 0.2500000000000013878, 0.1999999999999999833, -0.9249999999999997113 ) ) ;
#5354 = ORIENTED_EDGE ( 'NONE', *, *, #10365, .F. ) ;
#5355 = VECTOR ( 'NONE', #9257, 1000.000000000000000 ) ;
#5356 = ORIENTED_EDGE ( 'NONE', *, *, #4175, .T. ) ;
#5357 = AXIS2_PLACEMENT_3D ( 'NONE', #8854, #10535, #10473 ) ;
#5358 = ORIENTED_EDGE ( 'NONE', *, *, #833, .F. ) ;
#5359 = DIRECTION ( 'NONE',  ( 1.409462824231155133E-14, 3.552713678800503296E-15, -1.000000000000000000 ) ) ;
#5360 = EDGE_CURVE ( 'NONE', #10312, #9334, #9779, .T. ) ;
#5361 = CARTESIAN_POINT ( 'NONE',  ( -0.3678146965443249150, 0.07429115107872279189, -1.232185303455675784 ) ) ;
#5362 = UNCERTAINTY_MEASURE_WITH_UNIT (LENGTH_MEASURE( 1.000000000000000082E-05 ), #9355, 'distance_accuracy_value', 'NONE');
#5363 = DIRECTION ( 'NONE',  ( -0.000000000000000000, -1.000000000000000000, 0.000000000000000000 ) ) ;
#5364 = ADVANCED_FACE ( 'NONE', ( #10826 ), #7343, .T. ) ;
#5365 = AXIS2_PLACEMENT_3D ( 'NONE', #8558, #7737, #4324 ) ;
#5366 = CARTESIAN_POINT ( 'NONE',  ( 1.300000000000000044, 0.1000000000000001166, 1.149999999999999023 ) ) ;
#5367 = SURFACE_STYLE_FILL_AREA ( #9654 ) ;
#5368 = CARTESIAN_POINT ( 'NONE',  ( 0.1250000000000010270, 0.1999999999999999833, -1.224999999999999645 ) ) ;
#5369 = DIRECTION ( 'NONE',  ( 0.000000000000000000, -1.000000000000000000, 0.000000000000000000 ) ) ;
#5370 = ORIENTED_EDGE ( 'NONE', *, *, #1677, .F. ) ;
#5371 = ORIENTED_EDGE ( 'NONE', *, *, #480, .F. ) ;
#5372 = LINE ( 'NONE', #8034, #3642 ) ;
#5373 = EDGE_CURVE ( 'NONE', #76, #2635, #9955, .T. ) ;
#5374 = ORIENTED_EDGE ( 'NONE', *, *, #7701, .F. ) ;
#5375 = ORIENTED_EDGE ( 'NONE', *, *, #7323, .T. ) ;
#5376 = CARTESIAN_POINT ( 'NONE',  ( 0.8750000000000009992, 0.06614378277662114058, -1.225000000000005196 ) ) ;
#5377 = VECTOR ( 'NONE', #1653, 1000.000000000000000 ) ;
#5378 = MANIFOLD_SOLID_BREP ( 'Cut-Sweep1[1]', #9367 ) ;
#5379 = DIRECTION ( 'NONE',  ( 1.000000000000000000, -0.000000000000000000, 8.340016711426957754E-17 ) ) ;
#5380 = DIRECTION ( 'NONE',  ( -0.000000000000000000, -1.000000000000000000, 0.000000000000000000 ) ) ;
#5381 = DIRECTION ( 'NONE',  ( -1.362202729533067540E-15, 0.000000000000000000, -1.000000000000000000 ) ) ;
#5382 = ORIENTED_EDGE ( 'NONE', *, *, #3490, .F. ) ;
#5383 = PRODUCT_DEFINITION ( 'UNKNOWN', '', #10675, #3636 ) ;
#5384 = CARTESIAN_POINT ( 'NONE',  ( 0.1250000000000008049, 0.1999999999999999833, 1.224999999999999645 ) ) ;
#5385 = ORIENTED_EDGE ( 'NONE', *, *, #2927, .T. ) ;
#5386 = DIRECTION ( 'NONE',  ( 0.7071067811865489050, 0.000000000000000000, 0.7071067811865461294 ) ) ;
#5387 = AXIS2_PLACEMENT_3D ( 'NONE', #7719, #7777, #7949 ) ;
#5388 = VERTEX_POINT ( 'NONE', #3992 ) ;
#5389 = LINE ( 'NONE', #150, #7145 ) ;
#5390 = ORIENTED_EDGE ( 'NONE', *, *, #5986, .T. ) ;
#5391 = DIRECTION ( 'NONE',  ( 0.000000000000000000, -1.000000000000000000, 0.000000000000000000 ) ) ;
#5392 = VECTOR ( 'NONE', #8286, 1000.000000000000000 ) ;
#5393 = ORIENTED_EDGE ( 'NONE', *, *, #4106, .F. ) ;
#5394 = DIRECTION ( 'NONE',  ( 0.000000000000000000, 1.000000000000000000, 0.000000000000000000 ) ) ;
#5395 = EDGE_CURVE ( 'NONE', #5619, #1819, #9087, .T. ) ;
#5396 = CARTESIAN_POINT ( 'NONE',  ( -0.8000000000000001554, 0.009999999999999998473, -0.5000000000000002220 ) ) ;
#5397 = PLANE ( 'NONE',  #11130 ) ;
#5398 = DIRECTION ( 'NONE',  ( 2.780005570475647818E-16, -0.000000000000000000, 1.000000000000000000 ) ) ;
#5399 = VERTEX_POINT ( 'NONE', #474 ) ;
#5400 = DIRECTION ( 'NONE',  ( 1.000000000000000000, -5.329070518200755338E-15, 0.000000000000000000 ) ) ;
#5401 =( LENGTH_UNIT ( ) NAMED_UNIT ( * ) SI_UNIT ( .MILLI., .METRE. ) );
#5402 = CIRCLE ( 'NONE', #10571, 0.1000000000000000472 ) ;
#5403 = EDGE_CURVE ( 'NONE', #33, #2766, #8441, .T. ) ;
#5404 = FACE_OUTER_BOUND ( 'NONE', #9153, .T. ) ;
#5405 = ORIENTED_EDGE ( 'NONE', *, *, #1820, .T. ) ;
#5406 = ORIENTED_EDGE ( 'NONE', *, *, #8520, .F. ) ;
#5407 = EDGE_CURVE ( 'NONE', #1638, #6633, #6535, .T. ) ;
#5408 = DIRECTION ( 'NONE',  ( 1.000000000000000000, 0.000000000000000000, 0.000000000000000000 ) ) ;
#5409 = DIRECTION ( 'NONE',  ( -1.000000000000000000, 0.000000000000000000, 2.085004177856743605E-15 ) ) ;
#5410 = CIRCLE ( 'NONE', #7064, 0.1000000000000000472 ) ;
#5411 = DIRECTION ( 'NONE',  ( 0.000000000000000000, -1.000000000000000000, 0.000000000000000000 ) ) ;
#5412 = CARTESIAN_POINT ( 'NONE',  ( 0.9249999999999998224, 0.2000000000000000111, -0.3750000000000002220 ) ) ;
#5413 = CARTESIAN_POINT ( 'NONE',  ( -1.737503481547281489E-16, 0.01000000000000000021, -0.6250000000000004441 ) ) ;
#5414 = DIRECTION ( 'NONE',  ( -1.000000000000000000, 8.881784197001258634E-15, 5.421010862427519212E-16 ) ) ;
#5415 = ADVANCED_FACE ( 'NONE', ( #10946 ), #7404, .F. ) ;
#5416 = PLANE ( 'NONE',  #5114 ) ;
#5417 = EDGE_CURVE ( 'NONE', #6453, #1896, #11118, .T. ) ;
#5418 = ORIENTED_EDGE ( 'NONE', *, *, #11425, .T. ) ;
#5419 = ORIENTED_EDGE ( 'NONE', *, *, #1490, .F. ) ;
#5420 = ORIENTED_EDGE ( 'NONE', *, *, #3519, .F. ) ;
#5421 = DIRECTION ( 'NONE',  ( 1.000000000000000000, 0.000000000000000000, 8.340016711426957754E-17 ) ) ;
#5422 = EDGE_CURVE ( 'NONE', #7266, #596, #2218, .T. ) ;
#5423 = CARTESIAN_POINT ( 'NONE',  ( 0.9249999999999998224, 0.2000000000000000111, 0.1249999999999998196 ) ) ;
#5424 = EDGE_CURVE ( 'NONE', #3316, #5146, #1913, .T. ) ;
#5425 = DIRECTION ( 'NONE',  ( 1.000000000000000000, 0.000000000000000000, -2.085004177856743605E-15 ) ) ;
#5426 = CARTESIAN_POINT ( 'NONE',  ( 0.6500000000000001332, 0.9846177413237633402, -1.300000000000005596 ) ) ;
#5427 = EDGE_CURVE ( 'NONE', #1673, #4133, #5785, .T. ) ;
#5428 = DIRECTION ( 'NONE',  ( 1.000000000000000000, -0.000000000000000000, 1.529003063761606547E-15 ) ) ;
#5429 = LINE ( 'NONE', #1041, #8249 ) ;
#5430 = DIRECTION ( 'NONE',  ( -1.000000000000000000, 0.000000000000000000, 2.780005570475648805E-16 ) ) ;
#5431 = ORIENTED_EDGE ( 'NONE', *, *, #3265, .F. ) ;
#5432 = ORIENTED_EDGE ( 'NONE', *, *, #10867, .F. ) ;
#5433 = CARTESIAN_POINT ( 'NONE',  ( -0.3500000000000003109, 0.9846177413237633402, 1.300000000000000266 ) ) ;
#5434 = ORIENTED_EDGE ( 'NONE', *, *, #4423, .T. ) ;
#5435 = ORIENTED_EDGE ( 'NONE', *, *, #5622, .F. ) ;
#5436 = CARTESIAN_POINT ( 'NONE',  ( 1.224999999999999645, 0.06614378277661471517, 0.8999999999999993561 ) ) ;
#5437 = FACE_OUTER_BOUND ( 'NONE', #2812, .T. ) ;
#5438 = LINE ( 'NONE', #362, #2825 ) ;
#5439 = CARTESIAN_POINT ( 'NONE',  ( 9.591019218141001047E-17, 0.01000000000000000021, -1.149999999999999911 ) ) ;
#5440 = ORIENTED_EDGE ( 'NONE', *, *, #6373, .T. ) ;
#5441 = EDGE_CURVE ( 'NONE', #9674, #7520, #3133, .T. ) ;
#5442 = LINE ( 'NONE', #6248, #177 ) ;
#5443 = ORIENTED_EDGE ( 'NONE', *, *, #10576, .F. ) ;
#5444 = ADVANCED_FACE ( 'NONE', ( #9313 ), #1449, .F. ) ;
#5445 = LINE ( 'NONE', #3867, #313 ) ;
#5446 = EDGE_LOOP ( 'NONE', ( #2966, #9701, #7210, #3728 ) ) ;
#5447 = DIRECTION ( 'NONE',  ( -1.084202172485503842E-15, -1.776356839400251648E-15, 1.000000000000000000 ) ) ;
#5448 = EDGE_CURVE ( 'NONE', #5984, #7367, #8502, .T. ) ;
#5449 = AXIS2_PLACEMENT_3D ( 'NONE', #9809, #5345, #8011 ) ;
#5450 = ORIENTED_EDGE ( 'NONE', *, *, #4282, .T. ) ;
#5451 = ORIENTED_EDGE ( 'NONE', *, *, #5218, .T. ) ;
#5452 = DIRECTION ( 'NONE',  ( 8.340016711426957754E-17, 0.000000000000000000, -1.000000000000000000 ) ) ;
#5453 = CARTESIAN_POINT ( 'NONE',  ( 0.6500000000000006883, 0.1999999999999999833, 1.250000000000004885 ) ) ;
#5454 = DIRECTION ( 'NONE',  ( 1.000000000000000000, 0.000000000000000000, 8.340016711426957754E-17 ) ) ;
#5455 = PLANE ( 'NONE',  #8866 ) ;
#5456 = ORIENTED_EDGE ( 'NONE', *, *, #366, .T. ) ;
#5457 = CIRCLE ( 'NONE', #6379, 0.1000000000000000472 ) ;
#5458 = CARTESIAN_POINT ( 'NONE',  ( -0.3750000000000009992, 0.1999999999999999833, 1.224999999999999867 ) ) ;
#5459 = MANIFOLD_SOLID_BREP ( 'Cut-Extrude5', #2912 ) ;
#5460 = LINE ( 'NONE', #7191, #1964 ) ;
#5461 = FACE_OUTER_BOUND ( 'NONE', #3271, .T. ) ;
#5462 = APPLICATION_CONTEXT ( 'automotive_design' ) ;
#5463 = ORIENTED_EDGE ( 'NONE', *, *, #10475, .T. ) ;
#5464 = ADVANCED_FACE ( 'NONE', ( #11380 ), #3246, .T. ) ;
#5465 = ORIENTED_EDGE ( 'NONE', *, *, #3898, .T. ) ;
#5466 = AXIS2_PLACEMENT_3D ( 'NONE', #824, #8745, #4345 ) ;
#5467 = CARTESIAN_POINT ( 'NONE',  ( 0.6499999999999999112, 0.9846177413237633402, 1.300000000000005596 ) ) ;
#5468 = LINE ( 'NONE', #3622, #3154 ) ;
#5469 = DIRECTION ( 'NONE',  ( -1.309382623694023564E-14, 0.000000000000000000, 1.000000000000000000 ) ) ;
#5470 = DIRECTION ( 'NONE',  ( 1.000000000000000000, 0.000000000000000000, 8.340016711426957754E-17 ) ) ;
#5471 = DIRECTION ( 'NONE',  ( -0.7071067811865482389, 0.000000000000000000, -0.7071067811865469066 ) ) ;
#5472 = LINE ( 'NONE', #4435, #7761 ) ;
#5473 = DIRECTION ( 'NONE',  ( -1.000000000000000000, 0.000000000000000000, 1.000802005371233254E-15 ) ) ;
#5474 = CARTESIAN_POINT ( 'NONE',  ( 0.9249999999999998224, 0.2000000000000000111, -0.3750000000000002220 ) ) ;
#5475 = ORIENTED_EDGE ( 'NONE', *, *, #8696, .T. ) ;
#5476 = ORIENTED_EDGE ( 'NONE', *, *, #86, .T. ) ;
#5477 = ORIENTED_EDGE ( 'NONE', *, *, #4197, .F. ) ;
#5478 = DIRECTION ( 'NONE',  ( 1.000000000000000000, 0.000000000000000000, -1.726383459265352879E-14 ) ) ;
#5479 = AXIS2_PLACEMENT_3D ( 'NONE', #5843, #8450, #6664 ) ;
#5480 = DIRECTION ( 'NONE',  ( 0.000000000000000000, 1.000000000000000000, 0.000000000000000000 ) ) ;
#5481 = EDGE_CURVE ( 'NONE', #7565, #8144, #8731, .T. ) ;
#5482 = FACE_OUTER_BOUND ( 'NONE', #10948, .T. ) ;
#5483 = FILL_AREA_STYLE ('',( #2028 ) ) ;
#5484 = FACE_OUTER_BOUND ( 'NONE', #8380, .T. ) ;
#5485 = CARTESIAN_POINT ( 'NONE',  ( 1.300000000000000044, 0.000000000000000000, 1.149999999999999023 ) ) ;
#5486 = CARTESIAN_POINT ( 'NONE',  ( 1.737503481547280503E-16, 0.01000000000000000021, 0.6250000000000000000 ) ) ;
#5487 = ORIENTED_EDGE ( 'NONE', *, *, #10952, .T. ) ;
#5488 = VECTOR ( 'NONE', #7662, 1000.000000000000000 ) ;
#5489 = EDGE_CURVE ( 'NONE', #7254, #3948, #5958, .T. ) ;
#5490 = EDGE_CURVE ( 'NONE', #6648, #77, #7909, .T. ) ;
#5491 = EDGE_LOOP ( 'NONE', ( #1141, #4768, #4668, #5689 ) ) ;
#5492 = CARTESIAN_POINT ( 'NONE',  ( 1.224999999999999645, 0.9846177413237633402, -0.8999999999999991340 ) ) ;
#5493 = ORIENTED_EDGE ( 'NONE', *, *, #4925, .F. ) ;
#5494 = ORIENTED_EDGE ( 'NONE', *, *, #1538, .F. ) ;
#5495 = DIRECTION ( 'NONE',  ( 1.726383459265352879E-14, 0.000000000000000000, 1.000000000000000000 ) ) ;
#5496 = FACE_OUTER_BOUND ( 'NONE', #5827, .T. ) ;
#5497 = DIRECTION ( 'NONE',  ( -1.000000000000000000, 0.000000000000000000, 1.401122807519719062E-14 ) ) ;
#5498 = CARTESIAN_POINT ( 'NONE',  ( -1.224999999999999645, 0.1999999999999999833, 0.8999999999999991340 ) ) ;
#5499 = ORIENTED_EDGE ( 'NONE', *, *, #8330, .F. ) ;
#5500 = CARTESIAN_POINT ( 'NONE',  ( -0.1499999999999996336, 0.1000000000000001166, -1.300000000000001599 ) ) ;
#5501 = ORIENTED_EDGE ( 'NONE', *, *, #5889, .T. ) ;
#5502 = ORIENTED_EDGE ( 'NONE', *, *, #8653, .T. ) ;
#5503 = CARTESIAN_POINT ( 'NONE',  ( -0.7250000000000010880, 0.000000000000000000, 0.8999999999999991340 ) ) ;
#5504 = AXIS2_PLACEMENT_3D ( 'NONE', #8445, #9372, #2388 ) ;
#5505 = ORIENTED_EDGE ( 'NONE', *, *, #5230, .T. ) ;
#5506 = VERTEX_POINT ( 'NONE', #6929 ) ;
#5507 = DIRECTION ( 'NONE',  ( -0.000000000000000000, -1.000000000000000000, 0.000000000000000000 ) ) ;
#5508 = DIRECTION ( 'NONE',  ( -0.000000000000000000, -1.000000000000000000, 0.000000000000000000 ) ) ;
#5509 = ADVANCED_FACE ( 'NONE', ( #6822 ), #4277, .T. ) ;
#5510 = DIRECTION ( 'NONE',  ( -1.000000000000000000, 0.000000000000000000, 0.000000000000000000 ) ) ;
#5511 = CARTESIAN_POINT ( 'NONE',  ( 1.249999999999999778, 0.08660254037844393460, 1.124999999999999778 ) ) ;
#5512 = VERTEX_POINT ( 'NONE', #5136 ) ;
#5513 = EDGE_CURVE ( 'NONE', #1941, #9863, #2661, .T. ) ;
#5514 = DIRECTION ( 'NONE',  ( 0.7071067811865506814, -0.000000000000000000, -0.7071067811865443531 ) ) ;
#5515 = VECTOR ( 'NONE', #10094, 1000.000000000000000 ) ;
#5516 = VECTOR ( 'NONE', #4838, 1000.000000000000000 ) ;
#5517 = PRESENTATION_STYLE_ASSIGNMENT (( #274 ) ) ;
#5518 = CARTESIAN_POINT ( 'NONE',  ( 1.250000000000000000, 0.2000000000000000111, 0.3999999999999997446 ) ) ;
#5519 = ORIENTED_EDGE ( 'NONE', *, *, #9938, .T. ) ;
#5520 = ORIENTED_EDGE ( 'NONE', *, *, #1857, .F. ) ;
#5521 = VECTOR ( 'NONE', #9894, 1000.000000000000000 ) ;
#5522 = CARTESIAN_POINT ( 'NONE',  ( -0.8749999999999990008, 0.1999999999999999833, -1.149999999999999911 ) ) ;
#5523 = FACE_OUTER_BOUND ( 'NONE', #2497, .T. ) ;
#5524 = LINE ( 'NONE', #9059, #1665 ) ;
#5525 = CARTESIAN_POINT ( 'NONE',  ( -0.9249999999999998224, 0.2000000000000000111, -0.1250000000000001943 ) ) ;
#5526 = LINE ( 'NONE', #807, #2705 ) ;
#5527 = CARTESIAN_POINT ( 'NONE',  ( -0.7575761381246520765, 1.050000000000000044, -0.8859432889494202046 ) ) ;
#5528 = CARTESIAN_POINT ( 'NONE',  ( -1.250000000000000000, 0.2000000000000000111, -0.6000000000000001998 ) ) ;
#5529 = EDGE_CURVE ( 'NONE', #1819, #7108, #9485, .T. ) ;
#5530 = FACE_OUTER_BOUND ( 'NONE', #9435, .T. ) ;
#5531 = VECTOR ( 'NONE', #9705, 1000.000000000000000 ) ;
#5532 = VECTOR ( 'NONE', #10501, 1000.000000000000000 ) ;
#5533 =( BOUNDED_CURVE ( )  B_SPLINE_CURVE ( 3, ( #6241, #1869, #253, #5436 ),
 .UNSPECIFIED., .F., .F. ) 
 B_SPLINE_CURVE_WITH_KNOTS ( ( 4, 4 ),
 ( 5.235987755982986158, 5.560451059366172011 ),
 .UNSPECIFIED. ) 
 CURVE ( )  GEOMETRIC_REPRESENTATION_ITEM ( )  RATIONAL_B_SPLINE_CURVE ( ( 1.000000000000000000, 0.9912461883984127198, 0.9912461883984127198, 1.000000000000000000 ) ) 
 REPRESENTATION_ITEM ( '' )  );
#5534 = ORIENTED_EDGE ( 'NONE', *, *, #4110, .F. ) ;
#5535 = VECTOR ( 'NONE', #4316, 1000.000000000000000 ) ;
#5536 = ORIENTED_EDGE ( 'NONE', *, *, #11390, .F. ) ;
#5537 = CARTESIAN_POINT ( 'NONE',  ( 1.224999999999999645, 0.1999999999999999833, -0.8999999999999991340 ) ) ;
#5538 = DIRECTION ( 'NONE',  ( -1.000000000000000000, 0.000000000000000000, -1.743063492688206721E-14 ) ) ;
#5539 = VECTOR ( 'NONE', #4890, 1000.000000000000000 ) ;
#5541 = VECTOR ( 'NONE', #9508, 1000.000000000000000 ) ;
#5540 = LINE ( 'NONE', #10629, #3317 ) ;
#5542 = ADVANCED_FACE ( 'NONE', ( #7798 ), #11334, .F. ) ;
#5543 = PLANE ( 'NONE',  #8431 ) ;
#5544 = VECTOR ( 'NONE', #7940, 1000.000000000000000 ) ;
#5545 = DIRECTION ( 'NONE',  ( 0.000000000000000000, -1.000000000000000000, 0.000000000000000000 ) ) ;
#5546 = ORIENTED_EDGE ( 'NONE', *, *, #3372, .F. ) ;
#5547 = VECTOR ( 'NONE', #4305, 1000.000000000000000 ) ;
#5548 = EDGE_CURVE ( 'NONE', #10913, #11133, #6059, .T. ) ;
#5549 = ORIENTED_EDGE ( 'NONE', *, *, #2213, .T. ) ;
#5550 = CARTESIAN_POINT ( 'NONE',  ( 0.7250000000000009770, 0.1999999999999999833, 0.9999999999999991118 ) ) ;
#5551 = VERTEX_POINT ( 'NONE', #7740 ) ;
#5552 = ORIENTED_EDGE ( 'NONE', *, *, #5057, .F. ) ;
#5553 = LINE ( 'NONE', #7228, #5554 ) ;
#5554 = VECTOR ( 'NONE', #2845, 1000.000000000000000 ) ;
#5555 = CARTESIAN_POINT ( 'NONE',  ( -0.1999999999999975131, 0.01000000000000000021, -0.5000000000000005551 ) ) ;
#5556 = EDGE_CURVE ( 'NONE', #8845, #6781, #6177, .T. ) ;
#5557 = DIRECTION ( 'NONE',  ( 1.000000000000000000, 0.000000000000000000, 8.340016711426957754E-17 ) ) ;
#5558 = DIRECTION ( 'NONE',  ( 2.085004177856743210E-15, 0.000000000000000000, 1.000000000000000000 ) ) ;
#5559 = ORIENTED_EDGE ( 'NONE', *, *, #7640, .T. ) ;
#5560 = EDGE_CURVE ( 'NONE', #357, #5327, #8737, .T. ) ;
#5561 = DIRECTION ( 'NONE',  ( 0.7071067811865489050, 0.000000000000000000, 0.7071067811865461294 ) ) ;
#5562 = ORIENTED_EDGE ( 'NONE', *, *, #3683, .F. ) ;
#5563 = ORIENTED_EDGE ( 'NONE', *, *, #5817, .T. ) ;
#5564 = CARTESIAN_POINT ( 'NONE',  ( -1.240592229435182547, 0.08117096151037236917, 0.3905922294351819590 ) ) ;
#5565 = MECHANICAL_DESIGN_GEOMETRIC_PRESENTATION_REPRESENTATION (  '', ( #593 ), #8523 ) ;
#5566 = VERTEX_POINT ( 'NONE', #10355 ) ;
#5567 = ORIENTED_EDGE ( 'NONE', *, *, #4778, .T. ) ;
#5568 = CARTESIAN_POINT ( 'NONE',  ( 0.9249999999999999334, 0.2000000000000000111, 0.4999999999999997780 ) ) ;
#5569 = EDGE_CURVE ( 'NONE', #4471, #11329, #3465, .T. ) ;
#5570 = DIRECTION ( 'NONE',  ( 1.000000000000000000, -0.000000000000000000, 8.340016711426957754E-17 ) ) ;
#5571 = DIRECTION ( 'NONE',  ( 0.000000000000000000, 1.000000000000000000, -0.000000000000000000 ) ) ;
#5572 = CARTESIAN_POINT ( 'NONE',  ( -1.225000000000000089, 0.7590169943749474069, -0.3750000000000001665 ) ) ;
#5573 = ORIENTED_EDGE ( 'NONE', *, *, #2536, .F. ) ;
#5574 = VECTOR ( 'NONE', #5870, 1000.000000000000000 ) ;
#5575 = CARTESIAN_POINT ( 'NONE',  ( 1.225000000000000089, 0.1999999999999999833, -0.6250000000000002220 ) ) ;
#5576 = SURFACE_STYLE_FILL_AREA ( #8291 ) ;
#5577 = LINE ( 'NONE', #1075, #242 ) ;
#5578 = VECTOR ( 'NONE', #3834, 1000.000000000000000 ) ;
#5579 = ORIENTED_EDGE ( 'NONE', *, *, #8055, .T. ) ;
#5580 = EDGE_CURVE ( 'NONE', #1836, #682, #6122, .T. ) ;
#5581 = ORIENTED_EDGE ( 'NONE', *, *, #5123, .F. ) ;
#5582 = ADVANCED_FACE ( 'NONE', ( #2495 ), #5244, .T. ) ;
#5583 = CARTESIAN_POINT ( 'NONE',  ( 0.8749999999999990008, 0.9846177413237633402, 1.149999999999999911 ) ) ;
#5584 = LINE ( 'NONE', #6620, #6086 ) ;
#5585 = FACE_OUTER_BOUND ( 'NONE', #10249, .T. ) ;
#5586 = FACE_OUTER_BOUND ( 'NONE', #3866, .T. ) ;
#5587 = ORIENTED_EDGE ( 'NONE', *, *, #9873, .T. ) ;
#5588 = VECTOR ( 'NONE', #5835, 1000.000000000000000 ) ;
#5589 = DIRECTION ( 'NONE',  ( -1.000000000000000000, 0.000000000000000000, -8.340016711426957754E-17 ) ) ;
#5590 = SURFACE_STYLE_USAGE ( .BOTH. , #8247 ) ;
#5591 = VERTEX_POINT ( 'NONE', #10411 ) ;
#5592 = EDGE_CURVE ( 'NONE', #2510, #8340, #7156, .T. ) ;
#5593 = ORIENTED_EDGE ( 'NONE', *, *, #11214, .F. ) ;
#5594 = CARTESIAN_POINT ( 'NONE',  ( -1.224999999999999645, 0.1999999999999999833, 1.149999999999999911 ) ) ;
#5595 = CARTESIAN_POINT ( 'NONE',  ( 1.240592229435182547, 0.08117096151037263285, -0.1094077705648179855 ) ) ;
#5596 = UNCERTAINTY_MEASURE_WITH_UNIT (LENGTH_MEASURE( 1.000000000000000082E-05 ), #6591, 'distance_accuracy_value', 'NONE');
#5597 = DIRECTION ( 'NONE',  ( -1.000000000000000000, 0.000000000000000000, -8.340016711426957754E-17 ) ) ;
#5598 = DIRECTION ( 'NONE',  ( -0.000000000000000000, -1.000000000000000000, 0.000000000000000000 ) ) ;
#5599 = CARTESIAN_POINT ( 'NONE',  ( -0.3500000000000003109, 0.1999999999999999833, 1.300000000000000266 ) ) ;
#5600 = PLANE ( 'NONE',  #8074 ) ;
#5601 = CIRCLE ( 'NONE', #634, 0.1250000000000000000 ) ;
#5602 = ORIENTED_EDGE ( 'NONE', *, *, #4424, .F. ) ;
#5603 = ORIENTED_EDGE ( 'NONE', *, *, #830, .T. ) ;
#5604 = CARTESIAN_POINT ( 'NONE',  ( -0.1500000000000000222, 0.9846177413237633402, 1.300000000000000266 ) ) ;
#5605 = ORIENTED_EDGE ( 'NONE', *, *, #2323, .T. ) ;
#5606 = VERTEX_POINT ( 'NONE', #8956 ) ;
#5607 = DIRECTION ( 'NONE',  ( -5.652677993300369151E-16, 0.000000000000000000, 1.000000000000000000 ) ) ;
#5608 = CYLINDRICAL_SURFACE ( 'NONE', #2983, 0.1000000000000000472 ) ;
#5609 = DIRECTION ( 'NONE',  ( 1.000000000000000000, 0.000000000000000000, 1.092542189196933248E-14 ) ) ;
#5610 = CARTESIAN_POINT ( 'NONE',  ( 1.199999999999999734, 0.000000000000000000, 0.1249999999999997363 ) ) ;
#5611 = DIRECTION ( 'NONE',  ( 8.340016711426957754E-17, 0.000000000000000000, -1.000000000000000000 ) ) ;
#5612 = ORIENTED_EDGE ( 'NONE', *, *, #4216, .F. ) ;
#5613 = CYLINDRICAL_SURFACE ( 'NONE', #11247, 0.1250000000000000555 ) ;
#5614 = ORIENTED_EDGE ( 'NONE', *, *, #1490, .T. ) ;
#5615 = VERTEX_POINT ( 'NONE', #183 ) ;
#5616 = DIRECTION ( 'NONE',  ( -0.000000000000000000, -1.000000000000000000, 0.000000000000000000 ) ) ;
#5617 = EDGE_CURVE ( 'NONE', #8454, #2085, #923, .T. ) ;
#5618 = ORIENTED_EDGE ( 'NONE', *, *, #9873, .F. ) ;
#5619 = VERTEX_POINT ( 'NONE', #6465 ) ;
#5620 = DIRECTION ( 'NONE',  ( 1.000000000000000000, 0.000000000000000000, 8.340016711426957754E-17 ) ) ;
#5621 = CARTESIAN_POINT ( 'NONE',  ( 0.7250000000000010880, 0.01000000000000005398, -0.8999999999999990230 ) ) ;
#5622 = EDGE_CURVE ( 'NONE', #9321, #357, #9940, .T. ) ;
#5623 = EDGE_CURVE ( 'NONE', #9467, #3227, #9763, .T. ) ;
#5624 = PLANE ( 'NONE',  #8720 ) ;
#5625 = FACE_OUTER_BOUND ( 'NONE', #137, .T. ) ;
#5626 = VERTEX_POINT ( 'NONE', #10870 ) ;
#5627 = CARTESIAN_POINT ( 'NONE',  ( 1.250000000000000000, 0.2000000000000000111, 0.5999999999999998668 ) ) ;
#5628 = FILL_AREA_STYLE_COLOUR ( '', #3065 ) ;
#5629 = PLANE ( 'NONE',  #4924 ) ;
#5630 = EDGE_CURVE ( 'NONE', #8980, #7689, #10583, .T. ) ;
#5631 = ORIENTED_EDGE ( 'NONE', *, *, #10819, .F. ) ;
#5632 = ADVANCED_FACE ( 'NONE', ( #10811 ), #1039, .F. ) ;
#5633 = ORIENTED_EDGE ( 'NONE', *, *, #5653, .F. ) ;
#5634 = EDGE_CURVE ( 'NONE', #10479, #4612, #7272, .T. ) ;
#5635 = LINE ( 'NONE', #5467, #7476 ) ;
#5636 = DIRECTION ( 'NONE',  ( 0.000000000000000000, 1.000000000000000000, 0.000000000000000000 ) ) ;
#5637 = AXIS2_PLACEMENT_3D ( 'NONE', #10983, #11156, #1494 ) ;
#5638 = CARTESIAN_POINT ( 'NONE',  ( -0.6250000000000008882, 0.000000000000000000, -1.299999999999999822 ) ) ;
#5639 = DIRECTION ( 'NONE',  ( 0.000000000000000000, -1.000000000000000000, 0.000000000000000000 ) ) ;
#5640 = ORIENTED_EDGE ( 'NONE', *, *, #5218, .F. ) ;
#5641 = DIRECTION ( 'NONE',  ( 1.000000000000000000, 0.000000000000000000, 1.918203843628200456E-16 ) ) ;
#5642 = CARTESIAN_POINT ( 'NONE',  ( -1.224999999999999645, 0.06614378277661447925, -0.8999999999999993561 ) ) ;
#5643 = VECTOR ( 'NONE', #9279, 1000.000000000000000 ) ;
#5644 = ORIENTED_EDGE ( 'NONE', *, *, #371, .F. ) ;
#5645 = ORIENTED_EDGE ( 'NONE', *, *, #10974, .T. ) ;
#5646 = DIRECTION ( 'NONE',  ( 0.000000000000000000, -1.000000000000000000, 0.000000000000000000 ) ) ;
#5647 = CARTESIAN_POINT ( 'NONE',  ( -0.6500000000000006883, 0.01000000000000005398, -1.250000000000004885 ) ) ;
#5648 = PLANE ( 'NONE',  #5161 ) ;
#5649 = EDGE_CURVE ( 'NONE', #1389, #2989, #9999, .T. ) ;
#5650 = VECTOR ( 'NONE', #354, 1000.000000000000000 ) ;
#5651 = CARTESIAN_POINT ( 'NONE',  ( -1.240592229435182325, 0.08117096151037216101, -0.6094077705648178744 ) ) ;
#5652 = CARTESIAN_POINT ( 'NONE',  ( 0.8500000000000010880, 0.1999999999999999833, -1.250000000000005107 ) ) ;
#5653 = EDGE_CURVE ( 'NONE', #8448, #9081, #9826, .T. ) ;
#5654 = CARTESIAN_POINT ( 'NONE',  ( 0.1500000000000000222, 0.9846177413237633402, -1.300000000000000266 ) ) ;
#5655 = VERTEX_POINT ( 'NONE', #2889 ) ;
#5656 = DIRECTION ( 'NONE',  ( 0.7071067811865461294, 0.000000000000000000, -0.7071067811865489050 ) ) ;
#5657 = VERTEX_POINT ( 'NONE', #2092 ) ;
#5658 = ORIENTED_EDGE ( 'NONE', *, *, #6419, .T. ) ;
#5659 = ORIENTED_EDGE ( 'NONE', *, *, #342, .T. ) ;
#5660 = FACE_OUTER_BOUND ( 'NONE', #10816, .T. ) ;
#5661 = CARTESIAN_POINT ( 'NONE',  ( -0.6250000000000009992, 0.01000000000000005398, 0.9999999999999991118 ) ) ;
#5662 = MANIFOLD_SOLID_BREP ( 'Cut-Sweep1[3]', #4934 ) ;
#5663 = CARTESIAN_POINT ( 'NONE',  ( 1.187500000000005107, 0.01000000000000000021, -1.187499999999994893 ) ) ;
#5664 = VECTOR ( 'NONE', #10056, 1000.000000000000000 ) ;
#5665 = PRESENTATION_STYLE_ASSIGNMENT (( #11054 ) ) ;
#5666 = DIRECTION ( 'NONE',  ( 1.000000000000000000, 0.000000000000000000, -2.085004177856743210E-15 ) ) ;
#5667 = ORIENTED_EDGE ( 'NONE', *, *, #1579, .T. ) ;
#5668 = VECTOR ( 'NONE', #9333, 1000.000000000000000 ) ;
#5669 = DIRECTION ( 'NONE',  ( 1.000000000000000000, 0.000000000000000000, 0.000000000000000000 ) ) ;
#5670 = EDGE_CURVE ( 'NONE', #7150, #6844, #8025, .T. ) ;
#5671 = VERTEX_POINT ( 'NONE', #7217 ) ;
#5672 = VERTEX_POINT ( 'NONE', #8203 ) ;
#5673 = LINE ( 'NONE', #3140, #1056 ) ;
#5674 = ORIENTED_EDGE ( 'NONE', *, *, #7164, .F. ) ;
#5675 = VECTOR ( 'NONE', #8154, 1000.000000000000000 ) ;
#5676 = ORIENTED_EDGE ( 'NONE', *, *, #9030, .F. ) ;
#5677 = CARTESIAN_POINT ( 'NONE',  ( -0.8500000000000001998, 0.1999999999999999833, -1.300000000000005373 ) ) ;
#5678 = DIRECTION ( 'NONE',  ( -1.000000000000000000, -2.664535259100377669E-15, -1.355252715606879803E-16 ) ) ;
#5679 = LINE ( 'NONE', #3090, #3368 ) ;
#5680 = DIRECTION ( 'NONE',  ( 1.000000000000000000, -0.000000000000000000, -3.984674651014977107E-16 ) ) ;
#5681 = ORIENTED_EDGE ( 'NONE', *, *, #340, .F. ) ;
#5682 = EDGE_CURVE ( 'NONE', #3535, #1444, #9664, .T. ) ;
#5683 = LINE ( 'NONE', #1191, #5754 ) ;
#5684 = MANIFOLD_SOLID_BREP ( 'Cut-Sweep1[4]', #514 ) ;
#5685 = CARTESIAN_POINT ( 'NONE',  ( -0.9249999999999998224, 0.7590169943749474069, -0.3750000000000001110 ) ) ;
#5686 = VERTEX_POINT ( 'NONE', #3234 ) ;
#5687 = DIRECTION ( 'NONE',  ( -1.626303258728255862E-15, 0.000000000000000000, -1.000000000000000000 ) ) ;
#5688 = EDGE_CURVE ( 'NONE', #22, #6180, #7973, .T. ) ;
#5689 = ORIENTED_EDGE ( 'NONE', *, *, #6447, .T. ) ;
#5690 = EDGE_LOOP ( 'NONE', ( #11178, #2798, #2862, #8020 ) ) ;
#5691 = PLANE ( 'NONE',  #6254 ) ;
#5692 = CARTESIAN_POINT ( 'NONE',  ( -1.000802005371235004E-16, 0.000000000000000000, 1.200000000000000178 ) ) ;
#5693 = LINE ( 'NONE', #1201, #202 ) ;
#5694 = DIRECTION ( 'NONE',  ( -1.000000000000000000, 0.000000000000000000, -8.340016711426957754E-17 ) ) ;
#5695 = ORIENTED_EDGE ( 'NONE', *, *, #3089, .T. ) ;
#5696 = VECTOR ( 'NONE', #1622, 1000.000000000000000 ) ;
#5697 = EDGE_CURVE ( 'NONE', #5963, #3030, #6523, .T. ) ;
#5698 = CARTESIAN_POINT ( 'NONE',  ( 1.224999999999999645, 0.1999999999999999833, 0.8999999999999993561 ) ) ;
#5699 =( LENGTH_UNIT ( ) NAMED_UNIT ( * ) SI_UNIT ( .MILLI., .METRE. ) );
#5700 = CARTESIAN_POINT ( 'NONE',  ( 1.300000000000000044, 0.1999999999999999833, 1.124999999999999334 ) ) ;
#5701 = ORIENTED_EDGE ( 'NONE', *, *, #10718, .F. ) ;
#5702 = VECTOR ( 'NONE', #2686, 1000.000000000000000 ) ;
#5703 = ORIENTED_EDGE ( 'NONE', *, *, #8665, .F. ) ;
#5704 = CARTESIAN_POINT ( 'NONE',  ( -0.1500000000000009936, 0.1999999999999999833, 1.249999999999999556 ) ) ;
#5705 = UNCERTAINTY_MEASURE_WITH_UNIT (LENGTH_MEASURE( 1.000000000000000082E-05 ), #9643, 'distance_accuracy_value', 'NONE');
#5706 = DIRECTION ( 'NONE',  ( -1.000000000000000000, 0.000000000000000000, -1.918203843628200456E-16 ) ) ;
#5707 = AXIS2_PLACEMENT_3D ( 'NONE', #433, #1185, #268 ) ;
#5708 = CARTESIAN_POINT ( 'NONE',  ( 0.1250000000000013600, 0.000000000000000000, -0.9249999999999992673 ) ) ;
#5709 = VECTOR ( 'NONE', #8213, 1000.000000000000114 ) ;
#5710 = DIRECTION ( 'NONE',  ( 0.000000000000000000, 0.000000000000000000, 1.000000000000000000 ) ) ;
#5711 = ORIENTED_EDGE ( 'NONE', *, *, #5131, .T. ) ;
#5712 = CARTESIAN_POINT ( 'NONE',  ( -0.8749999999999988898, 0.1999999999999999833, -1.149999999999999911 ) ) ;
#5713 = AXIS2_PLACEMENT_3D ( 'NONE', #8253, #7385, #9242 ) ;
#5714 = ORIENTED_EDGE ( 'NONE', *, *, #3945, .T. ) ;
#5715 = ORIENTED_EDGE ( 'NONE', *, *, #7264, .F. ) ;
#5716 = VECTOR ( 'NONE', #8654, 1000.000000000000000 ) ;
#5717 = VECTOR ( 'NONE', #7372, 1000.000000000000000 ) ;
#5718 = ORIENTED_EDGE ( 'NONE', *, *, #9516, .F. ) ;
#5719 = CARTESIAN_POINT ( 'NONE',  ( -1.224999999999999645, 0.1999999999999999833, 0.8999999999999992450 ) ) ;
#5720 = CARTESIAN_POINT ( 'NONE',  ( -0.1500000000000000222, 0.009999999999999646325, 1.300000000000000266 ) ) ;
#5721 = ADVANCED_FACE ( 'NONE', ( #10231 ), #7558, .T. ) ;
#5722 = LINE ( 'NONE', #6534, #4060 ) ;
#5723 = AXIS2_PLACEMENT_3D ( 'NONE', #3679, #7836, #8822 ) ;
#5724 = DIRECTION ( 'NONE',  ( -0.000000000000000000, -1.000000000000000000, 0.000000000000000000 ) ) ;
#5725 =( NAMED_UNIT ( * ) PLANE_ANGLE_UNIT ( ) SI_UNIT ( $, .RADIAN. ) );
#5726 = ORIENTED_EDGE ( 'NONE', *, *, #7308, .F. ) ;
#5727 = VECTOR ( 'NONE', #10081, 1000.000000000000000 ) ;
#5728 = CARTESIAN_POINT ( 'NONE',  ( 1.225000000000000089, 0.1999999999999999833, -0.1250000000000002220 ) ) ;
#5729 = EDGE_CURVE ( 'NONE', #3597, #10188, #4902, .T. ) ;
#5730 = EDGE_LOOP ( 'NONE', ( #3601, #11075, #1308, #7916, #9451, #6975, #9949, #6493 ) ) ;
#5731 = ADVANCED_FACE ( 'NONE', ( #3006 ), #10283, .T. ) ;
#5732 = EDGE_LOOP ( 'NONE', ( #8742, #5279 ) ) ;
#5733 = CARTESIAN_POINT ( 'NONE',  ( -1.250000000000000000, 0.2000000000000000111, -0.4000000000000001887 ) ) ;
#5734 = VECTOR ( 'NONE', #10823, 1000.000000000000000 ) ;
#5735 = EDGE_LOOP ( 'NONE', ( #691, #1120, #4058, #3606 ) ) ;
#5736 = VECTOR ( 'NONE', #4232, 1000.000000000000000 ) ;
#5737 = ORIENTED_EDGE ( 'NONE', *, *, #887, .T. ) ;
#5738 = CARTESIAN_POINT ( 'NONE',  ( 0.6250000000000008882, 0.1999999999999999833, 0.9999999999999991118 ) ) ;
#5739 = DIRECTION ( 'NONE',  ( -0.7071067811865445751, 0.000000000000000000, 0.7071067811865504593 ) ) ;
#5740 = DIRECTION ( 'NONE',  ( 0.000000000000000000, 1.000000000000000000, 0.000000000000000000 ) ) ;
#5741 = CARTESIAN_POINT ( 'NONE',  ( 1.299999999999999822, 0.000000000000000000, -0.6250000000000002220 ) ) ;
#5742 = EDGE_LOOP ( 'NONE', ( #1979, #3662, #1876, #4679 ) ) ;
#5743 = DIRECTION ( 'NONE',  ( -1.000000000000000000, 0.000000000000000000, -8.340016711426957754E-17 ) ) ;
#5744 = EDGE_CURVE ( 'NONE', #11007, #5672, #521, .T. ) ;
#5745 = CARTESIAN_POINT ( 'NONE',  ( 0.1500000000000009936, 0.08660254037844389297, -1.249999999999999556 ) ) ;
#5746 = CARTESIAN_POINT ( 'NONE',  ( 0.3750000000000007772, 0.06614378277661471517, 1.224999999999999867 ) ) ;
#5747 = AXIS2_PLACEMENT_3D ( 'NONE', #4560, #8087, #3170 ) ;
#5748 = ORIENTED_EDGE ( 'NONE', *, *, #9998, .T. ) ;
#5749 = FACE_OUTER_BOUND ( 'NONE', #6635, .T. ) ;
#5750 = ORIENTED_EDGE ( 'NONE', *, *, #2399, .F. ) ;
#5751 = VERTEX_POINT ( 'NONE', #10055 ) ;
#5752 = CARTESIAN_POINT ( 'NONE',  ( -0.8750000000000007772, 0.1999999999999999833, -1.225000000000005196 ) ) ;
#5753 = CARTESIAN_POINT ( 'NONE',  ( 0.1250000000000010270, 0.01000000000000005398, -1.224999999999999645 ) ) ;
#5754 = VECTOR ( 'NONE', #10843, 1000.000000000000000 ) ;
#5755 = LINE ( 'NONE', #8415, #5541 ) ;
#5756 = LINE ( 'NONE', #11084, #4996 ) ;
#5757 = ORIENTED_EDGE ( 'NONE', *, *, #560, .F. ) ;
#5758 =( NAMED_UNIT ( * ) PLANE_ANGLE_UNIT ( ) SI_UNIT ( $, .RADIAN. ) );
#5759 = CARTESIAN_POINT ( 'NONE',  ( 1.224999999999999645, 0.06614378277661496497, -1.149999999999999689 ) ) ;
#5760 = LINE ( 'NONE', #6802, #1520 ) ;
#5761 = AXIS2_PLACEMENT_3D ( 'NONE', #9108, #1019, #221 ) ;
#5762 = ORIENTED_EDGE ( 'NONE', *, *, #1627, .F. ) ;
#5763 = EDGE_CURVE ( 'NONE', #8703, #3102, #1192, .T. ) ;
#5764 = EDGE_LOOP ( 'NONE', ( #278, #11059, #1532, #7104 ) ) ;
#5765 = DIRECTION ( 'NONE',  ( 0.7071067811865506814, 0.000000000000000000, -0.7071067811865443531 ) ) ;
#5766 = CARTESIAN_POINT ( 'NONE',  ( 0.6500000000000006883, 0.9846177413237633402, 1.250000000000004885 ) ) ;
#5767 = VECTOR ( 'NONE', #956, 1000.000000000000000 ) ;
#5768 = CARTESIAN_POINT ( 'NONE',  ( -1.232185303455675784, 0.07429115107872229229, -0.9071853034556751627 ) ) ;
#5769 = ADVANCED_FACE ( 'NONE', ( #6640 ), #8320, .T. ) ;
#5770 = ADVANCED_FACE ( 'NONE', ( #10172 ), #7388, .F. ) ;
#5771 = CARTESIAN_POINT ( 'NONE',  ( -1.225000000000000089, 0.06614378277661496497, -0.6250000000000001110 ) ) ;
#5772 = CARTESIAN_POINT ( 'NONE',  ( -1.200000000000000178, 0.000000000000000000, -1.149999999999998579 ) ) ;
#5773 = CARTESIAN_POINT ( 'NONE',  ( -0.1250000000000011657, 0.1999999999999999833, -0.9249999999999992673 ) ) ;
#5774 = ORIENTED_EDGE ( 'NONE', *, *, #7769, .T. ) ;
#5775 = VECTOR ( 'NONE', #5894, 1000.000000000000114 ) ;
#5776 = ORIENTED_EDGE ( 'NONE', *, *, #8311, .F. ) ;
#5777 = EDGE_CURVE ( 'NONE', #8635, #964, #9303, .T. ) ;
#5778 = EDGE_CURVE ( 'NONE', #10379, #11122, #10405, .T. ) ;
#5779 = VERTEX_POINT ( 'NONE', #5824 ) ;
#5780 = CARTESIAN_POINT ( 'NONE',  ( 0.7250000000000009770, 0.9846177413237633402, 0.8999999999999993561 ) ) ;
#5781 = LINE ( 'NONE', #5956, #10897 ) ;
#5782 = EDGE_CURVE ( 'NONE', #2989, #11310, #5410, .T. ) ;
#5783 = DIRECTION ( 'NONE',  ( 0.7071067811865489050, 0.000000000000000000, 0.7071067811865461294 ) ) ;
#5784 =( GEOMETRIC_REPRESENTATION_CONTEXT ( 3 ) GLOBAL_UNCERTAINTY_ASSIGNED_CONTEXT ( ( #5362 ) ) GLOBAL_UNIT_ASSIGNED_CONTEXT ( ( #9355, #3063, #348 ) ) REPRESENTATION_CONTEXT ( 'NONE', 'WORKASPACE' ) );
#5785 = LINE ( 'NONE', #6763, #10025 ) ;
#5786 = CARTESIAN_POINT ( 'NONE',  ( -0.9250000000000001554, 0.000000000000000000, -1.855653718292498106E-16 ) ) ;
#5787 = ORIENTED_EDGE ( 'NONE', *, *, #1196, .F. ) ;
#5788 = CARTESIAN_POINT ( 'NONE',  ( -0.3750000000000013878, 0.9846177413237633402, 0.9249999999999994893 ) ) ;
#5789 = ORIENTED_EDGE ( 'NONE', *, *, #2878, .T. ) ;
#5790 = VERTEX_POINT ( 'NONE', #11369 ) ;
#5791 = LINE ( 'NONE', #8221, #6948 ) ;
#5792 = ORIENTED_EDGE ( 'NONE', *, *, #4570, .F. ) ;
#5793 = ORIENTED_EDGE ( 'NONE', *, *, #471, .T. ) ;
#5794 = DIRECTION ( 'NONE',  ( 0.000000000000000000, -1.000000000000000000, 0.000000000000000000 ) ) ;
#5796 = ADVANCED_FACE ( 'NONE', ( #1725 ), #6809, .F. ) ;
#5795 = CARTESIAN_POINT ( 'NONE',  ( -0.8749999999999990008, 0.1999999999999999833, -1.149999999999999911 ) ) ;
#5797 = DIRECTION ( 'NONE',  ( -1.000802005371233057E-15, 0.000000000000000000, -1.000000000000000000 ) ) ;
#5798 = LINE ( 'NONE', #2402, #5736 ) ;
#5799 = EDGE_LOOP ( 'NONE', ( #1530, #7, #3296, #4458 ) ) ;
#5800 = EDGE_CURVE ( 'NONE', #4625, #9176, #10503, .T. ) ;
#5801 = DIRECTION ( 'NONE',  ( 0.7071067811865489050, 0.000000000000000000, 0.7071067811865461294 ) ) ;
#5802 = ADVANCED_FACE ( 'NONE', ( #1607 ), #7029, .T. ) ;
#5803 = CARTESIAN_POINT ( 'NONE',  ( 1.250000000000000000, 0.2000000000000000111, -0.1000000000000002554 ) ) ;
#5804 = EDGE_LOOP ( 'NONE', ( #5915, #9584, #10135, #4191, #5174, #3592, #900, #9296, #8395, #6343, #3641, #6938, #10609, #5098, #982, #5160, #1336, #3040, #11373, #9121 ) ) ;
#5805 = PLANE ( 'NONE',  #3820 ) ;
#5806 = VERTEX_POINT ( 'NONE', #2484 ) ;
#5807 = EDGE_LOOP ( 'NONE', ( #2456, #1409, #1011, #1309 ) ) ;
#5808 = CYLINDRICAL_SURFACE ( 'NONE', #9952, 0.1681122869172740064 ) ;
#5809 = DIRECTION ( 'NONE',  ( 1.000000000000000000, 0.000000000000000000, 8.340016711426957754E-17 ) ) ;
#5810 = FACE_OUTER_BOUND ( 'NONE', #10372, .T. ) ;
#5811 = LINE ( 'NONE', #9342, #5547 ) ;
#5812 = ORIENTED_EDGE ( 'NONE', *, *, #8974, .F. ) ;
#5813 = PLANE ( 'NONE',  #2077 ) ;
#5814 = CARTESIAN_POINT ( 'NONE',  ( -1.300000000000000044, 0.2000000000000000111, 0.3999999999999998557 ) ) ;
#5815 =( NAMED_UNIT ( * ) SI_UNIT ( $, .STERADIAN. ) SOLID_ANGLE_UNIT ( ) );
#5816 = DIRECTION ( 'NONE',  ( -1.000000000000000000, 0.000000000000000000, 2.085004177856743605E-15 ) ) ;
#5817 = EDGE_CURVE ( 'NONE', #4015, #10167, #4369, .T. ) ;
#5818 = CARTESIAN_POINT ( 'NONE',  ( -1.225000000000000089, 0.2000000000000000111, 0.1249999999999998335 ) ) ;
#5819 = EDGE_LOOP ( 'NONE', ( #8697, #6358, #9270, #1975 ) ) ;
#5820 = CIRCLE ( 'NONE', #2139, 0.1000000000000000472 ) ;
#5821 = DIRECTION ( 'NONE',  ( 0.000000000000000000, 1.000000000000000000, 0.000000000000000000 ) ) ;
#5822 = CARTESIAN_POINT ( 'NONE',  ( 0.6250000000000011102, 0.1999999999999999833, -1.225000000000004974 ) ) ;
#5823 = FACE_OUTER_BOUND ( 'NONE', #819, .T. ) ;
#5824 = CARTESIAN_POINT ( 'NONE',  ( 1.250000000000000000, 0.009999999999999998473, 0.3999999999999997446 ) ) ;
#5825 = EDGE_CURVE ( 'NONE', #4944, #5344, #2593, .T. ) ;
#5826 = CARTESIAN_POINT ( 'NONE',  ( -0.8750000000000008882, 0.1999999999999999833, 1.225000000000005196 ) ) ;
#5827 = EDGE_LOOP ( 'NONE', ( #980, #6505, #2312, #10793 ) ) ;
#5828 = ORIENTED_EDGE ( 'NONE', *, *, #5991, .F. ) ;
#5829 = EDGE_CURVE ( 'NONE', #175, #2057, #8713, .T. ) ;
#5830 = EDGE_LOOP ( 'NONE', ( #1278, #7865, #4843, #2153 ) ) ;
#5831 = CARTESIAN_POINT ( 'NONE',  ( -0.8749999999999992228, 0.1999999999999999833, 1.149999999999999911 ) ) ;
#5832 = DIRECTION ( 'NONE',  ( -1.000000000000000000, 0.000000000000000000, 2.085004177856743605E-15 ) ) ;
#5833 = VECTOR ( 'NONE', #6313, 1000.000000000000000 ) ;
#5834 = CARTESIAN_POINT ( 'NONE',  ( -1.224999999999999645, 0.1999999999999999833, -0.8999999999999993561 ) ) ;
#5835 = DIRECTION ( 'NONE',  ( 0.000000000000000000, 1.000000000000000000, 0.000000000000000000 ) ) ;
#5836 = DIRECTION ( 'NONE',  ( -0.7071067811865491270, 0.000000000000000000, 0.7071067811865459074 ) ) ;
#5837 = VERTEX_POINT ( 'NONE', #1498 ) ;
#5838 = EDGE_CURVE ( 'NONE', #2449, #464, #7809, .T. ) ;
#5839 = LINE ( 'NONE', #597, #5875 ) ;
#5840 = ORIENTED_EDGE ( 'NONE', *, *, #513, .T. ) ;
#5841 = EDGE_CURVE ( 'NONE', #6239, #8384, #4265, .T. ) ;
#5842 = ORIENTED_EDGE ( 'NONE', *, *, #9590, .T. ) ;
#5843 = CARTESIAN_POINT ( 'NONE',  ( 0.1250000000000011657, 0.9846177413237633402, 0.9249999999999992673 ) ) ;
#5844 = ORIENTED_EDGE ( 'NONE', *, *, #780, .F. ) ;
#5845 = AXIS2_PLACEMENT_3D ( 'NONE', #9884, #7446, #8321 ) ;
#5846 = ORIENTED_EDGE ( 'NONE', *, *, #9771, .F. ) ;
#5847 = CARTESIAN_POINT ( 'NONE',  ( 0.9249999999999998224, 0.7590169943749472958, 0.6249999999999997780 ) ) ;
#5848 = VECTOR ( 'NONE', #774, 1000.000000000000000 ) ;
#5849 = DIRECTION ( 'NONE',  ( 0.000000000000000000, -1.000000000000000000, 0.000000000000000000 ) ) ;
#5850 = LINE ( 'NONE', #5039, #9092 ) ;
#5851 = CIRCLE ( 'NONE', #2906, 0.1250000000000000000 ) ;
#5852 = CARTESIAN_POINT ( 'NONE',  ( -0.6500000000000006883, 0.1999999999999999833, -1.250000000000004885 ) ) ;
#5853 = ORIENTED_EDGE ( 'NONE', *, *, #7953, .F. ) ;
#5854 = DIRECTION ( 'NONE',  ( 0.000000000000000000, 1.000000000000000000, 0.000000000000000000 ) ) ;
#5855 = ORIENTED_EDGE ( 'NONE', *, *, #8355, .T. ) ;
#5856 = CARTESIAN_POINT ( 'NONE',  ( -1.300000000000000044, 0.2000000000000000111, -0.6000000000000001998 ) ) ;
#5857 = CLOSED_SHELL ( 'NONE', ( #7038, #10369, #10931, #134, #314, #3643, #1209, #540, #9156, #9484, #10788 ) ) ;
#5858 = VERTEX_POINT ( 'NONE', #7896 ) ;
#5859 = FACE_OUTER_BOUND ( 'NONE', #3774, .T. ) ;
#5860 = VECTOR ( 'NONE', #5964, 1000.000000000000000 ) ;
#5861 = ORIENTED_EDGE ( 'NONE', *, *, #2811, .F. ) ;
#5862 =( GEOMETRIC_REPRESENTATION_CONTEXT ( 3 ) GLOBAL_UNCERTAINTY_ASSIGNED_CONTEXT ( ( #10809 ) ) GLOBAL_UNIT_ASSIGNED_CONTEXT ( ( #5699, #1086, #3745 ) ) REPRESENTATION_CONTEXT ( 'NONE', 'WORKASPACE' ) );
#5863 = ORIENTED_EDGE ( 'NONE', *, *, #1276, .T. ) ;
#5864 = ADVANCED_FACE ( 'NONE', ( #10447 ), #11426, .F. ) ;
#5865 = DIRECTION ( 'NONE',  ( -1.000000000000000000, -0.000000000000000000, -1.167602339599772261E-15 ) ) ;
#5866 = LINE ( 'NONE', #9399, #7016 ) ;
#5867 = CARTESIAN_POINT ( 'NONE',  ( -3.336006684570783348E-17, 0.01000000000000000021, 0.3999999999999999667 ) ) ;
#5868 = DIRECTION ( 'NONE',  ( -0.000000000000000000, -1.000000000000000000, 0.000000000000000000 ) ) ;
#5869 = EDGE_LOOP ( 'NONE', ( #3058, #6475, #7622, #8992 ) ) ;
#5870 = DIRECTION ( 'NONE',  ( 1.000000000000000000, -0.000000000000000000, 8.340016711426957754E-17 ) ) ;
#5871 = SURFACE_STYLE_USAGE ( .BOTH. , #631 ) ;
#5872 = CARTESIAN_POINT ( 'NONE',  ( -0.1500000000000009936, 0.08660254037844367092, 1.249999999999999556 ) ) ;
#5873 = CARTESIAN_POINT ( 'NONE',  ( -0.9249999999999998224, 0.1999999999999999833, -0.6250000000000002220 ) ) ;
#5874 = ORIENTED_EDGE ( 'NONE', *, *, #4886, .F. ) ;
#5875 = VECTOR ( 'NONE', #6714, 1000.000000000000000 ) ;
#5876 = PLANE ( 'NONE',  #4523 ) ;
#5877 = FACE_OUTER_BOUND ( 'NONE', #1020, .T. ) ;
#5878 = PLANE ( 'NONE',  #8307 ) ;
#5879 = ADVANCED_FACE ( 'NONE', ( #796 ), #8655, .F. ) ;
#5880 = CARTESIAN_POINT ( 'NONE',  ( 1.300000000000000044, 0.7590169943749474069, -0.4000000000000001887 ) ) ;
#5881 = CARTESIAN_POINT ( 'NONE',  ( 0.6500000000000009104, 0.01000000000000005398, -1.250000000000004885 ) ) ;
#5882 = CARTESIAN_POINT ( 'NONE',  ( -0.1500000000000000777, 0.1999999999999996503, 1.300000000000000266 ) ) ;
#5883 = AXIS2_PLACEMENT_3D ( 'NONE', #7256, #10850, #10795 ) ;
#5884 = VECTOR ( 'NONE', #3050, 1000.000000000000000 ) ;
#5885 = ORIENTED_EDGE ( 'NONE', *, *, #8554, .T. ) ;
#5886 = ORIENTED_EDGE ( 'NONE', *, *, #8680, .F. ) ;
#5887 = VERTEX_POINT ( 'NONE', #3513 ) ;
#5888 = LINE ( 'NONE', #6651, #4539 ) ;
#5889 = EDGE_CURVE ( 'NONE', #5655, #9957, #3398, .T. ) ;
#5890 = PLANE ( 'NONE',  #9778 ) ;
#5891 = VECTOR ( 'NONE', #2859, 1000.000000000000000 ) ;
#5892 = AXIS2_PLACEMENT_3D ( 'NONE', #816, #1747, #1693 ) ;
#5893 = DIRECTION ( 'NONE',  ( -3.984674651014977107E-16, 0.000000000000000000, -1.000000000000000000 ) ) ;
#5894 = DIRECTION ( 'NONE',  ( 0.7071067811865489050, 0.000000000000000000, 0.7071067811865461294 ) ) ;
#5895 = CARTESIAN_POINT ( 'NONE',  ( 0.7250000000000009770, 0.1999999999999999833, 0.9999999999999991118 ) ) ;
#5896 = EDGE_LOOP ( 'NONE', ( #1868, #9851, #5358, #10968 ) ) ;
#5897 = AXIS2_PLACEMENT_3D ( 'NONE', #3520, #9704, #985 ) ;
#5898 = LINE ( 'NONE', #759, #7723 ) ;
#5899 = EDGE_CURVE ( 'NONE', #9209, #357, #6915, .T. ) ;
#5900 = ORIENTED_EDGE ( 'NONE', *, *, #4631, .T. ) ;
#5901 = AXIS2_PLACEMENT_3D ( 'NONE', #2482, #9470, #5012 ) ;
#5902 = ORIENTED_EDGE ( 'NONE', *, *, #7415, .F. ) ;
#5903 = CARTESIAN_POINT ( 'NONE',  ( -1.300000000000000266, 0.01000000000000000021, -1.300000000000000044 ) ) ;
#5904 = AXIS2_PLACEMENT_3D ( 'NONE', #11423, #3509, #9429 ) ;
#5905 =( BOUNDED_CURVE ( )  B_SPLINE_CURVE ( 3, ( #7443, #10110, #3859, #2144 ),
 .UNSPECIFIED., .F., .T. ) 
 B_SPLINE_CURVE_WITH_KNOTS ( ( 4, 4 ),
 ( 3.864326901403203340, 4.188790204786384308 ),
 .UNSPECIFIED. ) 
 CURVE ( )  GEOMETRIC_REPRESENTATION_ITEM ( )  RATIONAL_B_SPLINE_CURVE ( ( 1.000000000000000000, 0.9912461883984129418, 0.9912461883984129418, 1.000000000000000000 ) ) 
 REPRESENTATION_ITEM ( '' )  );
#5906 = ADVANCED_FACE ( 'NONE', ( #6049 ), #5014, .T. ) ;
#5907 = EDGE_LOOP ( 'NONE', ( #6021, #8141, #5239, #11375, #4229 ) ) ;
#5908 = VECTOR ( 'NONE', #6968, 1000.000000000000000 ) ;
#5909 = ADVANCED_FACE ( 'NONE', ( #9580 ), #5067, .T. ) ;
#5910 = ORIENTED_EDGE ( 'NONE', *, *, #10441, .T. ) ;
#5911 = CARTESIAN_POINT ( 'NONE',  ( 1.199999999999999734, 0.000000000000000000, -0.3750000000000002776 ) ) ;
#5912 = VECTOR ( 'NONE', #5597, 1000.000000000000000 ) ;
#5913 = DIRECTION ( 'NONE',  ( 1.000000000000000000, 0.000000000000000000, 8.340016711426957754E-17 ) ) ;
#5914 = LINE ( 'NONE', #11183, #395 ) ;
#5915 = ORIENTED_EDGE ( 'NONE', *, *, #9612, .T. ) ;
#5916 = CARTESIAN_POINT ( 'NONE',  ( -1.300000000000000266, 0.000000000000000000, -1.149999999999998801 ) ) ;
#5917 = ADVANCED_FACE ( 'NONE', ( #4207 ), #7727, .F. ) ;
#5918 = VERTEX_POINT ( 'NONE', #5527 ) ;
#5919 = CARTESIAN_POINT ( 'NONE',  ( -0.3500000000000001443, 0.1000000000000001166, -1.300000000000000266 ) ) ;
#5920 = CIRCLE ( 'NONE', #10731, 0.1000000000000000472 ) ;
#5921 = ORIENTED_EDGE ( 'NONE', *, *, #3293, .F. ) ;
#5922 = CARTESIAN_POINT ( 'NONE',  ( 0.9249999999999998224, 0.1999999999999999833, -0.3750000000000002220 ) ) ;
#5923 = VECTOR ( 'NONE', #9511, 1000.000000000000000 ) ;
#5924 = ORIENTED_EDGE ( 'NONE', *, *, #9736, .F. ) ;
#5925 = VERTEX_POINT ( 'NONE', #1083 ) ;
#5926 = EDGE_CURVE ( 'NONE', #4580, #1621, #5045, .T. ) ;
#5927 = CARTESIAN_POINT ( 'NONE',  ( 1.250000000000000000, 0.2000000000000000111, 0.3999999999999997446 ) ) ;
#5928 = CARTESIAN_POINT ( 'NONE',  ( -1.300000000000000266, 0.01000000000000000021, -1.300000000000000044 ) ) ;
#5929 = VECTOR ( 'NONE', #859, 1000.000000000000000 ) ;
#5930 = DIRECTION ( 'NONE',  ( 0.000000000000000000, -1.000000000000000000, 0.000000000000000000 ) ) ;
#5931 = DIRECTION ( 'NONE',  ( 0.000000000000000000, -1.000000000000000000, 0.000000000000000000 ) ) ;
#5932 = EDGE_LOOP ( 'NONE', ( #4538, #1671, #5023, #2259 ) ) ;
#5933 = VECTOR ( 'NONE', #2107, 1000.000000000000114 ) ;
#5934 = FACE_OUTER_BOUND ( 'NONE', #5907, .T. ) ;
#5935 = AXIS2_PLACEMENT_3D ( 'NONE', #9581, #7840, #3626 ) ;
#5936 = LINE ( 'NONE', #6039, #1225 ) ;
#5937 = EDGE_CURVE ( 'NONE', #2038, #4155, #7960, .T. ) ;
#5938 = DIRECTION ( 'NONE',  ( 8.340016711426957754E-17, 0.000000000000000000, -1.000000000000000000 ) ) ;
#5939 = DIRECTION ( 'NONE',  ( -0.000000000000000000, -1.000000000000000000, 0.000000000000000000 ) ) ;
#5940 = VERTEX_POINT ( 'NONE', #9063 ) ;
#5941 = CIRCLE ( 'NONE', #9811, 0.1000000000000000472 ) ;
#5942 = CARTESIAN_POINT ( 'NONE',  ( 0.3750000000000007772, 0.06614378277661471517, 1.224999999999999867 ) ) ;
#5943 = DIRECTION ( 'NONE',  ( -1.000000000000000000, -0.000000000000000000, -1.959903927185304452E-14 ) ) ;
#5944 = CARTESIAN_POINT ( 'NONE',  ( -0.1250000000000008049, 0.1999999999999999833, -1.224999999999999645 ) ) ;
#5945 = DIRECTION ( 'NONE',  ( -1.000000000000000000, 0.000000000000000000, 2.085004177856743210E-15 ) ) ;
#5946 = FACE_OUTER_BOUND ( 'NONE', #7592, .T. ) ;
#5947 = EDGE_CURVE ( 'NONE', #2353, #11034, #5601, .T. ) ;
#5948 = VECTOR ( 'NONE', #7491, 1000.000000000000000 ) ;
#5949 = CARTESIAN_POINT ( 'NONE',  ( -0.8500000000000010880, 0.1999999999999999833, 1.250000000000005107 ) ) ;
#5950 = ORIENTED_EDGE ( 'NONE', *, *, #11008, .F. ) ;
#5951 = EDGE_CURVE ( 'NONE', #9788, #207, #9869, .T. ) ;
#5952 = ORIENTED_EDGE ( 'NONE', *, *, #10673, .F. ) ;
#5953 = VECTOR ( 'NONE', #45, 1000.000000000000000 ) ;
#5954 = VERTEX_POINT ( 'NONE', #7085 ) ;
#5955 = LINE ( 'NONE', #8498, #1591 ) ;
#5956 = CARTESIAN_POINT ( 'NONE',  ( -0.3500000000000008105, 0.1999999999999999833, -1.249999999999999778 ) ) ;
#5957 = VECTOR ( 'NONE', #8602, 1000.000000000000114 ) ;
#5958 = LINE ( 'NONE', #5194, #3747 ) ;
#5959 = ORIENTED_EDGE ( 'NONE', *, *, #1816, .T. ) ;
#5960 = CARTESIAN_POINT ( 'NONE',  ( 1.300000000000000044, 0.1999999999999999833, -1.124999999999998890 ) ) ;
#5961 = AXIS2_PLACEMENT_3D ( 'NONE', #8160, #10708, #1053 ) ;
#5962 = EDGE_LOOP ( 'NONE', ( #4784, #9791, #4341, #7531 ) ) ;
#5963 = VERTEX_POINT ( 'NONE', #10619 ) ;
#5964 = DIRECTION ( 'NONE',  ( -0.000000000000000000, -1.000000000000000000, 0.000000000000000000 ) ) ;
#5965 = ORIENTED_EDGE ( 'NONE', *, *, #4216, .T. ) ;
#5966 = MECHANICAL_DESIGN_GEOMETRIC_PRESENTATION_REPRESENTATION (  '', ( #1363 ), #8926 ) ;
#5967 = PLANE ( 'NONE',  #2407 ) ;
#5968 = CARTESIAN_POINT ( 'NONE',  ( 1.250000000000000000, 0.08660254037844417052, -0.4000000000000000777 ) ) ;
#5969 = LINE ( 'NONE', #712, #3891 ) ;
#5970 = EDGE_LOOP ( 'NONE', ( #669, #5840, #3422, #2545 ) ) ;
#5971 = EDGE_CURVE ( 'NONE', #5274, #9240, #5287, .T. ) ;
#5972 = ORIENTED_EDGE ( 'NONE', *, *, #2185, .T. ) ;
#5973 = CARTESIAN_POINT ( 'NONE',  ( 0.9249999999999999334, 0.009999999999999998473, -2.481154971649519383E-16 ) ) ;
#5974 = ORIENTED_EDGE ( 'NONE', *, *, #5068, .T. ) ;
#5975 = DIRECTION ( 'NONE',  ( 1.000000000000000000, 0.000000000000000000, 8.340016711426957754E-17 ) ) ;
#5976 = ORIENTED_EDGE ( 'NONE', *, *, #4048, .T. ) ;
#5977 = ORIENTED_EDGE ( 'NONE', *, *, #1709, .F. ) ;
#5978 = ADVANCED_FACE ( 'NONE', ( #4663 ), #114, .T. ) ;
#5979 = VERTEX_POINT ( 'NONE', #10801 ) ;
#5980 = CARTESIAN_POINT ( 'NONE',  ( -0.1250000000000010270, 0.1999999999999999833, 1.224999999999999645 ) ) ;
#5981 = DIRECTION ( 'NONE',  ( -1.000000000000000000, 0.000000000000000000, -8.340016711426957754E-17 ) ) ;
#5982 = LINE ( 'NONE', #5867, #2595 ) ;
#5983 = CARTESIAN_POINT ( 'NONE',  ( -0.1500000000000252798, 0.01000000000000000021, 2.914835840644166666E-15 ) ) ;
#5984 = VERTEX_POINT ( 'NONE', #3569 ) ;
#5985 = CARTESIAN_POINT ( 'NONE',  ( -0.9249999999999998224, 0.7590169943749474069, 0.1249999999999998612 ) ) ;
#5986 = EDGE_CURVE ( 'NONE', #207, #4211, #973, .T. ) ;
#5987 =( NAMED_UNIT ( * ) PLANE_ANGLE_UNIT ( ) SI_UNIT ( $, .RADIAN. ) );
#5988 = EDGE_CURVE ( 'NONE', #7496, #6273, #8073, .T. ) ;
#5989 = LINE ( 'NONE', #9515, #6870 ) ;
#5990 = CARTESIAN_POINT ( 'NONE',  ( -0.9249999999999998224, 0.2000000000000000111, -0.1250000000000001943 ) ) ;
#5991 = EDGE_CURVE ( 'NONE', #4286, #5263, #4493, .T. ) ;
#5992 = ORIENTED_EDGE ( 'NONE', *, *, #10680, .T. ) ;
#5993 = CARTESIAN_POINT ( 'NONE',  ( -0.4999999999999996669, 1.614213562373095323, -0.5000000000000005551 ) ) ;
#5994 = CARTESIAN_POINT ( 'NONE',  ( -0.1500000000000000222, 0.1999999999999999833, 1.300000000000000266 ) ) ;
#5995 = LINE ( 'NONE', #11368, #6463 ) ;
#5996 = CARTESIAN_POINT ( 'NONE',  ( -1.225000000000000089, 0.7590169943749472958, 0.6249999999999997780 ) ) ;
#5997 = LINE ( 'NONE', #8767, #2022 ) ;
#5998 = LINE ( 'NONE', #5949, #4371 ) ;
#5999 = ORIENTED_EDGE ( 'NONE', *, *, #2743, .T. ) ;
#6000 = VECTOR ( 'NONE', #6966, 1000.000000000000000 ) ;
#6001 = ORIENTED_EDGE ( 'NONE', *, *, #2884, .F. ) ;
#6002 = ORIENTED_EDGE ( 'NONE', *, *, #1860, .F. ) ;
#6003 = DIRECTION ( 'NONE',  ( -1.000000000000000000, 0.000000000000000000, 2.502005013428087819E-17 ) ) ;
#6004 = EDGE_CURVE ( 'NONE', #9689, #10315, #6165, .T. ) ;
#6005 = DIRECTION ( 'NONE',  ( 0.000000000000000000, 1.000000000000000000, 0.000000000000000000 ) ) ;
#6006 = EDGE_CURVE ( 'NONE', #4225, #11163, #5472, .T. ) ;
#6007 = FACE_OUTER_BOUND ( 'NONE', #3715, .T. ) ;
#6008 = COLOUR_RGB ( '',0.7921568627450980005, 0.8196078431372548767, 0.9333333333333333481 ) ;
#6009 = DIRECTION ( 'NONE',  ( 2.304624617924155838E-14, 0.000000000000000000, 1.000000000000000000 ) ) ;
#6010 = DIRECTION ( 'NONE',  ( -1.000000000000000000, 0.000000000000000000, 2.085004177856743210E-15 ) ) ;
#6011 = VERTEX_POINT ( 'NONE', #9695 ) ;
#6012 = DIRECTION ( 'NONE',  ( 0.000000000000000000, 1.000000000000000000, 0.000000000000000000 ) ) ;
#6013 = ORIENTED_EDGE ( 'NONE', *, *, #340, .T. ) ;
#6014 = ORIENTED_EDGE ( 'NONE', *, *, #8184, .F. ) ;
#6015 = CARTESIAN_POINT ( 'NONE',  ( -0.3750000000000013878, 0.000000000000000000, 0.9249999999999994893 ) ) ;
#6016 = VECTOR ( 'NONE', #1637, 1000.000000000000000 ) ;
#6017 = VERTEX_POINT ( 'NONE', #171 ) ;
#6018 = CARTESIAN_POINT ( 'NONE',  ( 0.6500000000000009104, 0.1999999999999999833, -1.250000000000004885 ) ) ;
#6019 = DIRECTION ( 'NONE',  ( 1.000000000000000000, 0.000000000000000000, 8.340016711426957754E-17 ) ) ;
#6020 = CARTESIAN_POINT ( 'NONE',  ( -0.2500000000000012768, 0.000000000000000000, -0.9249999999999997113 ) ) ;
#6021 = ORIENTED_EDGE ( 'NONE', *, *, #8411, .F. ) ;
#6022 = VECTOR ( 'NONE', #8663, 1000.000000000000000 ) ;
#6023 = LINE ( 'NONE', #11347, #5884 ) ;
#6024 = EDGE_LOOP ( 'NONE', ( #1802, #9148, #8920, #6580 ) ) ;
#6025 = DIRECTION ( 'NONE',  ( 0.000000000000000000, 1.000000000000000000, 0.000000000000000000 ) ) ;
#6026 = VERTEX_POINT ( 'NONE', #7203 ) ;
#6027 = DIRECTION ( 'NONE',  ( 1.000000000000000000, 0.000000000000000000, 8.340016711426957754E-17 ) ) ;
#6028 = VERTEX_POINT ( 'NONE', #3742 ) ;
#6029 = VECTOR ( 'NONE', #7871, 1000.000000000000000 ) ;
#6030 = VERTEX_POINT ( 'NONE', #1777 ) ;
#6031 = LINE ( 'NONE', #4352, #5702 ) ;
#6032 = ADVANCED_FACE ( 'NONE', ( #1842 ), #4545, .F. ) ;
#6033 = CARTESIAN_POINT ( 'NONE',  ( -0.3500000000000008105, 0.1999999999999999833, -1.249999999999999778 ) ) ;
#6034 = DIRECTION ( 'NONE',  ( -1.000000000000000000, 0.000000000000000000, -1.167602339599772458E-15 ) ) ;
#6035 = DIRECTION ( 'NONE',  ( -0.000000000000000000, -1.000000000000000000, 0.000000000000000000 ) ) ;
#6036 = ORIENTED_EDGE ( 'NONE', *, *, #4110, .T. ) ;
#6037 = CARTESIAN_POINT ( 'NONE',  ( 0.9249999999999998224, 0.1999999999999999833, -0.3750000000000002220 ) ) ;
#6038 = VECTOR ( 'NONE', #2721, 1000.000000000000000 ) ;
#6039 = CARTESIAN_POINT ( 'NONE',  ( 0.8500000000000010880, 0.1999999999999999833, -1.250000000000005107 ) ) ;
#6040 = EDGE_CURVE ( 'NONE', #11400, #3535, #8015, .T. ) ;
#6041 = PRESENTATION_LAYER_ASSIGNMENT (  '', '', ( #4195 ) ) ;
#6042 = CARTESIAN_POINT ( 'NONE',  ( -0.3750000000000009992, 0.06614378277661471517, 1.224999999999999867 ) ) ;
#6043 = CARTESIAN_POINT ( 'NONE',  ( 0.7250000000000010880, 0.1999999999999999833, -0.9999999999999991118 ) ) ;
#6044 = ORIENTED_EDGE ( 'NONE', *, *, #7683, .T. ) ;
#6045 = CARTESIAN_POINT ( 'NONE',  ( 0.7250000000000009770, 0.1999999999999999833, 0.8999999999999993561 ) ) ;
#6046 = CARTESIAN_POINT ( 'NONE',  ( -1.232185303455676229, 0.07429115107872281965, 0.6178146965443240823 ) ) ;
#6047 = EDGE_CURVE ( 'NONE', #1763, #3869, #2760, .T. ) ;
#6048 = FACE_OUTER_BOUND ( 'NONE', #812, .T. ) ;
#6049 = FACE_OUTER_BOUND ( 'NONE', #6707, .T. ) ;
#6050 = LINE ( 'NONE', #62, #3822 ) ;
#6051 = ORIENTED_EDGE ( 'NONE', *, *, #9824, .F. ) ;
#6052 = EDGE_LOOP ( 'NONE', ( #9332, #93, #6830, #47 ) ) ;
#6053 = VECTOR ( 'NONE', #7461, 1000.000000000000000 ) ;
#6054 = ORIENTED_EDGE ( 'NONE', *, *, #10352, .T. ) ;
#6055 = CARTESIAN_POINT ( 'NONE',  ( -0.8500000000000001998, 0.009999999999999646325, -1.300000000000005373 ) ) ;
#6056 = DIRECTION ( 'NONE',  ( -1.309382623694023249E-14, 0.000000000000000000, 1.000000000000000000 ) ) ;
#6057 = CARTESIAN_POINT ( 'NONE',  ( -1.300000000000000044, 0.2000000000000000111, 0.5999999999999999778 ) ) ;
#6058 = DIRECTION ( 'NONE',  ( 0.000000000000000000, 0.000000000000000000, 1.000000000000000000 ) ) ;
#6059 = LINE ( 'NONE', #10517, #10224 ) ;
#6060 = SURFACE_SIDE_STYLE ('',( #5367 ) ) ;
#6061 = PLANE ( 'NONE',  #8440 ) ;
#6062 = VECTOR ( 'NONE', #1759, 1000.000000000000114 ) ;
#6063 = AXIS2_PLACEMENT_3D ( 'NONE', #2704, #6166, #7030 ) ;
#6064 = CARTESIAN_POINT ( 'NONE',  ( 0.1250000000000008604, 0.000000000000000000, -1.199999999999999734 ) ) ;
#6065 = ORIENTED_EDGE ( 'NONE', *, *, #7057, .F. ) ;
#6066 = ORIENTED_EDGE ( 'NONE', *, *, #1677, .T. ) ;
#6067 = EDGE_CURVE ( 'NONE', #2624, #4914, #1905, .T. ) ;
#6068 = CARTESIAN_POINT ( 'NONE',  ( 0.3500000000000003109, 0.9846177413237633402, -1.300000000000000266 ) ) ;
#6069 = EDGE_CURVE ( 'NONE', #2299, #1851, #7890, .T. ) ;
#6070 = AXIS2_PLACEMENT_3D ( 'NONE', #11291, #6188, #6072 ) ;
#6071 = ORIENTED_EDGE ( 'NONE', *, *, #1743, .F. ) ;
#6072 = DIRECTION ( 'NONE',  ( -2.276824562219558365E-14, 1.776356839400251648E-15, -1.000000000000000000 ) ) ;
#6073 = CARTESIAN_POINT ( 'NONE',  ( 1.300000000000000044, 0.1999999999999999833, 0.9249999999999999334 ) ) ;
#6074 = ADVANCED_FACE ( 'NONE', ( #10744 ), #2404, .F. ) ;
#6075 = CARTESIAN_POINT ( 'NONE',  ( -1.224999999999999645, 0.1999999999999999833, -0.8999999999999993561 ) ) ;
#6076 = ORIENTED_EDGE ( 'NONE', *, *, #6261, .T. ) ;
#6077 = CIRCLE ( 'NONE', #1106, 0.1250000000000000555 ) ;
#6078 = CARTESIAN_POINT ( 'NONE',  ( -0.6250000000000009992, 0.1999999999999999833, 0.9999999999999991118 ) ) ;
#6079 = CIRCLE ( 'NONE', #10905, 0.1000000000000000472 ) ;
#6080 = ORIENTED_EDGE ( 'NONE', *, *, #10458, .F. ) ;
#6081 = EDGE_CURVE ( 'NONE', #10005, #174, #10202, .T. ) ;
#6082 = CARTESIAN_POINT ( 'NONE',  ( 0.6250000000000008882, 0.000000000000000000, 0.9999999999999991118 ) ) ;
#6083 = ORIENTED_EDGE ( 'NONE', *, *, #7318, .T. ) ;
#6084 = FACE_OUTER_BOUND ( 'NONE', #8939, .T. ) ;
#6085 = ADVANCED_FACE ( 'NONE', ( #4009 ), #9329, .F. ) ;
#6086 = VECTOR ( 'NONE', #2246, 1000.000000000000000 ) ;
#6087 = ORIENTED_EDGE ( 'NONE', *, *, #2558, .F. ) ;
#6088 = VECTOR ( 'NONE', #2932, 1000.000000000000000 ) ;
#6089 = ORIENTED_EDGE ( 'NONE', *, *, #1361, .F. ) ;
#6090 = VECTOR ( 'NONE', #8752, 1000.000000000000000 ) ;
#6091 = DIRECTION ( 'NONE',  ( 0.7071067811865499042, 0.000000000000000000, -0.7071067811865451302 ) ) ;
#6092 = FACE_OUTER_BOUND ( 'NONE', #7881, .T. ) ;
#6093 = ADVANCED_FACE ( 'NONE', ( #2294 ), #2236, .T. ) ;
#6094 = CARTESIAN_POINT ( 'NONE',  ( -1.250000000000000000, 0.1999999999999999833, 0.9249999999999991562 ) ) ;
#6095 = CARTESIAN_POINT ( 'NONE',  ( 1.250000000000000000, 0.2000000000000000111, -0.4000000000000001887 ) ) ;
#6096 = EDGE_LOOP ( 'NONE', ( #7426, #2513, #2320, #3827, #4769, #6315, #11046, #6437 ) ) ;
#6097 = AXIS2_PLACEMENT_3D ( 'NONE', #7069, #8751, #8807 ) ;
#6098 = DIRECTION ( 'NONE',  ( 5.652677993300369151E-16, 0.000000000000000000, -1.000000000000000000 ) ) ;
#6099 = AXIS2_PLACEMENT_3D ( 'NONE', #1889, #5398, #1015 ) ;
#6100 = CARTESIAN_POINT ( 'NONE',  ( -0.6500000000000001332, 0.1000000000000001166, 1.300000000000005596 ) ) ;
#6101 = DIRECTION ( 'NONE',  ( 1.000000000000000000, 0.000000000000000000, 0.000000000000000000 ) ) ;
#6102 = VERTEX_POINT ( 'NONE', #10857 ) ;
#6103 = CIRCLE ( 'NONE', #11280, 0.1250000000000000000 ) ;
#6104 = CARTESIAN_POINT ( 'NONE',  ( 0.8500000000000001998, 0.009999999999999646325, 1.300000000000005373 ) ) ;
#6105 = CARTESIAN_POINT ( 'NONE',  ( 0.9249999999999999334, 0.2000000000000000111, -2.481154971649519383E-16 ) ) ;
#6106 = CARTESIAN_POINT ( 'NONE',  ( -0.6500000000000009104, 0.1999999999999999833, 1.250000000000004885 ) ) ;
#6107 = CARTESIAN_POINT ( 'NONE',  ( 0.3500000000000000888, 0.9846177413237633402, 1.300000000000000266 ) ) ;
#6108 = DIRECTION ( 'NONE',  ( 1.401122807519719062E-14, 0.000000000000000000, 1.000000000000000000 ) ) ;
#6109 = DIRECTION ( 'NONE',  ( 1.000000000000000000, -0.000000000000000000, 8.340016711426957754E-17 ) ) ;
#6110 = SURFACE_STYLE_FILL_AREA ( #117 ) ;
#6111 = ADVANCED_FACE ( 'NONE', ( #7529 ), #11070, .F. ) ;
#6112 = ORIENTED_EDGE ( 'NONE', *, *, #7838, .F. ) ;
#6113 = ORIENTED_EDGE ( 'NONE', *, *, #4338, .T. ) ;
#6114 = ORIENTED_EDGE ( 'NONE', *, *, #9901, .T. ) ;
#6115 = PLANE ( 'NONE',  #8028 ) ;
#6116 = PLANE ( 'NONE',  #7743 ) ;
#6117 = EDGE_CURVE ( 'NONE', #1896, #2516, #1410, .T. ) ;
#6118 = EDGE_CURVE ( 'NONE', #11163, #7010, #4931, .T. ) ;
#6119 = DIRECTION ( 'NONE',  ( 1.951563910473907035E-14, -7.105427357601006592E-15, 1.000000000000000000 ) ) ;
#6120 = DIRECTION ( 'NONE',  ( -1.000000000000000000, 0.000000000000000000, 0.000000000000000000 ) ) ;
#6121 = VECTOR ( 'NONE', #8120, 1000.000000000000000 ) ;
#6122 = LINE ( 'NONE', #4217, #3566 ) ;
#6123 = DIRECTION ( 'NONE',  ( 1.000000000000000000, 0.000000000000000000, 0.000000000000000000 ) ) ;
#6124 = CARTESIAN_POINT ( 'NONE',  ( -9.591019218141001047E-17, 0.01000000000000000021, 1.149999999999999911 ) ) ;
#6125 = DIRECTION ( 'NONE',  ( 1.000000000000000000, 0.000000000000000000, 8.340016711426966382E-17 ) ) ;
#6126 = EDGE_LOOP ( 'NONE', ( #3295, #5976, #4696, #5502 ) ) ;
#6127 = EDGE_CURVE ( 'NONE', #2951, #1967, #7591, .T. ) ;
#6128 = CIRCLE ( 'NONE', #6699, 0.1000000000000000472 ) ;
#6129 = EDGE_CURVE ( 'NONE', #2824, #10489, #11135, .T. ) ;
#6130 = ORIENTED_EDGE ( 'NONE', *, *, #8890, .T. ) ;
#6131 = CARTESIAN_POINT ( 'NONE',  ( -0.8750000000000007772, 0.1999999999999999833, -1.225000000000005196 ) ) ;
#6132 = ADVANCED_FACE ( 'NONE', ( #6728 ), #10258, .T. ) ;
#6133 = ORIENTED_EDGE ( 'NONE', *, *, #7536, .F. ) ;
#6134 = CARTESIAN_POINT ( 'NONE',  ( -0.3500000000000000888, 0.1999999999999999833, -1.300000000000000266 ) ) ;
#6135 = VECTOR ( 'NONE', #9027, 1000.000000000000000 ) ;
#6136 = CARTESIAN_POINT ( 'NONE',  ( 1.232185303455676006, 0.07429115107872297230, -0.3821853034556761397 ) ) ;
#6137 = FACE_OUTER_BOUND ( 'NONE', #1294, .T. ) ;
#6138 = ORIENTED_EDGE ( 'NONE', *, *, #1310, .T. ) ;
#6139 = CARTESIAN_POINT ( 'NONE',  ( -0.3500000000000002554, 0.1999999999999999833, 1.300000000000000266 ) ) ;
#6140 = ORIENTED_EDGE ( 'NONE', *, *, #5196, .F. ) ;
#6141 = CARTESIAN_POINT ( 'NONE',  ( 1.250000000000000000, 0.1999999999999999833, 0.5999999999999998668 ) ) ;
#6142 = ORIENTED_EDGE ( 'NONE', *, *, #3855, .T. ) ;
#6143 = PLANE ( 'NONE',  #1248 ) ;
#6144 = AXIS2_PLACEMENT_3D ( 'NONE', #4744, #5380, #7231 ) ;
#6145 = EDGE_LOOP ( 'NONE', ( #11190, #4549, #5842, #9110 ) ) ;
#6146 = ADVANCED_FACE ( 'NONE', ( #7647 ), #11185, .F. ) ;
#6147 = ORIENTED_EDGE ( 'NONE', *, *, #8625, .T. ) ;
#6148 = LINE ( 'NONE', #8868, #9766 ) ;
#6149 = CARTESIAN_POINT ( 'NONE',  ( -0.8000000000000001554, 0.2000000000000000111, -0.5000000000000002220 ) ) ;
#6150 = ADVANCED_FACE ( 'NONE', ( #8267 ), #2740, .F. ) ;
#6151 = CARTESIAN_POINT ( 'NONE',  ( -0.7250000000000010880, 0.1999999999999999833, 0.9999999999999991118 ) ) ;
#6152 = CARTESIAN_POINT ( 'NONE',  ( 0.7250000000000009770, 0.1999999999999999833, 0.9999999999999991118 ) ) ;
#6153 = ORIENTED_EDGE ( 'NONE', *, *, #642, .T. ) ;
#6154 = EDGE_CURVE ( 'NONE', #8010, #10427, #358, .T. ) ;
#6155 = CARTESIAN_POINT ( 'NONE',  ( 0.1624999999999950095, 0.01000000000000000021, -0.1624999999999963973 ) ) ;
#6156 = AXIS2_PLACEMENT_3D ( 'NONE', #10692, #10757, #2833 ) ;
#6157 = FACE_OUTER_BOUND ( 'NONE', #7355, .T. ) ;
#6158 = CARTESIAN_POINT ( 'NONE',  ( -0.1250000000000013600, 0.1999999999999999833, 0.9249999999999997113 ) ) ;
#6159 = DIRECTION ( 'NONE',  ( 0.000000000000000000, 1.000000000000000000, 0.000000000000000000 ) ) ;
#6160 = ORIENTED_EDGE ( 'NONE', *, *, #657, .F. ) ;
#6161 = DIRECTION ( 'NONE',  ( 0.7071067811865461294, 0.000000000000000000, -0.7071067811865489050 ) ) ;
#6162 = CARTESIAN_POINT ( 'NONE',  ( -1.249999999999999778, 0.1999999999999999833, -1.124999999999999778 ) ) ;
#6163 = DIRECTION ( 'NONE',  ( 0.000000000000000000, -1.000000000000000000, 0.000000000000000000 ) ) ;
#6164 = DIRECTION ( 'NONE',  ( 1.000000000000000000, 8.881784197001258240E-16, -5.421010862427519212E-16 ) ) ;
#6165 = LINE ( 'NONE', #59, #5175 ) ;
#6166 = DIRECTION ( 'NONE',  ( -8.340016711426957754E-17, 0.000000000000000000, 1.000000000000000000 ) ) ;
#6167 = ADVANCED_FACE ( 'NONE', ( #2960 ), #8385, .T. ) ;
#6168 = CARTESIAN_POINT ( 'NONE',  ( 1.225000000000000089, 0.1999999999999999833, -0.3750000000000002776 ) ) ;
#6169 = ORIENTED_EDGE ( 'NONE', *, *, #5529, .T. ) ;
#6170 = ORIENTED_EDGE ( 'NONE', *, *, #5215, .T. ) ;
#6171 = EDGE_LOOP ( 'NONE', ( #6554, #11098, #9512, #6460 ) ) ;
#6172 = CARTESIAN_POINT ( 'NONE',  ( -1.232185303455675784, 0.07429115107872245882, 1.142814696544323994 ) ) ;
#6173 = CARTESIAN_POINT ( 'NONE',  ( -5.212510444641847672E-17, 0.01000000000000000021, 0.6249999999999998890 ) ) ;
#6174 = CARTESIAN_POINT ( 'NONE',  ( -1.300000000000000044, 0.009999999999999998473, -0.1000000000000001582 ) ) ;
#6175 = EDGE_CURVE ( 'NONE', #11303, #2995, #6103, .T. ) ;
#6176 = DIRECTION ( 'NONE',  ( -8.340016711426957754E-17, 0.000000000000000000, 1.000000000000000000 ) ) ;
#6177 = LINE ( 'NONE', #2608, #10779 ) ;
#6178 = LINE ( 'NONE', #4449, #2726 ) ;
#6179 = CARTESIAN_POINT ( 'NONE',  ( -1.250000000000000000, 0.1999999999999999833, 0.9249999999999991562 ) ) ;
#6180 = VERTEX_POINT ( 'NONE', #94 ) ;
#6181 = ADVANCED_FACE ( 'NONE', ( #1340 ), #4525, .F. ) ;
#6182 = VERTEX_POINT ( 'NONE', #2155 ) ;
#6183 = CARTESIAN_POINT ( 'NONE',  ( 0.9249999999999998224, 0.000000000000000000, -0.1250000000000002498 ) ) ;
#6184 = ORIENTED_EDGE ( 'NONE', *, *, #9824, .T. ) ;
#6185 = ORIENTED_EDGE ( 'NONE', *, *, #2382, .T. ) ;
#6186 = CARTESIAN_POINT ( 'NONE',  ( 0.8500000000000010880, 0.08660254037844704322, -1.250000000000005107 ) ) ;
#6187 = CIRCLE ( 'NONE', #9513, 0.1000000000000000472 ) ;
#6188 = DIRECTION ( 'NONE',  ( -1.000000000000000000, 0.000000000000000000, 2.304624617924155838E-14 ) ) ;
#6189 = ADVANCED_FACE ( 'NONE', ( #9792 ), #9730, .T. ) ;
#6190 = FACE_OUTER_BOUND ( 'NONE', #9191, .T. ) ;
#6191 =( NAMED_UNIT ( * ) PLANE_ANGLE_UNIT ( ) SI_UNIT ( $, .RADIAN. ) );
#6192 = ORIENTED_EDGE ( 'NONE', *, *, #6425, .F. ) ;
#6193 = CARTESIAN_POINT ( 'NONE',  ( 1.224999999999999645, 0.06614378277661496497, -1.149999999999999689 ) ) ;
#6194 = EDGE_LOOP ( 'NONE', ( #3829, #10149, #3632, #9540 ) ) ;
#6195 = AXIS2_PLACEMENT_3D ( 'NONE', #553, #8356, #10085 ) ;
#6196 = CARTESIAN_POINT ( 'NONE',  ( -0.6250000000000011102, 0.1999999999999999833, 1.225000000000004974 ) ) ;
#6197 = ORIENTED_EDGE ( 'NONE', *, *, #1833, .T. ) ;
#6198 = FACE_OUTER_BOUND ( 'NONE', #11109, .T. ) ;
#6199 = ORIENTED_EDGE ( 'NONE', *, *, #1550, .T. ) ;
#6200 = ORIENTED_EDGE ( 'NONE', *, *, #10822, .F. ) ;
#6201 = FACE_OUTER_BOUND ( 'NONE', #4907, .T. ) ;
#6202 = CARTESIAN_POINT ( 'NONE',  ( 0.3750000000000012768, 0.9846177413237633402, 0.9249999999999994893 ) ) ;
#6203 = VECTOR ( 'NONE', #1081, 1000.000000000000000 ) ;
#6204 = DIRECTION ( 'NONE',  ( -1.000000000000000000, 0.000000000000000000, 0.000000000000000000 ) ) ;
#6205 = CARTESIAN_POINT ( 'NONE',  ( 0.1500000000000000222, 0.9846177413237633402, -1.300000000000000266 ) ) ;
#6206 = ORIENTED_EDGE ( 'NONE', *, *, #1319, .F. ) ;
#6207 = CARTESIAN_POINT ( 'NONE',  ( -0.3500000000000010325, 0.9846177413237633402, 1.249999999999999778 ) ) ;
#6208 = FACE_OUTER_BOUND ( 'NONE', #1088, .T. ) ;
#6209 = ADVANCED_FACE ( 'NONE', ( #5660 ), #10880, .T. ) ;
#6210 = ORIENTED_EDGE ( 'NONE', *, *, #5427, .F. ) ;
#6211 = DIRECTION ( 'NONE',  ( 0.7071067811865461294, 0.000000000000000000, -0.7071067811865489050 ) ) ;
#6212 = DIRECTION ( 'NONE',  ( -1.000000000000000000, 0.000000000000000000, -8.340016711426957754E-17 ) ) ;
#6213 = VECTOR ( 'NONE', #4850, 1000.000000000000000 ) ;
#6214 = DIRECTION ( 'NONE',  ( 0.7071067811865491270, 0.000000000000000000, -0.7071067811865459074 ) ) ;
#6215 = CARTESIAN_POINT ( 'NONE',  ( -0.9249999999999998224, 0.2000000000000000111, 0.3749999999999998335 ) ) ;
#6216 = AXIS2_PLACEMENT_3D ( 'NONE', #11401, #10428, #9619 ) ;
#6217 = DIRECTION ( 'NONE',  ( 1.000000000000000000, 0.000000000000000000, -2.085004177856743210E-15 ) ) ;
#6218 = AXIS2_PLACEMENT_3D ( 'NONE', #7332, #298, #9249 ) ;
#6219 = FACE_OUTER_BOUND ( 'NONE', #6417, .T. ) ;
#6220 = DIRECTION ( 'NONE',  ( -1.167602339599772458E-15, 0.000000000000000000, 1.000000000000000000 ) ) ;
#6221 = EDGE_LOOP ( 'NONE', ( #10585, #1912 ) ) ;
#6222 = EDGE_CURVE ( 'NONE', #10210, #6612, #3987, .T. ) ;
#6223 = VERTEX_POINT ( 'NONE', #5719 ) ;
#6224 = VECTOR ( 'NONE', #7049, 1000.000000000000000 ) ;
#6225 = VECTOR ( 'NONE', #8195, 1000.000000000000000 ) ;
#6226 = EDGE_CURVE ( 'NONE', #7136, #2503, #9250, .T. ) ;
#6227 = VERTEX_POINT ( 'NONE', #4859 ) ;
#6228 = DIRECTION ( 'NONE',  ( 0.7071067811865461294, 0.000000000000000000, -0.7071067811865489050 ) ) ;
#6229 = DIRECTION ( 'NONE',  ( -0.000000000000000000, -1.000000000000000000, 0.000000000000000000 ) ) ;
#6230 = CYLINDRICAL_SURFACE ( 'NONE', #6456, 0.1250000000000000000 ) ;
#6231 = SURFACE_SIDE_STYLE ('',( #987 ) ) ;
#6232 = SURFACE_STYLE_FILL_AREA ( #7910 ) ;
#6233 = CARTESIAN_POINT ( 'NONE',  ( 1.250000000000000000, 0.009999999999999998473, 0.09999999999999982514 ) ) ;
#6234 = CARTESIAN_POINT ( 'NONE',  ( -0.8500000000000004219, 0.1999999999999999833, 1.300000000000005373 ) ) ;
#6235 = EDGE_LOOP ( 'NONE', ( #9210, #11338, #5199, #8162, #4172 ) ) ;
#6236 = ORIENTED_EDGE ( 'NONE', *, *, #6782, .F. ) ;
#6237 = CARTESIAN_POINT ( 'NONE',  ( -0.6250000000000009992, 0.1999999999999999833, 0.9999999999999991118 ) ) ;
#6238 = ADVANCED_FACE ( 'NONE', ( #1279 ), #10658, .F. ) ;
#6239 = VERTEX_POINT ( 'NONE', #6531 ) ;
#6240 = ORIENTED_EDGE ( 'NONE', *, *, #9586, .F. ) ;
#6241 = CARTESIAN_POINT ( 'NONE',  ( 1.250000000000000000, 0.08660254037844411501, 0.9249999999999993783 ) ) ;
#6242 = VECTOR ( 'NONE', #1569, 1000.000000000000000 ) ;
#6243 = LINE ( 'NONE', #7111, #5709 ) ;
#6244 = EDGE_CURVE ( 'NONE', #5256, #10195, #10063, .T. ) ;
#6245 = DIRECTION ( 'NONE',  ( -1.000000000000000000, 0.000000000000000000, -8.340016711426957754E-17 ) ) ;
#6246 = CYLINDRICAL_SURFACE ( 'NONE', #3527, 0.1000000000000000472 ) ;
#6247 = ORIENTED_EDGE ( 'NONE', *, *, #1212, .F. ) ;
#6248 = CARTESIAN_POINT ( 'NONE',  ( -1.225000000000000089, 0.2000000000000000111, -0.6250000000000001110 ) ) ;
#6249 = ORIENTED_EDGE ( 'NONE', *, *, #2010, .F. ) ;
#6250 = CARTESIAN_POINT ( 'NONE',  ( -1.225000000000000089, 0.2000000000000000111, -0.1250000000000001110 ) ) ;
#6251 = EDGE_LOOP ( 'NONE', ( #6530, #4638, #4283, #5874 ) ) ;
#6252 = DIRECTION ( 'NONE',  ( 1.000000000000000000, 0.000000000000000000, 8.340016711426957754E-17 ) ) ;
#6253 = ADVANCED_FACE ( 'NONE', ( #5325 ), #4739, .T. ) ;
#6254 = AXIS2_PLACEMENT_3D ( 'NONE', #3103, #6619, #621 ) ;
#6255 = ORIENTED_EDGE ( 'NONE', *, *, #8105, .T. ) ;
#6256 = EDGE_CURVE ( 'NONE', #4281, #3559, #8865, .T. ) ;
#6257 = CARTESIAN_POINT ( 'NONE',  ( 0.9249999999999998224, 0.2000000000000000111, -0.6250000000000002220 ) ) ;
#6258 = ORIENTED_EDGE ( 'NONE', *, *, #10241, .F. ) ;
#6259 = CARTESIAN_POINT ( 'NONE',  ( 0.4250000000000029310, 0.01000000000000000021, -0.4250000000000009881 ) ) ;
#6260 = DIRECTION ( 'NONE',  ( 0.000000000000000000, -1.000000000000000000, 0.000000000000000000 ) ) ;
#6261 = EDGE_CURVE ( 'NONE', #2479, #2926, #3937, .T. ) ;
#6262 = AXIS2_PLACEMENT_3D ( 'NONE', #10724, #98, #3608 ) ;
#6263 = DIRECTION ( 'NONE',  ( 0.7071067811865469066, 0.000000000000000000, -0.7071067811865482389 ) ) ;
#6264 = CARTESIAN_POINT ( 'NONE',  ( -1.249999999999999778, 0.9846177413237633402, 1.124999999999999778 ) ) ;
#6265 = ORIENTED_EDGE ( 'NONE', *, *, #8467, .F. ) ;
#6266 = VECTOR ( 'NONE', #1981, 1000.000000000000000 ) ;
#6267 = DIRECTION ( 'NONE',  ( 5.652677993300369151E-16, -0.000000000000000000, -1.000000000000000000 ) ) ;
#6268 = AXIS2_PLACEMENT_3D ( 'NONE', #8386, #6653, #10182 ) ;
#6269 = CYLINDRICAL_SURFACE ( 'NONE', #3253, 0.1000000000000000472 ) ;
#6270 = CARTESIAN_POINT ( 'NONE',  ( 0.9249999999999998224, 0.2000000000000000111, 0.6249999999999997780 ) ) ;
#6271 = EDGE_CURVE ( 'NONE', #7291, #52, #10122, .T. ) ;
#6272 = AXIS2_PLACEMENT_3D ( 'NONE', #5233, #9868, #971 ) ;
#6273 = VERTEX_POINT ( 'NONE', #2673 ) ;
#6274 = ADVANCED_FACE ( 'NONE', ( #7282 ), #7109, .T. ) ;
#6275 = AXIS2_PLACEMENT_3D ( 'NONE', #10742, #1956, #2873 ) ;
#6276 = ORIENTED_EDGE ( 'NONE', *, *, #1997, .T. ) ;
#6277 = DIRECTION ( 'NONE',  ( 0.000000000000000000, -1.000000000000000000, 0.000000000000000000 ) ) ;
#6278 = FACE_OUTER_BOUND ( 'NONE', #4242, .T. ) ;
#6279 = AXIS2_PLACEMENT_3D ( 'NONE', #11321, #5943, #9469 ) ;
#6280 = CARTESIAN_POINT ( 'NONE',  ( 0.6250000000000008882, 0.9846177413237633402, 0.9999999999999991118 ) ) ;
#6281 = LINE ( 'NONE', #8071, #200 ) ;
#6282 = VECTOR ( 'NONE', #6035, 1000.000000000000000 ) ;
#6283 = CARTESIAN_POINT ( 'NONE',  ( 5.004010026856175022E-17, 0.01000000000000000021, -0.6000000000000000888 ) ) ;
#6284 = CARTESIAN_POINT ( 'NONE',  ( 1.300000000000000044, 0.1999999999999999833, 0.3999999999999996336 ) ) ;
#6285 = DIRECTION ( 'NONE',  ( 5.652677993300369151E-16, 0.000000000000000000, -1.000000000000000000 ) ) ;
#6286 = ORIENTED_EDGE ( 'NONE', *, *, #8803, .T. ) ;
#6287 = AXIS2_PLACEMENT_3D ( 'NONE', #6257, #3129, #1010 ) ;
#6288 = ORIENTED_EDGE ( 'NONE', *, *, #6271, .T. ) ;
#6289 = VERTEX_POINT ( 'NONE', #935 ) ;
#6290 = CARTESIAN_POINT ( 'NONE',  ( -0.8000000000000001554, 0.1999999999999999833, -0.5000000000000002220 ) ) ;
#6291 = CARTESIAN_POINT ( 'NONE',  ( -0.6500000000000009104, 0.08660254037844693220, 1.250000000000004885 ) ) ;
#6292 = LINE ( 'NONE', #2659, #8297 ) ;
#6293 = EDGE_CURVE ( 'NONE', #912, #11107, #8038, .T. ) ;
#6294 = DIRECTION ( 'NONE',  ( 1.000000000000000000, 1.776356839400251648E-15, -1.084202172485503961E-14 ) ) ;
#6295 = DIRECTION ( 'NONE',  ( -0.7071067811865489050, -0.000000000000000000, 0.7071067811865461294 ) ) ;
#6296 = LINE ( 'NONE', #8027, #11225 ) ;
#6297 = EDGE_CURVE ( 'NONE', #1543, #1484, #5920, .T. ) ;
#6298 =( GEOMETRIC_REPRESENTATION_CONTEXT ( 3 ) GLOBAL_UNCERTAINTY_ASSIGNED_CONTEXT ( ( #3061 ) ) GLOBAL_UNIT_ASSIGNED_CONTEXT ( ( #6930, #15, #8905 ) ) REPRESENTATION_CONTEXT ( 'NONE', 'WORKASPACE' ) );
#6299 = LINE ( 'NONE', #1741, #8447 ) ;
#6300 = ORIENTED_EDGE ( 'NONE', *, *, #11427, .T. ) ;
#6301 = EDGE_LOOP ( 'NONE', ( #10957, #6550, #8303, #7015 ) ) ;
#6302 = LINE ( 'NONE', #5433, #9742 ) ;
#6303 = ORIENTED_EDGE ( 'NONE', *, *, #4639, .T. ) ;
#6304 = ORIENTED_EDGE ( 'NONE', *, *, #7271, .F. ) ;
#6305 = DIRECTION ( 'NONE',  ( -1.309382623694028928E-14, 0.000000000000000000, 1.000000000000000000 ) ) ;
#6306 = AXIS2_PLACEMENT_3D ( 'NONE', #4480, #8005, #5400 ) ;
#6307 = LINE ( 'NONE', #9777, #1650 ) ;
#6308 = CARTESIAN_POINT ( 'NONE',  ( 1.250000000000000000, 0.08660254037844417052, -0.4000000000000000777 ) ) ;
#6309 = CARTESIAN_POINT ( 'NONE',  ( 1.149999999999998579, 0.000000000000000000, -1.299999999999999822 ) ) ;
#6310 = ORIENTED_EDGE ( 'NONE', *, *, #4291, .F. ) ;
#6311 = CARTESIAN_POINT ( 'NONE',  ( -0.3500000000000010325, 0.1999999999999999833, 1.249999999999999778 ) ) ;
#6312 = EDGE_LOOP ( 'NONE', ( #120, #3959, #2838, #330, #6847 ) ) ;
#6313 = DIRECTION ( 'NONE',  ( -1.000000000000000000, 0.000000000000000000, -8.340016711426957754E-17 ) ) ;
#6314 = AXIS2_PLACEMENT_3D ( 'NONE', #4359, #7020, #10557 ) ;
#6315 = ORIENTED_EDGE ( 'NONE', *, *, #8467, .T. ) ;
#6316 = LINE ( 'NONE', #5503, #9541 ) ;
#6317 = ORIENTED_EDGE ( 'NONE', *, *, #4363, .F. ) ;
#6318 = VECTOR ( 'NONE', #9737, 1000.000000000000000 ) ;
#6319 = ORIENTED_EDGE ( 'NONE', *, *, #3519, .T. ) ;
#6320 = DIRECTION ( 'NONE',  ( -0.7071067811865476838, 0.000000000000000000, 0.7071067811865474617 ) ) ;
#6321 = CARTESIAN_POINT ( 'NONE',  ( -0.9249999999999998224, 0.2000000000000000111, -0.3750000000000001110 ) ) ;
#6322 = CARTESIAN_POINT ( 'NONE',  ( -0.6250000000000011102, 0.1999999999999999833, 1.225000000000004974 ) ) ;
#6323 = ADVANCED_FACE ( 'NONE', ( #3765 ), #81, .F. ) ;
#6324 = CARTESIAN_POINT ( 'NONE',  ( 1.300000000000000044, 0.7590169943749474069, -0.1000000000000003664 ) ) ;
#6325 = ORIENTED_EDGE ( 'NONE', *, *, #598, .F. ) ;
#6326 = LINE ( 'NONE', #8936, #9269 ) ;
#6327 = FACE_OUTER_BOUND ( 'NONE', #2140, .T. ) ;
#6328 = CARTESIAN_POINT ( 'NONE',  ( 0.1250000000000011657, 0.1999999999999999833, 0.9249999999999992673 ) ) ;
#6329 = EDGE_CURVE ( 'NONE', #10750, #7136, #5533, .T. ) ;
#6330 = SURFACE_STYLE_USAGE ( .BOTH. , #2126 ) ;
#6331 = EDGE_LOOP ( 'NONE', ( #10762, #8397, #3969, #8108 ) ) ;
#6332 = ORIENTED_EDGE ( 'NONE', *, *, #10141, .F. ) ;
#6333 = CYLINDRICAL_SURFACE ( 'NONE', #7362, 0.1250000000000000000 ) ;
#6334 = DIRECTION ( 'NONE',  ( 0.7071067811865491270, -0.000000000000000000, -0.7071067811865459074 ) ) ;
#6335 = VECTOR ( 'NONE', #862, 1000.000000000000000 ) ;
#6336 = DIRECTION ( 'NONE',  ( 1.087828266707871075E-17, 0.000000000000000000, 1.000000000000000000 ) ) ;
#6337 = CARTESIAN_POINT ( 'NONE',  ( -0.8000000000000001554, 0.2000000000000000111, -0.5000000000000002220 ) ) ;
#6338 = ADVANCED_FACE ( 'NONE', ( #9024 ), #9717, .T. ) ;
#6339 = CARTESIAN_POINT ( 'NONE',  ( -0.6250000000000008882, 0.06614378277662102956, -1.225000000000004974 ) ) ;
#6340 = EDGE_CURVE ( 'NONE', #11127, #8744, #3708, .T. ) ;
#6341 = CARTESIAN_POINT ( 'NONE',  ( 1.250000000000000000, 0.7590169943749474069, 0.09999999999999982514 ) ) ;
#6342 = DIRECTION ( 'NONE',  ( -2.085004177856743210E-15, 0.000000000000000000, -1.000000000000000000 ) ) ;
#6343 = ORIENTED_EDGE ( 'NONE', *, *, #4423, .F. ) ;
#6344 =( BOUNDED_CURVE ( )  B_SPLINE_CURVE ( 3, ( #5745, #9105, #3899, #7302 ),
 .UNSPECIFIED., .F., .F. ) 
 B_SPLINE_CURVE_WITH_KNOTS ( ( 4, 4 ),
 ( 5.235987755982989711, 5.560451059366169346 ),
 .UNSPECIFIED. ) 
 CURVE ( )  GEOMETRIC_REPRESENTATION_ITEM ( )  RATIONAL_B_SPLINE_CURVE ( ( 1.000000000000000000, 0.9912461883984129418, 0.9912461883984129418, 1.000000000000000000 ) ) 
 REPRESENTATION_ITEM ( '' )  );
#6345 = ORIENTED_EDGE ( 'NONE', *, *, #6860, .T. ) ;
#6346 = ORIENTED_EDGE ( 'NONE', *, *, #5580, .T. ) ;
#6347 = PLANE ( 'NONE',  #9885 ) ;
#6348 = LINE ( 'NONE', #9879, #2769 ) ;
#6349 = DIRECTION ( 'NONE',  ( 0.000000000000000000, -1.000000000000000000, 0.000000000000000000 ) ) ;
#6350 = DIRECTION ( 'NONE',  ( -0.7071067811865489050, 0.000000000000000000, -0.7071067811865461294 ) ) ;
#6351 = FILL_AREA_STYLE_COLOUR ( '', #7773 ) ;
#6352 = CARTESIAN_POINT ( 'NONE',  ( -1.250000000000000000, 0.2000000000000000111, 0.3999999999999998557 ) ) ;
#6353 = LINE ( 'NONE', #5486, #3450 ) ;
#6354 = ORIENTED_EDGE ( 'NONE', *, *, #5422, .T. ) ;
#6355 = EDGE_LOOP ( 'NONE', ( #4030, #9479, #1601, #11359 ) ) ;
#6356 = CARTESIAN_POINT ( 'NONE',  ( -1.224999999999999645, 0.1999999999999999833, -1.149999999999999911 ) ) ;
#6357 = EDGE_CURVE ( 'NONE', #8744, #1472, #37, .T. ) ;
#6358 = ORIENTED_EDGE ( 'NONE', *, *, #6769, .T. ) ;
#6359 = ORIENTED_EDGE ( 'NONE', *, *, #7269, .F. ) ;
#6360 = EDGE_CURVE ( 'NONE', #4357, #8030, #8850, .T. ) ;
#6361 = CARTESIAN_POINT ( 'NONE',  ( -0.8500000000000001998, 0.1999999999999999833, -1.300000000000005373 ) ) ;
#6362 = LINE ( 'NONE', #7168, #5521 ) ;
#6363 = CARTESIAN_POINT ( 'NONE',  ( -0.7250000000000009770, 0.1999999999999999833, -0.9999999999999991118 ) ) ;
#6364 = SURFACE_STYLE_FILL_AREA ( #8969 ) ;
#6365 = ORIENTED_EDGE ( 'NONE', *, *, #11158, .T. ) ;
#6366 = DIRECTION ( 'NONE',  ( 1.000000000000000000, 0.000000000000000000, 0.000000000000000000 ) ) ;
#6367 = ORIENTED_EDGE ( 'NONE', *, *, #3652, .T. ) ;
#6368 = VERTEX_POINT ( 'NONE', #9776 ) ;
#6369 = CARTESIAN_POINT ( 'NONE',  ( -1.225000000000000089, 0.1999999999999999833, -0.3750000000000001665 ) ) ;
#6370 = VECTOR ( 'NONE', #4671, 1000.000000000000000 ) ;
#6371 = ORIENTED_EDGE ( 'NONE', *, *, #349, .F. ) ;
#6372 = ORIENTED_EDGE ( 'NONE', *, *, #3963, .F. ) ;
#6373 = EDGE_CURVE ( 'NONE', #5606, #1398, #1051, .T. ) ;
#6374 = CARTESIAN_POINT ( 'NONE',  ( -1.250000000000000000, 0.9846177413237633402, -0.9249999999999993783 ) ) ;
#6375 = LINE ( 'NONE', #10900, #6818 ) ;
#6376 = CARTESIAN_POINT ( 'NONE',  ( -1.224999999999999645, 0.1999999999999999833, -1.149999999999999911 ) ) ;
#6377 = DIRECTION ( 'NONE',  ( 8.340016711426957754E-17, -0.000000000000000000, -1.000000000000000000 ) ) ;
#6378 = ORIENTED_EDGE ( 'NONE', *, *, #6425, .T. ) ;
#6379 = AXIS2_PLACEMENT_3D ( 'NONE', #2923, #8233, #3731 ) ;
#6380 = DIRECTION ( 'NONE',  ( -0.7071067811865443531, 0.000000000000000000, -0.7071067811865506814 ) ) ;
#6381 = CARTESIAN_POINT ( 'NONE',  ( -1.224999999999999645, 0.9846177413237633402, -1.149999999999999911 ) ) ;
#6382 = DIRECTION ( 'NONE',  ( -0.000000000000000000, -1.000000000000000000, 0.000000000000000000 ) ) ;
#6383 = SURFACE_STYLE_FILL_AREA ( #6444 ) ;
#6384 = EDGE_LOOP ( 'NONE', ( #1234, #5787, #8417, #7503 ) ) ;
#6385 = EDGE_LOOP ( 'NONE', ( #11213, #3553, #132, #4709 ) ) ;
#6386 = EDGE_CURVE ( 'NONE', #815, #4885, #8965, .T. ) ;
#6387 = VECTOR ( 'NONE', #11379, 1000.000000000000000 ) ;
#6388 = DIRECTION ( 'NONE',  ( 1.943223893762450295E-14, 0.000000000000000000, 1.000000000000000000 ) ) ;
#6389 = CARTESIAN_POINT ( 'NONE',  ( 1.250000000000000000, 0.08660254037844405950, 0.5999999999999998668 ) ) ;
#6390 = DIRECTION ( 'NONE',  ( 0.000000000000000000, 0.000000000000000000, 1.000000000000000000 ) ) ;
#6391 = CARTESIAN_POINT ( 'NONE',  ( 1.240592229435182325, 0.08117096151037239693, -0.9155922294351812596 ) ) ;
#6392 = CARTESIAN_POINT ( 'NONE',  ( -1.250000000000000000, 0.9846177413237633402, 0.9249999999999991562 ) ) ;
#6393 = CARTESIAN_POINT ( 'NONE',  ( 0.9249999999999998224, 0.7590169943749472958, 0.3749999999999997224 ) ) ;
#6394 = EDGE_CURVE ( 'NONE', #10939, #4469, #6409, .T. ) ;
#6395 = LINE ( 'NONE', #8305, #6440 ) ;
#6396 = CYLINDRICAL_SURFACE ( 'NONE', #6413, 0.1000000000000000472 ) ;
#6397 = EDGE_LOOP ( 'NONE', ( #979, #7240, #5910, #11060 ) ) ;
#6398 = EDGE_CURVE ( 'NONE', #3092, #5213, #4085, .T. ) ;
#6399 = EDGE_LOOP ( 'NONE', ( #3775, #2853, #7149, #8081 ) ) ;
#6400 = FACE_OUTER_BOUND ( 'NONE', #1190, .T. ) ;
#6401 = AXIS2_PLACEMENT_3D ( 'NONE', #9452, #7820, #1584 ) ;
#6402 = CARTESIAN_POINT ( 'NONE',  ( -1.250000000000000000, 0.08660254037844400399, 0.09999999999999982514 ) ) ;
#6403 = VECTOR ( 'NONE', #6525, 1000.000000000000000 ) ;
#6404 = LINE ( 'NONE', #1917, #8488 ) ;
#6405 = DIRECTION ( 'NONE',  ( -0.7071067811865461294, 0.000000000000000000, 0.7071067811865489050 ) ) ;
#6406 = PLANE ( 'NONE',  #7693 ) ;
#6407 = CLOSED_SHELL ( 'NONE', ( #2767, #1438, #6189, #6074, #6655, #1705, #8912, #2945, #3750, #6238, #4551, #6085 ) ) ;
#6408 = DIRECTION ( 'NONE',  ( -1.000000000000000000, -0.000000000000000000, -1.743063492688206721E-14 ) ) ;
#6409 =( BOUNDED_CURVE ( )  B_SPLINE_CURVE ( 3, ( #5376, #10644, #7921, #6186 ),
 .UNSPECIFIED., .F., .F. ) 
 B_SPLINE_CURVE_WITH_KNOTS ( ( 4, 4 ),
 ( 3.864326901403292602, 4.188790204786452698 ),
 .UNSPECIFIED. ) 
 CURVE ( )  GEOMETRIC_REPRESENTATION_ITEM ( )  RATIONAL_B_SPLINE_CURVE ( ( 1.000000000000000000, 0.9912461883984141631, 0.9912461883984141631, 1.000000000000000000 ) ) 
 REPRESENTATION_ITEM ( '' )  );
#6410 = ORIENTED_EDGE ( 'NONE', *, *, #1488, .T. ) ;
#6411 = VECTOR ( 'NONE', #249, 1000.000000000000000 ) ;
#6412 = EDGE_LOOP ( 'NONE', ( #4177, #6185, #4270, #10559, #9714, #7759, #5475, #6184, #7092, #5563, #5855, #7757, #7451, #10418, #8960 ) ) ;
#6413 = AXIS2_PLACEMENT_3D ( 'NONE', #9931, #3797, #10804 ) ;
#6414 = DIRECTION ( 'NONE',  ( 1.959903927185304452E-14, 0.000000000000000000, -1.000000000000000000 ) ) ;
#6415 = EDGE_CURVE ( 'NONE', #10167, #1865, #5553, .T. ) ;
#6416 = VERTEX_POINT ( 'NONE', #6361 ) ;
#6417 = EDGE_LOOP ( 'NONE', ( #10794, #4032, #2271, #7462 ) ) ;
#6418 = CARTESIAN_POINT ( 'NONE',  ( -1.300000000000000044, 0.9846177413237633402, 1.124999999999998890 ) ) ;
#6419 = EDGE_CURVE ( 'NONE', #9044, #2122, #8916, .T. ) ;
#6420 = LINE ( 'NONE', #10645, #7550 ) ;
#6421 = CYLINDRICAL_SURFACE ( 'NONE', #6144, 0.1250000000000000000 ) ;
#6422 = CARTESIAN_POINT ( 'NONE',  ( -1.300000000000000044, 0.009999999999999998473, -0.4000000000000000777 ) ) ;
#6423 = VERTEX_POINT ( 'NONE', #28 ) ;
#6424 = CARTESIAN_POINT ( 'NONE',  ( -0.6250000000000011102, 0.1999999999999999833, 1.225000000000004974 ) ) ;
#6425 = EDGE_CURVE ( 'NONE', #6715, #1580, #3536, .T. ) ;
#6426 = ORIENTED_EDGE ( 'NONE', *, *, #1095, .F. ) ;
#6427 = EDGE_CURVE ( 'NONE', #6844, #9645, #8212, .T. ) ;
#6428 = ORIENTED_EDGE ( 'NONE', *, *, #1029, .F. ) ;
#6429 = PLANE ( 'NONE',  #6583 ) ;
#6430 = VECTOR ( 'NONE', #7989, 1000.000000000000000 ) ;
#6431 = ORIENTED_EDGE ( 'NONE', *, *, #8186, .F. ) ;
#6432 = ORIENTED_EDGE ( 'NONE', *, *, #5937, .F. ) ;
#6433 = DIRECTION ( 'NONE',  ( 1.000000000000000000, 0.000000000000000000, 0.000000000000000000 ) ) ;
#6434 = CARTESIAN_POINT ( 'NONE',  ( 0.8500000000000010880, 0.9846177413237633402, -1.250000000000005107 ) ) ;
#6435 = CARTESIAN_POINT ( 'NONE',  ( -0.9249999999999998224, 0.000000000000000000, 0.1249999999999998612 ) ) ;
#6436 = LINE ( 'NONE', #2234, #1124 ) ;
#6437 = ORIENTED_EDGE ( 'NONE', *, *, #7325, .T. ) ;
#6438 = DIRECTION ( 'NONE',  ( 1.000000000000000000, 0.000000000000000000, 8.340016711426957754E-17 ) ) ;
#6439 = VECTOR ( 'NONE', #8942, 1000.000000000000000 ) ;
#6440 = VECTOR ( 'NONE', #5473, 1000.000000000000000 ) ;
#6441 = EDGE_CURVE ( 'NONE', #5084, #7625, #8438, .T. ) ;
#6442 = CARTESIAN_POINT ( 'NONE',  ( -1.224999999999999645, 0.01000000000000005398, 0.8999999999999991340 ) ) ;
#6443 = DIRECTION ( 'NONE',  ( -1.000000000000000000, 0.000000000000000000, -1.309382623694023249E-14 ) ) ;
#6444 = FILL_AREA_STYLE ('',( #8065 ) ) ;
#6445 = ORIENTED_EDGE ( 'NONE', *, *, #9375, .F. ) ;
#6446 = ORIENTED_EDGE ( 'NONE', *, *, #4932, .T. ) ;
#6447 = EDGE_CURVE ( 'NONE', #3438, #1236, #7509, .T. ) ;
#6448 = AXIS2_PLACEMENT_3D ( 'NONE', #6723, #4923, #8455 ) ;
#6449 = DIRECTION ( 'NONE',  ( 1.000000000000000000, 0.000000000000000000, -2.780005570475648805E-16 ) ) ;
#6450 = CARTESIAN_POINT ( 'NONE',  ( 1.240592229435182547, 0.08117096151037238305, 0.6094077705648177634 ) ) ;
#6451 = LINE ( 'NONE', #2188, #11270 ) ;
#6452 = CYLINDRICAL_SURFACE ( 'NONE', #2050, 0.1250000000000000278 ) ;
#6453 = VERTEX_POINT ( 'NONE', #3191 ) ;
#6454 = DIRECTION ( 'NONE',  ( 1.292702590271169407E-14, 0.000000000000000000, 1.000000000000000000 ) ) ;
#6455 = LINE ( 'NONE', #3796, #4407 ) ;
#6456 = AXIS2_PLACEMENT_3D ( 'NONE', #3696, #986, #2773 ) ;
#6457 = AXIS2_PLACEMENT_3D ( 'NONE', #5638, #8301, #1314 ) ;
#6458 = ORIENTED_EDGE ( 'NONE', *, *, #4081, .F. ) ;
#6459 = VECTOR ( 'NONE', #9353, 1000.000000000000000 ) ;
#6460 = ORIENTED_EDGE ( 'NONE', *, *, #10791, .F. ) ;
#6461 = DIRECTION ( 'NONE',  ( -1.000000000000000000, 0.000000000000000000, -8.340016711426957754E-17 ) ) ;
#6462 = CARTESIAN_POINT ( 'NONE',  ( 0.5000000000000003331, 0.01000000000000002623, -0.5000000000000004441 ) ) ;
#6463 = VECTOR ( 'NONE', #9521, 1000.000000000000000 ) ;
#6464 = CARTESIAN_POINT ( 'NONE',  ( -0.9249999999999998224, 0.7590169943749472958, 0.6249999999999997780 ) ) ;
#6465 = CARTESIAN_POINT ( 'NONE',  ( 1.300000000000000044, 0.1999999999999999833, 0.9249999999999999334 ) ) ;
#6466 = EDGE_CURVE ( 'NONE', #9094, #1851, #10064, .T. ) ;
#6467 = PLANE ( 'NONE',  #5845 ) ;
#6468 = FACE_OUTER_BOUND ( 'NONE', #9726, .T. ) ;
#6469 = VECTOR ( 'NONE', #9135, 1000.000000000000000 ) ;
#6470 = EDGE_LOOP ( 'NONE', ( #6603, #866, #344, #878, #7711, #2792, #264, #5792 ) ) ;
#6471 = VECTOR ( 'NONE', #9738, 1000.000000000000114 ) ;
#6472 = VERTEX_POINT ( 'NONE', #418 ) ;
#6473 = DIRECTION ( 'NONE',  ( -0.7071067811865469066, 0.000000000000000000, 0.7071067811865482389 ) ) ;
#6474 = EDGE_CURVE ( 'NONE', #8940, #4286, #1171, .T. ) ;
#6475 = ORIENTED_EDGE ( 'NONE', *, *, #6509, .T. ) ;
#6476 = EDGE_CURVE ( 'NONE', #8010, #4238, #10943, .T. ) ;
#6477 = ORIENTED_EDGE ( 'NONE', *, *, #10791, .T. ) ;
#6478 = CARTESIAN_POINT ( 'NONE',  ( -0.9250000000000001554, 0.2000000000000000111, 0.4999999999999997780 ) ) ;
#6479 = DIRECTION ( 'NONE',  ( -1.000000000000000000, 0.000000000000000000, -4.086608188599209324E-16 ) ) ;
#6480 = AXIS2_PLACEMENT_3D ( 'NONE', #9448, #5854, #8460 ) ;
#6481 = CARTESIAN_POINT ( 'NONE',  ( 0.1250000000000011657, 0.000000000000000000, 0.9249999999999992673 ) ) ;
#6482 = AXIS2_PLACEMENT_3D ( 'NONE', #3712, #5611, #3768 ) ;
#6483 = DIRECTION ( 'NONE',  ( 1.000000000000000000, 0.000000000000000000, 0.000000000000000000 ) ) ;
#6484 = CARTESIAN_POINT ( 'NONE',  ( 1.300000000000000044, 0.1000000000000001166, -0.6000000000000001998 ) ) ;
#6485 = ORIENTED_EDGE ( 'NONE', *, *, #9974, .F. ) ;
#6486 = DIRECTION ( 'NONE',  ( -1.000000000000000000, 0.000000000000000000, -8.340016711426957754E-17 ) ) ;
#6487 = EDGE_CURVE ( 'NONE', #3984, #7549, #4685, .T. ) ;
#6488 = VERTEX_POINT ( 'NONE', #1341 ) ;
#6489 = EDGE_CURVE ( 'NONE', #4738, #6416, #1224, .T. ) ;
#6490 = EDGE_LOOP ( 'NONE', ( #5965, #10413, #1377, #4526, #443, #9848, #2615, #7742 ) ) ;
#6491 = CYLINDRICAL_SURFACE ( 'NONE', #1985, 0.1000000000000000472 ) ;
#6492 = AXIS2_PLACEMENT_3D ( 'NONE', #10758, #8476, #1097 ) ;
#6493 = ORIENTED_EDGE ( 'NONE', *, *, #96, .F. ) ;
#6494 = ORIENTED_EDGE ( 'NONE', *, *, #2427, .T. ) ;
#6495 = DIRECTION ( 'NONE',  ( -1.000000000000000000, 0.000000000000000000, -8.340016711426957754E-17 ) ) ;
#6496 = CARTESIAN_POINT ( 'NONE',  ( -1.232185303455676229, 0.07429115107872263923, -0.1178146965443246375 ) ) ;
#6497 = FACE_OUTER_BOUND ( 'NONE', #7174, .T. ) ;
#6498 = PLANE ( 'NONE',  #4078 ) ;
#6499 = ORIENTED_EDGE ( 'NONE', *, *, #2483, .F. ) ;
#6500 = VECTOR ( 'NONE', #5816, 1000.000000000000000 ) ;
#6501 = CARTESIAN_POINT ( 'NONE',  ( 1.249999999999999778, 0.08660254037844405950, -1.125000000000000000 ) ) ;
#6502 = PLANE ( 'NONE',  #9154 ) ;
#6503 = CARTESIAN_POINT ( 'NONE',  ( 1.149999999999998801, 0.1000000000000001166, -1.300000000000001599 ) ) ;
#6504 = EDGE_CURVE ( 'NONE', #2229, #3874, #4420, .T. ) ;
#6505 = ORIENTED_EDGE ( 'NONE', *, *, #10401, .F. ) ;
#6506 = VERTEX_POINT ( 'NONE', #470 ) ;
#6507 = ADVANCED_FACE ( 'NONE', ( #2103 ), #5608, .F. ) ;
#6508 = FACE_OUTER_BOUND ( 'NONE', #8224, .T. ) ;
#6509 = EDGE_CURVE ( 'NONE', #4510, #2989, #4740, .T. ) ;
#6510 = DIRECTION ( 'NONE',  ( -0.7071067811865489050, 0.000000000000000000, -0.7071067811865461294 ) ) ;
#6511 = PLANE ( 'NONE',  #7379 ) ;
#6512 = LINE ( 'NONE', #1371, #6088 ) ;
#6513 = ORIENTED_EDGE ( 'NONE', *, *, #6750, .F. ) ;
#6514 = VECTOR ( 'NONE', #2789, 1000.000000000000114 ) ;
#6515 = CARTESIAN_POINT ( 'NONE',  ( 0.8500000000000010880, 0.1999999999999999833, -1.250000000000005107 ) ) ;
#6516 = FACE_OUTER_BOUND ( 'NONE', #6194, .T. ) ;
#6517 = ORIENTED_EDGE ( 'NONE', *, *, #11113, .T. ) ;
#6518 = ORIENTED_EDGE ( 'NONE', *, *, #4728, .F. ) ;
#6519 = CARTESIAN_POINT ( 'NONE',  ( -1.300000000000000044, 0.1000000000000001166, -1.149999999999998579 ) ) ;
#6520 = CARTESIAN_POINT ( 'NONE',  ( -1.225000000000000089, 0.06614378277661521477, 0.1249999999999997918 ) ) ;
#6521 = DIRECTION ( 'NONE',  ( 0.7071067811865506814, 0.000000000000000000, -0.7071067811865443531 ) ) ;
#6522 = EDGE_CURVE ( 'NONE', #9920, #6900, #3017, .T. ) ;
#6523 = LINE ( 'NONE', #10112, #8552 ) ;
#6524 = DIRECTION ( 'NONE',  ( -2.085004177856743605E-15, 0.000000000000000000, -1.000000000000000000 ) ) ;
#6525 = DIRECTION ( 'NONE',  ( 1.000000000000000000, 0.000000000000000000, -2.780005570475647818E-16 ) ) ;
#6526 = ORIENTED_EDGE ( 'NONE', *, *, #3440, .F. ) ;
#6527 = CARTESIAN_POINT ( 'NONE',  ( 1.300000000000000044, 0.2000000000000000111, -0.4000000000000001887 ) ) ;
#6528 = VERTEX_POINT ( 'NONE', #6533 ) ;
#6529 = EDGE_LOOP ( 'NONE', ( #6142, #9391, #4855, #4165 ) ) ;
#6530 = ORIENTED_EDGE ( 'NONE', *, *, #5395, .F. ) ;
#6531 = CARTESIAN_POINT ( 'NONE',  ( 0.3500000000000003109, 0.1999999999999999833, -1.300000000000000266 ) ) ;
#6532 = ADVANCED_FACE ( 'NONE', ( #10240 ), #4805, .T. ) ;
#6533 = CARTESIAN_POINT ( 'NONE',  ( -0.8500000000000008660, 0.08660254037844702935, -1.250000000000005107 ) ) ;
#6534 = CARTESIAN_POINT ( 'NONE',  ( 0.8500000000000010880, 0.1999999999999999833, -1.250000000000005107 ) ) ;
#6535 = LINE ( 'NONE', #8562, #6882 ) ;
#6536 = CARTESIAN_POINT ( 'NONE',  ( -1.250000000000000000, 0.7590169943749474069, -0.4000000000000001887 ) ) ;
#6537 = ORIENTED_EDGE ( 'NONE', *, *, #820, .F. ) ;
#6538 = PLANE ( 'NONE',  #8280 ) ;
#6539 = EDGE_CURVE ( 'NONE', #5837, #3102, #9311, .T. ) ;
#6540 = EDGE_LOOP ( 'NONE', ( #2033, #6192, #4688, #9980 ) ) ;
#6541 = VERTEX_POINT ( 'NONE', #5661 ) ;
#6542 = DIRECTION ( 'NONE',  ( -1.000000000000000000, 0.000000000000000000, -8.340016711426957754E-17 ) ) ;
#6543 = ORIENTED_EDGE ( 'NONE', *, *, #1085, .T. ) ;
#6544 = EDGE_CURVE ( 'NONE', #7226, #1965, #4909, .T. ) ;
#6545 = ORIENTED_EDGE ( 'NONE', *, *, #9656, .F. ) ;
#6546 = CARTESIAN_POINT ( 'NONE',  ( -0.7250000000000009770, 0.1999999999999999833, -0.8999999999999993561 ) ) ;
#6547 = CARTESIAN_POINT ( 'NONE',  ( -1.240592229435182547, 0.08117096151037227203, -0.1094077705648182075 ) ) ;
#6548 = DIRECTION ( 'NONE',  ( -0.000000000000000000, -1.000000000000000000, 0.000000000000000000 ) ) ;
#6549 = CARTESIAN_POINT ( 'NONE',  ( -1.224999999999999645, 0.1999999999999999833, -1.149999999999999911 ) ) ;
#6550 = ORIENTED_EDGE ( 'NONE', *, *, #7640, .F. ) ;
#6551 = CARTESIAN_POINT ( 'NONE',  ( -1.199999999999999956, 0.000000000000000000, 0.6249999999999997780 ) ) ;
#6552 = AXIS2_PLACEMENT_3D ( 'NONE', #9995, #8251, #2024 ) ;
#6553 = CARTESIAN_POINT ( 'NONE',  ( 0.9249999999999998224, 0.000000000000000000, -0.3750000000000002220 ) ) ;
#6554 = ORIENTED_EDGE ( 'NONE', *, *, #4516, .F. ) ;
#6555 = CARTESIAN_POINT ( 'NONE',  ( -1.300000000000000044, 0.009999999999999998473, 0.09999999999999993616 ) ) ;
#6556 = VERTEX_POINT ( 'NONE', #2214 ) ;
#6557 = ORIENTED_EDGE ( 'NONE', *, *, #2662, .T. ) ;
#6558 = CARTESIAN_POINT ( 'NONE',  ( -0.6250000000000011102, 0.01000000000000005398, 1.225000000000004974 ) ) ;
#6559 = LINE ( 'NONE', #1144, #8863 ) ;
#6560 = VECTOR ( 'NONE', #9630, 1000.000000000000000 ) ;
#6561 = DIRECTION ( 'NONE',  ( 1.000000000000000000, 0.000000000000000000, 0.000000000000000000 ) ) ;
#6562 = LINE ( 'NONE', #7486, #8317 ) ;
#6563 = VERTEX_POINT ( 'NONE', #5720 ) ;
#6564 = CARTESIAN_POINT ( 'NONE',  ( 0.8749999999999990008, 0.1999999999999999833, 1.149999999999999911 ) ) ;
#6565 = ADVANCED_FACE ( 'NONE', ( #2273 ), #4860, .T. ) ;
#6566 = CARTESIAN_POINT ( 'NONE',  ( 0.6500000000000006883, 0.1999999999999999833, 1.250000000000004885 ) ) ;
#6567 = DIRECTION ( 'NONE',  ( -1.000000000000000000, 0.000000000000000000, -8.340016711426957754E-17 ) ) ;
#6568 = EDGE_CURVE ( 'NONE', #7520, #2479, #5781, .T. ) ;
#6569 = VECTOR ( 'NONE', #3545, 1000.000000000000114 ) ;
#6570 = ORIENTED_EDGE ( 'NONE', *, *, #4349, .T. ) ;
#6571 = ORIENTED_EDGE ( 'NONE', *, *, #9374, .F. ) ;
#6572 = CARTESIAN_POINT ( 'NONE',  ( -5.004010026856171940E-17, 0.01000000000000000021, 0.5999999999999997558 ) ) ;
#6573 = LINE ( 'NONE', #4672, #2412 ) ;
#6574 = ADVANCED_FACE ( 'NONE', ( #3300 ), #5890, .F. ) ;
#6575 = CARTESIAN_POINT ( 'NONE',  ( 0.7250000000000009770, 0.1999999999999999833, 0.9999999999999991118 ) ) ;
#6576 = VECTOR ( 'NONE', #11221, 1000.000000000000000 ) ;
#6577 = SURFACE_STYLE_FILL_AREA ( #3582 ) ;
#6578 = CARTESIAN_POINT ( 'NONE',  ( 1.224999999999999645, 0.9846177413237633402, -0.8999999999999991340 ) ) ;
#6579 = LINE ( 'NONE', #1217, #7326 ) ;
#6580 = ORIENTED_EDGE ( 'NONE', *, *, #7822, .T. ) ;
#6581 = FACE_OUTER_BOUND ( 'NONE', #3786, .T. ) ;
#6582 = ORIENTED_EDGE ( 'NONE', *, *, #9660, .T. ) ;
#6583 = AXIS2_PLACEMENT_3D ( 'NONE', #10600, #9961, #4693 ) ;
#6584 = ORIENTED_EDGE ( 'NONE', *, *, #2681, .F. ) ;
#6585 = ORIENTED_EDGE ( 'NONE', *, *, #1337, .F. ) ;
#6586 = DIRECTION ( 'NONE',  ( 0.000000000000000000, 1.000000000000000000, 0.000000000000000000 ) ) ;
#6587 = CARTESIAN_POINT ( 'NONE',  ( -1.084202172485504681E-16, 0.000000000000000000, 1.300000000000000266 ) ) ;
#6588 = ADVANCED_FACE ( 'NONE', ( #1509 ), #2444, .T. ) ;
#6589 = DIRECTION ( 'NONE',  ( 1.000000000000000000, 0.000000000000000000, 0.000000000000000000 ) ) ;
#6590 = VECTOR ( 'NONE', #7274, 1000.000000000000000 ) ;
#6591 =( LENGTH_UNIT ( ) NAMED_UNIT ( * ) SI_UNIT ( .MILLI., .METRE. ) );
#6592 = CARTESIAN_POINT ( 'NONE',  ( -0.3750000000000007772, 0.1999999999999999833, -1.224999999999999867 ) ) ;
#6593 = ORIENTED_EDGE ( 'NONE', *, *, #2263, .T. ) ;
#6594 = AXIS2_PLACEMENT_3D ( 'NONE', #3226, #9079, #9466 ) ;
#6595 = CARTESIAN_POINT ( 'NONE',  ( -1.300000000000000044, 0.1999999999999999833, 1.124999999999998890 ) ) ;
#6596 = AXIS2_PLACEMENT_3D ( 'NONE', #8959, #4330, #3640 ) ;
#6597 = ORIENTED_EDGE ( 'NONE', *, *, #8951, .F. ) ;
#6598 = EDGE_CURVE ( 'NONE', #10116, #4646, #9364, .T. ) ;
#6599 = ORIENTED_EDGE ( 'NONE', *, *, #9678, .T. ) ;
#6600 = DIRECTION ( 'NONE',  ( -1.000000000000000000, 0.000000000000000000, -8.340016711426957754E-17 ) ) ;
#6601 = ORIENTED_EDGE ( 'NONE', *, *, #1997, .F. ) ;
#6602 = EDGE_CURVE ( 'NONE', #3128, #8845, #3353, .T. ) ;
#6603 = ORIENTED_EDGE ( 'NONE', *, *, #9614, .F. ) ;
#6604 = PLANE ( 'NONE',  #6820 ) ;
#6605 = DIRECTION ( 'NONE',  ( -1.951563910473907035E-14, -5.329070518200755338E-15, 1.000000000000000000 ) ) ;
#6606 = CARTESIAN_POINT ( 'NONE',  ( -0.6250000000000011102, 0.1999999999999999833, 0.9999999999999991118 ) ) ;
#6607 = CARTESIAN_POINT ( 'NONE',  ( 0.1250000000000010270, 0.9846177413237633402, -1.224999999999999645 ) ) ;
#6608 = ORIENTED_EDGE ( 'NONE', *, *, #961, .F. ) ;
#6609 = FACE_OUTER_BOUND ( 'NONE', #3942, .T. ) ;
#6610 = EDGE_CURVE ( 'NONE', #4105, #9558, #3322, .T. ) ;
#6611 = CARTESIAN_POINT ( 'NONE',  ( -1.200000000000000178, 0.000000000000000000, -0.1250000000000001110 ) ) ;
#6612 = VERTEX_POINT ( 'NONE', #1564 ) ;
#6613 = CARTESIAN_POINT ( 'NONE',  ( 0.5000000000000003331, 0.01000000000000000021, 4.170008355713481958E-17 ) ) ;
#6614 = AXIS2_PLACEMENT_3D ( 'NONE', #2498, #6012, #5141 ) ;
#6615 = VERTEX_POINT ( 'NONE', #2493 ) ;
#6616 = ORIENTED_EDGE ( 'NONE', *, *, #5057, .T. ) ;
#6617 = ADVANCED_FACE ( 'NONE', ( #10294 ), #10409, .F. ) ;
#6618 = EDGE_CURVE ( 'NONE', #9116, #4479, #7627, .T. ) ;
#6619 = DIRECTION ( 'NONE',  ( -0.7071067811865491270, 0.000000000000000000, 0.7071067811865459074 ) ) ;
#6620 = CARTESIAN_POINT ( 'NONE',  ( -0.3750000000000007772, 0.1999999999999999833, -1.224999999999999867 ) ) ;
#6621 = DIRECTION ( 'NONE',  ( 1.292702590271175087E-14, 0.000000000000000000, 1.000000000000000000 ) ) ;
#6622 = DIRECTION ( 'NONE',  ( 1.000000000000000000, 0.000000000000000000, -2.085004177856743605E-15 ) ) ;
#6623 = EDGE_LOOP ( 'NONE', ( #2110, #223, #4515, #6140 ) ) ;
#6624 = AXIS2_PLACEMENT_3D ( 'NONE', #6374, #8171, #4647 ) ;
#6625 = AXIS2_PLACEMENT_3D ( 'NONE', #11029, #9613, #8369 ) ;
#6626 = CARTESIAN_POINT ( 'NONE',  ( -0.4999999999999995559, 1.614213562373095323, 0.4999999999999994449 ) ) ;
#6627 = CARTESIAN_POINT ( 'NONE',  ( 0.3500000000000185185, 0.01000000000000000021, -4.903929826319277592E-15 ) ) ;
#6628 = ADVANCED_FACE ( 'NONE', ( #3242 ), #10353, .F. ) ;
#6629 =( NAMED_UNIT ( * ) PLANE_ANGLE_UNIT ( ) SI_UNIT ( $, .RADIAN. ) );
#6630 = EDGE_CURVE ( 'NONE', #2516, #4115, #4273, .T. ) ;
#6631 = CARTESIAN_POINT ( 'NONE',  ( 0.9249999999999999334, 0.1999999999999999833, 0.4999999999999997780 ) ) ;
#6632 = ADVANCED_FACE ( 'NONE', ( #5025 ), #9533, .F. ) ;
#6633 = VERTEX_POINT ( 'NONE', #11278 ) ;
#6634 = CIRCLE ( 'NONE', #1847, 0.1250000000000000000 ) ;
#6635 = EDGE_LOOP ( 'NONE', ( #2805, #8873, #6585, #10941, #4550 ) ) ;
#6636 = FACE_OUTER_BOUND ( 'NONE', #6355, .T. ) ;
#6637 = DIRECTION ( 'NONE',  ( 1.000000000000000000, 0.000000000000000000, 0.000000000000000000 ) ) ;
#6638 = PLANE ( 'NONE',  #9235 ) ;
#6639 = CIRCLE ( 'NONE', #6262, 0.1000000000000000472 ) ;
#6640 = FACE_OUTER_BOUND ( 'NONE', #4692, .T. ) ;
#6641 = DIRECTION ( 'NONE',  ( -1.000000000000000000, 0.000000000000000000, -8.340016711426957754E-17 ) ) ;
#6642 = VECTOR ( 'NONE', #4821, 1000.000000000000000 ) ;
#6643 = DIRECTION ( 'NONE',  ( 8.340016711426957754E-17, 0.000000000000000000, -1.000000000000000000 ) ) ;
#6644 = ORIENTED_EDGE ( 'NONE', *, *, #7720, .F. ) ;
#6645 = VECTOR ( 'NONE', #11114, 1000.000000000000000 ) ;
#6646 = VERTEX_POINT ( 'NONE', #2604 ) ;
#6647 = EDGE_CURVE ( 'NONE', #1586, #4974, #11265, .T. ) ;
#6648 = VERTEX_POINT ( 'NONE', #4159 ) ;
#6649 = VECTOR ( 'NONE', #3510, 1000.000000000000000 ) ;
#6650 = ORIENTED_EDGE ( 'NONE', *, *, #6840, .T. ) ;
#6651 = CARTESIAN_POINT ( 'NONE',  ( -1.093800711959200145, 1.050000000000000044, -0.8859432889494202046 ) ) ;
#6652 = EDGE_CURVE ( 'NONE', #6453, #10145, #11332, .T. ) ;
#6653 = DIRECTION ( 'NONE',  ( 0.7071067811865506814, 0.000000000000000000, -0.7071067811865443531 ) ) ;
#6654 = LINE ( 'NONE', #5834, #4246 ) ;
#6655 = ADVANCED_FACE ( 'NONE', ( #4966 ), #10456, .F. ) ;
#6656 = VECTOR ( 'NONE', #1774, 1000.000000000000000 ) ;
#6657 = DIRECTION ( 'NONE',  ( 0.7071067811865491270, -0.000000000000000000, -0.7071067811865459074 ) ) ;
#6658 = LINE ( 'NONE', #10298, #4097 ) ;
#6659 = ORIENTED_EDGE ( 'NONE', *, *, #3683, .T. ) ;
#6660 = AXIS2_PLACEMENT_3D ( 'NONE', #1711, #7942, #2690 ) ;
#6661 = CYLINDRICAL_SURFACE ( 'NONE', #10685, 0.1250000000000000000 ) ;
#6662 = ORIENTED_EDGE ( 'NONE', *, *, #2217, .T. ) ;
#6663 = ORIENTED_EDGE ( 'NONE', *, *, #4540, .T. ) ;
#6664 = DIRECTION ( 'NONE',  ( -1.167602339599772261E-15, 0.000000000000000000, 1.000000000000000000 ) ) ;
#6665 = VECTOR ( 'NONE', #996, 1000.000000000000000 ) ;
#6666 = ORIENTED_EDGE ( 'NONE', *, *, #6618, .T. ) ;
#6667 = STYLED_ITEM ( 'NONE', ( #4399 ), #9207 ) ;
#6668 = ORIENTED_EDGE ( 'NONE', *, *, #7678, .F. ) ;
#6669 = CARTESIAN_POINT ( 'NONE',  ( 1.225000000000000089, 0.06614378277661550620, 0.1249999999999997363 ) ) ;
#6670 = FACE_OUTER_BOUND ( 'NONE', #8882, .T. ) ;
#6671 = DIRECTION ( 'NONE',  ( 0.000000000000000000, -1.000000000000000000, 0.000000000000000000 ) ) ;
#6672 = CARTESIAN_POINT ( 'NONE',  ( -0.3500000000000008105, 0.1999999999999999833, -1.249999999999999778 ) ) ;
#6673 = ORIENTED_EDGE ( 'NONE', *, *, #10455, .T. ) ;
#6674 = DIRECTION ( 'NONE',  ( 0.000000000000000000, 1.000000000000000000, 0.000000000000000000 ) ) ;
#6675 = LINE ( 'NONE', #5685, #5643 ) ;
#6676 = AXIS2_PLACEMENT_3D ( 'NONE', #2385, #7511, #11055 ) ;
#6677 = ORIENTED_EDGE ( 'NONE', *, *, #3542, .F. ) ;
#6678 = CARTESIAN_POINT ( 'NONE',  ( -1.224999999999999645, 0.1999999999999999833, -1.149999999999999911 ) ) ;
#6679 = EDGE_LOOP ( 'NONE', ( #6265, #2008, #6160, #8950 ) ) ;
#6680 = ORIENTED_EDGE ( 'NONE', *, *, #1504, .T. ) ;
#6681 = LINE ( 'NONE', #10211, #8290 ) ;
#6682 = EDGE_CURVE ( 'NONE', #1573, #6872, #1675, .T. ) ;
#6683 = CARTESIAN_POINT ( 'NONE',  ( -0.9249999999999998224, 0.1999999999999999833, 0.3749999999999998335 ) ) ;
#6684 = VECTOR ( 'NONE', #8589, 1000.000000000000000 ) ;
#6685 = CARTESIAN_POINT ( 'NONE',  ( -1.200000000000000178, 0.000000000000000000, -0.8999999999999992450 ) ) ;
#6686 = LINE ( 'NONE', #675, #7202 ) ;
#6687 = EDGE_LOOP ( 'NONE', ( #2826, #10393, #1704, #6087 ) ) ;
#6688 = DIRECTION ( 'NONE',  ( 0.000000000000000000, -1.000000000000000000, 0.000000000000000000 ) ) ;
#6689 = EDGE_CURVE ( 'NONE', #5858, #10247, #6979, .T. ) ;
#6690 = FILL_AREA_STYLE_COLOUR ( '', #6008 ) ;
#6691 = DIRECTION ( 'NONE',  ( -0.7071067811865461294, 0.000000000000000000, 0.7071067811865489050 ) ) ;
#6693 = AXIS2_PLACEMENT_3D ( 'NONE', #9977, #8181, #9861 ) ;
#6692 = CARTESIAN_POINT ( 'NONE',  ( 0.3750000000000026645, 0.01000000000000000021, -5.108260235749040251E-16 ) ) ;
#6694 = VERTEX_POINT ( 'NONE', #1969 ) ;
#6695 = ORIENTED_EDGE ( 'NONE', *, *, #2152, .F. ) ;
#6696 = CARTESIAN_POINT ( 'NONE',  ( 0.1250000000000013323, 0.1999999999999999833, -0.9249999999999992673 ) ) ;
#6697 = CARTESIAN_POINT ( 'NONE',  ( -1.240592229435182547, 0.08117096151037241081, 0.6094077705648177634 ) ) ;
#6698 = EDGE_CURVE ( 'NONE', #8459, #10312, #9010, .T. ) ;
#6699 = AXIS2_PLACEMENT_3D ( 'NONE', #2978, #2120, #7416 ) ;
#6700 = FACE_OUTER_BOUND ( 'NONE', #11348, .T. ) ;
#6701 = DIRECTION ( 'NONE',  ( 0.000000000000000000, 1.000000000000000000, 0.000000000000000000 ) ) ;
#6702 = LINE ( 'NONE', #3979, #2178 ) ;
#6703 = CARTESIAN_POINT ( 'NONE',  ( 1.250000000000000000, 0.08660254037844443420, -0.6000000000000003109 ) ) ;
#6704 = VERTEX_POINT ( 'NONE', #1093 ) ;
#6705 = AXIS2_PLACEMENT_3D ( 'NONE', #2563, #7054, #2675 ) ;
#6706 = ORIENTED_EDGE ( 'NONE', *, *, #7427, .F. ) ;
#6707 = EDGE_LOOP ( 'NONE', ( #343, #8170, #5703, #5168, #1911 ) ) ;
#6708 = LINE ( 'NONE', #10351, #5089 ) ;
#6709 = DIRECTION ( 'NONE',  ( -1.000000000000000000, 0.000000000000000000, 1.000802005371233254E-15 ) ) ;
#6710 = DIRECTION ( 'NONE',  ( -1.743063492688207036E-14, 0.000000000000000000, 1.000000000000000000 ) ) ;
#6711 = DIRECTION ( 'NONE',  ( -0.7071067811865504593, 0.000000000000000000, -0.7071067811865445751 ) ) ;
#6712 = DIRECTION ( 'NONE',  ( 1.000000000000000000, 0.000000000000000000, 8.340016711426966382E-17 ) ) ;
#6713 = ORIENTED_EDGE ( 'NONE', *, *, #6799, .T. ) ;
#6714 = DIRECTION ( 'NONE',  ( -0.000000000000000000, -1.000000000000000000, 0.000000000000000000 ) ) ;
#6715 = VERTEX_POINT ( 'NONE', #1035 ) ;
#6716 = ADVANCED_FACE ( 'NONE', ( #10753 ), #69, .F. ) ;
#6717 = ORIENTED_EDGE ( 'NONE', *, *, #4995, .T. ) ;
#6718 = PLANE ( 'NONE',  #9927 ) ;
#6719 = EDGE_CURVE ( 'NONE', #1398, #7428, #123, .T. ) ;
#6720 =( BOUNDED_CURVE ( )  B_SPLINE_CURVE ( 3, ( #4544, #229, #6391, #1026 ),
 .UNSPECIFIED., .F., .F. ) 
 B_SPLINE_CURVE_WITH_KNOTS ( ( 4, 4 ),
 ( 3.864326901403210890, 4.188790204786394966 ),
 .UNSPECIFIED. ) 
 CURVE ( )  GEOMETRIC_REPRESENTATION_ITEM ( )  RATIONAL_B_SPLINE_CURVE ( ( 1.000000000000000000, 0.9912461883984128308, 0.9912461883984128308, 1.000000000000000000 ) ) 
 REPRESENTATION_ITEM ( '' )  );
#6721 = ORIENTED_EDGE ( 'NONE', *, *, #5569, .T. ) ;
#6722 = ORIENTED_EDGE ( 'NONE', *, *, #6522, .T. ) ;
#6723 = CARTESIAN_POINT ( 'NONE',  ( 0.9249999999999999334, 0.009999999999999998473, -0.5000000000000002220 ) ) ;
#6724 = CARTESIAN_POINT ( 'NONE',  ( -0.6250000000000008882, 0.1999999999999999833, -1.225000000000004974 ) ) ;
#6725 = DIRECTION ( 'NONE',  ( 1.409462824231155133E-14, 5.329070518200755338E-15, 1.000000000000000000 ) ) ;
#6726 = DIRECTION ( 'NONE',  ( -0.7071067811865451302, 0.000000000000000000, -0.7071067811865499042 ) ) ;
#6727 = EDGE_LOOP ( 'NONE', ( #2297, #888, #9443, #415, #8093, #4684, #2630, #3720, #2894, #5658, #9684, #1611, #411, #4657, #2206 ) ) ;
#6728 = FACE_OUTER_BOUND ( 'NONE', #8526, .T. ) ;
#6729 = ORIENTED_EDGE ( 'NONE', *, *, #8647, .F. ) ;
#6730 = LINE ( 'NONE', #1531, #10824 ) ;
#6731 = ORIENTED_EDGE ( 'NONE', *, *, #611, .F. ) ;
#6732 = DIRECTION ( 'NONE',  ( 5.652677993300369151E-16, 0.000000000000000000, -1.000000000000000000 ) ) ;
#6733 = ORIENTED_EDGE ( 'NONE', *, *, #3373, .T. ) ;
#6734 = EDGE_CURVE ( 'NONE', #2857, #175, #7094, .T. ) ;
#6735 = ORIENTED_EDGE ( 'NONE', *, *, #9656, .T. ) ;
#6736 = DIRECTION ( 'NONE',  ( -0.000000000000000000, -1.000000000000000000, 0.000000000000000000 ) ) ;
#6737 = DIRECTION ( 'NONE',  ( -1.000000000000000000, 0.000000000000000000, 2.780005570475647818E-16 ) ) ;
#6738 = CARTESIAN_POINT ( 'NONE',  ( 0.1250000000000008882, 0.1999999999999999833, 1.224999999999999645 ) ) ;
#6739 = FACE_OUTER_BOUND ( 'NONE', #9284, .T. ) ;
#6740 = ORIENTED_EDGE ( 'NONE', *, *, #6489, .T. ) ;
#6741 = CARTESIAN_POINT ( 'NONE',  ( 1.224999999999999645, 0.1999999999999999833, 0.8999999999999993561 ) ) ;
#6742 = DIRECTION ( 'NONE',  ( -0.7071067811865489050, 0.000000000000000000, -0.7071067811865461294 ) ) ;
#6743 = CARTESIAN_POINT ( 'NONE',  ( -0.1250000000000009437, 0.06614378277661447925, 1.224999999999999645 ) ) ;
#6744 = EDGE_CURVE ( 'NONE', #5591, #5333, #8486, .T. ) ;
#6745 = DIRECTION ( 'NONE',  ( -0.000000000000000000, -1.000000000000000000, 0.000000000000000000 ) ) ;
#6746 = ORIENTED_EDGE ( 'NONE', *, *, #366, .F. ) ;
#6747 = VECTOR ( 'NONE', #4033, 1000.000000000000000 ) ;
#6748 = LINE ( 'NONE', #11263, #10066 ) ;
#6749 = FACE_OUTER_BOUND ( 'NONE', #9077, .T. ) ;
#6750 = EDGE_CURVE ( 'NONE', #4831, #10939, #10628, .T. ) ;
#6751 = CARTESIAN_POINT ( 'NONE',  ( 0.9249999999999998224, 0.000000000000000000, -0.1250000000000002498 ) ) ;
#6752 = DIRECTION ( 'NONE',  ( -1.000000000000000000, 0.000000000000000000, -5.652677993300369151E-16 ) ) ;
#6753 = CARTESIAN_POINT ( 'NONE',  ( 0.6321853034556772499, 0.07429115107872746870, -1.232185303455681114 ) ) ;
#6754 = DIRECTION ( 'NONE',  ( -1.000000000000000000, 0.000000000000000000, -1.167602339599772458E-15 ) ) ;
#6755 = VERTEX_POINT ( 'NONE', #5241 ) ;
#6756 = ADVANCED_FACE ( 'NONE', ( #4445 ), #6116, .T. ) ;
#6757 = EDGE_LOOP ( 'NONE', ( #10710, #3255, #8535, #1364, #5342, #10587, #4751 ) ) ;
#6758 = ORIENTED_EDGE ( 'NONE', *, *, #7242, .F. ) ;
#6759 = DIRECTION ( 'NONE',  ( 1.529003063761606547E-15, 0.000000000000000000, -1.000000000000000000 ) ) ;
#6760 = DIRECTION ( 'NONE',  ( 0.000000000000000000, -1.000000000000000000, 0.000000000000000000 ) ) ;
#6761 = VECTOR ( 'NONE', #10118, 1000.000000000000000 ) ;
#6762 = DIRECTION ( 'NONE',  ( -0.000000000000000000, -1.000000000000000000, 0.000000000000000000 ) ) ;
#6763 = CARTESIAN_POINT ( 'NONE',  ( 0.9249999999999998224, 0.7590169943749474069, -0.6250000000000002220 ) ) ;
#6764 = FACE_OUTER_BOUND ( 'NONE', #8935, .T. ) ;
#6765 = EDGE_LOOP ( 'NONE', ( #5419, #7551, #7338, #7280 ) ) ;
#6766 = CARTESIAN_POINT ( 'NONE',  ( -0.1999999999999974853, 1.614213562373095323, -0.5000000000000005551 ) ) ;
#6767 = ORIENTED_EDGE ( 'NONE', *, *, #2459, .F. ) ;
#6768 = EDGE_CURVE ( 'NONE', #2338, #7266, #6348, .T. ) ;
#6769 = EDGE_CURVE ( 'NONE', #8310, #10991, #2376, .T. ) ;
#6770 = ORIENTED_EDGE ( 'NONE', *, *, #5548, .T. ) ;
#6771 = DIRECTION ( 'NONE',  ( 0.000000000000000000, -1.000000000000000000, 0.000000000000000000 ) ) ;
#6772 = EDGE_CURVE ( 'NONE', #596, #7207, #9085, .T. ) ;
#6773 = ORIENTED_EDGE ( 'NONE', *, *, #10111, .T. ) ;
#6774 = ORIENTED_EDGE ( 'NONE', *, *, #7789, .T. ) ;
#6775 = CARTESIAN_POINT ( 'NONE',  ( -1.250000000000000000, 0.009999999999999998473, -0.6000000000000001998 ) ) ;
#6776 = AXIS2_PLACEMENT_3D ( 'NONE', #2910, #2854, #7994 ) ;
#6777 = CARTESIAN_POINT ( 'NONE',  ( 1.300000000000000044, 0.2000000000000000111, -0.6000000000000004219 ) ) ;
#6778 = ADVANCED_FACE ( 'NONE', ( #9650 ), #8146, .T. ) ;
#6779 = CIRCLE ( 'NONE', #9733, 0.1000000000000000472 ) ;
#6780 = FACE_OUTER_BOUND ( 'NONE', #3303, .T. ) ;
#6781 = VERTEX_POINT ( 'NONE', #3751 ) ;
#6782 = EDGE_CURVE ( 'NONE', #5979, #9832, #4383, .T. ) ;
#6783 = CARTESIAN_POINT ( 'NONE',  ( 0.6250000000000011102, 0.1999999999999999833, -1.225000000000004974 ) ) ;
#6784 = VERTEX_POINT ( 'NONE', #8954 ) ;
#6785 = CARTESIAN_POINT ( 'NONE',  ( 0.3500000000000008105, 0.08660254037844378194, 1.249999999999999778 ) ) ;
#6786 = CLOSED_SHELL ( 'NONE', ( #9097, #10004, #6778, #8230, #2515, #5864, #5796, #4223, #7648, #9587, #6588, #4519 ) ) ;
#6787 = ORIENTED_EDGE ( 'NONE', *, *, #4274, .T. ) ;
#6788 = DIRECTION ( 'NONE',  ( -1.000000000000000000, 0.000000000000000000, 0.000000000000000000 ) ) ;
#6789 = VECTOR ( 'NONE', #8844, 1000.000000000000000 ) ;
#6790 = ORIENTED_EDGE ( 'NONE', *, *, #11158, .F. ) ;
#6791 = AXIS2_PLACEMENT_3D ( 'NONE', #1028, #6342, #397 ) ;
#6792 = ORIENTED_EDGE ( 'NONE', *, *, #1529, .F. ) ;
#6793 = DIRECTION ( 'NONE',  ( 1.000000000000000000, 0.000000000000000000, 8.340016711426957754E-17 ) ) ;
#6794 = LINE ( 'NONE', #2471, #4254 ) ;
#6795 = CARTESIAN_POINT ( 'NONE',  ( -0.2500000000000012768, 0.009999999999999998473, -0.9249999999999997113 ) ) ;
#6796 = CARTESIAN_POINT ( 'NONE',  ( 0.7250000000000009770, 0.1999999999999999833, 0.9999999999999991118 ) ) ;
#6797 = ORIENTED_EDGE ( 'NONE', *, *, #4704, .T. ) ;
#6798 = PRESENTATION_LAYER_ASSIGNMENT (  '', '', ( #9560 ) ) ;
#6799 = EDGE_CURVE ( 'NONE', #7579, #1967, #8083, .T. ) ;
#6800 = LINE ( 'NONE', #8705, #772 ) ;
#6801 = DIRECTION ( 'NONE',  ( 0.7071067811865461294, 0.000000000000000000, -0.7071067811865489050 ) ) ;
#6802 = CARTESIAN_POINT ( 'NONE',  ( 1.250000000000000000, 0.2000000000000000111, -0.6000000000000003109 ) ) ;
#6803 = DIRECTION ( 'NONE',  ( 1.000000000000000000, 0.000000000000000000, 0.000000000000000000 ) ) ;
#6804 = ORIENTED_EDGE ( 'NONE', *, *, #6698, .T. ) ;
#6805 = VECTOR ( 'NONE', #3543, 1000.000000000000000 ) ;
#6806 = CARTESIAN_POINT ( 'NONE',  ( -0.1250000000000011935, 0.01000000000000005398, -0.9249999999999992673 ) ) ;
#6807 = DIRECTION ( 'NONE',  ( 0.7071067811865474617, 0.000000000000000000, 0.7071067811865476838 ) ) ;
#6808 = DIRECTION ( 'NONE',  ( 1.000000000000000000, -0.000000000000000000, 5.652677993300369151E-16 ) ) ;
#6809 = PLANE ( 'NONE',  #440 ) ;
#6810 = CARTESIAN_POINT ( 'NONE',  ( -1.250000000000000000, 0.9846177413237633402, 0.9249999999999991562 ) ) ;
#6811 = CARTESIAN_POINT ( 'NONE',  ( -0.8750000000000027756, 0.000000000000000000, 1.300000000000000266 ) ) ;
#6812 = AXIS2_PLACEMENT_3D ( 'NONE', #1900, #7197, #5408 ) ;
#6813 = ORIENTED_EDGE ( 'NONE', *, *, #9124, .F. ) ;
#6814 = ORIENTED_EDGE ( 'NONE', *, *, #10034, .F. ) ;
#6815 = ORIENTED_EDGE ( 'NONE', *, *, #6652, .T. ) ;
#6816 = DIRECTION ( 'NONE',  ( -1.292702590271169723E-14, 0.000000000000000000, -1.000000000000000000 ) ) ;
#6817 = DIRECTION ( 'NONE',  ( -1.000000000000000000, 0.000000000000000000, -8.340016711426957754E-17 ) ) ;
#6818 = VECTOR ( 'NONE', #5508, 1000.000000000000000 ) ;
#6819 = EDGE_CURVE ( 'NONE', #323, #9863, #10808, .T. ) ;
#6820 = AXIS2_PLACEMENT_3D ( 'NONE', #4287, #7753, #4173 ) ;
#6821 = LINE ( 'NONE', #7026, #7002 ) ;
#6822 = FACE_OUTER_BOUND ( 'NONE', #10820, .T. ) ;
#6823 = DIRECTION ( 'NONE',  ( -1.000000000000000000, 0.000000000000000000, -8.340016711426957754E-17 ) ) ;
#6824 = ORIENTED_EDGE ( 'NONE', *, *, #1625, .T. ) ;
#6825 = VECTOR ( 'NONE', #6479, 1000.000000000000000 ) ;
#6826 = DIRECTION ( 'NONE',  ( -0.000000000000000000, -1.000000000000000000, 0.000000000000000000 ) ) ;
#6827 = VERTEX_POINT ( 'NONE', #7905 ) ;
#6828 = EDGE_CURVE ( 'NONE', #7930, #9957, #2658, .T. ) ;
#6829 = AXIS2_PLACEMENT_3D ( 'NONE', #2372, #7616, #3396 ) ;
#6830 = ORIENTED_EDGE ( 'NONE', *, *, #9082, .F. ) ;
#6831 = FACE_OUTER_BOUND ( 'NONE', #3023, .T. ) ;
#6832 = CIRCLE ( 'NONE', #5343, 0.1000000000000000472 ) ;
#6833 = EDGE_LOOP ( 'NONE', ( #3223, #2508, #5382, #717 ) ) ;
#6834 = AXIS2_PLACEMENT_3D ( 'NONE', #4365, #5231, #6212 ) ;
#6835 = ORIENTED_EDGE ( 'NONE', *, *, #580, .F. ) ;
#6836 = CARTESIAN_POINT ( 'NONE',  ( 0.1250000000000013600, 0.01000000000000005398, -0.9249999999999992673 ) ) ;
#6837 = EDGE_CURVE ( 'NONE', #722, #8661, #7923, .T. ) ;
#6838 = VECTOR ( 'NONE', #1070, 1000.000000000000000 ) ;
#6839 = DIRECTION ( 'NONE',  ( -0.000000000000000000, -1.000000000000000000, 0.000000000000000000 ) ) ;
#6840 = EDGE_CURVE ( 'NONE', #7512, #7612, #7952, .T. ) ;
#6841 = PLANE ( 'NONE',  #6849 ) ;
#6842 = ORIENTED_EDGE ( 'NONE', *, *, #583, .T. ) ;
#6843 = EDGE_CURVE ( 'NONE', #5213, #5925, #3547, .T. ) ;
#6844 = VERTEX_POINT ( 'NONE', #9937 ) ;
#6845 = LINE ( 'NONE', #10375, #9902 ) ;
#6846 = VECTOR ( 'NONE', #3989, 1000.000000000000000 ) ;
#6847 = ORIENTED_EDGE ( 'NONE', *, *, #3337, .F. ) ;
#6848 = DIRECTION ( 'NONE',  ( 0.000000000000000000, -1.000000000000000000, 0.000000000000000000 ) ) ;
#6849 = AXIS2_PLACEMENT_3D ( 'NONE', #5040, #4988, #8573 ) ;
#6850 = ORIENTED_EDGE ( 'NONE', *, *, #792, .T. ) ;
#6851 = EDGE_LOOP ( 'NONE', ( #5676, #5050, #9567, #8783 ) ) ;
#6852 = DIRECTION ( 'NONE',  ( 0.000000000000000000, 0.000000000000000000, 1.000000000000000000 ) ) ;
#6853 = LINE ( 'NONE', #9457, #2422 ) ;
#6854 = CARTESIAN_POINT ( 'NONE',  ( 0.1500000000000252798, 0.01000000000000000021, -2.914835840644166666E-15 ) ) ;
#6855 = LINE ( 'NONE', #10435, #5923 ) ;
#6856 = ORIENTED_EDGE ( 'NONE', *, *, #5091, .T. ) ;
#6857 = VECTOR ( 'NONE', #10274, 1000.000000000000000 ) ;
#6858 = DIRECTION ( 'NONE',  ( 0.7071067811865504593, 0.000000000000000000, 0.7071067811865445751 ) ) ;
#6859 = DIRECTION ( 'NONE',  ( -1.000000000000000000, 0.000000000000000000, -8.340016711426957754E-17 ) ) ;
#6860 = EDGE_CURVE ( 'NONE', #3655, #10939, #10338, .T. ) ;
#6861 = DIRECTION ( 'NONE',  ( -1.000000000000000000, 0.000000000000000000, 1.000802005371233057E-15 ) ) ;
#6862 = ORIENTED_EDGE ( 'NONE', *, *, #2194, .T. ) ;
#6863 = EDGE_CURVE ( 'NONE', #8216, #7689, #8424, .T. ) ;
#6864 = AXIS2_PLACEMENT_3D ( 'NONE', #11411, #2003, #3669 ) ;
#6865 = PLANE ( 'NONE',  #9330 ) ;
#6866 = PLANE ( 'NONE',  #4062 ) ;
#6867 = CARTESIAN_POINT ( 'NONE',  ( 0.6250000000000008882, 0.01000000000000005398, 0.9999999999999991118 ) ) ;
#6868 = CARTESIAN_POINT ( 'NONE',  ( 0.9249999999999998224, 0.000000000000000000, 0.1249999999999998196 ) ) ;
#6869 = DIRECTION ( 'NONE',  ( 2.276824562219558365E-14, -1.776356839400251648E-15, 1.000000000000000000 ) ) ;
#6870 = VECTOR ( 'NONE', #4257, 1000.000000000000000 ) ;
#6871 = LINE ( 'NONE', #2487, #8624 ) ;
#6872 = VERTEX_POINT ( 'NONE', #5647 ) ;
#6873 = VERTEX_POINT ( 'NONE', #1210 ) ;
#6874 = AXIS2_PLACEMENT_3D ( 'NONE', #269, #3666, #3726 ) ;
#6875 = ORIENTED_EDGE ( 'NONE', *, *, #6487, .T. ) ;
#6876 = PLANE ( 'NONE',  #6936 ) ;
#6877 = DIRECTION ( 'NONE',  ( 1.000000000000000000, -3.552713678800503296E-15, 1.084202172485503961E-14 ) ) ;
#6878 = PLANE ( 'NONE',  #3990 ) ;
#6879 = DIRECTION ( 'NONE',  ( -1.000000000000000000, 0.000000000000000000, -8.340016711426957754E-17 ) ) ;
#6880 = ORIENTED_EDGE ( 'NONE', *, *, #7099, .F. ) ;
#6881 = DIRECTION ( 'NONE',  ( -0.000000000000000000, -1.000000000000000000, 0.000000000000000000 ) ) ;
#6882 = VECTOR ( 'NONE', #421, 1000.000000000000000 ) ;
#6883 = ORIENTED_EDGE ( 'NONE', *, *, #5634, .F. ) ;
#6884 = VERTEX_POINT ( 'NONE', #7324 ) ;
#6885 = DIRECTION ( 'NONE',  ( 8.340016711426957754E-17, -0.000000000000000000, -1.000000000000000000 ) ) ;
#6886 = EDGE_CURVE ( 'NONE', #3655, #3808, #2261, .T. ) ;
#6887 = ORIENTED_EDGE ( 'NONE', *, *, #7803, .T. ) ;
#6888 = VECTOR ( 'NONE', #3345, 1000.000000000000000 ) ;
#6889 = PLANE ( 'NONE',  #7919 ) ;
#6890 = ADVANCED_FACE ( 'NONE', ( #9071 ), #10984, .T. ) ;
#6891 = CARTESIAN_POINT ( 'NONE',  ( -0.9256884250419260551, 0.9500000000000000666, -0.8859432889494202046 ) ) ;
#6892 = CARTESIAN_POINT ( 'NONE',  ( 1.249999999999999778, 0.1999999999999999833, -1.124999999999999778 ) ) ;
#6893 = VERTEX_POINT ( 'NONE', #4725 ) ;
#6894 = DIRECTION ( 'NONE',  ( 1.309382623694023249E-14, -0.000000000000000000, -1.000000000000000000 ) ) ;
#6895 = EDGE_LOOP ( 'NONE', ( #4184, #2612, #8594, #3518, #7733, #5207, #11148, #2783 ) ) ;
#6896 = FACE_OUTER_BOUND ( 'NONE', #8009, .T. ) ;
#6897 = ORIENTED_EDGE ( 'NONE', *, *, #5838, .F. ) ;
#6898 = DIRECTION ( 'NONE',  ( 1.000000000000000000, 0.000000000000000000, 8.340016711426957754E-17 ) ) ;
#6899 = ADVANCED_FACE ( 'NONE', ( #9180 ), #1267, .T. ) ;
#6900 = VERTEX_POINT ( 'NONE', #7441 ) ;
#6901 = ORIENTED_EDGE ( 'NONE', *, *, #7349, .T. ) ;
#6902 = DIRECTION ( 'NONE',  ( -0.000000000000000000, -1.000000000000000000, 0.000000000000000000 ) ) ;
#6903 = CARTESIAN_POINT ( 'NONE',  ( 0.3750000000000009992, 0.01000000000000005398, -1.224999999999999867 ) ) ;
#6904 = DIRECTION ( 'NONE',  ( 0.000000000000000000, -1.000000000000000000, 0.000000000000000000 ) ) ;
#6905 = PLANE ( 'NONE',  #3336 ) ;
#6906 = ORIENTED_EDGE ( 'NONE', *, *, #7073, .F. ) ;
#6907 = CARTESIAN_POINT ( 'NONE',  ( -0.9249999999999998224, 0.7590169943749472958, 0.3749999999999998335 ) ) ;
#6908 = DIRECTION ( 'NONE',  ( 1.000000000000000000, 0.000000000000000000, 0.000000000000000000 ) ) ;
#6909 = CARTESIAN_POINT ( 'NONE',  ( 1.300000000000000044, 0.000000000000000000, 1.149999999999999023 ) ) ;
#6910 = CARTESIAN_POINT ( 'NONE',  ( -1.300000000000000266, 0.000000000000000000, -1.149999999999998801 ) ) ;
#6911 = ORIENTED_EDGE ( 'NONE', *, *, #798, .T. ) ;
#6912 = CARTESIAN_POINT ( 'NONE',  ( -1.225000000000000089, 0.7590169943749474069, -0.1250000000000001110 ) ) ;
#6913 = FACE_OUTER_BOUND ( 'NONE', #4644, .T. ) ;
#6914 = CARTESIAN_POINT ( 'NONE',  ( 0.6250000000000011102, 0.000000000000000000, -1.299999999999999822 ) ) ;
#6915 = LINE ( 'NONE', #5880, #82 ) ;
#6916 = EDGE_CURVE ( 'NONE', #6646, #2510, #6573, .T. ) ;
#6917 = DIRECTION ( 'NONE',  ( 1.000000000000000000, -0.000000000000000000, 8.340016711426957754E-17 ) ) ;
#6918 = DIRECTION ( 'NONE',  ( -1.362202729533067540E-15, 0.000000000000000000, -1.000000000000000000 ) ) ;
#6919 = ORIENTED_EDGE ( 'NONE', *, *, #1529, .T. ) ;
#6920 = VECTOR ( 'NONE', #7093, 1000.000000000000000 ) ;
#6921 = ORIENTED_EDGE ( 'NONE', *, *, #10739, .T. ) ;
#6922 = ADVANCED_FACE ( 'NONE', ( #2025 ), #10868, .F. ) ;
#6923 = ORIENTED_EDGE ( 'NONE', *, *, #121, .F. ) ;
#6924 = DIRECTION ( 'NONE',  ( 0.000000000000000000, -1.000000000000000000, 0.000000000000000000 ) ) ;
#6925 = DIRECTION ( 'NONE',  ( 0.000000000000000000, 1.000000000000000000, 0.000000000000000000 ) ) ;
#6926 = CYLINDRICAL_SURFACE ( 'NONE', #1478, 0.1250000000000000000 ) ;
#6927 = CARTESIAN_POINT ( 'NONE',  ( 1.224999999999999645, 0.9846177413237633402, -1.149999999999999911 ) ) ;
#6928 = AXIS2_PLACEMENT_3D ( 'NONE', #8876, #7076, #6908 ) ;
#6929 = CARTESIAN_POINT ( 'NONE',  ( 1.224999999999999645, 0.01000000000000005398, -0.8999999999999991340 ) ) ;
#6930 =( LENGTH_UNIT ( ) NAMED_UNIT ( * ) SI_UNIT ( .MILLI., .METRE. ) );
#6931 = PLANE ( 'NONE',  #10296 ) ;
#6932 = DIRECTION ( 'NONE',  ( 0.7071067811865439090, -0.000000000000000000, 0.7071067811865512365 ) ) ;
#6933 = ORIENTED_EDGE ( 'NONE', *, *, #4527, .F. ) ;
#6934 = VERTEX_POINT ( 'NONE', #6462 ) ;
#6935 = CARTESIAN_POINT ( 'NONE',  ( -1.250000000000000000, 0.2000000000000000111, 0.5999999999999998668 ) ) ;
#6936 = AXIS2_PLACEMENT_3D ( 'NONE', #9532, #6003, #1390 ) ;
#6937 = EDGE_CURVE ( 'NONE', #5655, #10865, #9996, .T. ) ;
#6938 = ORIENTED_EDGE ( 'NONE', *, *, #4028, .T. ) ;
#6939 = CARTESIAN_POINT ( 'NONE',  ( 1.225000000000000089, 0.1999999999999999833, 0.1249999999999997363 ) ) ;
#6940 = LINE ( 'NONE', #4231, #1722 ) ;
#6941 = PLANE ( 'NONE',  #5357 ) ;
#6942 = ORIENTED_EDGE ( 'NONE', *, *, #8994, .F. ) ;
#6943 = LINE ( 'NONE', #9233, #1082 ) ;
#6944 = CARTESIAN_POINT ( 'NONE',  ( -1.300000000000000266, 0.01000000000000000021, 1.300000000000000044 ) ) ;
#6945 = ORIENTED_EDGE ( 'NONE', *, *, #3027, .T. ) ;
#6946 = CARTESIAN_POINT ( 'NONE',  ( 0.1250000000000013600, 0.1999999999999999833, -0.9249999999999992673 ) ) ;
#6947 = ORIENTED_EDGE ( 'NONE', *, *, #7096, .T. ) ;
#6948 = VECTOR ( 'NONE', #6542, 1000.000000000000000 ) ;
#6949 = ORIENTED_EDGE ( 'NONE', *, *, #6340, .T. ) ;
#6950 = DIRECTION ( 'NONE',  ( 0.000000000000000000, -1.000000000000000000, 0.000000000000000000 ) ) ;
#6951 = DIRECTION ( 'NONE',  ( 0.000000000000000000, -1.000000000000000000, 0.000000000000000000 ) ) ;
#6952 = DIRECTION ( 'NONE',  ( 1.000000000000000000, 0.000000000000000000, -1.000802005371233057E-15 ) ) ;
#6953 = EDGE_CURVE ( 'NONE', #8144, #2682, #2446, .T. ) ;
#6954 = FACE_OUTER_BOUND ( 'NONE', #3541, .T. ) ;
#6955 = ORIENTED_EDGE ( 'NONE', *, *, #2102, .F. ) ;
#6956 = VECTOR ( 'NONE', #8906, 1000.000000000000114 ) ;
#6957 = CARTESIAN_POINT ( 'NONE',  ( 0.3500000000000010325, 0.1999999999999999833, -1.249999999999999778 ) ) ;
#6958 = VECTOR ( 'NONE', #3363, 1000.000000000000000 ) ;
#6959 = DIRECTION ( 'NONE',  ( -0.000000000000000000, -1.000000000000000000, 0.000000000000000000 ) ) ;
#6960 = AXIS2_PLACEMENT_3D ( 'NONE', #8828, #2763, #6285 ) ;
#6961 = LINE ( 'NONE', #5277, #3916 ) ;
#6962 = EDGE_CURVE ( 'NONE', #11003, #7383, #5336, .T. ) ;
#6963 = DIRECTION ( 'NONE',  ( 8.340016711426957754E-17, -0.000000000000000000, -1.000000000000000000 ) ) ;
#6964 = EDGE_CURVE ( 'NONE', #6999, #9094, #9300, .T. ) ;
#6965 = ORIENTED_EDGE ( 'NONE', *, *, #9524, .T. ) ;
#6966 = DIRECTION ( 'NONE',  ( -0.000000000000000000, -1.000000000000000000, 0.000000000000000000 ) ) ;
#6967 = AXIS2_PLACEMENT_3D ( 'NONE', #7021, #8708, #789 ) ;
#6968 = DIRECTION ( 'NONE',  ( -1.000000000000000000, 0.000000000000000000, 2.085004177856743210E-15 ) ) ;
#6969 = DIRECTION ( 'NONE',  ( 1.000000000000000000, 0.000000000000000000, 1.417802840942572903E-14 ) ) ;
#6970 = ADVANCED_FACE ( 'NONE', ( #8375 ), #3977, .T. ) ;
#6971 = DIRECTION ( 'NONE',  ( 0.7071067811865459074, 0.000000000000000000, 0.7071067811865491270 ) ) ;
#6972 = CARTESIAN_POINT ( 'NONE',  ( -0.6250000000000007772, 0.01000000000000005398, -0.9999999999999991118 ) ) ;
#6973 = EDGE_CURVE ( 'NONE', #1863, #1731, #4900, .T. ) ;
#6974 = ORIENTED_EDGE ( 'NONE', *, *, #513, .F. ) ;
#6975 = ORIENTED_EDGE ( 'NONE', *, *, #5271, .F. ) ;
#6976 = AXIS2_PLACEMENT_3D ( 'NONE', #6766, #6932, #7688 ) ;
#6977 = EDGE_LOOP ( 'NONE', ( #1451, #2269, #1264, #9605 ) ) ;
#6978 = FACE_OUTER_BOUND ( 'NONE', #4320, .T. ) ;
#6979 = LINE ( 'NONE', #10512, #3900 ) ;
#6980 = DIRECTION ( 'NONE',  ( 1.000000000000000000, -0.000000000000000000, 1.959903927185304452E-14 ) ) ;
#6981 = CARTESIAN_POINT ( 'NONE',  ( 0.8750000000000009992, 0.01000000000000005398, -1.225000000000005196 ) ) ;
#6982 =( NAMED_UNIT ( * ) PLANE_ANGLE_UNIT ( ) SI_UNIT ( $, .RADIAN. ) );
#6983 = LINE ( 'NONE', #10520, #2368 ) ;
#6984 = VECTOR ( 'NONE', #1311, 1000.000000000000000 ) ;
#6985 = VECTOR ( 'NONE', #6688, 1000.000000000000000 ) ;
#6986 = CARTESIAN_POINT ( 'NONE',  ( -0.9256884250419260551, 1.050000000000000044, -0.8859432889494202046 ) ) ;
#6987 = ORIENTED_EDGE ( 'NONE', *, *, #4414, .F. ) ;
#6988 = EDGE_CURVE ( 'NONE', #8050, #8465, #2736, .T. ) ;
#6989 = EDGE_LOOP ( 'NONE', ( #6317, #8126, #10597, #5718 ) ) ;
#6990 = LINE ( 'NONE', #7638, #8260 ) ;
#6991 = ADVANCED_FACE ( 'NONE', ( #3288 ), #11206, .T. ) ;
#6992 = AXIS2_PLACEMENT_3D ( 'NONE', #375, #3893, #7413 ) ;
#6993 = ORIENTED_EDGE ( 'NONE', *, *, #3297, .T. ) ;
#6994 = EDGE_CURVE ( 'NONE', #9280, #836, #9606, .T. ) ;
#6995 = CARTESIAN_POINT ( 'NONE',  ( 0.1499999999999998002, 0.1000000000000001166, 1.300000000000000488 ) ) ;
#6996 = AXIS2_PLACEMENT_3D ( 'NONE', #3461, #6005, #8608 ) ;
#6997 = CARTESIAN_POINT ( 'NONE',  ( -0.8000000000000001554, 0.2000000000000000111, -1.751403509399661104E-16 ) ) ;
#6998 = CARTESIAN_POINT ( 'NONE',  ( 1.300000000000000044, 0.1999999999999999833, -0.6000000000000004219 ) ) ;
#6999 = VERTEX_POINT ( 'NONE', #5011 ) ;
#7000 = VECTOR ( 'NONE', #9796, 1000.000000000000000 ) ;
#7001 = LINE ( 'NONE', #5384, #4776 ) ;
#7002 = VECTOR ( 'NONE', #10295, 1000.000000000000000 ) ;
#7003 = ORIENTED_EDGE ( 'NONE', *, *, #4847, .T. ) ;
#7004 = LINE ( 'NONE', #5156, #125 ) ;
#7005 = VERTEX_POINT ( 'NONE', #5822 ) ;
#7006 = CARTESIAN_POINT ( 'NONE',  ( -1.300000000000000266, 0.01000000000000000021, 1.300000000000000044 ) ) ;
#7007 = VECTOR ( 'NONE', #11422, 1000.000000000000000 ) ;
#7008 = VERTEX_POINT ( 'NONE', #10281 ) ;
#7009 = AXIS2_PLACEMENT_3D ( 'NONE', #335, #3968, #10045 ) ;
#7010 = VERTEX_POINT ( 'NONE', #11100 ) ;
#7011 = DIRECTION ( 'NONE',  ( 0.000000000000000000, -1.000000000000000000, 0.000000000000000000 ) ) ;
#7012 = LINE ( 'NONE', #5217, #7572 ) ;
#7013 = FACE_OUTER_BOUND ( 'NONE', #7963, .T. ) ;
#7014 = CARTESIAN_POINT ( 'NONE',  ( 1.199999999999999734, 0.000000000000000000, -1.149999999999999689 ) ) ;
#7015 = ORIENTED_EDGE ( 'NONE', *, *, #6006, .T. ) ;
#7016 = VECTOR ( 'NONE', #1481, 1000.000000000000000 ) ;
#7017 = LINE ( 'NONE', #8061, #7420 ) ;
#7018 = CARTESIAN_POINT ( 'NONE',  ( -0.1999999999999987899, 0.2000000000000000944, -0.5000000000000005551 ) ) ;
#7019 = VECTOR ( 'NONE', #5273, 1000.000000000000000 ) ;
#7020 = DIRECTION ( 'NONE',  ( 0.000000000000000000, 1.000000000000000000, 0.000000000000000000 ) ) ;
#7021 = CARTESIAN_POINT ( 'NONE',  ( -0.8500000000000010880, 0.1999999999999999833, 1.250000000000005107 ) ) ;
#7022 = ORIENTED_EDGE ( 'NONE', *, *, #9328, .F. ) ;
#7023 = ADVANCED_FACE ( 'NONE', ( #9577 ), #1553, .T. ) ;
#7024 = DIRECTION ( 'NONE',  ( 0.000000000000000000, -1.000000000000000000, 0.000000000000000000 ) ) ;
#7025 = DIRECTION ( 'NONE',  ( -1.000000000000000000, 0.000000000000000000, -8.340016711426957754E-17 ) ) ;
#7026 = CARTESIAN_POINT ( 'NONE',  ( 0.8500000000000008660, 0.9846177413237633402, 1.250000000000005107 ) ) ;
#7027 = FACE_OUTER_BOUND ( 'NONE', #6145, .T. ) ;
#7028 = EDGE_CURVE ( 'NONE', #2724, #8259, #8597, .T. ) ;
#7029 = PLANE ( 'NONE',  #1922 ) ;
#7030 = DIRECTION ( 'NONE',  ( 1.000000000000000000, 0.000000000000000000, 8.340016711426957754E-17 ) ) ;
#7031 = DIRECTION ( 'NONE',  ( -0.7071067811865451302, 0.000000000000000000, -0.7071067811865499042 ) ) ;
#7032 = EDGE_LOOP ( 'NONE', ( #3529, #3112, #770, #6814, #8979, #5844, #4321, #7072 ) ) ;
#7033 = PRESENTATION_LAYER_ASSIGNMENT (  '', '', ( #593 ) ) ;
#7034 = EDGE_LOOP ( 'NONE', ( #4056, #10981, #5633, #4964 ) ) ;
#7035 = EDGE_CURVE ( 'NONE', #11173, #5837, #1659, .T. ) ;
#7036 = VERTEX_POINT ( 'NONE', #5177 ) ;
#7037 = LINE ( 'NONE', #2546, #5252 ) ;
#7038 = ADVANCED_FACE ( 'NONE', ( #6913 ), #10445, .T. ) ;
#7039 = CARTESIAN_POINT ( 'NONE',  ( -1.224999999999999645, 0.1999999999999999833, -0.8999999999999993561 ) ) ;
#7040 = LINE ( 'NONE', #2494, #7493 ) ;
#7041 = AXIS2_PLACEMENT_3D ( 'NONE', #1947, #2636, #8874 ) ;
#7042 = CARTESIAN_POINT ( 'NONE',  ( -0.8749999999999990008, 0.9846177413237633402, -1.149999999999999911 ) ) ;
#7043 = CYLINDRICAL_SURFACE ( 'NONE', #48, 0.1250000000000000000 ) ;
#7044 = DIRECTION ( 'NONE',  ( -1.000000000000000000, 0.000000000000000000, -8.340016711426957754E-17 ) ) ;
#7045 = LINE ( 'NONE', #6234, #4396 ) ;
#7046 = ORIENTED_EDGE ( 'NONE', *, *, #2530, .T. ) ;
#7047 = AXIS2_PLACEMENT_3D ( 'NONE', #4590, #214, #9910 ) ;
#7048 = ORIENTED_EDGE ( 'NONE', *, *, #11352, .T. ) ;
#7049 = DIRECTION ( 'NONE',  ( -1.000000000000000000, 0.000000000000000000, -8.340016711426957754E-17 ) ) ;
#7050 = ORIENTED_EDGE ( 'NONE', *, *, #2809, .F. ) ;
#7051 = EDGE_LOOP ( 'NONE', ( #10625, #8104, #10007, #8035, #528 ) ) ;
#7052 = CARTESIAN_POINT ( 'NONE',  ( -0.1500000000000009936, 0.1999999999999999833, 1.249999999999999556 ) ) ;
#7053 = DIRECTION ( 'NONE',  ( 0.7071067811865457964, 0.000000000000000000, 0.7071067811865492381 ) ) ;
#7054 = DIRECTION ( 'NONE',  ( -8.340016711426957754E-17, -0.000000000000000000, 1.000000000000000000 ) ) ;
#7055 = DIRECTION ( 'NONE',  ( -0.7071067811865504593, 0.000000000000000000, -0.7071067811865445751 ) ) ;
#7056 = ORIENTED_EDGE ( 'NONE', *, *, #1784, .F. ) ;
#7057 = EDGE_CURVE ( 'NONE', #6030, #2779, #685, .T. ) ;
#7058 = CARTESIAN_POINT ( 'NONE',  ( -0.3750000000000026645, 0.01000000000000000021, 5.108260235749040251E-16 ) ) ;
#7059 = ORIENTED_EDGE ( 'NONE', *, *, #848, .T. ) ;
#7060 = EDGE_CURVE ( 'NONE', #4133, #1197, #1670, .T. ) ;
#7061 = FACE_OUTER_BOUND ( 'NONE', #8681, .T. ) ;
#7062 = ORIENTED_EDGE ( 'NONE', *, *, #10236, .T. ) ;
#7063 = CARTESIAN_POINT ( 'NONE',  ( 0.3500000000000000888, 0.1999999999999999833, 1.300000000000000266 ) ) ;
#7064 = AXIS2_PLACEMENT_3D ( 'NONE', #4956, #3925, #7445 ) ;
#7065 = VERTEX_POINT ( 'NONE', #4954 ) ;
#7066 = ORIENTED_EDGE ( 'NONE', *, *, #5529, .F. ) ;
#7067 = EDGE_CURVE ( 'NONE', #944, #6893, #8485, .T. ) ;
#7068 = LINE ( 'NONE', #4247, #3310 ) ;
#7069 = CARTESIAN_POINT ( 'NONE',  ( -1.300000000000000266, 0.000000000000000000, -1.149999999999998801 ) ) ;
#7070 = CARTESIAN_POINT ( 'NONE',  ( 1.300000000000000044, 0.2000000000000000111, -0.1000000000000003664 ) ) ;
#7071 = LINE ( 'NONE', #8986, #209 ) ;
#7072 = ORIENTED_EDGE ( 'NONE', *, *, #10114, .F. ) ;
#7073 = EDGE_CURVE ( 'NONE', #7808, #6488, #3343, .T. ) ;
#7074 = CYLINDRICAL_SURFACE ( 'NONE', #6864, 0.1000000000000000472 ) ;
#7075 = VECTOR ( 'NONE', #3795, 1000.000000000000114 ) ;
#7076 = DIRECTION ( 'NONE',  ( 0.000000000000000000, -1.000000000000000000, 0.000000000000000000 ) ) ;
#7077 = DIRECTION ( 'NONE',  ( -1.087828266707871075E-17, 0.000000000000000000, -1.000000000000000000 ) ) ;
#7078 = ADVANCED_FACE ( 'NONE', ( #5877 ), #6866, .T. ) ;
#7079 =( NAMED_UNIT ( * ) PLANE_ANGLE_UNIT ( ) SI_UNIT ( $, .RADIAN. ) );
#7080 = ORIENTED_EDGE ( 'NONE', *, *, #2054, .F. ) ;
#7081 = FACE_OUTER_BOUND ( 'NONE', #7679, .T. ) ;
#7082 = CARTESIAN_POINT ( 'NONE',  ( 1.300000000000000044, 0.009999999999999998473, 0.5999999999999998668 ) ) ;
#7083 = CARTESIAN_POINT ( 'NONE',  ( -1.300000000000000044, 0.1999999999999999833, -1.124999999999999334 ) ) ;
#7084 = CARTESIAN_POINT ( 'NONE',  ( -0.1500000000000007716, 0.01000000000000005398, -1.249999999999999556 ) ) ;
#7085 = CARTESIAN_POINT ( 'NONE',  ( 0.3750000000000012768, 0.1999999999999999833, 0.9249999999999994893 ) ) ;
#7086 = LINE ( 'NONE', #4266, #978 ) ;
#7087 = ADVANCED_FACE ( 'NONE', ( #11157 ), #3230, .F. ) ;
#7088 = FACE_OUTER_BOUND ( 'NONE', #204, .T. ) ;
#7089 = ORIENTED_EDGE ( 'NONE', *, *, #2185, .F. ) ;
#7090 = EDGE_LOOP ( 'NONE', ( #761, #6112, #2283, #10304 ) ) ;
#7091 = ADVANCED_FACE ( 'NONE', ( #6749 ), #4148, .T. ) ;
#7092 = ORIENTED_EDGE ( 'NONE', *, *, #1186, .T. ) ;
#7093 = DIRECTION ( 'NONE',  ( -1.309382623694023249E-14, 0.000000000000000000, 1.000000000000000000 ) ) ;
#7094 = LINE ( 'NONE', #4555, #10706 ) ;
#7095 = DIRECTION ( 'NONE',  ( -0.000000000000000000, -1.000000000000000000, 0.000000000000000000 ) ) ;
#7096 = EDGE_CURVE ( 'NONE', #8760, #8422, #4262, .T. ) ;
#7097 = CARTESIAN_POINT ( 'NONE',  ( -1.250000000000000000, 0.08660254037844400399, 0.9249999999999991562 ) ) ;
#7098 = DIRECTION ( 'NONE',  ( -1.000000000000000000, 0.000000000000000000, 1.401122807519719377E-14 ) ) ;
#7099 = EDGE_CURVE ( 'NONE', #995, #365, #8943, .T. ) ;
#7100 = VECTOR ( 'NONE', #7954, 1000.000000000000000 ) ;
#7101 = PLANE ( 'NONE',  #4585 ) ;
#7102 = ORIENTED_EDGE ( 'NONE', *, *, #5548, .F. ) ;
#7103 = EDGE_CURVE ( 'NONE', #2114, #5979, #2963, .T. ) ;
#7104 = ORIENTED_EDGE ( 'NONE', *, *, #6340, .F. ) ;
#7105 = CARTESIAN_POINT ( 'NONE',  ( -1.250000000000000000, 0.009999999999999998473, -0.1000000000000001582 ) ) ;
#7106 = ADVANCED_FACE ( 'NONE', ( #7893 ), #969, .F. ) ;
#7107 = EDGE_LOOP ( 'NONE', ( #11283, #7772, #2597, #8360, #2572, #2970, #9772, #3658, #10595 ) ) ;
#7108 = VERTEX_POINT ( 'NONE', #7082 ) ;
#7109 = PLANE ( 'NONE',  #9801 ) ;
#7110 = VECTOR ( 'NONE', #791, 1000.000000000000114 ) ;
#7111 = CARTESIAN_POINT ( 'NONE',  ( -1.225000000000000089, 0.2000000000000000111, -0.6250000000000001110 ) ) ;
#7112 = CARTESIAN_POINT ( 'NONE',  ( -0.7250000000000010880, 0.01000000000000005398, 0.8999999999999990230 ) ) ;
#7113 = ORIENTED_EDGE ( 'NONE', *, *, #10430, .T. ) ;
#7114 = ADVANCED_FACE ( 'NONE', ( #1721 ), #8996, .F. ) ;
#7115 = DIRECTION ( 'NONE',  ( 1.000000000000000000, 0.000000000000000000, 1.167602339599772458E-15 ) ) ;
#7116 = EDGE_CURVE ( 'NONE', #2451, #1105, #7198, .T. ) ;
#7117 = ORIENTED_EDGE ( 'NONE', *, *, #1635, .T. ) ;
#7118 = AXIS2_PLACEMENT_3D ( 'NONE', #7831, #3498, #9686 ) ;
#7119 = CARTESIAN_POINT ( 'NONE',  ( 1.300000000000000044, 0.9846177413237633402, -0.9249999999999997113 ) ) ;
#7120 = ORIENTED_EDGE ( 'NONE', *, *, #8101, .T. ) ;
#7121 = DIRECTION ( 'NONE',  ( 0.7071067811865445751, 0.000000000000000000, -0.7071067811865504593 ) ) ;
#7122 = ORIENTED_EDGE ( 'NONE', *, *, #8790, .T. ) ;
#7123 = CARTESIAN_POINT ( 'NONE',  ( -0.9249999999999998224, 0.7590169943749474069, -0.6250000000000002220 ) ) ;
#7124 = ORIENTED_EDGE ( 'NONE', *, *, #3337, .T. ) ;
#7125 = ADVANCED_FACE ( 'NONE', ( #10676 ), #56, .T. ) ;
#7126 = LINE ( 'NONE', #2917, #8659 ) ;
#7127 = CYLINDRICAL_SURFACE ( 'NONE', #10702, 0.1250000000000000000 ) ;
#7128 = VECTOR ( 'NONE', #4385, 1000.000000000000000 ) ;
#7129 = FACE_OUTER_BOUND ( 'NONE', #8409, .T. ) ;
#7130 = DIRECTION ( 'NONE',  ( 8.340016711426957754E-17, 0.000000000000000000, -1.000000000000000000 ) ) ;
#7131 = ORIENTED_EDGE ( 'NONE', *, *, #11286, .F. ) ;
#7132 = FACE_OUTER_BOUND ( 'NONE', #7889, .T. ) ;
#7133 =( LENGTH_UNIT ( ) NAMED_UNIT ( * ) SI_UNIT ( .MILLI., .METRE. ) );
#7134 = CARTESIAN_POINT ( 'NONE',  ( -1.250000000000000000, 0.1999999999999999833, 0.5999999999999998668 ) ) ;
#7135 = CIRCLE ( 'NONE', #6216, 0.1000000000000000472 ) ;
#7136 = VERTEX_POINT ( 'NONE', #1839 ) ;
#7137 = ORIENTED_EDGE ( 'NONE', *, *, #6682, .F. ) ;
#7138 = EDGE_CURVE ( 'NONE', #6028, #10991, #5468, .T. ) ;
#7139 = LINE ( 'NONE', #9576, #5073 ) ;
#7140 = EDGE_CURVE ( 'NONE', #3994, #3748, #2700, .T. ) ;
#7141 = LINE ( 'NONE', #4429, #4623 ) ;
#7142 = VECTOR ( 'NONE', #5069, 1000.000000000000000 ) ;
#7143 = FACE_OUTER_BOUND ( 'NONE', #6623, .T. ) ;
#7144 = LINE ( 'NONE', #8945, #2967 ) ;
#7145 = VECTOR ( 'NONE', #7121, 1000.000000000000000 ) ;
#7146 = DIRECTION ( 'NONE',  ( -0.000000000000000000, -1.000000000000000000, 0.000000000000000000 ) ) ;
#7147 = VECTOR ( 'NONE', #3401, 1000.000000000000000 ) ;
#7148 = CARTESIAN_POINT ( 'NONE',  ( -0.8678146965443250815, 0.07429115107872720503, 1.232185303455681336 ) ) ;
#7149 = ORIENTED_EDGE ( 'NONE', *, *, #1860, .T. ) ;
#7150 = VERTEX_POINT ( 'NONE', #1079 ) ;
#7151 = VECTOR ( 'NONE', #9318, 1000.000000000000000 ) ;
#7152 = ORIENTED_EDGE ( 'NONE', *, *, #260, .T. ) ;
#7153 = LINE ( 'NONE', #5537, #1955 ) ;
#7154 = CARTESIAN_POINT ( 'NONE',  ( 1.300000000000000044, 0.2000000000000000111, 0.3999999999999996336 ) ) ;
#7155 = CARTESIAN_POINT ( 'NONE',  ( -1.225000000000000089, 0.1999999999999999833, -0.6250000000000001110 ) ) ;
#7156 = LINE ( 'NONE', #2947, #9850 ) ;
#7157 = CARTESIAN_POINT ( 'NONE',  ( -0.3750000000000006661, 0.000000000000000000, -1.299999999999999822 ) ) ;
#7158 = DIRECTION ( 'NONE',  ( -0.7071067811865459074, 0.000000000000000000, -0.7071067811865491270 ) ) ;
#7159 = DIRECTION ( 'NONE',  ( -0.000000000000000000, -1.000000000000000000, 0.000000000000000000 ) ) ;
#7160 = ORIENTED_EDGE ( 'NONE', *, *, #10568, .F. ) ;
#7161 = ORIENTED_EDGE ( 'NONE', *, *, #3440, .T. ) ;
#7162 = CARTESIAN_POINT ( 'NONE',  ( 0.9249999999999998224, 0.000000000000000000, 0.6249999999999997780 ) ) ;
#7163 = ORIENTED_EDGE ( 'NONE', *, *, #8283, .T. ) ;
#7164 = EDGE_CURVE ( 'NONE', #7381, #33, #3446, .T. ) ;
#7165 = ORIENTED_EDGE ( 'NONE', *, *, #4180, .T. ) ;
#7166 = CARTESIAN_POINT ( 'NONE',  ( -0.9249999999999998224, 0.7590169943749474069, 0.1249999999999998612 ) ) ;
#7167 = AXIS2_PLACEMENT_3D ( 'NONE', #1453, #3359, #8565 ) ;
#7168 = CARTESIAN_POINT ( 'NONE',  ( -0.1250000000000022482, 0.01000000000000000021, 1.251002506714064001E-16 ) ) ;
#7169 = CARTESIAN_POINT ( 'NONE',  ( 0.6250000000000011102, 0.01000000000000005398, -1.225000000000004974 ) ) ;
#7170 =( NAMED_UNIT ( * ) SI_UNIT ( $, .STERADIAN. ) SOLID_ANGLE_UNIT ( ) );
#7171 = ORIENTED_EDGE ( 'NONE', *, *, #5988, .F. ) ;
#7172 = EDGE_CURVE ( 'NONE', #8643, #7625, #7955, .T. ) ;
#7173 = CARTESIAN_POINT ( 'NONE',  ( -1.300000000000000044, 0.1999999999999999833, 0.09999999999999993616 ) ) ;
#7174 = EDGE_LOOP ( 'NONE', ( #10509, #10288, #952, #10704, #2499, #4293, #4991, #7658 ) ) ;
#7175 = CARTESIAN_POINT ( 'NONE',  ( -0.3500000000000000888, 0.1999999999999999833, -1.300000000000000266 ) ) ;
#7176 = ORIENTED_EDGE ( 'NONE', *, *, #1161, .F. ) ;
#7177 = CARTESIAN_POINT ( 'NONE',  ( -0.3500000000000003109, 0.1999999999999999833, 1.300000000000000266 ) ) ;
#7178 = VECTOR ( 'NONE', #10723, 1000.000000000000000 ) ;
#7179 = ORIENTED_EDGE ( 'NONE', *, *, #5424, .F. ) ;
#7180 = EDGE_CURVE ( 'NONE', #4123, #153, #3565, .T. ) ;
#7181 = ORIENTED_EDGE ( 'NONE', *, *, #10204, .F. ) ;
#7182 = ADVANCED_FACE ( 'NONE', ( #6278 ), #8886, .T. ) ;
#7183 = CARTESIAN_POINT ( 'NONE',  ( -0.2500000000000012768, 0.9846177413237633402, -0.9249999999999997113 ) ) ;
#7184 = CARTESIAN_POINT ( 'NONE',  ( -1.300000000000000266, 0.01000000000000000021, 1.300000000000000044 ) ) ;
#7185 = CARTESIAN_POINT ( 'NONE',  ( 0.8749999999999990008, 0.01000000000000005398, 1.149999999999999911 ) ) ;
#7186 = CARTESIAN_POINT ( 'NONE',  ( -1.300000000000000044, 0.9846177413237633402, -0.9249999999999999334 ) ) ;
#7187 = ORIENTED_EDGE ( 'NONE', *, *, #6768, .F. ) ;
#7188 = VECTOR ( 'NONE', #10242, 1000.000000000000000 ) ;
#7189 = CARTESIAN_POINT ( 'NONE',  ( -0.8750000000000007772, 0.9846177413237633402, -1.225000000000005196 ) ) ;
#7190 = VECTOR ( 'NONE', #3802, 1000.000000000000000 ) ;
#7191 = CARTESIAN_POINT ( 'NONE',  ( -1.300000000000000044, 0.1999999999999999833, 0.3999999999999998557 ) ) ;
#7192 = DIRECTION ( 'NONE',  ( -0.000000000000000000, -1.000000000000000000, 0.000000000000000000 ) ) ;
#7193 = AXIS2_PLACEMENT_3D ( 'NONE', #8712, #795, #5470 ) ;
#7194 = VERTEX_POINT ( 'NONE', #9810 ) ;
#7195 = VECTOR ( 'NONE', #649, 1000.000000000000000 ) ;
#7196 = EDGE_LOOP ( 'NONE', ( #2613, #6197, #1758, #5726 ) ) ;
#7197 = DIRECTION ( 'NONE',  ( 0.000000000000000000, -1.000000000000000000, 0.000000000000000000 ) ) ;
#7198 = LINE ( 'NONE', #9866, #6656 ) ;
#7199 = VECTOR ( 'NONE', #8012, 1000.000000000000000 ) ;
#7200 = DIRECTION ( 'NONE',  ( 8.340016711426957754E-17, 0.000000000000000000, -1.000000000000000000 ) ) ;
#7201 = CARTESIAN_POINT ( 'NONE',  ( -0.1250000000000022482, 0.01000000000000000021, -1.459502924499741458E-16 ) ) ;
#7202 = VECTOR ( 'NONE', #8472, 1000.000000000000000 ) ;
#7203 = CARTESIAN_POINT ( 'NONE',  ( 0.7250000000000009770, 0.01000000000000005398, 0.8999999999999993561 ) ) ;
#7204 = CARTESIAN_POINT ( 'NONE',  ( 0.3750000000000013878, 0.1999999999999999833, -0.9249999999999994893 ) ) ;
#7205 = EDGE_CURVE ( 'NONE', #484, #9283, #7141, .T. ) ;
#7206 = CARTESIAN_POINT ( 'NONE',  ( -0.4999999999999996669, 1.614213562373095323, -0.5000000000000005551 ) ) ;
#7207 = VERTEX_POINT ( 'NONE', #1023 ) ;
#7208 = ADVANCED_FACE ( 'NONE', ( #10499 ), #2588, .F. ) ;
#7209 = AXIS2_PLACEMENT_3D ( 'NONE', #4472, #3605, #1883 ) ;
#7210 = ORIENTED_EDGE ( 'NONE', *, *, #331, .T. ) ;
#7211 = VECTOR ( 'NONE', #8042, 1000.000000000000000 ) ;
#7212 = VERTEX_POINT ( 'NONE', #6162 ) ;
#7213 = PLANE ( 'NONE',  #6552 ) ;
#7214 = DIRECTION ( 'NONE',  ( -1.417802840942572903E-14, 0.000000000000000000, 1.000000000000000000 ) ) ;
#7215 = UNCERTAINTY_MEASURE_WITH_UNIT (LENGTH_MEASURE( 1.000000000000000082E-05 ), #5401, 'distance_accuracy_value', 'NONE');
#7216 = DIRECTION ( 'NONE',  ( -0.7071067811865461294, 0.000000000000000000, 0.7071067811865489050 ) ) ;
#7217 = CARTESIAN_POINT ( 'NONE',  ( -0.6250000000000008882, 0.000000000000000000, -1.199999999999999734 ) ) ;
#7218 = DIRECTION ( 'NONE',  ( 1.000000000000000000, 0.000000000000000000, 8.340016711426957754E-17 ) ) ;
#7219 = FACE_OUTER_BOUND ( 'NONE', #5962, .T. ) ;
#7220 = LINE ( 'NONE', #5305, #7353 ) ;
#7221 = VECTOR ( 'NONE', #5125, 1000.000000000000114 ) ;
#7222 = EDGE_LOOP ( 'NONE', ( #1770, #4464, #10651, #4733, #1169, #2042, #11276 ) ) ;
#7223 = EDGE_LOOP ( 'NONE', ( #9659, #2753, #6571, #1936 ) ) ;
#7224 = CARTESIAN_POINT ( 'NONE',  ( 0.9249999999999998224, 0.1999999999999999833, -0.1250000000000002498 ) ) ;
#7225 = EDGE_CURVE ( 'NONE', #10238, #4225, #9692, .T. ) ;
#7226 = VERTEX_POINT ( 'NONE', #110 ) ;
#7227 = VERTEX_POINT ( 'NONE', #1312 ) ;
#7228 = CARTESIAN_POINT ( 'NONE',  ( 0.6500000000000001332, 0.1999999999999999833, -1.300000000000005596 ) ) ;
#7229 = AXIS2_PLACEMENT_3D ( 'NONE', #4702, #10906, #6438 ) ;
#7230 = CARTESIAN_POINT ( 'NONE',  ( -0.2500000000000013878, 0.1999999999999999833, 0.9249999999999997113 ) ) ;
#7231 = DIRECTION ( 'NONE',  ( 1.000000000000000000, 0.000000000000000000, 0.000000000000000000 ) ) ;
#7232 = DIRECTION ( 'NONE',  ( 1.000000000000000000, 0.000000000000000000, -1.292702590271175245E-14 ) ) ;
#7233 = ORIENTED_EDGE ( 'NONE', *, *, #1243, .F. ) ;
#7234 = LINE ( 'NONE', #87, #1629 ) ;
#7235 = ORIENTED_EDGE ( 'NONE', *, *, #9998, .F. ) ;
#7236 = EDGE_CURVE ( 'NONE', #6368, #3576, #2012, .T. ) ;
#7237 = AXIS2_PLACEMENT_3D ( 'NONE', #10087, #11189, #3096 ) ;
#7238 = EDGE_LOOP ( 'NONE', ( #6706, #1928, #8277, #10388 ) ) ;
#7239 = CARTESIAN_POINT ( 'NONE',  ( -1.250000000000000000, 0.08660254037844405950, 0.3999999999999998557 ) ) ;
#7240 = ORIENTED_EDGE ( 'NONE', *, *, #6598, .F. ) ;
#7241 = AXIS2_PLACEMENT_3D ( 'NONE', #6891, #2460, #5148 ) ;
#7242 = EDGE_CURVE ( 'NONE', #2724, #3156, #7310, .T. ) ;
#7243 = ORIENTED_EDGE ( 'NONE', *, *, #942, .T. ) ;
#7244 = DIRECTION ( 'NONE',  ( 0.7071067811865459074, 0.000000000000000000, 0.7071067811865491270 ) ) ;
#7245 = CARTESIAN_POINT ( 'NONE',  ( 0.5499999999999998224, 0.01000000000000000021, 0.5500000000000021538 ) ) ;
#7246 = PLANE ( 'NONE',  #10390 ) ;
#7247 = DIRECTION ( 'NONE',  ( -0.7071067811865459074, 0.000000000000000000, -0.7071067811865491270 ) ) ;
#7248 = ORIENTED_EDGE ( 'NONE', *, *, #1510, .T. ) ;
#7249 = DIRECTION ( 'NONE',  ( -1.000000000000000000, 0.000000000000000000, 1.362202729533067540E-15 ) ) ;
#7250 = ADVANCED_FACE ( 'NONE', ( #5523 ), #2130, .F. ) ;
#7251 =( NAMED_UNIT ( * ) PLANE_ANGLE_UNIT ( ) SI_UNIT ( $, .RADIAN. ) );
#7252 = LINE ( 'NONE', #6270, #1342 ) ;
#7253 = PRODUCT_CONTEXT ( 'NONE', #5083, 'mechanical' ) ;
#7254 = VERTEX_POINT ( 'NONE', #5753 ) ;
#7255 = EDGE_LOOP ( 'NONE', ( #7062, #2559, #8797, #3383, #10071 ) ) ;
#7256 = CARTESIAN_POINT ( 'NONE',  ( 1.225000000000000089, 0.2000000000000000111, 0.3749999999999997780 ) ) ;
#7257 = LINE ( 'NONE', #7483, #2238 ) ;
#7258 = AXIS2_PLACEMENT_3D ( 'NONE', #8548, #11324, #5945 ) ;
#7259 = DIRECTION ( 'NONE',  ( 1.000000000000000000, 0.000000000000000000, 0.000000000000000000 ) ) ;
#7260 = DIRECTION ( 'NONE',  ( 1.000000000000000000, -0.000000000000000000, 8.340016711426957754E-17 ) ) ;
#7261 = LINE ( 'NONE', #6927, #2164 ) ;
#7262 = DIRECTION ( 'NONE',  ( -1.000000000000000000, 0.000000000000000000, 0.000000000000000000 ) ) ;
#7263 = FACE_OUTER_BOUND ( 'NONE', #1732, .T. ) ;
#7264 = EDGE_CURVE ( 'NONE', #8465, #5626, #1861, .T. ) ;
#7265 = ORIENTED_EDGE ( 'NONE', *, *, #10141, .T. ) ;
#7266 = VERTEX_POINT ( 'NONE', #9287 ) ;
#7267 = DIRECTION ( 'NONE',  ( 0.000000000000000000, 1.000000000000000000, 0.000000000000000000 ) ) ;
#7268 = DIRECTION ( 'NONE',  ( 0.000000000000000000, -1.000000000000000000, 0.000000000000000000 ) ) ;
#7269 = EDGE_CURVE ( 'NONE', #315, #2578, #226, .T. ) ;
#7270 = LINE ( 'NONE', #2027, #9969 ) ;
#7271 = EDGE_CURVE ( 'NONE', #7598, #7226, #10915, .T. ) ;
#7272 = LINE ( 'NONE', #1972, #9107 ) ;
#7273 = SURFACE_STYLE_USAGE ( .BOTH. , #9345 ) ;
#7274 = DIRECTION ( 'NONE',  ( -0.000000000000000000, -1.000000000000000000, 0.000000000000000000 ) ) ;
#7275 = DIRECTION ( 'NONE',  ( -1.167602339599772261E-15, 0.000000000000000000, 1.000000000000000000 ) ) ;
#7276 = ORIENTED_EDGE ( 'NONE', *, *, #2600, .F. ) ;
#7277 = ORIENTED_EDGE ( 'NONE', *, *, #2884, .T. ) ;
#7278 = CARTESIAN_POINT ( 'NONE',  ( -0.9250000000000001554, 0.009999999999999998473, -0.5000000000000002220 ) ) ;
#7279 = EDGE_CURVE ( 'NONE', #5940, #4357, #3966, .T. ) ;
#7280 = ORIENTED_EDGE ( 'NONE', *, *, #5489, .F. ) ;
#7281 = ORIENTED_EDGE ( 'NONE', *, *, #1709, .T. ) ;
#7282 = FACE_OUTER_BOUND ( 'NONE', #7981, .T. ) ;
#7283 = DIRECTION ( 'NONE',  ( 8.340016711426957754E-17, 0.000000000000000000, -1.000000000000000000 ) ) ;
#7284 = EDGE_CURVE ( 'NONE', #3015, #9089, #10796, .T. ) ;
#7285 = CARTESIAN_POINT ( 'NONE',  ( -0.8000000000000001554, 0.000000000000000000, -0.5000000000000002220 ) ) ;
#7286 = SURFACE_SIDE_STYLE ('',( #6364 ) ) ;
#7287 = ORIENTED_EDGE ( 'NONE', *, *, #2359, .T. ) ;
#7288 = FACE_OUTER_BOUND ( 'NONE', #9835, .T. ) ;
#7289 = ORIENTED_EDGE ( 'NONE', *, *, #8092, .T. ) ;
#7290 = EDGE_CURVE ( 'NONE', #1812, #4524, #8363, .T. ) ;
#7291 = VERTEX_POINT ( 'NONE', #10153 ) ;
#7292 = CARTESIAN_POINT ( 'NONE',  ( 0.7250000000000009770, 0.000000000000000000, 0.9999999999999991118 ) ) ;
#7293 = AXIS2_PLACEMENT_3D ( 'NONE', #10751, #8145, #1327 ) ;
#7294 = ORIENTED_EDGE ( 'NONE', *, *, #6843, .T. ) ;
#7295 = ORIENTED_EDGE ( 'NONE', *, *, #4703, .F. ) ;
#7296 = CARTESIAN_POINT ( 'NONE',  ( -0.9256884250419260551, 1.050000000000000044, -0.8859432889494202046 ) ) ;
#7297 = CARTESIAN_POINT ( 'NONE',  ( -0.6250000000000004441, 0.01000000000000000021, -3.532923745812733061E-16 ) ) ;
#7298 = CARTESIAN_POINT ( 'NONE',  ( -0.4999999999999995559, 1.614213562373095323, 0.4999999999999994449 ) ) ;
#7299 = DIRECTION ( 'NONE',  ( -1.000000000000000000, 0.000000000000000000, 1.362202729533067540E-15 ) ) ;
#7300 = ORIENTED_EDGE ( 'NONE', *, *, #8704, .T. ) ;
#7301 = PRESENTATION_LAYER_ASSIGNMENT (  '', '', ( #5261 ) ) ;
#7302 = CARTESIAN_POINT ( 'NONE',  ( 0.1250000000000009437, 0.06614378277661496497, -1.224999999999999645 ) ) ;
#7303 = CARTESIAN_POINT ( 'NONE',  ( 0.8749999999999992228, 0.000000000000000000, -1.149999999999999911 ) ) ;
#7304 = PLANE ( 'NONE',  #10756 ) ;
#7305 = ORIENTED_EDGE ( 'NONE', *, *, #716, .T. ) ;
#7306 = ORIENTED_EDGE ( 'NONE', *, *, #8575, .T. ) ;
#7307 = AXIS2_PLACEMENT_3D ( 'NONE', #3319, #9557, #8690 ) ;
#7308 = EDGE_CURVE ( 'NONE', #8448, #22, #6559, .T. ) ;
#7309 = CYLINDRICAL_SURFACE ( 'NONE', #6812, 0.1000000000000000472 ) ;
#7310 = LINE ( 'NONE', #10851, #9598 ) ;
#7311 = FACE_OUTER_BOUND ( 'NONE', #1195, .T. ) ;
#7312 = DIRECTION ( 'NONE',  ( 1.000000000000000000, -0.000000000000000000, 1.417802840942572903E-14 ) ) ;
#7313 = ORIENTED_EDGE ( 'NONE', *, *, #5592, .F. ) ;
#7314 = DIRECTION ( 'NONE',  ( -8.340016711426957754E-17, 0.000000000000000000, 1.000000000000000000 ) ) ;
#7315 = DIRECTION ( 'NONE',  ( 8.340016711426957754E-17, 0.000000000000000000, -1.000000000000000000 ) ) ;
#7316 = ADVANCED_FACE ( 'NONE', ( #1200 ), #3789, .F. ) ;
#7317 = PLANE ( 'NONE',  #10668 ) ;
#7318 = EDGE_CURVE ( 'NONE', #11107, #7935, #4659, .T. ) ;
#7319 = ORIENTED_EDGE ( 'NONE', *, *, #6067, .F. ) ;
#7320 = EDGE_LOOP ( 'NONE', ( #11289, #9531 ) ) ;
#7321 = CARTESIAN_POINT ( 'NONE',  ( 0.8678146965443247485, 0.07429115107872724666, 1.232185303455681336 ) ) ;
#7322 = VECTOR ( 'NONE', #3904, 1000.000000000000000 ) ;
#7323 = EDGE_CURVE ( 'NONE', #3404, #3503, #7257, .T. ) ;
#7324 = CARTESIAN_POINT ( 'NONE',  ( 0.8749999999999998890, 0.000000000000000000, 1.200000000000000178 ) ) ;
#7325 = EDGE_CURVE ( 'NONE', #4271, #3559, #7965, .T. ) ;
#7326 = VECTOR ( 'NONE', #7275, 1000.000000000000000 ) ;
#7327 = CARTESIAN_POINT ( 'NONE',  ( 0.8500000000000001998, 0.1999999999999999833, 1.300000000000005373 ) ) ;
#7328 = DIRECTION ( 'NONE',  ( 1.087828266707871075E-17, -0.000000000000000000, 1.000000000000000000 ) ) ;
#7329 = ADVANCED_FACE ( 'NONE', ( #8300 ), #2187, .F. ) ;
#7330 = LINE ( 'NONE', #8257, #6590 ) ;
#7331 = VECTOR ( 'NONE', #10461, 1000.000000000000000 ) ;
#7332 = CARTESIAN_POINT ( 'NONE',  ( -1.224999999999999645, 0.9846177413237633402, 0.8999999999999991340 ) ) ;
#7333 = VERTEX_POINT ( 'NONE', #3908 ) ;
#7334 = AXIS2_PLACEMENT_3D ( 'NONE', #1690, #2557, #10417 ) ;
#7335 = VERTEX_POINT ( 'NONE', #2870 ) ;
#7336 = DIRECTION ( 'NONE',  ( -1.000000000000000000, 0.000000000000000000, 0.000000000000000000 ) ) ;
#7337 = EDGE_LOOP ( 'NONE', ( #8237, #1403, #10058, #3780 ) ) ;
#7338 = ORIENTED_EDGE ( 'NONE', *, *, #2, .T. ) ;
#7339 = DIRECTION ( 'NONE',  ( 1.000000000000000000, 0.000000000000000000, 0.000000000000000000 ) ) ;
#7340 = CARTESIAN_POINT ( 'NONE',  ( -0.6499999999999999112, 0.1999999999999999833, -1.300000000000005596 ) ) ;
#7341 = CARTESIAN_POINT ( 'NONE',  ( 0.9249999999999998224, 0.000000000000000000, -0.6250000000000002220 ) ) ;
#7342 = VECTOR ( 'NONE', #2696, 1000.000000000000000 ) ;
#7343 = PLANE ( 'NONE',  #10217 ) ;
#7344 = CARTESIAN_POINT ( 'NONE',  ( 0.3500000000000008660, 0.1999999999999999833, 1.249999999999999778 ) ) ;
#7345 = ORIENTED_EDGE ( 'NONE', *, *, #1687, .F. ) ;
#7346 = EDGE_CURVE ( 'NONE', #10698, #524, #5584, .T. ) ;
#7347 = LINE ( 'NONE', #10888, #5129 ) ;
#7348 = EDGE_LOOP ( 'NONE', ( #6662, #11272, #3704, #10234 ) ) ;
#7349 = EDGE_CURVE ( 'NONE', #2114, #8614, #9227, .T. ) ;
#7350 = ORIENTED_EDGE ( 'NONE', *, *, #2168, .F. ) ;
#7351 = LINE ( 'NONE', #1401, #517 ) ;
#7352 = EDGE_CURVE ( 'NONE', #1460, #10040, #1111, .T. ) ;
#7353 = VECTOR ( 'NONE', #8730, 1000.000000000000000 ) ;
#7354 = VERTEX_POINT ( 'NONE', #6903 ) ;
#7355 = EDGE_LOOP ( 'NONE', ( #4683, #10904, #4332, #9051 ) ) ;
#7356 = DIRECTION ( 'NONE',  ( 1.000000000000000000, 0.000000000000000000, 0.000000000000000000 ) ) ;
#7357 = CARTESIAN_POINT ( 'NONE',  ( 0.3750000000000026645, 0.01000000000000000021, 5.733761489106065226E-16 ) ) ;
#7358 = CARTESIAN_POINT ( 'NONE',  ( 0.8500000000000009770, 0.1999999999999999833, 1.250000000000005107 ) ) ;
#7359 = DIRECTION ( 'NONE',  ( 1.000000000000000000, 2.664535259100377669E-15, 0.000000000000000000 ) ) ;
#7360 = VERTEX_POINT ( 'NONE', #11194 ) ;
#7361 = CARTESIAN_POINT ( 'NONE',  ( 1.224999999999999645, 0.1999999999999999833, 1.149999999999999911 ) ) ;
#7362 = AXIS2_PLACEMENT_3D ( 'NONE', #4541, #3843, #7370 ) ;
#7363 = AXIS2_PLACEMENT_3D ( 'NONE', #7816, #4235, #1374 ) ;
#7364 = CARTESIAN_POINT ( 'NONE',  ( -1.300000000000000266, 0.000000000000000000, -1.124999999999999334 ) ) ;
#7365 = PLANE ( 'NONE',  #6693 ) ;
#7366 = ORIENTED_EDGE ( 'NONE', *, *, #5682, .T. ) ;
#7367 = VERTEX_POINT ( 'NONE', #8584 ) ;
#7368 = CIRCLE ( 'NONE', #9592, 0.1000000000000000472 ) ;
#7369 = VECTOR ( 'NONE', #10592, 1000.000000000000000 ) ;
#7370 = DIRECTION ( 'NONE',  ( 1.000000000000000000, 0.000000000000000000, 0.000000000000000000 ) ) ;
#7371 = CARTESIAN_POINT ( 'NONE',  ( -1.300000000000000044, 0.1999999999999999833, 0.9249999999999997113 ) ) ;
#7372 = DIRECTION ( 'NONE',  ( -1.087828266707871075E-17, 0.000000000000000000, -1.000000000000000000 ) ) ;
#7373 = CARTESIAN_POINT ( 'NONE',  ( -0.9249999999999998224, 0.2000000000000000111, -0.6250000000000002220 ) ) ;
#7374 = ORIENTED_EDGE ( 'NONE', *, *, #11286, .T. ) ;
#7375 = AXIS2_PLACEMENT_3D ( 'NONE', #10927, #3002, #10053 ) ;
#7376 = PLANE ( 'NONE',  #4595 ) ;
#7377 = FILL_AREA_STYLE ('',( #3851 ) ) ;
#7378 = AXIS2_PLACEMENT_3D ( 'NONE', #6914, #6808, #4206 ) ;
#7379 = AXIS2_PLACEMENT_3D ( 'NONE', #9114, #10044, #8131 ) ;
#7380 = EDGE_CURVE ( 'NONE', #11027, #7966, #3329, .T. ) ;
#7381 = VERTEX_POINT ( 'NONE', #6683 ) ;
#7382 = VECTOR ( 'NONE', #10268, 1000.000000000000000 ) ;
#7383 = VERTEX_POINT ( 'NONE', #7713 ) ;
#7384 = LINE ( 'NONE', #6572, #297 ) ;
#7385 = DIRECTION ( 'NONE',  ( 0.000000000000000000, 1.000000000000000000, 0.000000000000000000 ) ) ;
#7386 = AXIS2_PLACEMENT_3D ( 'NONE', #8534, #10387, #566 ) ;
#7387 = DIRECTION ( 'NONE',  ( 1.743063492688206721E-14, 0.000000000000000000, -1.000000000000000000 ) ) ;
#7388 = PLANE ( 'NONE',  #3940 ) ;
#7389 = LINE ( 'NONE', #9014, #9548 ) ;
#7390 = DIRECTION ( 'NONE',  ( -1.000000000000000000, 0.000000000000000000, 0.000000000000000000 ) ) ;
#7391 = VECTOR ( 'NONE', #2346, 999.9999999999998863 ) ;
#7392 = ORIENTED_EDGE ( 'NONE', *, *, #7346, .F. ) ;
#7393 = DIRECTION ( 'NONE',  ( 8.340016711426957754E-17, 0.000000000000000000, -1.000000000000000000 ) ) ;
#7394 = EDGE_CURVE ( 'NONE', #7870, #10639, #1540, .T. ) ;
#7395 = VECTOR ( 'NONE', #9925, 1000.000000000000114 ) ;
#7396 = ORIENTED_EDGE ( 'NONE', *, *, #3927, .F. ) ;
#7397 = ORIENTED_EDGE ( 'NONE', *, *, #2263, .F. ) ;
#7398 = ORIENTED_EDGE ( 'NONE', *, *, #4253, .T. ) ;
#7399 = CARTESIAN_POINT ( 'NONE',  ( -0.9250000000000001554, 0.000000000000000000, -0.5000000000000002220 ) ) ;
#7400 = DIRECTION ( 'NONE',  ( -1.000000000000000000, 0.000000000000000000, -8.340016711426957754E-17 ) ) ;
#7401 = VECTOR ( 'NONE', #9428, 1000.000000000000000 ) ;
#7402 = LINE ( 'NONE', #2275, #3873 ) ;
#7403 = CIRCLE ( 'NONE', #2440, 0.1250000000000000000 ) ;
#7404 = PLANE ( 'NONE',  #8546 ) ;
#7405 = CARTESIAN_POINT ( 'NONE',  ( -1.225000000000000089, 0.1999999999999999833, 0.1249999999999998335 ) ) ;
#7406 = EDGE_LOOP ( 'NONE', ( #4690, #2160, #3308, #10075 ) ) ;
#7407 = LINE ( 'NONE', #10950, #9208 ) ;
#7408 = ORIENTED_EDGE ( 'NONE', *, *, #10691, .T. ) ;
#7409 = VERTEX_POINT ( 'NONE', #9339 ) ;
#7410 = DIRECTION ( 'NONE',  ( -1.000000000000000000, 0.000000000000000000, -8.340016711426957754E-17 ) ) ;
#7411 = ORIENTED_EDGE ( 'NONE', *, *, #5560, .T. ) ;
#7412 = VERTEX_POINT ( 'NONE', #2302 ) ;
#7413 = DIRECTION ( 'NONE',  ( 1.000000000000000000, 0.000000000000000000, 8.340016711426957754E-17 ) ) ;
#7414 = CARTESIAN_POINT ( 'NONE',  ( 1.250000000000000000, 0.08660254037844411501, 0.3999999999999997446 ) ) ;
#7415 = EDGE_CURVE ( 'NONE', #3809, #8327, #11145, .T. ) ;
#7416 = DIRECTION ( 'NONE',  ( -1.000000000000000000, 0.000000000000000000, 6.505213034913023449E-15 ) ) ;
#7417 = CARTESIAN_POINT ( 'NONE',  ( 0.7250000000000010880, 0.1999999999999999833, -0.8999999999999991340 ) ) ;
#7418 = ORIENTED_EDGE ( 'NONE', *, *, #8023, .T. ) ;
#7419 = EDGE_CURVE ( 'NONE', #10865, #7930, #6853, .T. ) ;
#7420 = VECTOR ( 'NONE', #2750, 1000.000000000000000 ) ;
#7421 = CARTESIAN_POINT ( 'NONE',  ( 1.300000000000000044, 0.1999999999999999833, 1.124999999999999334 ) ) ;
#7422 = DIRECTION ( 'NONE',  ( -8.340016711426957754E-17, 0.000000000000000000, 1.000000000000000000 ) ) ;
#7423 = ORIENTED_EDGE ( 'NONE', *, *, #6964, .F. ) ;
#7424 = DIRECTION ( 'NONE',  ( 0.000000000000000000, -1.000000000000000000, 0.000000000000000000 ) ) ;
#7425 = VECTOR ( 'NONE', #6263, 1000.000000000000000 ) ;
#7426 = ORIENTED_EDGE ( 'NONE', *, *, #8826, .T. ) ;
#7427 = EDGE_CURVE ( 'NONE', #7563, #1515, #7655, .T. ) ;
#7428 = VERTEX_POINT ( 'NONE', #3273 ) ;
#7429 = PLANE ( 'NONE',  #3974 ) ;
#7430 = DIRECTION ( 'NONE',  ( -1.000000000000000000, 0.000000000000000000, -8.340016711426957754E-17 ) ) ;
#7431 = CARTESIAN_POINT ( 'NONE',  ( 1.300000000000000044, 0.7590169943749474069, -0.6000000000000004219 ) ) ;
#7432 = CARTESIAN_POINT ( 'NONE',  ( 0.6750000000000030420, 0.01000000000000000021, -0.6749999999999998224 ) ) ;
#7433 = EDGE_LOOP ( 'NONE', ( #5150, #2352, #7716, #7709 ) ) ;
#7434 = AXIS2_PLACEMENT_3D ( 'NONE', #2847, #8102, #3818 ) ;
#7435 = DIRECTION ( 'NONE',  ( -8.340016711426957754E-17, 0.000000000000000000, 1.000000000000000000 ) ) ;
#7436 = DIRECTION ( 'NONE',  ( -0.000000000000000000, -1.000000000000000000, 0.000000000000000000 ) ) ;
#7437 = VERTEX_POINT ( 'NONE', #4888 ) ;
#7438 = VECTOR ( 'NONE', #4730, 1000.000000000000000 ) ;
#7439 = ORIENTED_EDGE ( 'NONE', *, *, #3211, .T. ) ;
#7440 = PLANE ( 'NONE',  #5637 ) ;
#7441 = CARTESIAN_POINT ( 'NONE',  ( 1.224999999999999645, 0.1999999999999999833, -0.8999999999999992450 ) ) ;
#7442 = UNCERTAINTY_MEASURE_WITH_UNIT (LENGTH_MEASURE( 1.000000000000000082E-05 ), #9088, 'distance_accuracy_value', 'NONE');
#7443 = CARTESIAN_POINT ( 'NONE',  ( 0.1250000000000008049, 0.06614378277661442374, 1.224999999999999645 ) ) ;
#7444 = EDGE_CURVE ( 'NONE', #1016, #9044, #6794, .T. ) ;
#7445 = DIRECTION ( 'NONE',  ( 1.734723475976806148E-14, -9.769962616701383867E-15, 1.000000000000000000 ) ) ;
#7446 = DIRECTION ( 'NONE',  ( 0.000000000000000000, 1.000000000000000000, 0.000000000000000000 ) ) ;
#7447 = DIRECTION ( 'NONE',  ( 8.340016711426957754E-17, 0.000000000000000000, -1.000000000000000000 ) ) ;
#7448 = ORIENTED_EDGE ( 'NONE', *, *, #2196, .F. ) ;
#7449 = DIRECTION ( 'NONE',  ( -8.340016711426957754E-17, 0.000000000000000000, 1.000000000000000000 ) ) ;
#7450 = EDGE_CURVE ( 'NONE', #1865, #7065, #1369, .T. ) ;
#7451 = ORIENTED_EDGE ( 'NONE', *, *, #630, .T. ) ;
#7452 = ORIENTED_EDGE ( 'NONE', *, *, #6994, .T. ) ;
#7453 = EDGE_LOOP ( 'NONE', ( #9622, #5214, #9757, #3026 ) ) ;
#7454 = CARTESIAN_POINT ( 'NONE',  ( -1.300000000000000266, 0.01000000000000000021, 1.300000000000000044 ) ) ;
#7455 = DIRECTION ( 'NONE',  ( 8.340016711426958986E-17, 0.000000000000000000, -1.000000000000000000 ) ) ;
#7456 = EDGE_CURVE ( 'NONE', #1108, #5606, #8638, .T. ) ;
#7457 = CARTESIAN_POINT ( 'NONE',  ( -0.9249999999999998224, 0.2000000000000000111, 0.1249999999999998612 ) ) ;
#7458 = DIRECTION ( 'NONE',  ( 0.7071067811865445751, 0.000000000000000000, -0.7071067811865504593 ) ) ;
#7459 = FACE_OUTER_BOUND ( 'NONE', #5830, .T. ) ;
#7460 = ORIENTED_EDGE ( 'NONE', *, *, #9328, .T. ) ;
#7461 = DIRECTION ( 'NONE',  ( -5.652677993300369151E-16, 0.000000000000000000, 1.000000000000000000 ) ) ;
#7462 = ORIENTED_EDGE ( 'NONE', *, *, #8319, .F. ) ;
#7463 = EDGE_CURVE ( 'NONE', #5211, #4565, #3163, .T. ) ;
#7464 = VERTEX_POINT ( 'NONE', #7539 ) ;
#7465 = CARTESIAN_POINT ( 'NONE',  ( 1.250000000000000000, 0.2000000000000000111, -0.1000000000000002554 ) ) ;
#7466 = EDGE_LOOP ( 'NONE', ( #2474, #6240, #6911, #11385 ) ) ;
#7467 = ORIENTED_EDGE ( 'NONE', *, *, #11089, .F. ) ;
#7468 = FACE_OUTER_BOUND ( 'NONE', #8223, .T. ) ;
#7469 = EDGE_CURVE ( 'NONE', #1316, #3240, #4941, .T. ) ;
#7470 = CARTESIAN_POINT ( 'NONE',  ( 1.300000000000000044, 0.000000000000000000, 0.1249999999999995698 ) ) ;
#7471 = DIRECTION ( 'NONE',  ( 1.000000000000000000, 0.000000000000000000, 1.309382623694023564E-14 ) ) ;
#7472 = EDGE_CURVE ( 'NONE', #10165, #6646, #5107, .T. ) ;
#7473 = CARTESIAN_POINT ( 'NONE',  ( 1.299999999999999822, 0.000000000000000000, -1.149999999999999689 ) ) ;
#7474 = EDGE_LOOP ( 'NONE', ( #8357, #10076, #1795, #7467 ) ) ;
#7475 = FACE_OUTER_BOUND ( 'NONE', #10134, .T. ) ;
#7476 = VECTOR ( 'NONE', #1078, 1000.000000000000000 ) ;
#7477 = LINE ( 'NONE', #495, #119 ) ;
#7478 = ORIENTED_EDGE ( 'NONE', *, *, #1687, .T. ) ;
#7479 = CARTESIAN_POINT ( 'NONE',  ( 1.250000000000000000, 0.1999999999999999833, 0.9249999999999993783 ) ) ;
#7480 = EDGE_LOOP ( 'NONE', ( #9219, #1250, #1561, #3819 ) ) ;
#7481 = EDGE_LOOP ( 'NONE', ( #7102, #11073, #2322, #994 ) ) ;
#7482 = LINE ( 'NONE', #4083, #9574 ) ;
#7483 = CARTESIAN_POINT ( 'NONE',  ( -1.300000000000000044, 0.1999999999999999833, -0.9249999999999999334 ) ) ;
#7484 = PRESENTATION_LAYER_ASSIGNMENT (  '', '', ( #7673 ) ) ;
#7485 = CARTESIAN_POINT ( 'NONE',  ( -0.6500000000000006883, 0.1999999999999999833, -1.250000000000004885 ) ) ;
#7486 = CARTESIAN_POINT ( 'NONE',  ( -0.7250000000000009770, 0.000000000000000000, -0.8999999999999993561 ) ) ;
#7487 = EDGE_LOOP ( 'NONE', ( #7181, #8674, #400, #5549 ) ) ;
#7488 = DIRECTION ( 'NONE',  ( -2.304624617924156469E-14, 0.000000000000000000, -1.000000000000000000 ) ) ;
#7489 = LINE ( 'NONE', #6564, #4041 ) ;
#7490 =( LENGTH_UNIT ( ) NAMED_UNIT ( * ) SI_UNIT ( .MILLI., .METRE. ) );
#7491 = DIRECTION ( 'NONE',  ( -0.000000000000000000, -1.000000000000000000, 0.000000000000000000 ) ) ;
#7492 = EDGE_CURVE ( 'NONE', #3413, #277, #501, .T. ) ;
#7493 = VECTOR ( 'NONE', #4326, 1000.000000000000000 ) ;
#7494 = EDGE_LOOP ( 'NONE', ( #4921, #8229, #10653, #3044 ) ) ;
#7495 = EDGE_CURVE ( 'NONE', #10937, #1416, #8414, .T. ) ;
#7496 = VERTEX_POINT ( 'NONE', #1420 ) ;
#7497 = DIRECTION ( 'NONE',  ( -0.7071067811865474617, 0.000000000000000000, -0.7071067811865476838 ) ) ;
#7498 = CARTESIAN_POINT ( 'NONE',  ( 0.7250000000000010880, 0.9846177413237633402, -0.9999999999999991118 ) ) ;
#7499 = CARTESIAN_POINT ( 'NONE',  ( -0.1250000000000013600, 0.1999999999999999833, 0.9249999999999997113 ) ) ;
#7500 = CIRCLE ( 'NONE', #1599, 0.1250000000000000000 ) ;
#7501 = CARTESIAN_POINT ( 'NONE',  ( -0.8500000000000004219, 0.1999999999999999833, 1.300000000000005373 ) ) ;
#7502 = CARTESIAN_POINT ( 'NONE',  ( 0.5000000000000003331, 1.614213562373095323, -0.5000000000000004441 ) ) ;
#7503 = ORIENTED_EDGE ( 'NONE', *, *, #9632, .T. ) ;
#7504 = VERTEX_POINT ( 'NONE', #2519 ) ;
#7505 = VECTOR ( 'NONE', #948, 1000.000000000000000 ) ;
#7506 = ORIENTED_EDGE ( 'NONE', *, *, #922, .T. ) ;
#7507 = ORIENTED_EDGE ( 'NONE', *, *, #8772, .T. ) ;
#7508 = DIRECTION ( 'NONE',  ( 2.780005570475647818E-16, 0.000000000000000000, 1.000000000000000000 ) ) ;
#7509 = LINE ( 'NONE', #10881, #3523 ) ;
#7510 = CARTESIAN_POINT ( 'NONE',  ( -0.9250000000000001554, 0.000000000000000000, 0.4999999999999997780 ) ) ;
#7511 = DIRECTION ( 'NONE',  ( -0.7071067811865461294, 0.000000000000000000, 0.7071067811865489050 ) ) ;
#7512 = VERTEX_POINT ( 'NONE', #4084 ) ;
#7513 = VECTOR ( 'NONE', #3472, 1000.000000000000000 ) ;
#7514 = CARTESIAN_POINT ( 'NONE',  ( -0.3750000000000009992, 0.1999999999999999833, 1.224999999999999867 ) ) ;
#7515 =( GEOMETRIC_REPRESENTATION_CONTEXT ( 3 ) GLOBAL_UNCERTAINTY_ASSIGNED_CONTEXT ( ( #5705 ) ) GLOBAL_UNIT_ASSIGNED_CONTEXT ( ( #9643, #3629, #3452 ) ) REPRESENTATION_CONTEXT ( 'NONE', 'WORKASPACE' ) );
#7516 = EDGE_LOOP ( 'NONE', ( #3746, #3458, #2330, #3985 ) ) ;
#7517 = ORIENTED_EDGE ( 'NONE', *, *, #5395, .T. ) ;
#7518 = CARTESIAN_POINT ( 'NONE',  ( -1.300000000000000044, 0.1999999999999999833, 1.124999999999998890 ) ) ;
#7519 =( BOUNDED_CURVE ( )  B_SPLINE_CURVE ( 3, ( #8350, #3955, #662, #10255 ),
 .UNSPECIFIED., .F., .F. ) 
 B_SPLINE_CURVE_WITH_KNOTS ( ( 4, 4 ),
 ( 3.864326901403213554, 4.188790204786392302 ),
 .UNSPECIFIED. ) 
 CURVE ( )  GEOMETRIC_REPRESENTATION_ITEM ( )  RATIONAL_B_SPLINE_CURVE ( ( 1.000000000000000000, 0.9912461883984129418, 0.9912461883984129418, 1.000000000000000000 ) ) 
 REPRESENTATION_ITEM ( '' )  );
#7520 = VERTEX_POINT ( 'NONE', #6033 ) ;
#7521 = VECTOR ( 'NONE', #9572, 1000.000000000000000 ) ;
#7522 = EDGE_LOOP ( 'NONE', ( #8403, #4680, #11120, #4799 ) ) ;
#7523 = CARTESIAN_POINT ( 'NONE',  ( -0.1500000000000007716, 0.1999999999999999833, -1.249999999999999556 ) ) ;
#7524 = DIRECTION ( 'NONE',  ( -0.000000000000000000, -1.000000000000000000, 0.000000000000000000 ) ) ;
#7525 = EDGE_CURVE ( 'NONE', #10326, #3227, #7601, .T. ) ;
#7526 = CARTESIAN_POINT ( 'NONE',  ( -0.1250000000000013323, 0.1999999999999999833, 0.9249999999999992673 ) ) ;
#7527 = PLANE ( 'NONE',  #4263 ) ;
#7528 = VERTEX_POINT ( 'NONE', #2355 ) ;
#7529 = FACE_OUTER_BOUND ( 'NONE', #7320, .T. ) ;
#7530 = CARTESIAN_POINT ( 'NONE',  ( -0.8749999999999990008, 0.1999999999999999833, -1.149999999999999911 ) ) ;
#7531 = ORIENTED_EDGE ( 'NONE', *, *, #750, .F. ) ;
#7532 = DIRECTION ( 'NONE',  ( -1.000000000000000000, 0.000000000000000000, 2.780005570475648805E-16 ) ) ;
#7533 = VECTOR ( 'NONE', #364, 1000.000000000000000 ) ;
#7534 = EDGE_CURVE ( 'NONE', #5954, #7496, #5866, .T. ) ;
#7535 = VERTEX_POINT ( 'NONE', #10486 ) ;
#7536 = EDGE_CURVE ( 'NONE', #9021, #10466, #2632, .T. ) ;
#7537 = ORIENTED_EDGE ( 'NONE', *, *, #11212, .T. ) ;
#7538 = CARTESIAN_POINT ( 'NONE',  ( 1.225000000000000089, 0.06614378277661545069, -0.6250000000000002220 ) ) ;
#7539 = CARTESIAN_POINT ( 'NONE',  ( 0.6499999999999999112, 0.1999999999999999833, 1.300000000000005596 ) ) ;
#7540 = CARTESIAN_POINT ( 'NONE',  ( -0.8000000000000001554, 0.009999999999999998473, 0.4999999999999997780 ) ) ;
#7541 = DIRECTION ( 'NONE',  ( -8.340016711426957754E-17, 0.000000000000000000, 1.000000000000000000 ) ) ;
#7542 = EDGE_LOOP ( 'NONE', ( #246, #9255, #11035, #1988, #5645, #3631, #6378, #6945 ) ) ;
#7543 = AXIS2_PLACEMENT_3D ( 'NONE', #2245, #5865, #446 ) ;
#7544 = VECTOR ( 'NONE', #506, 1000.000000000000000 ) ;
#7545 = CARTESIAN_POINT ( 'NONE',  ( 0.3500000000000000888, 0.1000000000000001166, 1.300000000000000266 ) ) ;
#7546 = DIRECTION ( 'NONE',  ( -1.000000000000000000, 0.000000000000000000, -1.529003063761606744E-15 ) ) ;
#7547 = CARTESIAN_POINT ( 'NONE',  ( -0.8500000000000004219, 0.1000000000000001166, 1.300000000000005151 ) ) ;
#7548 = LINE ( 'NONE', #1220, #5112 ) ;
#7549 = VERTEX_POINT ( 'NONE', #2575 ) ;
#7550 = VECTOR ( 'NONE', #1110, 1000.000000000000000 ) ;
#7551 = ORIENTED_EDGE ( 'NONE', *, *, #10836, .F. ) ;
#7552 = CARTESIAN_POINT ( 'NONE',  ( 0.7250000000000009770, 0.000000000000000000, 0.9999999999999991118 ) ) ;
#7553 = CARTESIAN_POINT ( 'NONE',  ( 0.8750000000000027756, 0.000000000000000000, -1.299999999999999822 ) ) ;
#7554 = UNCERTAINTY_MEASURE_WITH_UNIT (LENGTH_MEASURE( 1.000000000000000082E-05 ), #9294, 'distance_accuracy_value', 'NONE');
#7555 = CARTESIAN_POINT ( 'NONE',  ( -1.224999999999999645, 0.06614378277661447925, -0.8999999999999993561 ) ) ;
#7556 = EDGE_CURVE ( 'NONE', #85, #11133, #1013, .T. ) ;
#7557 = AXIS2_PLACEMENT_3D ( 'NONE', #1645, #8001, #1760 ) ;
#7558 = PLANE ( 'NONE',  #7630 ) ;
#7559 = DIRECTION ( 'NONE',  ( -1.000000000000000000, 0.000000000000000000, 1.075862155774079406E-14 ) ) ;
#7560 = VECTOR ( 'NONE', #5609, 1000.000000000000000 ) ;
#7561 = ADVANCED_FACE ( 'NONE', ( #1824 ), #779, .T. ) ;
#7562 = LINE ( 'NONE', #11211, #11040 ) ;
#7563 = VERTEX_POINT ( 'NONE', #955 ) ;
#7564 = VECTOR ( 'NONE', #2371, 1000.000000000000000 ) ;
#7565 = VERTEX_POINT ( 'NONE', #8869 ) ;
#7566 = VECTOR ( 'NONE', #8365, 1000.000000000000000 ) ;
#7567 = VECTOR ( 'NONE', #1541, 1000.000000000000000 ) ;
#7568 = ORIENTED_EDGE ( 'NONE', *, *, #4995, .F. ) ;
#7569 = DIRECTION ( 'NONE',  ( -2.085004177856743210E-15, -0.000000000000000000, -1.000000000000000000 ) ) ;
#7570 = CARTESIAN_POINT ( 'NONE',  ( -0.8749999999999992228, 0.000000000000000000, 1.149999999999999911 ) ) ;
#7571 = DIRECTION ( 'NONE',  ( 0.000000000000000000, 1.000000000000000000, 0.000000000000000000 ) ) ;
#7572 = VECTOR ( 'NONE', #10605, 1000.000000000000000 ) ;
#7573 = CARTESIAN_POINT ( 'NONE',  ( -1.250000000000000000, 0.1999999999999999833, -0.6000000000000001998 ) ) ;
#7574 = ORIENTED_EDGE ( 'NONE', *, *, #2039, .T. ) ;
#7575 = VECTOR ( 'NONE', #9043, 1000.000000000000000 ) ;
#7576 = CARTESIAN_POINT ( 'NONE',  ( -1.042502088928367932E-16, 0.01000000000000000021, -0.3749999999999999445 ) ) ;
#7577 = ADVANCED_FACE ( 'NONE', ( #6092 ), #9624, .F. ) ;
#7578 = ORIENTED_EDGE ( 'NONE', *, *, #5187, .F. ) ;
#7579 = VERTEX_POINT ( 'NONE', #4303 ) ;
#7580 = LINE ( 'NONE', #3200, #3456 ) ;
#7581 = AXIS2_PLACEMENT_3D ( 'NONE', #10590, #2785, #7983 ) ;
#7582 = ORIENTED_EDGE ( 'NONE', *, *, #11415, .T. ) ;
#7583 = AXIS2_PLACEMENT_3D ( 'NONE', #10648, #3596, #5381 ) ;
#7584 = ORIENTED_EDGE ( 'NONE', *, *, #8665, .T. ) ;
#7585 = DIRECTION ( 'NONE',  ( -1.167602339599772261E-15, 0.000000000000000000, 1.000000000000000000 ) ) ;
#7586 = DIRECTION ( 'NONE',  ( 1.000000000000000000, 0.000000000000000000, 8.340016711426957754E-17 ) ) ;
#7587 = DIRECTION ( 'NONE',  ( -0.7071067811865461294, 0.000000000000000000, 0.7071067811865489050 ) ) ;
#7588 = FACE_OUTER_BOUND ( 'NONE', #9038, .T. ) ;
#7589 = ORIENTED_EDGE ( 'NONE', *, *, #1150, .T. ) ;
#7590 = ADVANCED_FACE ( 'NONE', ( #2687 ), #1708, .T. ) ;
#7591 = LINE ( 'NONE', #1360, #1502 ) ;
#7592 = EDGE_LOOP ( 'NONE', ( #10346, #10089, #1696, #2281 ) ) ;
#7593 = DIRECTION ( 'NONE',  ( -2.321304651347009995E-14, 0.000000000000000000, 1.000000000000000000 ) ) ;
#7594 = MECHANICAL_DESIGN_GEOMETRIC_PRESENTATION_REPRESENTATION (  '', ( #3719 ), #764 ) ;
#7595 = ORIENTED_EDGE ( 'NONE', *, *, #6734, .F. ) ;
#7596 = DIRECTION ( 'NONE',  ( 0.000000000000000000, -1.000000000000000000, 0.000000000000000000 ) ) ;
#7597 = EDGE_CURVE ( 'NONE', #2064, #995, #7012, .T. ) ;
#7598 = VERTEX_POINT ( 'NONE', #4476 ) ;
#7599 = VERTEX_POINT ( 'NONE', #4529 ) ;
#7600 = CARTESIAN_POINT ( 'NONE',  ( 0.8749999999999992228, 0.1999999999999999833, -1.149999999999999911 ) ) ;
#7601 = LINE ( 'NONE', #3220, #2598 ) ;
#7602 = VECTOR ( 'NONE', #9741, 1000.000000000000000 ) ;
#7603 = PLANE ( 'NONE',  #11094 ) ;
#7604 = LINE ( 'NONE', #8642, #5171 ) ;
#7605 = ORIENTED_EDGE ( 'NONE', *, *, #8235, .F. ) ;
#7606 = EDGE_CURVE ( 'NONE', #1030, #4974, #8699, .T. ) ;
#7607 = DIRECTION ( 'NONE',  ( -1.000000000000000000, 0.000000000000000000, -8.340016711426957754E-17 ) ) ;
#7608 = SURFACE_STYLE_FILL_AREA ( #10161 ) ;
#7609 = VECTOR ( 'NONE', #7863, 1000.000000000000000 ) ;
#7610 = PLANE ( 'NONE',  #11125 ) ;
#7611 = CARTESIAN_POINT ( 'NONE',  ( 0.1499999999999998002, 0.1999999999999999833, 1.300000000000000266 ) ) ;
#7612 = VERTEX_POINT ( 'NONE', #6149 ) ;
#7613 = CARTESIAN_POINT ( 'NONE',  ( 0.1500000000000007716, 0.08660254037844367092, 1.249999999999999556 ) ) ;
#7614 = DIRECTION ( 'NONE',  ( 2.321304651347009995E-14, 0.000000000000000000, -1.000000000000000000 ) ) ;
#7615 =( GEOMETRIC_REPRESENTATION_CONTEXT ( 3 ) GLOBAL_UNCERTAINTY_ASSIGNED_CONTEXT ( ( #5596 ) ) GLOBAL_UNIT_ASSIGNED_CONTEXT ( ( #6591, #9200, #4808 ) ) REPRESENTATION_CONTEXT ( 'NONE', 'WORKASPACE' ) );
#7616 = DIRECTION ( 'NONE',  ( 0.000000000000000000, 1.000000000000000000, 0.000000000000000000 ) ) ;
#7617 = EDGE_CURVE ( 'NONE', #10308, #6102, #9680, .T. ) ;
#7618 = CARTESIAN_POINT ( 'NONE',  ( -1.250000000000000000, 0.1999999999999999833, -0.9249999999999993783 ) ) ;
#7619 = DIRECTION ( 'NONE',  ( 1.000000000000000000, -0.000000000000000000, -2.304624617924155838E-14 ) ) ;
#7620 = DIRECTION ( 'NONE',  ( -0.000000000000000000, -1.000000000000000000, 0.000000000000000000 ) ) ;
#7621 = ADVANCED_FACE ( 'NONE', ( #9735 ), #832, .T. ) ;
#7622 = ORIENTED_EDGE ( 'NONE', *, *, #5649, .F. ) ;
#7623 = AXIS2_PLACEMENT_3D ( 'NONE', #3181, #9184, #407 ) ;
#7624 = ORIENTED_EDGE ( 'NONE', *, *, #8653, .F. ) ;
#7625 = VERTEX_POINT ( 'NONE', #4353 ) ;
#7626 = LINE ( 'NONE', #3241, #3074 ) ;
#7627 = LINE ( 'NONE', #5078, #4972 ) ;
#7628 = EDGE_CURVE ( 'NONE', #8216, #2824, #7878, .T. ) ;
#7629 = DIRECTION ( 'NONE',  ( 0.000000000000000000, -1.000000000000000000, 0.000000000000000000 ) ) ;
#7630 = AXIS2_PLACEMENT_3D ( 'NONE', #9247, #4849, #461 ) ;
#7631 = FILL_AREA_STYLE_COLOUR ( '', #794 ) ;
#7632 = DIRECTION ( 'NONE',  ( 0.000000000000000000, 1.000000000000000000, 0.000000000000000000 ) ) ;
#7633 = ORIENTED_EDGE ( 'NONE', *, *, #8060, .F. ) ;
#7634 = DIRECTION ( 'NONE',  ( -0.000000000000000000, -1.000000000000000000, 0.000000000000000000 ) ) ;
#7635 = ORIENTED_EDGE ( 'NONE', *, *, #2490, .F. ) ;
#7636 = EDGE_CURVE ( 'NONE', #8687, #9945, #6639, .T. ) ;
#7637 = ORIENTED_EDGE ( 'NONE', *, *, #4095, .T. ) ;
#7638 = CARTESIAN_POINT ( 'NONE',  ( -0.9249999999999998224, 0.000000000000000000, -0.1250000000000001943 ) ) ;
#7639 = VERTEX_POINT ( 'NONE', #156 ) ;
#7640 = EDGE_CURVE ( 'NONE', #10238, #7010, #2745, .T. ) ;
#7641 = ORIENTED_EDGE ( 'NONE', *, *, #4028, .F. ) ;
#7642 = DIRECTION ( 'NONE',  ( 3.984674651014977107E-16, 0.000000000000000000, 1.000000000000000000 ) ) ;
#7643 = CARTESIAN_POINT ( 'NONE',  ( -1.225000000000000089, 0.01000000000000000021, -0.1250000000000001110 ) ) ;
#7644 = CARTESIAN_POINT ( 'NONE',  ( -0.8750000000000009992, 0.06614378277662059935, 1.225000000000005196 ) ) ;
#7645 = DIRECTION ( 'NONE',  ( 1.000000000000000000, 0.000000000000000000, 8.340016711426958986E-17 ) ) ;
#7646 = ORIENTED_EDGE ( 'NONE', *, *, #611, .T. ) ;
#7647 = FACE_OUTER_BOUND ( 'NONE', #2020, .T. ) ;
#7648 = ADVANCED_FACE ( 'NONE', ( #44 ), #7127, .T. ) ;
#7649 = DIRECTION ( 'NONE',  ( -0.000000000000000000, -1.000000000000000000, 0.000000000000000000 ) ) ;
#7650 = VERTEX_POINT ( 'NONE', #5396 ) ;
#7651 = LINE ( 'NONE', #6503, #5285 ) ;
#7652 = ORIENTED_EDGE ( 'NONE', *, *, #3511, .T. ) ;
#7653 = ORIENTED_EDGE ( 'NONE', *, *, #9181, .T. ) ;
#7654 = DIRECTION ( 'NONE',  ( 2.321304651347010626E-14, 0.000000000000000000, -1.000000000000000000 ) ) ;
#7655 = LINE ( 'NONE', #4019, #2045 ) ;
#7656 = DIRECTION ( 'NONE',  ( 0.000000000000000000, -1.000000000000000000, 0.000000000000000000 ) ) ;
#7657 = DIRECTION ( 'NONE',  ( -0.000000000000000000, -1.000000000000000000, 0.000000000000000000 ) ) ;
#7658 = ORIENTED_EDGE ( 'NONE', *, *, #6916, .T. ) ;
#7659 = CARTESIAN_POINT ( 'NONE',  ( -0.1250000000000011657, 0.000000000000000000, -0.9249999999999992673 ) ) ;
#7660 = CARTESIAN_POINT ( 'NONE',  ( 1.249999999999999778, 0.9846177413237633402, -1.124999999999999778 ) ) ;
#7661 = CARTESIAN_POINT ( 'NONE',  ( -1.300000000000000044, 0.7590169943749472958, 0.3999999999999998557 ) ) ;
#7662 = DIRECTION ( 'NONE',  ( 0.000000000000000000, -1.000000000000000000, 0.000000000000000000 ) ) ;
#7663 = ORIENTED_EDGE ( 'NONE', *, *, #7677, .T. ) ;
#7664 = ADVANCED_FACE ( 'NONE', ( #1886 ), #8932, .F. ) ;
#7665 = VECTOR ( 'NONE', #4724, 1000.000000000000000 ) ;
#7666 = LINE ( 'NONE', #2432, #6747 ) ;
#7667 = DIRECTION ( 'NONE',  ( 1.000000000000000000, 0.000000000000000000, 8.340016711426957754E-17 ) ) ;
#7668 = DIRECTION ( 'NONE',  ( -1.000000000000000000, -0.000000000000000000, -1.529003063761606547E-15 ) ) ;
#7669 = EDGE_CURVE ( 'NONE', #6223, #1621, #6375, .T. ) ;
#7670 = ADVANCED_FACE ( 'NONE', ( #9040 ), #8114, .T. ) ;
#7671 = DIRECTION ( 'NONE',  ( -0.000000000000000000, -1.000000000000000000, 0.000000000000000000 ) ) ;
#7672 = CARTESIAN_POINT ( 'NONE',  ( 0.6500000000000009104, 0.08660254037844714037, -1.250000000000004885 ) ) ;
#7673 = STYLED_ITEM ( 'NONE', ( #5517 ), #1899 ) ;
#7674 = DIRECTION ( 'NONE',  ( -8.340016711426957754E-17, 0.000000000000000000, 1.000000000000000000 ) ) ;
#7675 = VERTEX_POINT ( 'NONE', #4822 ) ;
#7676 = VERTEX_POINT ( 'NONE', #1296 ) ;
#7677 = EDGE_CURVE ( 'NONE', #3813, #5344, #10892, .T. ) ;
#7678 = EDGE_CURVE ( 'NONE', #2602, #6423, #10784, .T. ) ;
#7679 = EDGE_LOOP ( 'NONE', ( #5311, #8849, #2165, #10546 ) ) ;
#7680 = CARTESIAN_POINT ( 'NONE',  ( 1.249999999999999778, 0.1999999999999999833, 1.124999999999999778 ) ) ;
#7681 = CARTESIAN_POINT ( 'NONE',  ( -0.4999999999999995559, 0.01000000000000000021, 1.251002506714042677E-17 ) ) ;
#7682 = VECTOR ( 'NONE', #1699, 1000.000000000000000 ) ;
#7683 = EDGE_CURVE ( 'NONE', #11236, #6528, #2405, .T. ) ;
#7684 = DIRECTION ( 'NONE',  ( -1.301042606982604690E-14, -3.552713678800503296E-15, -1.000000000000000000 ) ) ;
#7685 = DIRECTION ( 'NONE',  ( 0.7071067811865443531, 0.000000000000000000, 0.7071067811865506814 ) ) ;
#7686 =( LENGTH_UNIT ( ) NAMED_UNIT ( * ) SI_UNIT ( .MILLI., .METRE. ) );
#7687 = VERTEX_POINT ( 'NONE', #1943 ) ;
#7688 = DIRECTION ( 'NONE',  ( 0.000000000000000000, 1.000000000000000000, 0.000000000000000000 ) ) ;
#7689 = VERTEX_POINT ( 'NONE', #11011 ) ;
#7690 = ORIENTED_EDGE ( 'NONE', *, *, #405, .F. ) ;
#7691 = PLANE ( 'NONE',  #4564 ) ;
#7692 = ORIENTED_EDGE ( 'NONE', *, *, #5513, .T. ) ;
#7693 = AXIS2_PLACEMENT_3D ( 'NONE', #8150, #3756, #2892 ) ;
#7694 = EDGE_LOOP ( 'NONE', ( #8709, #8634, #6593, #8570 ) ) ;
#7695 = DIRECTION ( 'NONE',  ( 0.000000000000000000, -1.000000000000000000, 0.000000000000000000 ) ) ;
#7696 = VECTOR ( 'NONE', #4882, 1000.000000000000000 ) ;
#7697 = PLANE ( 'NONE',  #4846 ) ;
#7698 = AXIS2_PLACEMENT_3D ( 'NONE', #10402, #3122, #9357 ) ;
#7699 = FACE_OUTER_BOUND ( 'NONE', #2898, .T. ) ;
#7700 = ORIENTED_EDGE ( 'NONE', *, *, #7991, .F. ) ;
#7701 = EDGE_CURVE ( 'NONE', #8407, #7639, #8640, .T. ) ;
#7702 = EDGE_CURVE ( 'NONE', #5551, #10982, #2078, .T. ) ;
#7703 = ORIENTED_EDGE ( 'NONE', *, *, #2486, .T. ) ;
#7704 = DIRECTION ( 'NONE',  ( -1.726383459265352879E-14, 0.000000000000000000, -1.000000000000000000 ) ) ;
#7705 = AXIS2_PLACEMENT_3D ( 'NONE', #1792, #10694, #5304 ) ;
#7706 = VERTEX_POINT ( 'NONE', #5621 ) ;
#7707 = LINE ( 'NONE', #3321, #143 ) ;
#7708 = AXIS2_PLACEMENT_3D ( 'NONE', #5200, #5087, #4284 ) ;
#7709 = ORIENTED_EDGE ( 'NONE', *, *, #5580, .F. ) ;
#7710 = PRESENTATION_LAYER_ASSIGNMENT (  '', '', ( #10303 ) ) ;
#7711 = ORIENTED_EDGE ( 'NONE', *, *, #9871, .F. ) ;
#7712 = LINE ( 'NONE', #4887, #2394 ) ;
#7713 = CARTESIAN_POINT ( 'NONE',  ( 0.1250000000000011657, 0.01000000000000005398, 0.9249999999999992673 ) ) ;
#7714 = CARTESIAN_POINT ( 'NONE',  ( -0.9256884250419260551, 1.050000000000000044, -0.8859432889494202046 ) ) ;
#7715 = CARTESIAN_POINT ( 'NONE',  ( -0.8749999999999725775, 0.01000000000000000021, -2.031141569928570361E-14 ) ) ;
#7716 = ORIENTED_EDGE ( 'NONE', *, *, #4414, .T. ) ;
#7717 = DIRECTION ( 'NONE',  ( -0.000000000000000000, -1.000000000000000000, 0.000000000000000000 ) ) ;
#7718 = FILL_AREA_STYLE ('',( #6690 ) ) ;
#7719 = CARTESIAN_POINT ( 'NONE',  ( 0.8500000000000004219, 0.1999999999999999833, -1.300000000000005373 ) ) ;
#7720 = EDGE_CURVE ( 'NONE', #574, #4469, #3777, .T. ) ;
#7721 = CYLINDRICAL_SURFACE ( 'NONE', #6594, 0.1250000000000000000 ) ;
#7722 = ORIENTED_EDGE ( 'NONE', *, *, #8426, .F. ) ;
#7723 = VECTOR ( 'NONE', #6826, 1000.000000000000000 ) ;
#7724 = DIRECTION ( 'NONE',  ( -0.7071067811865469066, 0.000000000000000000, 0.7071067811865482389 ) ) ;
#7725 = CARTESIAN_POINT ( 'NONE',  ( 1.299999999999999822, 0.01000000000000000021, 1.300000000000000266 ) ) ;
#7726 = DIRECTION ( 'NONE',  ( -0.7071067811865489050, 0.000000000000000000, -0.7071067811865461294 ) ) ;
#7727 = PLANE ( 'NONE',  #8561 ) ;
#7728 = CARTESIAN_POINT ( 'NONE',  ( 1.300000000000000044, 0.2000000000000000111, 0.5999999999999998668 ) ) ;
#7729 = EDGE_CURVE ( 'NONE', #3240, #6541, #9967, .T. ) ;
#7730 = DIRECTION ( 'NONE',  ( 1.000000000000000000, -0.000000000000000000, 2.321304651347009995E-14 ) ) ;
#7731 = VECTOR ( 'NONE', #9563, 1000.000000000000000 ) ;
#7732 = ORIENTED_EDGE ( 'NONE', *, *, #6799, .F. ) ;
#7733 = ORIENTED_EDGE ( 'NONE', *, *, #5088, .T. ) ;
#7734 = EDGE_CURVE ( 'NONE', #4625, #7412, #9150, .T. ) ;
#7735 = EDGE_LOOP ( 'NONE', ( #9728, #3238, #3204, #4142 ) ) ;
#7736 = DIRECTION ( 'NONE',  ( 0.000000000000000000, -1.000000000000000000, 0.000000000000000000 ) ) ;
#7737 = DIRECTION ( 'NONE',  ( 1.000000000000000000, 0.000000000000000000, 1.743063492688207036E-14 ) ) ;
#7738 = AXIS2_PLACEMENT_3D ( 'NONE', #8285, #10961, #3034 ) ;
#7739 = AXIS2_PLACEMENT_3D ( 'NONE', #5677, #2170, #2339 ) ;
#7740 = CARTESIAN_POINT ( 'NONE',  ( -1.250000000000000000, 0.08660254037844393460, -0.1000000000000001582 ) ) ;
#7741 = CARTESIAN_POINT ( 'NONE',  ( -0.9249999999999998224, 0.1999999999999999833, 0.1249999999999998612 ) ) ;
#7742 = ORIENTED_EDGE ( 'NONE', *, *, #11174, .F. ) ;
#7743 = AXIS2_PLACEMENT_3D ( 'NONE', #2828, #3694, #3635 ) ;
#7744 = EDGE_CURVE ( 'NONE', #464, #1573, #10838, .T. ) ;
#7745 = DIRECTION ( 'NONE',  ( -1.000000000000000000, 0.000000000000000000, -1.309382623694029086E-14 ) ) ;
#7746 = ORIENTED_EDGE ( 'NONE', *, *, #5688, .T. ) ;
#7747 = VECTOR ( 'NONE', #3062, 1000.000000000000000 ) ;
#7748 = ORIENTED_EDGE ( 'NONE', *, *, #1212, .T. ) ;
#7749 = DIRECTION ( 'NONE',  ( 0.000000000000000000, -1.000000000000000000, 0.000000000000000000 ) ) ;
#7750 = VECTOR ( 'NONE', #10213, 1000.000000000000000 ) ;
#7751 = VERTEX_POINT ( 'NONE', #1999 ) ;
#7752 = AXIS2_PLACEMENT_3D ( 'NONE', #6105, #10741, #2816 ) ;
#7753 = DIRECTION ( 'NONE',  ( -0.7071067811865504593, 0.000000000000000000, -0.7071067811865445751 ) ) ;
#7754 = AXIS2_PLACEMENT_3D ( 'NONE', #5741, #6377, #322 ) ;
#7755 = CARTESIAN_POINT ( 'NONE',  ( 1.225000000000000089, 0.06614378277661561722, -0.3750000000000002776 ) ) ;
#7756 = CARTESIAN_POINT ( 'NONE',  ( 1.300000000000000044, 0.1999999999999999833, -0.1000000000000003664 ) ) ;
#7757 = ORIENTED_EDGE ( 'NONE', *, *, #6081, .T. ) ;
#7758 = CARTESIAN_POINT ( 'NONE',  ( -1.225000000000000089, 0.2000000000000000111, -0.3750000000000001665 ) ) ;
#7759 = ORIENTED_EDGE ( 'NONE', *, *, #8981, .T. ) ;
#7760 = LINE ( 'NONE', #882, #5270 ) ;
#7761 = VECTOR ( 'NONE', #8946, 1000.000000000000000 ) ;
#7762 = ORIENTED_EDGE ( 'NONE', *, *, #8377, .T. ) ;
#7763 = CARTESIAN_POINT ( 'NONE',  ( 1.300000000000000044, 0.1999999999999999833, 1.124999999999999334 ) ) ;
#7764 = PRESENTATION_LAYER_ASSIGNMENT (  '', '', ( #6667 ) ) ;
#7765 = ORIENTED_EDGE ( 'NONE', *, *, #4639, .F. ) ;
#7766 = EDGE_LOOP ( 'NONE', ( #10361, #10176, #9170, #1395 ) ) ;
#7767 = DIRECTION ( 'NONE',  ( 1.000000000000000000, 0.000000000000000000, -2.085004177856743605E-15 ) ) ;
#7768 = DIRECTION ( 'NONE',  ( -1.087828266707871075E-17, 0.000000000000000000, -1.000000000000000000 ) ) ;
#7769 = EDGE_CURVE ( 'NONE', #6273, #11003, #10078, .T. ) ;
#7770 = DIRECTION ( 'NONE',  ( -1.000802005371233057E-15, 0.000000000000000000, -1.000000000000000000 ) ) ;
#7771 = CARTESIAN_POINT ( 'NONE',  ( 1.225000000000000089, 0.2000000000000000111, -0.3750000000000002776 ) ) ;
#7772 = ORIENTED_EDGE ( 'NONE', *, *, #2459, .T. ) ;
#7773 = COLOUR_RGB ( '',1.000000000000000000, 1.000000000000000000, 1.000000000000000000 ) ;
#7774 = CARTESIAN_POINT ( 'NONE',  ( 0.6499999999999999112, 0.9846177413237633402, 1.300000000000005596 ) ) ;
#7775 = CARTESIAN_POINT ( 'NONE',  ( 0.1500000000000007716, 0.1999999999999999833, 1.249999999999999556 ) ) ;
#7776 = EDGE_CURVE ( 'NONE', #1967, #9556, #4791, .T. ) ;
#7777 = DIRECTION ( 'NONE',  ( 1.000000000000000000, 0.000000000000000000, -1.292702590271169723E-14 ) ) ;
#7778 = EDGE_CURVE ( 'NONE', #8410, #7512, #2061, .T. ) ;
#7779 = DIRECTION ( 'NONE',  ( 1.000000000000000000, 0.000000000000000000, 0.000000000000000000 ) ) ;
#7780 = ORIENTED_EDGE ( 'NONE', *, *, #6689, .T. ) ;
#7781 = ADVANCED_FACE ( 'NONE', ( #9854 ), #4759, .T. ) ;
#7782 = VECTOR ( 'NONE', #1544, 1000.000000000000000 ) ;
#7783 = LINE ( 'NONE', #11421, #1216 ) ;
#7784 = DIRECTION ( 'NONE',  ( 1.000000000000000000, 0.000000000000000000, 0.000000000000000000 ) ) ;
#7785 = DIRECTION ( 'NONE',  ( 1.000000000000000000, -0.000000000000000000, 8.340016711426957754E-17 ) ) ;
#7786 = CARTESIAN_POINT ( 'NONE',  ( 0.2500000000000012768, 0.000000000000000000, 0.9249999999999997113 ) ) ;
#7787 = CARTESIAN_POINT ( 'NONE',  ( -0.9249999999999998224, 0.7590169943749474069, -0.1250000000000001943 ) ) ;
#7788 = AXIS2_PLACEMENT_3D ( 'NONE', #4654, #3784, #275 ) ;
#7789 = EDGE_CURVE ( 'NONE', #7464, #10913, #9212, .T. ) ;
#7790 = DIRECTION ( 'NONE',  ( -1.000000000000000000, 0.000000000000000000, 1.292702590271169407E-14 ) ) ;
#7791 = ORIENTED_EDGE ( 'NONE', *, *, #3943, .F. ) ;
#7792 = ORIENTED_EDGE ( 'NONE', *, *, #598, .T. ) ;
#7793 = VECTOR ( 'NONE', #4874, 1000.000000000000000 ) ;
#7794 = ORIENTED_EDGE ( 'NONE', *, *, #8974, .T. ) ;
#7795 = LINE ( 'NONE', #5780, #6022 ) ;
#7796 = DIRECTION ( 'NONE',  ( -0.7071067811865482389, 0.000000000000000000, -0.7071067811865469066 ) ) ;
#7797 = LINE ( 'NONE', #1958, #6387 ) ;
#7798 = FACE_OUTER_BOUND ( 'NONE', #9276, .T. ) ;
#7799 = CARTESIAN_POINT ( 'NONE',  ( -0.3499999999999980349, 0.01000000000000000021, -0.3500000000000016986 ) ) ;
#7800 = DIRECTION ( 'NONE',  ( -1.087828266707871075E-17, -0.000000000000000000, -1.000000000000000000 ) ) ;
#7801 = CARTESIAN_POINT ( 'NONE',  ( -1.050000000000001155, 0.01000000000000000021, -1.050000000000006040 ) ) ;
#7802 = CIRCLE ( 'NONE', #9292, 0.1000000000000000472 ) ;
#7803 = EDGE_CURVE ( 'NONE', #11063, #10209, #7368, .T. ) ;
#7804 = ORIENTED_EDGE ( 'NONE', *, *, #10424, .F. ) ;
#7805 = VERTEX_POINT ( 'NONE', #11378 ) ;
#7806 = CARTESIAN_POINT ( 'NONE',  ( 0.3750000000000012768, 0.01000000000000005398, 0.9249999999999994893 ) ) ;
#7807 = ADVANCED_FACE ( 'NONE', ( #6670 ), #6926, .F. ) ;
#7808 = VERTEX_POINT ( 'NONE', #9384 ) ;
#7809 = CIRCLE ( 'NONE', #2837, 0.1000000000000000472 ) ;
#7810 = LINE ( 'NONE', #6939, #9774 ) ;
#7811 = CARTESIAN_POINT ( 'NONE',  ( 1.240592229435182547, 0.08117096151037248020, -0.3905922294351825141 ) ) ;
#7812 = DIRECTION ( 'NONE',  ( 1.726383459265352879E-14, 0.000000000000000000, 1.000000000000000000 ) ) ;
#7813 = ORIENTED_EDGE ( 'NONE', *, *, #1926, .T. ) ;
#7814 = ADVANCED_FACE ( 'NONE', ( #3462 ), #1465, .F. ) ;
#7815 = EDGE_CURVE ( 'NONE', #10991, #11184, #1655, .T. ) ;
#7816 = CARTESIAN_POINT ( 'NONE',  ( 1.249999999999999778, 0.1999999999999999833, -1.124999999999999778 ) ) ;
#7817 = ORIENTED_EDGE ( 'NONE', *, *, #2143, .F. ) ;
#7818 = LINE ( 'NONE', #1813, #10277 ) ;
#7819 = ORIENTED_EDGE ( 'NONE', *, *, #2665, .F. ) ;
#7820 = DIRECTION ( 'NONE',  ( -0.000000000000000000, -1.000000000000000000, 0.000000000000000000 ) ) ;
#7821 = ORIENTED_EDGE ( 'NONE', *, *, #6973, .F. ) ;
#7822 = EDGE_CURVE ( 'NONE', #4123, #1404, #2290, .T. ) ;
#7823 = ORIENTED_EDGE ( 'NONE', *, *, #6394, .F. ) ;
#7824 = EDGE_CURVE ( 'NONE', #3028, #3973, #5152, .T. ) ;
#7825 = DIRECTION ( 'NONE',  ( -1.000000000000000000, 0.000000000000000000, -8.340016711426957754E-17 ) ) ;
#7826 = DIRECTION ( 'NONE',  ( 1.000000000000000000, 0.000000000000000000, -1.000802005371233254E-15 ) ) ;
#7827 = CARTESIAN_POINT ( 'NONE',  ( 1.225000000000000089, 0.2000000000000000111, 0.6249999999999997780 ) ) ;
#7828 = LINE ( 'NONE', #11358, #10533 ) ;
#7829 = ORIENTED_EDGE ( 'NONE', *, *, #6863, .F. ) ;
#7830 = DIRECTION ( 'NONE',  ( 0.000000000000000000, -1.000000000000000000, 0.000000000000000000 ) ) ;
#7831 = CARTESIAN_POINT ( 'NONE',  ( 0.8500000000000001998, 0.9846177413237633402, 1.300000000000005373 ) ) ;
#7832 = CARTESIAN_POINT ( 'NONE',  ( 1.250000000000000000, 0.2000000000000000111, -0.6000000000000003109 ) ) ;
#7833 = CARTESIAN_POINT ( 'NONE',  ( 1.250000000000000000, 0.2000000000000000111, 0.3999999999999997446 ) ) ;
#7834 = ORIENTED_EDGE ( 'NONE', *, *, #10241, .T. ) ;
#7835 = CARTESIAN_POINT ( 'NONE',  ( -1.225000000000000089, 0.06614378277661496497, -0.3750000000000002220 ) ) ;
#7836 = DIRECTION ( 'NONE',  ( 0.7071067811865474617, 0.000000000000000000, 0.7071067811865476838 ) ) ;
#7837 = DIRECTION ( 'NONE',  ( 1.087828266707871075E-17, 0.000000000000000000, 1.000000000000000000 ) ) ;
#7838 = EDGE_CURVE ( 'NONE', #8152, #9505, #2340, .T. ) ;
#7839 = CARTESIAN_POINT ( 'NONE',  ( 0.3500000000000008105, 0.1999999999999999833, 1.249999999999999778 ) ) ;
#7840 = DIRECTION ( 'NONE',  ( 2.780005570475648805E-16, 0.000000000000000000, 1.000000000000000000 ) ) ;
#7841 = EDGE_CURVE ( 'NONE', #9917, #8050, #9041, .T. ) ;
#7842 = ORIENTED_EDGE ( 'NONE', *, *, #3499, .T. ) ;
#7843 = ADVANCED_FACE ( 'NONE', ( #10457 ), #9651, .F. ) ;
#7844 = VECTOR ( 'NONE', #1266, 1000.000000000000000 ) ;
#7845 = ORIENTED_EDGE ( 'NONE', *, *, #2502, .F. ) ;
#7846 = EDGE_LOOP ( 'NONE', ( #3358, #3473, #1300, #10599 ) ) ;
#7847 = DIRECTION ( 'NONE',  ( 0.000000000000000000, 1.000000000000000000, -0.000000000000000000 ) ) ;
#7848 = CARTESIAN_POINT ( 'NONE',  ( 0.1500000000000009936, 0.1999999999999999833, -1.249999999999999556 ) ) ;
#7849 = CARTESIAN_POINT ( 'NONE',  ( -0.9249999999999998224, 0.009999999999999998473, 0.6249999999999997780 ) ) ;
#7850 = PRODUCT_DEFINITION_SHAPE ( 'NONE', 'NONE',  #5383 ) ;
#7851 = LINE ( 'NONE', #10578, #11372 ) ;
#7852 = MECHANICAL_DESIGN_GEOMETRIC_PRESENTATION_REPRESENTATION (  '', ( #11006 ), #9893 ) ;
#7853 =( NAMED_UNIT ( * ) PLANE_ANGLE_UNIT ( ) SI_UNIT ( $, .RADIAN. ) );
#7854 = DIRECTION ( 'NONE',  ( 0.000000000000000000, -1.000000000000000000, 0.000000000000000000 ) ) ;
#7855 = CARTESIAN_POINT ( 'NONE',  ( 1.300000000000000044, 0.009999999999999998473, -0.4000000000000001887 ) ) ;
#7856 = ORIENTED_EDGE ( 'NONE', *, *, #10739, .F. ) ;
#7857 = ORIENTED_EDGE ( 'NONE', *, *, #6004, .F. ) ;
#7858 = FACE_OUTER_BOUND ( 'NONE', #4146, .T. ) ;
#7859 = EDGE_CURVE ( 'NONE', #8660, #3869, #4873, .T. ) ;
#7860 = AXIS2_PLACEMENT_3D ( 'NONE', #8436, #7569, #11112 ) ;
#7861 = ORIENTED_EDGE ( 'NONE', *, *, #5227, .F. ) ;
#7862 = CARTESIAN_POINT ( 'NONE',  ( -0.3750000000000009992, 0.06614378277661471517, 1.224999999999999867 ) ) ;
#7863 = DIRECTION ( 'NONE',  ( -2.502005013428087819E-17, 0.000000000000000000, -1.000000000000000000 ) ) ;
#7864 = DIRECTION ( 'NONE',  ( 1.000000000000000000, 0.000000000000000000, 1.959903927185304452E-14 ) ) ;
#7865 = ORIENTED_EDGE ( 'NONE', *, *, #2467, .F. ) ;
#7866 = CARTESIAN_POINT ( 'NONE',  ( -0.8000000000000001554, 0.7590169943749474069, -1.751403509399661104E-16 ) ) ;
#7867 = ORIENTED_EDGE ( 'NONE', *, *, #896, .F. ) ;
#7868 = EDGE_CURVE ( 'NONE', #9005, #7212, #11180, .T. ) ;
#7869 = CARTESIAN_POINT ( 'NONE',  ( -0.3750000000000009992, 0.1999999999999999833, 1.224999999999999867 ) ) ;
#7870 = VERTEX_POINT ( 'NONE', #546 ) ;
#7871 = DIRECTION ( 'NONE',  ( 0.000000000000000000, -1.000000000000000000, 0.000000000000000000 ) ) ;
#7872 = EDGE_LOOP ( 'NONE', ( #9442, #8924, #8482, #7791, #2540 ) ) ;
#7873 = VECTOR ( 'NONE', #7532, 1000.000000000000000 ) ;
#7874 = EDGE_CURVE ( 'NONE', #2229, #2451, #606, .T. ) ;
#7875 = VERTEX_POINT ( 'NONE', #3088 ) ;
#7876 = VECTOR ( 'NONE', #2950, 1000.000000000000000 ) ;
#7877 = PLANE ( 'NONE',  #2215 ) ;
#7878 = LINE ( 'NONE', #9564, #7000 ) ;
#7879 = DIRECTION ( 'NONE',  ( 0.7071067811865476838, 0.000000000000000000, -0.7071067811865474617 ) ) ;
#7880 = DIRECTION ( 'NONE',  ( -8.340016711426957754E-17, 0.000000000000000000, 1.000000000000000000 ) ) ;
#7881 = EDGE_LOOP ( 'NONE', ( #619, #10091, #2839, #9120, #3956, #9362, #3311, #210 ) ) ;
#7882 = CLOSED_SHELL ( 'NONE', ( #8799, #8076, #3811, #1142, #3613, #10518, #2321, #11240, #5906, #10907, #8173, #10285, #10602, #5464, #5582, #3877, #4645, #11340, #3531 ) ) ;
#7883 = FACE_OUTER_BOUND ( 'NONE', #3886, .T. ) ;
#7884 = VECTOR ( 'NONE', #7917, 1000.000000000000000 ) ;
#7885 = EDGE_CURVE ( 'NONE', #77, #315, #6077, .T. ) ;
#7886 = COLOUR_RGB ( '',0.7921568627450980005, 0.8196078431372548767, 0.9333333333333333481 ) ;
#7887 = FACE_OUTER_BOUND ( 'NONE', #6687, .T. ) ;
#7888 = FACE_OUTER_BOUND ( 'NONE', #708, .T. ) ;
#7889 = EDGE_LOOP ( 'NONE', ( #2442, #3069, #2933, #5354 ) ) ;
#7890 =( BOUNDED_CURVE ( )  B_SPLINE_CURVE ( 3, ( #6339, #4879, #10313, #8404 ),
 .UNSPECIFIED., .F., .F. ) 
 B_SPLINE_CURVE_WITH_KNOTS ( ( 4, 4 ),
 ( 3.864326901403289494, 4.188790204786450033 ),
 .UNSPECIFIED. ) 
 CURVE ( )  GEOMETRIC_REPRESENTATION_ITEM ( )  RATIONAL_B_SPLINE_CURVE ( ( 1.000000000000000000, 0.9912461883984141631, 0.9912461883984141631, 1.000000000000000000 ) ) 
 REPRESENTATION_ITEM ( '' )  );
#7891 = FACE_OUTER_BOUND ( 'NONE', #10086, .T. ) ;
#7892 = VECTOR ( 'NONE', #963, 1000.000000000000000 ) ;
#7893 = FACE_OUTER_BOUND ( 'NONE', #1206, .T. ) ;
#7894 = DIRECTION ( 'NONE',  ( -1.000000000000000000, 0.000000000000000000, 1.292702590271169407E-14 ) ) ;
#7895 = LINE ( 'NONE', #1903, #2232 ) ;
#7896 = CARTESIAN_POINT ( 'NONE',  ( 1.300000000000000044, 0.01000000000000005398, -1.124999999999998890 ) ) ;
#7897 = CARTESIAN_POINT ( 'NONE',  ( 1.249999999999999778, 0.9846177413237633402, 1.124999999999999778 ) ) ;
#7898 = CARTESIAN_POINT ( 'NONE',  ( -0.3750000000000009992, 0.000000000000000000, 1.224999999999999867 ) ) ;
#7899 = ORIENTED_EDGE ( 'NONE', *, *, #2911, .F. ) ;
#7900 = ORIENTED_EDGE ( 'NONE', *, *, #7346, .T. ) ;
#7901 = VECTOR ( 'NONE', #7159, 1000.000000000000000 ) ;
#7902 = ORIENTED_EDGE ( 'NONE', *, *, #8575, .F. ) ;
#7903 = CARTESIAN_POINT ( 'NONE',  ( -1.199999999999999956, 0.000000000000000000, 0.3749999999999998890 ) ) ;
#7904 = EDGE_CURVE ( 'NONE', #9411, #912, #1406, .T. ) ;
#7905 = CARTESIAN_POINT ( 'NONE',  ( -1.224999999999999645, 0.1999999999999999833, 0.8999999999999991340 ) ) ;
#7906 = DIRECTION ( 'NONE',  ( 1.000000000000000000, 0.000000000000000000, 0.000000000000000000 ) ) ;
#7907 = ADVANCED_FACE ( 'NONE', ( #4926 ), #8456, .F. ) ;
#7908 = CARTESIAN_POINT ( 'NONE',  ( 0.9249999999999998224, 0.01000000000000000021, 0.3749999999999997224 ) ) ;
#7909 = LINE ( 'NONE', #2550, #255 ) ;
#7910 = FILL_AREA_STYLE ('',( #8780 ) ) ;
#7911 = CARTESIAN_POINT ( 'NONE',  ( 0.9249999999999998224, 0.2000000000000000111, 0.6249999999999997780 ) ) ;
#7912 = VECTOR ( 'NONE', #4187, 1000.000000000000000 ) ;
#7913 = AXIS2_PLACEMENT_3D ( 'NONE', #9171, #232, #5414 ) ;
#7914 = CARTESIAN_POINT ( 'NONE',  ( -0.1250000000000013600, 0.01000000000000005398, 0.9249999999999997113 ) ) ;
#7915 = ORIENTED_EDGE ( 'NONE', *, *, #3033, .T. ) ;
#7916 = ORIENTED_EDGE ( 'NONE', *, *, #11408, .F. ) ;
#7917 = DIRECTION ( 'NONE',  ( -1.529003063761606744E-15, 0.000000000000000000, 1.000000000000000000 ) ) ;
#7918 = ORIENTED_EDGE ( 'NONE', *, *, #11315, .F. ) ;
#7919 = AXIS2_PLACEMENT_3D ( 'NONE', #5147, #5092, #7053 ) ;
#7920 = VERTEX_POINT ( 'NONE', #4325 ) ;
#7921 = CARTESIAN_POINT ( 'NONE',  ( 0.8594077705648185406, 0.08117096151037622720, -1.240592229435187654 ) ) ;
#7922 = CARTESIAN_POINT ( 'NONE',  ( -0.8500000000000010880, 0.1999999999999999833, 1.250000000000005107 ) ) ;
#7923 = CIRCLE ( 'NONE', #946, 0.1250000000000000000 ) ;
#7924 = CARTESIAN_POINT ( 'NONE',  ( 0.9249999999999998224, 0.2000000000000000111, 0.3749999999999997224 ) ) ;
#7925 = ORIENTED_EDGE ( 'NONE', *, *, #10034, .T. ) ;
#7926 = EDGE_CURVE ( 'NONE', #3840, #1573, #3206, .T. ) ;
#7927 = AXIS2_PLACEMENT_3D ( 'NONE', #5191, #11066, #4984 ) ;
#7928 = DIRECTION ( 'NONE',  ( 0.7071067811865489050, -0.000000000000000000, -0.7071067811865461294 ) ) ;
#7929 = VECTOR ( 'NONE', #5411, 1000.000000000000000 ) ;
#7930 = VERTEX_POINT ( 'NONE', #7849 ) ;
#7931 = CARTESIAN_POINT ( 'NONE',  ( -0.3500000000000000888, 0.1999999999999999833, -1.300000000000000266 ) ) ;
#7932 = ORIENTED_EDGE ( 'NONE', *, *, #1396, .T. ) ;
#7933 = DIRECTION ( 'NONE',  ( -0.000000000000000000, -1.000000000000000000, 0.000000000000000000 ) ) ;
#7934 = AXIS2_PLACEMENT_3D ( 'NONE', #5064, #9415, #7667 ) ;
#7935 = VERTEX_POINT ( 'NONE', #7643 ) ;
#7936 = AXIS2_PLACEMENT_3D ( 'NONE', #3117, #7837, #9417 ) ;
#7937 = ORIENTED_EDGE ( 'NONE', *, *, #3168, .T. ) ;
#7938 = CARTESIAN_POINT ( 'NONE',  ( -1.299999999999999822, 0.1000000000000001166, 0.3999999999999998557 ) ) ;
#7939 = ADVANCED_FACE ( 'NONE', ( #3257 ), #8776, .F. ) ;
#7940 = DIRECTION ( 'NONE',  ( 1.000000000000000000, 0.000000000000000000, 8.340016711426957754E-17 ) ) ;
#7941 = CARTESIAN_POINT ( 'NONE',  ( 0.8750000000000008882, 0.1999999999999999833, -1.225000000000005196 ) ) ;
#7942 = DIRECTION ( 'NONE',  ( 1.000000000000000000, 0.000000000000000000, -1.362202729533067540E-15 ) ) ;
#7943 = ORIENTED_EDGE ( 'NONE', *, *, #1625, .F. ) ;
#7945 = AXIS2_PLACEMENT_3D ( 'NONE', #7399, #1821, #8332 ) ;
#7944 = LINE ( 'NONE', #6155, #6121 ) ;
#7946 = CARTESIAN_POINT ( 'NONE',  ( -0.4999999999999996669, 0.2000000000000000944, -0.2000000000000015654 ) ) ;
#7947 = CIRCLE ( 'NONE', #10920, 0.1000000000000000472 ) ;
#7948 = EDGE_CURVE ( 'NONE', #11096, #4510, #4557, .T. ) ;
#7949 = DIRECTION ( 'NONE',  ( -1.292702590271169723E-14, 0.000000000000000000, -1.000000000000000000 ) ) ;
#7950 = CARTESIAN_POINT ( 'NONE',  ( 1.250000000000000000, 0.1999999999999999833, 0.9249999999999993783 ) ) ;
#7951 = ORIENTED_EDGE ( 'NONE', *, *, #5427, .T. ) ;
#7952 = CIRCLE ( 'NONE', #7375, 0.1250000000000000000 ) ;
#7953 = EDGE_CURVE ( 'NONE', #6239, #7065, #6404, .T. ) ;
#7954 = DIRECTION ( 'NONE',  ( 0.000000000000000000, -1.000000000000000000, 0.000000000000000000 ) ) ;
#7955 = LINE ( 'NONE', #8763, #8494 ) ;
#7956 = EDGE_CURVE ( 'NONE', #9689, #5626, #1037, .T. ) ;
#7957 = VECTOR ( 'NONE', #3477, 1000.000000000000000 ) ;
#7958 = CARTESIAN_POINT ( 'NONE',  ( 0.8750000000000007772, 0.1999999999999999833, 1.225000000000005196 ) ) ;
#7959 = DIRECTION ( 'NONE',  ( -1.000000000000000000, 0.000000000000000000, 2.780005570475647818E-16 ) ) ;
#7960 = LINE ( 'NONE', #9751, #2113 ) ;
#7961 = FACE_OUTER_BOUND ( 'NONE', #1634, .T. ) ;
#7962 = DIRECTION ( 'NONE',  ( 0.7071067811865469066, 0.000000000000000000, -0.7071067811865482389 ) ) ;
#7963 = EDGE_LOOP ( 'NONE', ( #431, #6300, #3551, #4896, #4012 ) ) ;
#7964 = AXIS2_PLACEMENT_3D ( 'NONE', #4864, #3993, #10126 ) ;
#7965 =( BOUNDED_CURVE ( )  B_SPLINE_CURVE ( 3, ( #6389, #6450, #10975, #4772 ),
 .UNSPECIFIED., .F., .T. ) 
 B_SPLINE_CURVE_WITH_KNOTS ( ( 4, 4 ),
 ( 2.094395102393193486, 2.418858405776371789 ),
 .UNSPECIFIED. ) 
 CURVE ( )  GEOMETRIC_REPRESENTATION_ITEM ( )  RATIONAL_B_SPLINE_CURVE ( ( 1.000000000000000000, 0.9912461883984131639, 0.9912461883984131639, 1.000000000000000000 ) ) 
 REPRESENTATION_ITEM ( '' )  );
#7966 = VERTEX_POINT ( 'NONE', #70 ) ;
#7967 = ORIENTED_EDGE ( 'NONE', *, *, #2842, .F. ) ;
#7968 = DIRECTION ( 'NONE',  ( 8.340016711426957754E-17, 0.000000000000000000, -1.000000000000000000 ) ) ;
#7969 = EDGE_CURVE ( 'NONE', #6017, #5247, #1970, .T. ) ;
#7970 = DIRECTION ( 'NONE',  ( 8.340016711426957754E-17, -0.000000000000000000, -1.000000000000000000 ) ) ;
#7971 = DIRECTION ( 'NONE',  ( -1.000802005371233254E-15, 0.000000000000000000, -1.000000000000000000 ) ) ;
#7972 = VECTOR ( 'NONE', #5006, 1000.000000000000000 ) ;
#7973 = LINE ( 'NONE', #7618, #9478 ) ;
#7974 = EDGE_CURVE ( 'NONE', #10623, #6528, #6292, .T. ) ;
#7975 = DIRECTION ( 'NONE',  ( 1.000000000000000000, 0.000000000000000000, 8.340016711426957754E-17 ) ) ;
#7976 = DIRECTION ( 'NONE',  ( 0.000000000000000000, -1.000000000000000000, 0.000000000000000000 ) ) ;
#7977 = VERTEX_POINT ( 'NONE', #241 ) ;
#7978 = CIRCLE ( 'NONE', #2820, 0.1000000000000000472 ) ;
#7979 = ORIENTED_EDGE ( 'NONE', *, *, #11417, .F. ) ;
#7980 = CARTESIAN_POINT ( 'NONE',  ( 0.6500000000000006883, 0.01000000000000005398, 1.250000000000004885 ) ) ;
#7981 = EDGE_LOOP ( 'NONE', ( #3071, #7366, #9994, #10553 ) ) ;
#7982 = ORIENTED_EDGE ( 'NONE', *, *, #5407, .T. ) ;
#7983 = DIRECTION ( 'NONE',  ( -1.000000000000000000, 0.000000000000000000, 0.000000000000000000 ) ) ;
#7984 = DIRECTION ( 'NONE',  ( 0.000000000000000000, -1.000000000000000000, 0.000000000000000000 ) ) ;
#7985 = PRESENTATION_LAYER_ASSIGNMENT (  '', '', ( #9840 ) ) ;
#7986 = CARTESIAN_POINT ( 'NONE',  ( -1.454290414055092601E-14, 0.01000000000000000021, -1.125000000000015987 ) ) ;
#7987 = LINE ( 'NONE', #6075, #220 ) ;
#7988 = EDGE_LOOP ( 'NONE', ( #5321, #9262, #1103, #5618, #9972, #1583, #11192, #10978 ) ) ;
#7989 = DIRECTION ( 'NONE',  ( -0.7071067811865457964, 0.000000000000000000, -0.7071067811865492381 ) ) ;
#7990 = ORIENTED_EDGE ( 'NONE', *, *, #1399, .F. ) ;
#7991 = EDGE_CURVE ( 'NONE', #7367, #328, #124, .T. ) ;
#7992 = CARTESIAN_POINT ( 'NONE',  ( -0.8749999999999997780, 0.000000000000000000, -1.199999999999999734 ) ) ;
#7993 = EDGE_LOOP ( 'NONE', ( #11274, #10436, #8220, #3430 ) ) ;
#7994 = DIRECTION ( 'NONE',  ( 1.000000000000000000, -3.552713678800503296E-15, -1.301042606982604690E-14 ) ) ;
#7995 = ADVANCED_FACE ( 'NONE', ( #1856 ), #10, .T. ) ;
#7996 = MECHANICAL_DESIGN_GEOMETRIC_PRESENTATION_REPRESENTATION (  '', ( #4122 ), #5784 ) ;
#7997 = ORIENTED_EDGE ( 'NONE', *, *, #2621, .T. ) ;
#7998 = DIRECTION ( 'NONE',  ( 1.000000000000000000, 0.000000000000000000, 0.000000000000000000 ) ) ;
#7999 = ORIENTED_EDGE ( 'NONE', *, *, #777, .T. ) ;
#8000 = CARTESIAN_POINT ( 'NONE',  ( 1.149999999999998579, 0.000000000000000000, -1.299999999999999822 ) ) ;
#8001 = DIRECTION ( 'NONE',  ( -8.340016711426957754E-17, 0.000000000000000000, 1.000000000000000000 ) ) ;
#8002 = DIRECTION ( 'NONE',  ( -0.000000000000000000, -1.000000000000000000, 0.000000000000000000 ) ) ;
#8003 = CARTESIAN_POINT ( 'NONE',  ( -0.9249999999999998224, 0.2000000000000000111, -0.1250000000000001943 ) ) ;
#8004 = ORIENTED_EDGE ( 'NONE', *, *, #3056, .T. ) ;
#8005 = DIRECTION ( 'NONE',  ( 8.340016711426957754E-17, -0.000000000000000000, -1.000000000000000000 ) ) ;
#8006 = CYLINDRICAL_SURFACE ( 'NONE', #6928, 0.1250000000000000555 ) ;
#8007 = CARTESIAN_POINT ( 'NONE',  ( 0.1500000000000000222, 0.1999999999999999833, -1.300000000000000266 ) ) ;
#8008 = CARTESIAN_POINT ( 'NONE',  ( 0.6500000000000009104, 0.08660254037844714037, -1.250000000000004885 ) ) ;
#8009 = EDGE_LOOP ( 'NONE', ( #149, #653, #8432, #3630, #1879 ) ) ;
#8010 = VERTEX_POINT ( 'NONE', #3637 ) ;
#8011 = DIRECTION ( 'NONE',  ( -8.340016711426957754E-17, 0.000000000000000000, 1.000000000000000000 ) ) ;
#8012 = DIRECTION ( 'NONE',  ( 1.000000000000000000, -0.000000000000000000, 8.340016711426957754E-17 ) ) ;
#8013 = CARTESIAN_POINT ( 'NONE',  ( 0.8500000000000004219, 0.000000000000000000, -1.299999999999999822 ) ) ;
#8014 = CYLINDRICAL_SURFACE ( 'NONE', #6272, 0.1250000000000000000 ) ;
#8015 = LINE ( 'NONE', #2819, #2786 ) ;
#8016 = CARTESIAN_POINT ( 'NONE',  ( 0.1250000000000011657, 0.1999999999999999833, 0.9249999999999992673 ) ) ;
#8017 = FACE_OUTER_BOUND ( 'NONE', #10716, .T. ) ;
#8018 = EDGE_CURVE ( 'NONE', #524, #10072, #7270, .T. ) ;
#8019 = VERTEX_POINT ( 'NONE', #6174 ) ;
#8020 = ORIENTED_EDGE ( 'NONE', *, *, #4856, .T. ) ;
#8021 = ORIENTED_EDGE ( 'NONE', *, *, #9860, .T. ) ;
#8022 = CARTESIAN_POINT ( 'NONE',  ( 1.250000000000000000, 0.08660254037844443420, -0.1000000000000002554 ) ) ;
#8023 = EDGE_CURVE ( 'NONE', #1965, #6648, #5540, .T. ) ;
#8024 = DIRECTION ( 'NONE',  ( -1.000000000000000000, 0.000000000000000000, -8.340016711426957754E-17 ) ) ;
#8025 = LINE ( 'NONE', #4448, #263 ) ;
#8026 = CARTESIAN_POINT ( 'NONE',  ( -1.240592229435182325, 0.08117096151037217489, 0.9155922294351813706 ) ) ;
#8027 = CARTESIAN_POINT ( 'NONE',  ( 1.250000000000000000, 0.7590169943749474069, -0.1000000000000002554 ) ) ;
#8028 = AXIS2_PLACEMENT_3D ( 'NONE', #10510, #7968, #1674 ) ;
#8029 = LINE ( 'NONE', #4390, #7901 ) ;
#8030 = VERTEX_POINT ( 'NONE', #8902 ) ;
#8031 = ADVANCED_FACE ( 'NONE', ( #8084 ), #2712, .F. ) ;
#8032 = EDGE_CURVE ( 'NONE', #6827, #1951, #10577, .T. ) ;
#8033 = ORIENTED_EDGE ( 'NONE', *, *, #6647, .F. ) ;
#8034 = CARTESIAN_POINT ( 'NONE',  ( -0.1499999999999998002, 0.9846177413237633402, -1.300000000000000266 ) ) ;
#8035 = ORIENTED_EDGE ( 'NONE', *, *, #10160, .F. ) ;
#8036 = ADVANCED_FACE ( 'NONE', ( #10810 ), #6230, .F. ) ;
#8037 = VERTEX_POINT ( 'NONE', #1789 ) ;
#8038 = LINE ( 'NONE', #4511, #4260 ) ;
#8039 = VECTOR ( 'NONE', #3616, 1000.000000000000000 ) ;
#8040 = DIRECTION ( 'NONE',  ( 0.000000000000000000, 1.000000000000000000, 0.000000000000000000 ) ) ;
#8041 = PLANE ( 'NONE',  #5961 ) ;
#8042 = DIRECTION ( 'NONE',  ( 8.340016711426957754E-17, 0.000000000000000000, -1.000000000000000000 ) ) ;
#8043 = ORIENTED_EDGE ( 'NONE', *, *, #6719, .F. ) ;
#8044 = LINE ( 'NONE', #6311, #3670 ) ;
#8045 = ORIENTED_EDGE ( 'NONE', *, *, #1008, .T. ) ;
#8046 = VECTOR ( 'NONE', #12, 1000.000000000000114 ) ;
#8047 = PLANE ( 'NONE',  #8239 ) ;
#8048 = ORIENTED_EDGE ( 'NONE', *, *, #6750, .T. ) ;
#8049 = CARTESIAN_POINT ( 'NONE',  ( -1.250000000000000000, 0.08660254037844400399, 0.9249999999999991562 ) ) ;
#8050 = VERTEX_POINT ( 'NONE', #4446 ) ;
#8051 = DIRECTION ( 'NONE',  ( 0.7071067811865445751, 0.000000000000000000, -0.7071067811865504593 ) ) ;
#8052 = ORIENTED_EDGE ( 'NONE', *, *, #1500, .T. ) ;
#8053 = DIRECTION ( 'NONE',  ( -1.000000000000000000, 0.000000000000000000, -8.340016711426966382E-17 ) ) ;
#8054 = DIRECTION ( 'NONE',  ( 1.000000000000000000, 0.000000000000000000, -3.984674651014977107E-16 ) ) ;
#8055 = EDGE_CURVE ( 'NONE', #5837, #6556, #4503, .T. ) ;
#8056 = AXIS2_PLACEMENT_3D ( 'NONE', #8607, #647, #6759 ) ;
#8057 = LINE ( 'NONE', #4530, #10951 ) ;
#8058 = FACE_OUTER_BOUND ( 'NONE', #8567, .T. ) ;
#8059 = ORIENTED_EDGE ( 'NONE', *, *, #8319, .T. ) ;
#8060 = EDGE_CURVE ( 'NONE', #8736, #656, #10690, .T. ) ;
#8061 = CARTESIAN_POINT ( 'NONE',  ( 0.9249999999999998224, 0.7590169943749474069, -0.3750000000000002220 ) ) ;
#8062 = DIRECTION ( 'NONE',  ( 1.292702590271175245E-14, 0.000000000000000000, 1.000000000000000000 ) ) ;
#8063 = CARTESIAN_POINT ( 'NONE',  ( -0.4999999999999995559, 0.2000000000000000944, 0.4999999999999994449 ) ) ;
#8064 = AXIS2_PLACEMENT_3D ( 'NONE', #8408, #3157, #8358 ) ;
#8065 = FILL_AREA_STYLE_COLOUR ( '', #10117 ) ;
#8066 = ORIENTED_EDGE ( 'NONE', *, *, #2467, .T. ) ;
#8067 = ORIENTED_EDGE ( 'NONE', *, *, #9898, .T. ) ;
#8068 = DIRECTION ( 'NONE',  ( 0.7071067811865459074, 0.000000000000000000, 0.7071067811865491270 ) ) ;
#8069 = DIRECTION ( 'NONE',  ( -0.7071067811865489050, 0.000000000000000000, -0.7071067811865461294 ) ) ;
#8070 = DIRECTION ( 'NONE',  ( -0.7071067811865459074, 0.000000000000000000, -0.7071067811865491270 ) ) ;
#8071 = CARTESIAN_POINT ( 'NONE',  ( -1.225000000000000089, 0.1999999999999999833, -0.1250000000000001110 ) ) ;
#8072 = AXIS2_PLACEMENT_3D ( 'NONE', #9349, #4949, #1549 ) ;
#8073 = LINE ( 'NONE', #2017, #2066 ) ;
#8074 = AXIS2_PLACEMENT_3D ( 'NONE', #2032, #10815, #4732 ) ;
#8075 = DIRECTION ( 'NONE',  ( 1.000000000000000000, 0.000000000000000000, 8.340016711426957754E-17 ) ) ;
#8076 = ADVANCED_FACE ( 'NONE', ( #5482 ), #4618, .T. ) ;
#8077 = PLANE ( 'NONE',  #8815 ) ;
#8078 = ORIENTED_EDGE ( 'NONE', *, *, #3842, .F. ) ;
#8079 = ORIENTED_EDGE ( 'NONE', *, *, #2741, .F. ) ;
#8080 =( GEOMETRIC_REPRESENTATION_CONTEXT ( 3 ) GLOBAL_UNCERTAINTY_ASSIGNED_CONTEXT ( ( #3179 ) ) GLOBAL_UNIT_ASSIGNED_CONTEXT ( ( #899, #7079, #10392 ) ) REPRESENTATION_CONTEXT ( 'NONE', 'WORKASPACE' ) );
#8081 = ORIENTED_EDGE ( 'NONE', *, *, #9375, .T. ) ;
#8082 = FACE_OUTER_BOUND ( 'NONE', #6833, .T. ) ;
#8083 = LINE ( 'NONE', #180, #3868 ) ;
#8084 = FACE_OUTER_BOUND ( 'NONE', #7480, .T. ) ;
#8085 = EDGE_CURVE ( 'NONE', #5221, #3984, #4674, .T. ) ;
#8086 = SURFACE_STYLE_USAGE ( .BOTH. , #6231 ) ;
#8087 = DIRECTION ( 'NONE',  ( 8.340016711426957754E-17, 0.000000000000000000, -1.000000000000000000 ) ) ;
#8088 = DIRECTION ( 'NONE',  ( -8.340016711426957754E-17, 0.000000000000000000, 1.000000000000000000 ) ) ;
#8089 = DIRECTION ( 'NONE',  ( -1.000000000000000000, 0.000000000000000000, 1.075862155774079406E-14 ) ) ;
#8090 = VECTOR ( 'NONE', #2968, 1000.000000000000000 ) ;
#8091 = ORIENTED_EDGE ( 'NONE', *, *, #6441, .T. ) ;
#8092 = EDGE_CURVE ( 'NONE', #3438, #2114, #3803, .T. ) ;
#8093 = ORIENTED_EDGE ( 'NONE', *, *, #9883, .T. ) ;
#8094 = DIRECTION ( 'NONE',  ( 1.000000000000000000, -0.000000000000000000, -1.075862155774079564E-14 ) ) ;
#8095 = EDGE_LOOP ( 'NONE', ( #4627, #2337, #1242, #10879 ) ) ;
#8096 = ORIENTED_EDGE ( 'NONE', *, *, #4487, .T. ) ;
#8097 = DIRECTION ( 'NONE',  ( -0.000000000000000000, -1.000000000000000000, 0.000000000000000000 ) ) ;
#8098 = VECTOR ( 'NONE', #2301, 1000.000000000000000 ) ;
#8099 = AXIS2_PLACEMENT_3D ( 'NONE', #5097, #7546, #3171 ) ;
#8100 = CARTESIAN_POINT ( 'NONE',  ( 0.3750000000000010547, 0.000000000000000000, -1.199999999999999734 ) ) ;
#8101 = EDGE_CURVE ( 'NONE', #1731, #7333, #1437, .T. ) ;
#8102 = DIRECTION ( 'NONE',  ( -1.000000000000000000, 0.000000000000000000, 3.984674651014977107E-16 ) ) ;
#8103 = DIRECTION ( 'NONE',  ( 1.529003063761606547E-15, -0.000000000000000000, -1.000000000000000000 ) ) ;
#8104 = ORIENTED_EDGE ( 'NONE', *, *, #3425, .T. ) ;
#8105 = EDGE_CURVE ( 'NONE', #6528, #4351, #4720, .T. ) ;
#8106 = LINE ( 'NONE', #8794, #2934 ) ;
#8107 = ORIENTED_EDGE ( 'NONE', *, *, #7225, .F. ) ;
#8108 = ORIENTED_EDGE ( 'NONE', *, *, #3262, .F. ) ;
#8109 = CARTESIAN_POINT ( 'NONE',  ( -0.8749999999999990008, 0.1999999999999999833, -1.149999999999999911 ) ) ;
#8110 = AXIS2_PLACEMENT_3D ( 'NONE', #83, #5379, #2044 ) ;
#8111 = EDGE_LOOP ( 'NONE', ( #8048, #9426, #6644, #9336 ) ) ;
#8112 = ORIENTED_EDGE ( 'NONE', *, *, #2054, .T. ) ;
#8113 = LINE ( 'NONE', #6259, #4228 ) ;
#8114 = PLANE ( 'NONE',  #4412 ) ;
#8115 = VECTOR ( 'NONE', #10137, 1000.000000000000000 ) ;
#8116 = LINE ( 'NONE', #6322, #5392 ) ;
#8117 = LINE ( 'NONE', #835, #6471 ) ;
#8118 = ORIENTED_EDGE ( 'NONE', *, *, #5337, .T. ) ;
#8119 = AXIS2_PLACEMENT_3D ( 'NONE', #5108, #3274, #10386 ) ;
#8120 = DIRECTION ( 'NONE',  ( -0.7071067811865504593, 0.000000000000000000, -0.7071067811865445751 ) ) ;
#8121 = VECTOR ( 'NONE', #2772, 1000.000000000000000 ) ;
#8122 = DIRECTION ( 'NONE',  ( 2.085004177856743605E-15, 0.000000000000000000, 1.000000000000000000 ) ) ;
#8123 = VECTOR ( 'NONE', #6521, 1000.000000000000000 ) ;
#8124 = ORIENTED_EDGE ( 'NONE', *, *, #10537, .F. ) ;
#8125 = CIRCLE ( 'NONE', #2774, 0.1250000000000000555 ) ;
#8126 = ORIENTED_EDGE ( 'NONE', *, *, #694, .F. ) ;
#8127 = EDGE_CURVE ( 'NONE', #5506, #11056, #2946, .T. ) ;
#8128 = FACE_OUTER_BOUND ( 'NONE', #7238, .T. ) ;
#8129 = DIRECTION ( 'NONE',  ( 2.085004177856743210E-15, -0.000000000000000000, 1.000000000000000000 ) ) ;
#8130 = VECTOR ( 'NONE', #8545, 1000.000000000000000 ) ;
#8131 = DIRECTION ( 'NONE',  ( -1.000000000000000000, 0.000000000000000000, -8.340016711426957754E-17 ) ) ;
#8132 = CARTESIAN_POINT ( 'NONE',  ( 0.3500000000000010325, 0.1999999999999999833, -1.249999999999999778 ) ) ;
#8133 = CARTESIAN_POINT ( 'NONE',  ( 0.6500000000000009104, 0.9846177413237633402, -1.250000000000004885 ) ) ;
#8134 = AXIS2_PLACEMENT_3D ( 'NONE', #6607, #7247, #2063 ) ;
#8135 = CARTESIAN_POINT ( 'NONE',  ( -1.300000000000000044, 0.000000000000000000, 0.8999999999999992450 ) ) ;
#8136 = EDGE_CURVE ( 'NONE', #722, #5251, #8255, .T. ) ;
#8137 = CARTESIAN_POINT ( 'NONE',  ( -0.4999999999999996669, 0.2000000000000000944, -0.5000000000000005551 ) ) ;
#8138 = CARTESIAN_POINT ( 'NONE',  ( -1.300000000000000044, 0.009999999999999998473, -0.6000000000000001998 ) ) ;
#8139 = ADVANCED_FACE ( 'NONE', ( #1381 ), #2090, .F. ) ;
#8140 = AXIS2_PLACEMENT_3D ( 'NONE', #194, #2043, #10768 ) ;
#8141 = ORIENTED_EDGE ( 'NONE', *, *, #3089, .F. ) ;
#8142 = EDGE_CURVE ( 'NONE', #586, #4891, #9997, .T. ) ;
#8143 = VECTOR ( 'NONE', #549, 1000.000000000000000 ) ;
#8144 = VERTEX_POINT ( 'NONE', #3180 ) ;
#8145 = DIRECTION ( 'NONE',  ( 0.000000000000000000, 1.000000000000000000, -0.000000000000000000 ) ) ;
#8146 = PLANE ( 'NONE',  #1474 ) ;
#8147 = DIRECTION ( 'NONE',  ( -8.340016711426957754E-17, 0.000000000000000000, 1.000000000000000000 ) ) ;
#8148 = DIRECTION ( 'NONE',  ( -0.000000000000000000, -1.000000000000000000, 0.000000000000000000 ) ) ;
#8149 = LINE ( 'NONE', #9941, #10185 ) ;
#8150 = CARTESIAN_POINT ( 'NONE',  ( -0.2500000000000013878, 0.000000000000000000, 0.9249999999999997113 ) ) ;
#8151 = DIRECTION ( 'NONE',  ( -1.000000000000000000, 0.000000000000000000, 2.780005570475648805E-16 ) ) ;
#8152 = VERTEX_POINT ( 'NONE', #4727 ) ;
#8153 = ORIENTED_EDGE ( 'NONE', *, *, #9082, .T. ) ;
#8154 = DIRECTION ( 'NONE',  ( -1.000000000000000000, 0.000000000000000000, -8.340016711426957754E-17 ) ) ;
#8155 = ORIENTED_EDGE ( 'NONE', *, *, #8218, .F. ) ;
#8156 = ORIENTED_EDGE ( 'NONE', *, *, #3463, .F. ) ;
#8157 = DIRECTION ( 'NONE',  ( 1.000000000000000000, 0.000000000000000000, 1.309382623694028928E-14 ) ) ;
#8158 = CIRCLE ( 'NONE', #7041, 0.1000000000000000472 ) ;
#8159 = CARTESIAN_POINT ( 'NONE',  ( -1.300000000000000044, 0.1000000000000001166, -0.9249999999999999334 ) ) ;
#8160 = CARTESIAN_POINT ( 'NONE',  ( 0.1250000000000010270, 0.1999999999999999833, -1.224999999999999645 ) ) ;
#8161 = CARTESIAN_POINT ( 'NONE',  ( 0.3750000000000013878, 0.1999999999999999833, -0.9249999999999994893 ) ) ;
#8162 = ORIENTED_EDGE ( 'NONE', *, *, #5729, .T. ) ;
#8163 = CARTESIAN_POINT ( 'NONE',  ( -0.8750000000000007772, 0.1999999999999999833, -1.225000000000005196 ) ) ;
#8164 = ORIENTED_EDGE ( 'NONE', *, *, #5373, .T. ) ;
#8165 = ORIENTED_EDGE ( 'NONE', *, *, #10028, .F. ) ;
#8166 = PLANE ( 'NONE',  #10100 ) ;
#8167 = EDGE_CURVE ( 'NONE', #10643, #3028, #5905, .T. ) ;
#8168 = ORIENTED_EDGE ( 'NONE', *, *, #1589, .F. ) ;
#8169 = AXIS2_PLACEMENT_3D ( 'NONE', #661, #4174, #10138 ) ;
#8170 = ORIENTED_EDGE ( 'NONE', *, *, #4570, .T. ) ;
#8171 = DIRECTION ( 'NONE',  ( -1.092542189196933248E-14, 0.000000000000000000, 1.000000000000000000 ) ) ;
#8172 = DIRECTION ( 'NONE',  ( -2.780005570475648805E-16, 0.000000000000000000, -1.000000000000000000 ) ) ;
#8173 = ADVANCED_FACE ( 'NONE', ( #460 ), #6638, .T. ) ;
#8174 = ADVANCED_FACE ( 'NONE', ( #10929 ), #11102, .T. ) ;
#8175 = CARTESIAN_POINT ( 'NONE',  ( 0.3750000000000012768, 0.000000000000000000, 0.9249999999999994893 ) ) ;
#8176 = DIRECTION ( 'NONE',  ( -1.000000000000000000, 0.000000000000000000, -8.340016711426957754E-17 ) ) ;
#8177 = ORIENTED_EDGE ( 'NONE', *, *, #4026, .F. ) ;
#8178 = CARTESIAN_POINT ( 'NONE',  ( -0.8750000000000009992, 0.1999999999999999833, 1.225000000000005196 ) ) ;
#8179 = DIRECTION ( 'NONE',  ( -0.7071067811865489050, 0.000000000000000000, -0.7071067811865461294 ) ) ;
#8180 = AXIS2_PLACEMENT_3D ( 'NONE', #4339, #9719, #5254 ) ;
#8181 = DIRECTION ( 'NONE',  ( -0.7071067811865504593, 0.000000000000000000, -0.7071067811865445751 ) ) ;
#8182 = ADVANCED_FACE ( 'NONE', ( #5823 ), #5648, .F. ) ;
#8183 = ORIENTED_EDGE ( 'NONE', *, *, #6297, .F. ) ;
#8184 = EDGE_CURVE ( 'NONE', #2719, #7136, #4036, .T. ) ;
#8185 = ORIENTED_EDGE ( 'NONE', *, *, #4243, .F. ) ;
#8186 = EDGE_CURVE ( 'NONE', #5256, #10787, #9246, .T. ) ;
#8187 = CARTESIAN_POINT ( 'NONE',  ( -0.8500000000000010880, 0.1999999999999999833, 1.250000000000005107 ) ) ;
#8188 = CARTESIAN_POINT ( 'NONE',  ( -0.1499999999999998002, 0.1999999999999999833, -1.300000000000000266 ) ) ;
#8189 = VECTOR ( 'NONE', #7328, 1000.000000000000000 ) ;
#8190 = LINE ( 'NONE', #334, #8309 ) ;
#8191 = FACE_OUTER_BOUND ( 'NONE', #6895, .T. ) ;
#8192 = CARTESIAN_POINT ( 'NONE',  ( 1.224999999999999645, 0.000000000000000000, 1.149999999999999911 ) ) ;
#8193 = DIRECTION ( 'NONE',  ( 0.000000000000000000, 1.000000000000000000, 0.000000000000000000 ) ) ;
#8194 = DIRECTION ( 'NONE',  ( -0.7071067811865489050, 0.000000000000000000, -0.7071067811865461294 ) ) ;
#8195 = DIRECTION ( 'NONE',  ( 0.000000000000000000, -1.000000000000000000, 0.000000000000000000 ) ) ;
#8196 = VERTEX_POINT ( 'NONE', #7499 ) ;
#8197 = ORIENTED_EDGE ( 'NONE', *, *, #9030, .T. ) ;
#8198 = CARTESIAN_POINT ( 'NONE',  ( -0.6250000000000007772, 0.1999999999999999833, -0.9999999999999991118 ) ) ;
#8199 = EDGE_CURVE ( 'NONE', #9558, #1719, #1618, .T. ) ;
#8200 = DIRECTION ( 'NONE',  ( -1.000000000000000000, -0.000000000000000000, -2.321304651347009995E-14 ) ) ;
#8201 = CARTESIAN_POINT ( 'NONE',  ( 0.6500000000000006883, 0.1999999999999999833, 1.250000000000004885 ) ) ;
#8202 = ADVANCED_FACE ( 'NONE', ( #6700 ), #9354, .F. ) ;
#8203 = CARTESIAN_POINT ( 'NONE',  ( 1.300000000000000044, 0.2000000000000000111, 0.09999999999999982514 ) ) ;
#8204 = DIRECTION ( 'NONE',  ( -1.000802005371233057E-15, 0.000000000000000000, -1.000000000000000000 ) ) ;
#8205 = ADVANCED_FACE ( 'NONE', ( #739 ), #1497, .F. ) ;
#8206 = PLANE ( 'NONE',  #6218 ) ;
#8207 = ORIENTED_EDGE ( 'NONE', *, *, #8127, .T. ) ;
#8208 = EDGE_LOOP ( 'NONE', ( #5593, #2392, #9298, #7003 ) ) ;
#8209 = DIRECTION ( 'NONE',  ( 1.000000000000000000, 0.000000000000000000, 0.000000000000000000 ) ) ;
#8210 = ORIENTED_EDGE ( 'NONE', *, *, #942, .F. ) ;
#8211 = ORIENTED_EDGE ( 'NONE', *, *, #11078, .F. ) ;
#8212 = LINE ( 'NONE', #359, #2431 ) ;
#8213 = DIRECTION ( 'NONE',  ( -0.7071067811865461294, 0.000000000000000000, 0.7071067811865489050 ) ) ;
#8214 = CARTESIAN_POINT ( 'NONE',  ( -1.093800711959200145, 1.050000000000000044, -0.8859432889494202046 ) ) ;
#8215 = PLANE ( 'NONE',  #8694 ) ;
#8216 = VERTEX_POINT ( 'NONE', #11266 ) ;
#8217 = CARTESIAN_POINT ( 'NONE',  ( 0.6250000000000011102, 0.1999999999999999833, -1.225000000000004974 ) ) ;
#8218 = EDGE_CURVE ( 'NONE', #3340, #8030, #8487, .T. ) ;
#8219 = ORIENTED_EDGE ( 'NONE', *, *, #9234, .F. ) ;
#8220 = ORIENTED_EDGE ( 'NONE', *, *, #2391, .F. ) ;
#8221 = CARTESIAN_POINT ( 'NONE',  ( 0.9249999999999998224, 0.000000000000000000, 0.3749999999999997224 ) ) ;
#8222 = VECTOR ( 'NONE', #2587, 1000.000000000000114 ) ;
#8223 = EDGE_LOOP ( 'NONE', ( #8435, #10120, #5520, #3067 ) ) ;
#8224 = EDGE_LOOP ( 'NONE', ( #378, #773, #261, #4998 ) ) ;
#8225 = CARTESIAN_POINT ( 'NONE',  ( 0.6250000000000011102, 0.1999999999999999833, -1.225000000000004974 ) ) ;
#8226 = CARTESIAN_POINT ( 'NONE',  ( -1.250000000000000000, 0.08660254037844393460, -0.1000000000000001582 ) ) ;
#8227 = FACE_OUTER_BOUND ( 'NONE', #3085, .T. ) ;
#8228 = CARTESIAN_POINT ( 'NONE',  ( 0.3500000000000003109, 0.1999999999999999833, -1.300000000000000266 ) ) ;
#8229 = ORIENTED_EDGE ( 'NONE', *, *, #3587, .F. ) ;
#8230 = ADVANCED_FACE ( 'NONE', ( #11323 ), #10502, .F. ) ;
#8231 = VECTOR ( 'NONE', #8706, 1000.000000000000000 ) ;
#8232 = CARTESIAN_POINT ( 'NONE',  ( -0.9250000000000040412, 0.01000000000000000021, 0.9249999999999978240 ) ) ;
#8233 = DIRECTION ( 'NONE',  ( -2.085004177856743210E-15, -0.000000000000000000, -1.000000000000000000 ) ) ;
#8234 = FACE_OUTER_BOUND ( 'NONE', #4976, .T. ) ;
#8235 = EDGE_CURVE ( 'NONE', #3994, #1060, #5995, .T. ) ;
#8236 = APPLICATION_PROTOCOL_DEFINITION ( 'draft international standard', 'automotive_design', 1998, #5083 ) ;
#8237 = ORIENTED_EDGE ( 'NONE', *, *, #6828, .T. ) ;
#8238 = EDGE_LOOP ( 'NONE', ( #10720, #5536, #9543, #6247, #8107, #2642, #1305, #9890, #5546 ) ) ;
#8239 = AXIS2_PLACEMENT_3D ( 'NONE', #7119, #412, #7393 ) ;
#8240 = DIRECTION ( 'NONE',  ( 1.000000000000000000, 0.000000000000000000, -2.304624617924155838E-14 ) ) ;
#8241 = CARTESIAN_POINT ( 'NONE',  ( 0.9249999999999998224, 0.7590169943749474069, -0.6250000000000002220 ) ) ;
#8242 = CARTESIAN_POINT ( 'NONE',  ( -0.1499999999999998002, 0.1999999999999999833, -1.300000000000000266 ) ) ;
#8243 = DIRECTION ( 'NONE',  ( -0.000000000000000000, -1.000000000000000000, 0.000000000000000000 ) ) ;
#8244 = ORIENTED_EDGE ( 'NONE', *, *, #9365, .F. ) ;
#8245 = EDGE_CURVE ( 'NONE', #1515, #7706, #4244, .T. ) ;
#8246 = CARTESIAN_POINT ( 'NONE',  ( -1.093800711959200145, 0.9500000000000000666, -0.8859432889494202046 ) ) ;
#8247 = SURFACE_SIDE_STYLE ('',( #2937 ) ) ;
#8248 = ORIENTED_EDGE ( 'NONE', *, *, #10621, .F. ) ;
#8249 = VECTOR ( 'NONE', #8088, 1000.000000000000000 ) ;
#8250 = ORIENTED_EDGE ( 'NONE', *, *, #4620, .T. ) ;
#8251 = DIRECTION ( 'NONE',  ( -1.000000000000000000, 0.000000000000000000, -1.743063492688207036E-14 ) ) ;
#8252 = VECTOR ( 'NONE', #7933, 1000.000000000000000 ) ;
#8253 = CARTESIAN_POINT ( 'NONE',  ( 0.2500000000000012768, 0.009999999999999998473, 0.9249999999999997113 ) ) ;
#8254 = AXIS2_PLACEMENT_3D ( 'NONE', #6986, #10522, #18 ) ;
#8255 = LINE ( 'NONE', #6464, #1297 ) ;
#8256 = CARTESIAN_POINT ( 'NONE',  ( -0.9249999999999998224, 0.7590169943749474069, -0.1250000000000001943 ) ) ;
#8257 = CARTESIAN_POINT ( 'NONE',  ( 1.225000000000000089, 0.2000000000000000111, 0.1249999999999997363 ) ) ;
#8258 = CARTESIAN_POINT ( 'NONE',  ( 1.300000000000000044, 0.1000000000000001166, 0.3999999999999996336 ) ) ;
#8259 = VERTEX_POINT ( 'NONE', #10282 ) ;
#8260 = VECTOR ( 'NONE', #762, 1000.000000000000000 ) ;
#8261 = CARTESIAN_POINT ( 'NONE',  ( 0.3500000000000010325, 0.01000000000000005398, -1.249999999999999778 ) ) ;
#8262 = ORIENTED_EDGE ( 'NONE', *, *, #7140, .F. ) ;
#8263 = CARTESIAN_POINT ( 'NONE',  ( 0.3500000000000008105, 0.08660254037844378194, 1.249999999999999778 ) ) ;
#8264 = ADVANCED_FACE ( 'NONE', ( #1605 ), #5122, .F. ) ;
#8265 = ORIENTED_EDGE ( 'NONE', *, *, #5556, .F. ) ;
#8266 = ORIENTED_EDGE ( 'NONE', *, *, #8470, .T. ) ;
#8267 = FACE_OUTER_BOUND ( 'NONE', #6529, .T. ) ;
#8268 = CARTESIAN_POINT ( 'NONE',  ( 1.149999999999998801, 0.1000000000000001166, -1.300000000000005151 ) ) ;
#8269 = EDGE_CURVE ( 'NONE', #7579, #9133, #8599, .T. ) ;
#8270 = DIRECTION ( 'NONE',  ( -1.000000000000000000, 0.000000000000000000, -8.340016711426957754E-17 ) ) ;
#8271 = CARTESIAN_POINT ( 'NONE',  ( -0.7250000000000009770, 0.1999999999999999833, -0.8999999999999993561 ) ) ;
#8272 = DIRECTION ( 'NONE',  ( -1.000000000000000000, 0.000000000000000000, -1.167602339599772458E-15 ) ) ;
#8273 = ORIENTED_EDGE ( 'NONE', *, *, #4311, .T. ) ;
#8274 = CARTESIAN_POINT ( 'NONE',  ( -1.300000000000000266, 1.050000000000000488, 1.300000000000000044 ) ) ;
#8275 = EDGE_CURVE ( 'NONE', #9334, #10201, #9639, .T. ) ;
#8276 = ORIENTED_EDGE ( 'NONE', *, *, #8941, .T. ) ;
#8277 = ORIENTED_EDGE ( 'NONE', *, *, #347, .T. ) ;
#8278 = LINE ( 'NONE', #2335, #1259 ) ;
#8279 = EDGE_CURVE ( 'NONE', #3042, #9089, #10711, .T. ) ;
#8280 = AXIS2_PLACEMENT_3D ( 'NONE', #11058, #10070, #6486 ) ;
#8281 = ORIENTED_EDGE ( 'NONE', *, *, #3849, .T. ) ;
#8282 = ORIENTED_EDGE ( 'NONE', *, *, #10526, .T. ) ;
#8283 = EDGE_CURVE ( 'NONE', #188, #9979, #11159, .T. ) ;
#8284 = PLANE ( 'NONE',  #6624 ) ;
#8285 = CARTESIAN_POINT ( 'NONE',  ( -0.1250000000000010270, 0.9846177413237633402, 1.224999999999999645 ) ) ;
#8286 = DIRECTION ( 'NONE',  ( 0.000000000000000000, -1.000000000000000000, 0.000000000000000000 ) ) ;
#8287 = CARTESIAN_POINT ( 'NONE',  ( -1.250000000000000000, 0.1999999999999999833, -0.9249999999999993783 ) ) ;
#8288 = ORIENTED_EDGE ( 'NONE', *, *, #2137, .T. ) ;
#8289 = DIRECTION ( 'NONE',  ( -0.7071067811865451302, 0.000000000000000000, -0.7071067811865499042 ) ) ;
#8290 = VECTOR ( 'NONE', #9338, 1000.000000000000000 ) ;
#8291 = FILL_AREA_STYLE ('',( #5628 ) ) ;
#8292 = VERTEX_POINT ( 'NONE', #2591 ) ;
#8293 = CARTESIAN_POINT ( 'NONE',  ( 1.250000000000000000, 0.2000000000000000111, 0.09999999999999982514 ) ) ;
#8294 = VERTEX_POINT ( 'NONE', #6751 ) ;
#8295 = ORIENTED_EDGE ( 'NONE', *, *, #1894, .F. ) ;
#8296 = ADVANCED_FACE ( 'NONE', ( #4150 ), #5878, .T. ) ;
#8297 = VECTOR ( 'NONE', #7095, 1000.000000000000000 ) ;
#8298 = VECTOR ( 'NONE', #4124, 1000.000000000000000 ) ;
#8299 = CARTESIAN_POINT ( 'NONE',  ( -0.6250000000000007772, 0.1999999999999999833, -0.9999999999999991118 ) ) ;
#8300 = FACE_OUTER_BOUND ( 'NONE', #1517, .T. ) ;
#8301 = DIRECTION ( 'NONE',  ( -1.000000000000000000, 0.000000000000000000, 3.984674651014977107E-16 ) ) ;
#8302 = CARTESIAN_POINT ( 'NONE',  ( -0.9250000000000025979, 0.01000000000000000021, -0.9249999999999987121 ) ) ;
#8303 = ORIENTED_EDGE ( 'NONE', *, *, #7225, .T. ) ;
#8304 = VECTOR ( 'NONE', #6056, 1000.000000000000000 ) ;
#8305 = CARTESIAN_POINT ( 'NONE',  ( 0.1499999999999998002, 0.1999999999999999833, 1.300000000000000266 ) ) ;
#8306 = PRESENTATION_STYLE_ASSIGNMENT (( #4779 ) ) ;
#8307 = AXIS2_PLACEMENT_3D ( 'NONE', #11208, #10446, #3290 ) ;
#8308 = DIRECTION ( 'NONE',  ( -0.7071067811865491270, 0.000000000000000000, 0.7071067811865459074 ) ) ;
#8309 = VECTOR ( 'NONE', #2993, 1000.000000000000000 ) ;
#8310 = VERTEX_POINT ( 'NONE', #3344 ) ;
#8311 = EDGE_CURVE ( 'NONE', #1352, #3808, #1855, .T. ) ;
#8312 = VECTOR ( 'NONE', #9922, 1000.000000000000000 ) ;
#8313 = ORIENTED_EDGE ( 'NONE', *, *, #5670, .T. ) ;
#8314 = DIRECTION ( 'NONE',  ( 0.7071067811865506814, 0.000000000000000000, -0.7071067811865443531 ) ) ;
#8315 = ADVANCED_FACE ( 'NONE', ( #686 ), #1661, .T. ) ;
#8316 = DIRECTION ( 'NONE',  ( -1.743063492688206721E-14, 0.000000000000000000, 1.000000000000000000 ) ) ;
#8317 = VECTOR ( 'NONE', #5694, 1000.000000000000000 ) ;
#8318 = CARTESIAN_POINT ( 'NONE',  ( -0.6500000000000006883, 0.9846177413237633402, -1.250000000000004885 ) ) ;
#8319 = EDGE_CURVE ( 'NONE', #6472, #9504, #5179, .T. ) ;
#8320 = PLANE ( 'NONE',  #2653 ) ;
#8321 = DIRECTION ( 'NONE',  ( -1.000000000000000000, 0.000000000000000000, -8.340016711426957754E-17 ) ) ;
#8322 = CARTESIAN_POINT ( 'NONE',  ( -1.225000000000000089, 0.7590169943749474069, 0.1249999999999998335 ) ) ;
#8323 = AXIS2_PLACEMENT_3D ( 'NONE', #469, #3875, #2212 ) ;
#8324 = ORIENTED_EDGE ( 'NONE', *, *, #5829, .F. ) ;
#8325 = CARTESIAN_POINT ( 'NONE',  ( -0.6500000000000001332, 0.000000000000000000, 1.300000000000000266 ) ) ;
#8326 = AXIS2_PLACEMENT_3D ( 'NONE', #6020, #11295, #11241 ) ;
#8327 = VERTEX_POINT ( 'NONE', #6867 ) ;
#8328 = ADVANCED_FACE ( 'NONE', ( #6048 ), #9578, .F. ) ;
#8329 = VERTEX_POINT ( 'NONE', #5412 ) ;
#8330 = EDGE_CURVE ( 'NONE', #5566, #8861, #7895, .T. ) ;
#8331 = ORIENTED_EDGE ( 'NONE', *, *, #11279, .T. ) ;
#8332 = DIRECTION ( 'NONE',  ( 1.000000000000000000, 0.000000000000000000, 8.340016711426957754E-17 ) ) ;
#8333 = CARTESIAN_POINT ( 'NONE',  ( 0.9249999999999999334, 0.2000000000000000111, 0.4999999999999997780 ) ) ;
#8334 = CARTESIAN_POINT ( 'NONE',  ( 1.010601525007147726E-14, 0.01000000000000000021, -0.9249999999999857225 ) ) ;
#8335 = AXIS2_PLACEMENT_3D ( 'NONE', #650, #5080, #4053 ) ;
#8336 = DIRECTION ( 'NONE',  ( -1.000000000000000000, 0.000000000000000000, 2.780005570475647818E-16 ) ) ;
#8337 = LINE ( 'NONE', #2047, #5933 ) ;
#8338 = ORIENTED_EDGE ( 'NONE', *, *, #6466, .T. ) ;
#8339 = CARTESIAN_POINT ( 'NONE',  ( 0.6500000000000006883, 0.08660254037844668240, 1.250000000000004885 ) ) ;
#8340 = VERTEX_POINT ( 'NONE', #2874 ) ;
#8341 = ORIENTED_EDGE ( 'NONE', *, *, #5481, .F. ) ;
#8342 = CARTESIAN_POINT ( 'NONE',  ( 0.000000000000000000, 0.01000000000000000021, 0.000000000000000000 ) ) ;
#8343 = AXIS2_PLACEMENT_3D ( 'NONE', #2982, #2922, #4826 ) ;
#8344 = ORIENTED_EDGE ( 'NONE', *, *, #7172, .F. ) ;
#8345 = ORIENTED_EDGE ( 'NONE', *, *, #53, .F. ) ;
#8346 = CARTESIAN_POINT ( 'NONE',  ( -0.1250000000000007216, 0.06614378277661496497, -1.224999999999999645 ) ) ;
#8348 = EDGE_CURVE ( 'NONE', #3897, #8980, #6720, .T. ) ;
#8347 = DIRECTION ( 'NONE',  ( -3.984674651014977107E-16, 0.000000000000000000, -1.000000000000000000 ) ) ;
#8349 = CARTESIAN_POINT ( 'NONE',  ( 0.8500000000000001998, 0.1999999999999999833, 1.300000000000005373 ) ) ;
#8350 = CARTESIAN_POINT ( 'NONE',  ( 0.3750000000000009992, 0.06614378277661521477, -1.224999999999999867 ) ) ;
#8351 = ORIENTED_EDGE ( 'NONE', *, *, #3431, .T. ) ;
#8352 = EDGE_CURVE ( 'NONE', #2122, #10308, #8765, .T. ) ;
#8353 = VECTOR ( 'NONE', #1137, 1000.000000000000000 ) ;
#8354 = CARTESIAN_POINT ( 'NONE',  ( 0.6500000000000007994, 0.1999999999999999833, -1.250000000000004885 ) ) ;
#8355 = EDGE_CURVE ( 'NONE', #10167, #10005, #7144, .T. ) ;
#8356 = DIRECTION ( 'NONE',  ( 0.000000000000000000, 1.000000000000000000, 0.000000000000000000 ) ) ;
#8357 = ORIENTED_EDGE ( 'NONE', *, *, #11110, .F. ) ;
#8358 = DIRECTION ( 'NONE',  ( -1.000000000000000000, 0.000000000000000000, -8.340016711426957754E-17 ) ) ;
#8359 = CIRCLE ( 'NONE', #974, 0.1000000000000000472 ) ;
#8360 = ORIENTED_EDGE ( 'NONE', *, *, #1929, .T. ) ;
#8361 = EDGE_LOOP ( 'NONE', ( #5435, #1468, #481, #10767 ) ) ;
#8362 = LINE ( 'NONE', #11143, #1458 ) ;
#8363 = LINE ( 'NONE', #2991, #9790 ) ;
#8364 = CARTESIAN_POINT ( 'NONE',  ( -1.300000000000000044, 0.1000000000000001166, -0.6000000000000001998 ) ) ;
#8365 = DIRECTION ( 'NONE',  ( -1.087828266707871075E-17, 0.000000000000000000, -1.000000000000000000 ) ) ;
#8366 = ORIENTED_EDGE ( 'NONE', *, *, #2037, .T. ) ;
#8367 = DIRECTION ( 'NONE',  ( 0.000000000000000000, 0.000000000000000000, -1.000000000000000000 ) ) ;
#8368 = CIRCLE ( 'NONE', #6705, 0.1000000000000000472 ) ;
#8369 = DIRECTION ( 'NONE',  ( -1.000000000000000000, 0.000000000000000000, 0.000000000000000000 ) ) ;
#8370 = DIRECTION ( 'NONE',  ( 0.000000000000000000, 1.000000000000000000, 0.000000000000000000 ) ) ;
#8371 = VERTEX_POINT ( 'NONE', #10798 ) ;
#8372 = VECTOR ( 'NONE', #5234, 1000.000000000000000 ) ;
#8373 = ORIENTED_EDGE ( 'NONE', *, *, #10576, .T. ) ;
#8374 = CARTESIAN_POINT ( 'NONE',  ( 1.225000000000000089, 0.2000000000000000111, 0.1249999999999997363 ) ) ;
#8375 = FACE_OUTER_BOUND ( 'NONE', #10273, .T. ) ;
#8376 = DIRECTION ( 'NONE',  ( -1.743063492688206721E-14, 0.000000000000000000, 1.000000000000000000 ) ) ;
#8377 = EDGE_CURVE ( 'NONE', #2995, #1923, #9750, .T. ) ;
#8378 = CARTESIAN_POINT ( 'NONE',  ( -1.240592229435182547, 0.08117096151037218876, -0.3905922294351824586 ) ) ;
#8379 = PLANE ( 'NONE',  #8434 ) ;
#8380 = EDGE_LOOP ( 'NONE', ( #5750, #8719, #8692, #8295 ) ) ;
#8381 = ORIENTED_EDGE ( 'NONE', *, *, #7028, .F. ) ;
#8382 = ADVANCED_FACE ( 'NONE', ( #1841 ), #8889, .T. ) ;
#8383 = ORIENTED_EDGE ( 'NONE', *, *, #7815, .F. ) ;
#8384 = VERTEX_POINT ( 'NONE', #8132 ) ;
#8385 = PLANE ( 'NONE',  #6287 ) ;
#8386 = CARTESIAN_POINT ( 'NONE',  ( 1.249999999999999778, 0.9846177413237633402, -1.124999999999999778 ) ) ;
#8387 = LINE ( 'NONE', #5663, #7188 ) ;
#8388 = CARTESIAN_POINT ( 'NONE',  ( 1.224999999999999645, 0.1999999999999999833, 0.8999999999999993561 ) ) ;
#8389 = FACE_OUTER_BOUND ( 'NONE', #558, .T. ) ;
#8390 = ORIENTED_EDGE ( 'NONE', *, *, #9497, .T. ) ;
#8391 = EDGE_CURVE ( 'NONE', #4259, #2293, #3568, .T. ) ;
#8392 = CARTESIAN_POINT ( 'NONE',  ( 1.250000000000000000, 0.7590169943749472958, 0.3999999999999997446 ) ) ;
#8393 = ADVANCED_FACE ( 'NONE', ( #7027 ), #8014, .T. ) ;
#8394 = ORIENTED_EDGE ( 'NONE', *, *, #8101, .F. ) ;
#8395 = ORIENTED_EDGE ( 'NONE', *, *, #10550, .T. ) ;
#8396 = CARTESIAN_POINT ( 'NONE',  ( -0.6500000000000007994, 0.1999999999999999833, 1.250000000000004885 ) ) ;
#8397 = ORIENTED_EDGE ( 'NONE', *, *, #6630, .T. ) ;
#8398 = ORIENTED_EDGE ( 'NONE', *, *, #5031, .T. ) ;
#8399 = DIRECTION ( 'NONE',  ( -1.000000000000000000, 0.000000000000000000, -8.340016711426957754E-17 ) ) ;
#8400 = CARTESIAN_POINT ( 'NONE',  ( -0.6250000000000011102, 0.000000000000000000, 1.300000000000000266 ) ) ;
#8401 = LINE ( 'NONE', #10310, #9831 ) ;
#8402 = DIRECTION ( 'NONE',  ( -1.000000000000000000, 0.000000000000000000, 2.085004177856743210E-15 ) ) ;
#8403 = ORIENTED_EDGE ( 'NONE', *, *, #2490, .T. ) ;
#8404 = CARTESIAN_POINT ( 'NONE',  ( -0.6500000000000006883, 0.08660254037844693220, -1.250000000000004885 ) ) ;
#8405 = VECTOR ( 'NONE', #858, 1000.000000000000000 ) ;
#8406 = CARTESIAN_POINT ( 'NONE',  ( 0.6250000000000011102, 0.9846177413237633402, -1.225000000000004974 ) ) ;
#8407 = VERTEX_POINT ( 'NONE', #9694 ) ;
#8408 = CARTESIAN_POINT ( 'NONE',  ( -0.2500000000000012768, 0.000000000000000000, -0.9249999999999997113 ) ) ;
#8409 = EDGE_LOOP ( 'NONE', ( #3618, #1265, #4044, #706 ) ) ;
#8410 = VERTEX_POINT ( 'NONE', #2647 ) ;
#8411 = EDGE_CURVE ( 'NONE', #3488, #2766, #3147, .T. ) ;
#8412 = LINE ( 'NONE', #2186, #2570 ) ;
#8413 = EDGE_CURVE ( 'NONE', #2975, #8760, #9813, .T. ) ;
#8414 = LINE ( 'NONE', #5052, #11097 ) ;
#8415 = CARTESIAN_POINT ( 'NONE',  ( -1.300000000000000044, 0.1999999999999999833, 1.124999999999998890 ) ) ;
#8416 = LINE ( 'NONE', #7432, #2601 ) ;
#8417 = ORIENTED_EDGE ( 'NONE', *, *, #5060, .T. ) ;
#8418 = LINE ( 'NONE', #7758, #5516 ) ;
#8419 = DIRECTION ( 'NONE',  ( -1.000000000000000000, 0.000000000000000000, 0.000000000000000000 ) ) ;
#8420 = AXIS2_PLACEMENT_3D ( 'NONE', #5099, #3427, #718 ) ;
#8421 = ORIENTED_EDGE ( 'NONE', *, *, #6953, .T. ) ;
#8422 = VERTEX_POINT ( 'NONE', #7084 ) ;
#8423 = DIRECTION ( 'NONE',  ( -0.000000000000000000, -1.000000000000000000, 0.000000000000000000 ) ) ;
#8424 = LINE ( 'NONE', #10169, #9440 ) ;
#8425 = CARTESIAN_POINT ( 'NONE',  ( 0.1500000000000007716, 0.9846177413237633402, 1.249999999999999556 ) ) ;
#8426 = EDGE_CURVE ( 'NONE', #7612, #7650, #4432, .T. ) ;
#8427 = CARTESIAN_POINT ( 'NONE',  ( 0.7250000000000010880, 0.000000000000000000, -0.9999999999999991118 ) ) ;
#8428 = DIRECTION ( 'NONE',  ( 2.085004177856743210E-15, 0.000000000000000000, 1.000000000000000000 ) ) ;
#8429 = LINE ( 'NONE', #10286, #1428 ) ;
#8430 = ORIENTED_EDGE ( 'NONE', *, *, #2841, .F. ) ;
#8431 = AXIS2_PLACEMENT_3D ( 'NONE', #6578, #9074, #9185 ) ;
#8432 = ORIENTED_EDGE ( 'NONE', *, *, #11041, .F. ) ;
#8433 = CIRCLE ( 'NONE', #2171, 0.1000000000000000472 ) ;
#8434 = AXIS2_PLACEMENT_3D ( 'NONE', #8322, #4677, #3066 ) ;
#8435 = ORIENTED_EDGE ( 'NONE', *, *, #1952, .T. ) ;
#8436 = CARTESIAN_POINT ( 'NONE',  ( 1.300000000000000044, 0.000000000000000000, 0.3999999999999996336 ) ) ;
#8437 = EDGE_CURVE ( 'NONE', #3948, #9163, #8676, .T. ) ;
#8438 = LINE ( 'NONE', #530, #10541 ) ;
#8439 = DIRECTION ( 'NONE',  ( -1.000000000000000000, 0.000000000000000000, -8.340016711426966382E-17 ) ) ;
#8440 = AXIS2_PLACEMENT_3D ( 'NONE', #2552, #7098, #2715 ) ;
#8441 = LINE ( 'NONE', #3194, #3932 ) ;
#8442 = FILL_AREA_STYLE ('',( #4913 ) ) ;
#8443 = ORIENTED_EDGE ( 'NONE', *, *, #2841, .T. ) ;
#8444 = CIRCLE ( 'NONE', #3651, 0.1000000000000000472 ) ;
#8445 = CARTESIAN_POINT ( 'NONE',  ( -1.300000000000000044, 0.9846177413237633402, -1.124999999999999334 ) ) ;
#8446 = EDGE_CURVE ( 'NONE', #947, #6844, #10678, .T. ) ;
#8447 = VECTOR ( 'NONE', #2553, 1000.000000000000000 ) ;
#8448 = VERTEX_POINT ( 'NONE', #10564 ) ;
#8449 = ORIENTED_EDGE ( 'NONE', *, *, #7394, .T. ) ;
#8450 = DIRECTION ( 'NONE',  ( -1.000000000000000000, 0.000000000000000000, -1.167602339599772261E-15 ) ) ;
#8451 = ORIENTED_EDGE ( 'NONE', *, *, #5560, .F. ) ;
#8452 = AXIS2_PLACEMENT_3D ( 'NONE', #6043, #5340, #7779 ) ;
#8453 = EDGE_CURVE ( 'NONE', #2009, #9768, #6281, .T. ) ;
#8454 = VERTEX_POINT ( 'NONE', #11424 ) ;
#8455 = DIRECTION ( 'NONE',  ( -1.000000000000000000, 0.000000000000000000, 0.000000000000000000 ) ) ;
#8456 = PLANE ( 'NONE',  #8847 ) ;
#8457 = CARTESIAN_POINT ( 'NONE',  ( 0.6250000000000008882, 0.1999999999999999833, 1.225000000000004974 ) ) ;
#8458 = CYLINDRICAL_SURFACE ( 'NONE', #9253, 0.1250000000000000000 ) ;
#8459 = VERTEX_POINT ( 'NONE', #3681 ) ;
#8460 = DIRECTION ( 'NONE',  ( -1.000000000000000000, 0.000000000000000000, -8.340016711426957754E-17 ) ) ;
#8461 = DIRECTION ( 'NONE',  ( 1.000000000000000000, 0.000000000000000000, -2.780005570475647818E-16 ) ) ;
#8462 = ORIENTED_EDGE ( 'NONE', *, *, #6256, .T. ) ;
#8463 = DIRECTION ( 'NONE',  ( 2.085004177856743210E-15, -0.000000000000000000, 1.000000000000000000 ) ) ;
#8464 = AXIS2_PLACEMENT_3D ( 'NONE', #4973, #8613, #10414 ) ;
#8465 = VERTEX_POINT ( 'NONE', #1957 ) ;
#8466 = ORIENTED_EDGE ( 'NONE', *, *, #7205, .F. ) ;
#8467 = EDGE_CURVE ( 'NONE', #1404, #4814, #8998, .T. ) ;
#8468 = DIRECTION ( 'NONE',  ( 1.726383459265352879E-14, 0.000000000000000000, 1.000000000000000000 ) ) ;
#8469 = DIRECTION ( 'NONE',  ( 0.000000000000000000, -1.000000000000000000, 0.000000000000000000 ) ) ;
#8470 = EDGE_CURVE ( 'NONE', #8801, #1156, #2818, .T. ) ;
#8471 = CARTESIAN_POINT ( 'NONE',  ( -0.7999999999999998224, 0.01000000000000000021, 0.8000000000000030420 ) ) ;
#8472 = DIRECTION ( 'NONE',  ( -1.529003063761606547E-15, 0.000000000000000000, 1.000000000000000000 ) ) ;
#8473 = ORIENTED_EDGE ( 'NONE', *, *, #437, .T. ) ;
#8474 = VECTOR ( 'NONE', #889, 1000.000000000000114 ) ;
#8475 = VECTOR ( 'NONE', #5589, 1000.000000000000000 ) ;
#8476 = DIRECTION ( 'NONE',  ( -8.340016711426957754E-17, 0.000000000000000000, 1.000000000000000000 ) ) ;
#8477 = LINE ( 'NONE', #7660, #9929 ) ;
#8478 = EDGE_CURVE ( 'NONE', #9602, #3946, #4617, .T. ) ;
#8479 = FACE_OUTER_BOUND ( 'NONE', #10832, .T. ) ;
#8480 = EDGE_CURVE ( 'NONE', #9920, #5019, #6512, .T. ) ;
#8481 = CARTESIAN_POINT ( 'NONE',  ( 0.9249999999999999334, 0.009999999999999998473, 0.4999999999999997780 ) ) ;
#8482 = ORIENTED_EDGE ( 'NONE', *, *, #9590, .F. ) ;
#8483 = VECTOR ( 'NONE', #1172, 1000.000000000000000 ) ;
#8484 = DIRECTION ( 'NONE',  ( -1.000000000000000000, 0.000000000000000000, 0.000000000000000000 ) ) ;
#8485 = LINE ( 'NONE', #5994, #3507 ) ;
#8486 = CIRCLE ( 'NONE', #3143, 0.1250000000000000000 ) ;
#8487 = LINE ( 'NONE', #10397, #10901 ) ;
#8488 = VECTOR ( 'NONE', #9823, 1000.000000000000000 ) ;
#8489 = DIRECTION ( 'NONE',  ( 1.000000000000000000, 0.000000000000000000, -2.085004177856743210E-15 ) ) ;
#8490 = VECTOR ( 'NONE', #9749, 1000.000000000000000 ) ;
#8491 = LINE ( 'NONE', #4103, #10847 ) ;
#8492 = ORIENTED_EDGE ( 'NONE', *, *, #1231, .F. ) ;
#8493 = EDGE_CURVE ( 'NONE', #5043, #1472, #2080, .T. ) ;
#8494 = VECTOR ( 'NONE', #10616, 1000.000000000000000 ) ;
#8495 = ORIENTED_EDGE ( 'NONE', *, *, #2401, .F. ) ;
#8496 = VECTOR ( 'NONE', #7541, 1000.000000000000000 ) ;
#8497 = ORIENTED_EDGE ( 'NONE', *, *, #5293, .T. ) ;
#8498 = CARTESIAN_POINT ( 'NONE',  ( 0.6250000000000008882, 0.1999999999999999833, 1.225000000000004974 ) ) ;
#8499 = CARTESIAN_POINT ( 'NONE',  ( -1.250000000000000000, 0.7590169943749474069, -0.6000000000000001998 ) ) ;
#8500 = EDGE_CURVE ( 'NONE', #7689, #8687, #3911, .T. ) ;
#8501 = CARTESIAN_POINT ( 'NONE',  ( -0.9249999999999998224, 0.009999999999999998473, 0.3749999999999998335 ) ) ;
#8502 = LINE ( 'NONE', #10067, #5775 ) ;
#8503 = DIRECTION ( 'NONE',  ( -1.000000000000000000, 0.000000000000000000, -8.340016711426957754E-17 ) ) ;
#8504 = ORIENTED_EDGE ( 'NONE', *, *, #9141, .T. ) ;
#8505 = CIRCLE ( 'NONE', #749, 0.1000000000000000472 ) ;
#8506 = LINE ( 'NONE', #1516, #1452 ) ;
#8507 = ORIENTED_EDGE ( 'NONE', *, *, #3988, .F. ) ;
#8508 = ORIENTED_EDGE ( 'NONE', *, *, #3152, .F. ) ;
#8509 = CARTESIAN_POINT ( 'NONE',  ( 1.250000000000000000, 0.1999999999999999833, -0.9249999999999991562 ) ) ;
#8510 = VECTOR ( 'NONE', #4071, 1000.000000000000000 ) ;
#8511 = EDGE_LOOP ( 'NONE', ( #9546, #4439, #6557, #7396 ) ) ;
#8512 = VECTOR ( 'NONE', #9896, 1000.000000000000000 ) ;
#8513 = ORIENTED_EDGE ( 'NONE', *, *, #8279, .F. ) ;
#8514 = PLANE ( 'NONE',  #11262 ) ;
#8515 = DIRECTION ( 'NONE',  ( 2.304624617924156469E-14, 0.000000000000000000, 1.000000000000000000 ) ) ;
#8516 = DIRECTION ( 'NONE',  ( 2.304624617924155838E-14, 0.000000000000000000, 1.000000000000000000 ) ) ;
#8517 = LINE ( 'NONE', #9326, #1317 ) ;
#8518 = ORIENTED_EDGE ( 'NONE', *, *, #10938, .T. ) ;
#8519 = DIRECTION ( 'NONE',  ( -1.000000000000000000, 0.000000000000000000, -1.309382623694028928E-14 ) ) ;
#8520 = EDGE_CURVE ( 'NONE', #7333, #586, #4714, .T. ) ;
#8521 = ORIENTED_EDGE ( 'NONE', *, *, #6127, .T. ) ;
#8522 = CARTESIAN_POINT ( 'NONE',  ( -0.8000000000000001554, 0.009999999999999998473, -1.751403509399661104E-16 ) ) ;
#8523 =( GEOMETRIC_REPRESENTATION_CONTEXT ( 3 ) GLOBAL_UNCERTAINTY_ASSIGNED_CONTEXT ( ( #2829 ) ) GLOBAL_UNIT_ASSIGNED_CONTEXT ( ( #10634, #6982, #4386 ) ) REPRESENTATION_CONTEXT ( 'NONE', 'WORKASPACE' ) );
#8524 = EDGE_LOOP ( 'NONE', ( #7605, #252, #5035, #7350 ) ) ;
#8525 = LINE ( 'NONE', #616, #7322 ) ;
#8526 = EDGE_LOOP ( 'NONE', ( #9819, #3644, #3201, #4598 ) ) ;
#8527 = ORIENTED_EDGE ( 'NONE', *, *, #4204, .T. ) ;
#8528 = ADVANCED_FACE ( 'NONE', ( #4774 ), #6452, .T. ) ;
#8529 = ADVANCED_FACE ( 'NONE', ( #5586 ), #282, .F. ) ;
#8530 = CARTESIAN_POINT ( 'NONE',  ( -1.300000000000000266, 0.01000000000000000021, 1.300000000000000044 ) ) ;
#8531 = DIRECTION ( 'NONE',  ( -0.000000000000000000, -1.000000000000000000, 0.000000000000000000 ) ) ;
#8532 = VECTOR ( 'NONE', #2065, 1000.000000000000000 ) ;
#8533 = LINE ( 'NONE', #623, #4070 ) ;
#8534 = CARTESIAN_POINT ( 'NONE',  ( 1.300000000000000044, 0.000000000000000000, 1.149999999999999023 ) ) ;
#8535 = ORIENTED_EDGE ( 'NONE', *, *, #6357, .T. ) ;
#8536 = DIRECTION ( 'NONE',  ( 2.780005570475647818E-16, 0.000000000000000000, 1.000000000000000000 ) ) ;
#8537 = DIRECTION ( 'NONE',  ( 1.000000000000000000, 0.000000000000000000, -1.292702590271169407E-14 ) ) ;
#8538 = VECTOR ( 'NONE', #5797, 1000.000000000000000 ) ;
#8539 = EDGE_CURVE ( 'NONE', #1431, #11400, #11026, .T. ) ;
#8540 = LINE ( 'NONE', #4840, #5948 ) ;
#8541 = DIRECTION ( 'NONE',  ( -1.362202729533067540E-15, 0.000000000000000000, -1.000000000000000000 ) ) ;
#8542 = EDGE_CURVE ( 'NONE', #5004, #9671, #3846, .T. ) ;
#8543 = EDGE_LOOP ( 'NONE', ( #1940, #11069, #1897, #5406 ) ) ;
#8544 = DIRECTION ( 'NONE',  ( 0.000000000000000000, -1.000000000000000000, 0.000000000000000000 ) ) ;
#8545 = DIRECTION ( 'NONE',  ( 0.000000000000000000, -1.000000000000000000, 0.000000000000000000 ) ) ;
#8546 = AXIS2_PLACEMENT_3D ( 'NONE', #8388, #7458, #6711 ) ;
#8547 = DIRECTION ( 'NONE',  ( -1.000000000000000000, 0.000000000000000000, 0.000000000000000000 ) ) ;
#8548 = CARTESIAN_POINT ( 'NONE',  ( -1.250000000000000000, 0.7590169943749472958, 0.5999999999999998668 ) ) ;
#8549 = LINE ( 'NONE', #3120, #1910 ) ;
#8550 = CARTESIAN_POINT ( 'NONE',  ( 1.249999999999999778, 0.9846177413237633402, 1.124999999999999778 ) ) ;
#8551 = EDGE_LOOP ( 'NONE', ( #9477, #559, #9221, #3161 ) ) ;
#8552 = VECTOR ( 'NONE', #3119, 1000.000000000000000 ) ;
#8553 = EDGE_LOOP ( 'NONE', ( #6965, #5103, #5846, #2358 ) ) ;
#8554 = EDGE_CURVE ( 'NONE', #11173, #10326, #2189, .T. ) ;
#8555 = EDGE_LOOP ( 'NONE', ( #10766, #934, #6770, #3930 ) ) ;
#8556 = DIRECTION ( 'NONE',  ( 1.000000000000000000, 0.000000000000000000, 1.092542189196933406E-14 ) ) ;
#8557 = EDGE_CURVE ( 'NONE', #1236, #7805, #8416, .T. ) ;
#8558 = CARTESIAN_POINT ( 'NONE',  ( -0.6500000000000006883, 0.1999999999999999833, -1.250000000000004885 ) ) ;
#8559 = CARTESIAN_POINT ( 'NONE',  ( -1.300000000000000044, 0.1999999999999999833, 0.9249999999999997113 ) ) ;
#8560 = EDGE_CURVE ( 'NONE', #6026, #8327, #2974, .T. ) ;
#8561 = AXIS2_PLACEMENT_3D ( 'NONE', #7839, #6971, #9640 ) ;
#8562 = CARTESIAN_POINT ( 'NONE',  ( -0.1500000000000009936, 0.9846177413237633402, 1.249999999999999556 ) ) ;
#8563 = CARTESIAN_POINT ( 'NONE',  ( -0.8500000000000008660, 0.1999999999999999833, -1.250000000000005107 ) ) ;
#8564 = ORIENTED_EDGE ( 'NONE', *, *, #2309, .F. ) ;
#8565 = DIRECTION ( 'NONE',  ( -1.000000000000000000, 0.000000000000000000, 2.085004177856743605E-15 ) ) ;
#8566 = ORIENTED_EDGE ( 'NONE', *, *, #10039, .T. ) ;
#8567 = EDGE_LOOP ( 'NONE', ( #1101, #4651, #1993, #6526, #6949 ) ) ;
#8568 = CARTESIAN_POINT ( 'NONE',  ( 1.300000000000000044, 0.000000000000000000, 0.9249999999999999334 ) ) ;
#8569 = VERTEX_POINT ( 'NONE', #9169 ) ;
#8570 = ORIENTED_EDGE ( 'NONE', *, *, #7492, .F. ) ;
#8571 = CARTESIAN_POINT ( 'NONE',  ( -0.9249999999999998224, 0.1999999999999999833, -0.3750000000000001110 ) ) ;
#8572 = CARTESIAN_POINT ( 'NONE',  ( 0.7250000000000009770, 0.1999999999999999833, 0.8999999999999993561 ) ) ;
#8573 = DIRECTION ( 'NONE',  ( 1.000000000000000000, 0.000000000000000000, 1.092542189196933248E-14 ) ) ;
#8574 = VERTEX_POINT ( 'NONE', #3792 ) ;
#8575 = EDGE_CURVE ( 'NONE', #3869, #2624, #1257, .T. ) ;
#8576 = ORIENTED_EDGE ( 'NONE', *, *, #3024, .F. ) ;
#8577 = LINE ( 'NONE', #8406, #4170 ) ;
#8578 = EDGE_LOOP ( 'NONE', ( #7748, #5519, #9251, #10874 ) ) ;
#8579 = FACE_OUTER_BOUND ( 'NONE', #1178, .T. ) ;
#8580 = ORIENTED_EDGE ( 'NONE', *, *, #11319, .T. ) ;
#8581 = ORIENTED_EDGE ( 'NONE', *, *, #627, .F. ) ;
#8582 = CARTESIAN_POINT ( 'NONE',  ( -0.9256884250419260551, 1.050000000000000044, -0.8859432889494202046 ) ) ;
#8583 = EDGE_CURVE ( 'NONE', #7599, #4586, #6562, .T. ) ;
#8584 = CARTESIAN_POINT ( 'NONE',  ( 0.1500000000000007716, 0.01000000000000005398, 1.249999999999999556 ) ) ;
#8585 = CARTESIAN_POINT ( 'NONE',  ( -1.300000000000000044, 0.1999999999999999833, 1.124999999999998890 ) ) ;
#8586 = DIRECTION ( 'NONE',  ( -1.943223893762450295E-14, 0.000000000000000000, -1.000000000000000000 ) ) ;
#8587 = EDGE_LOOP ( 'NONE', ( #1443, #6477, #2620, #6371, #11410 ) ) ;
#8588 = VECTOR ( 'NONE', #4444, 1000.000000000000000 ) ;
#8589 = DIRECTION ( 'NONE',  ( 1.000000000000000000, 0.000000000000000000, -2.780005570475647818E-16 ) ) ;
#8590 =( NAMED_UNIT ( * ) PLANE_ANGLE_UNIT ( ) SI_UNIT ( $, .RADIAN. ) );
#8591 = ADVANCED_FACE ( 'NONE', ( #1147 ), #1315, .T. ) ;
#8592 = CARTESIAN_POINT ( 'NONE',  ( 1.240592229435182547, 0.08117096151037238305, 0.1094077705648176663 ) ) ;
#8593 = CARTESIAN_POINT ( 'NONE',  ( 1.240592229435182103, 0.08117096151037203611, 1.134407770564817897 ) ) ;
#8594 = ORIENTED_EDGE ( 'NONE', *, *, #1112, .T. ) ;
#8595 =( GEOMETRIC_REPRESENTATION_CONTEXT ( 3 ) GLOBAL_UNCERTAINTY_ASSIGNED_CONTEXT ( ( #2026 ) ) GLOBAL_UNIT_ASSIGNED_CONTEXT ( ( #7133, #5987, #1766 ) ) REPRESENTATION_CONTEXT ( 'NONE', 'WORKASPACE' ) );
#8596 = DIRECTION ( 'NONE',  ( -1.000000000000000000, 0.000000000000000000, 1.000802005371233057E-15 ) ) ;
#8597 = LINE ( 'NONE', #10227, #6459 ) ;
#8598 = EDGE_CURVE ( 'NONE', #2059, #596, #3703, .T. ) ;
#8599 = LINE ( 'NONE', #2435, #5716 ) ;
#8600 = EDGE_CURVE ( 'NONE', #1398, #10247, #5756, .T. ) ;
#8601 = DIRECTION ( 'NONE',  ( -0.7071067811865474617, 0.000000000000000000, -0.7071067811865476838 ) ) ;
#8602 = DIRECTION ( 'NONE',  ( 0.7071067811865491270, 0.000000000000000000, -0.7071067811865459074 ) ) ;
#8603 = CARTESIAN_POINT ( 'NONE',  ( 0.9249999999999998224, 0.1999999999999999833, 0.6249999999999997780 ) ) ;
#8604 = ORIENTED_EDGE ( 'NONE', *, *, #4918, .T. ) ;
#8605 = VERTEX_POINT ( 'NONE', #4021 ) ;
#8606 = ORIENTED_EDGE ( 'NONE', *, *, #630, .F. ) ;
#8607 = CARTESIAN_POINT ( 'NONE',  ( 0.3750000000000007772, 0.9846177413237633402, 1.224999999999999867 ) ) ;
#8608 = DIRECTION ( 'NONE',  ( -1.000000000000000000, 0.000000000000000000, 0.000000000000000000 ) ) ;
#8609 = VECTOR ( 'NONE', #4797, 1000.000000000000000 ) ;
#8610 = CARTESIAN_POINT ( 'NONE',  ( 1.225000000000000089, 0.2000000000000000111, -0.6250000000000002220 ) ) ;
#8611 = DIRECTION ( 'NONE',  ( 0.000000000000000000, -1.000000000000000000, 0.000000000000000000 ) ) ;
#8612 = ORIENTED_EDGE ( 'NONE', *, *, #5424, .T. ) ;
#8613 = DIRECTION ( 'NONE',  ( 1.000000000000000000, 0.000000000000000000, 1.167602339599772261E-15 ) ) ;
#8614 = VERTEX_POINT ( 'NONE', #2014 ) ;
#8615 = AXIS2_PLACEMENT_3D ( 'NONE', #10969, #8463, #3041 ) ;
#8616 = ADVANCED_FACE ( 'NONE', ( #8191 ), #2473, .F. ) ;
#8617 = ORIENTED_EDGE ( 'NONE', *, *, #5013, .F. ) ;
#8618 = CARTESIAN_POINT ( 'NONE',  ( 1.300000000000000044, 0.1999999999999999833, -1.124999999999998890 ) ) ;
#8619 = ADVANCED_FACE ( 'NONE', ( #9401 ), #6905, .F. ) ;
#8620 = ORIENTED_EDGE ( 'NONE', *, *, #6271, .F. ) ;
#8621 = PLANE ( 'NONE',  #3864 ) ;
#8622 = CIRCLE ( 'NONE', #7708, 0.1250000000000000555 ) ;
#8623 = FACE_OUTER_BOUND ( 'NONE', #10003, .T. ) ;
#8624 = VECTOR ( 'NONE', #6754, 1000.000000000000000 ) ;
#8625 = EDGE_CURVE ( 'NONE', #6563, #2602, #625, .T. ) ;
#8626 = DIRECTION ( 'NONE',  ( 1.000000000000000000, 0.000000000000000000, 0.000000000000000000 ) ) ;
#8627 = ORIENTED_EDGE ( 'NONE', *, *, #8235, .T. ) ;
#8628 = CARTESIAN_POINT ( 'NONE',  ( 1.300000000000000044, 0.2000000000000000111, -0.1000000000000003664 ) ) ;
#8629 = VERTEX_POINT ( 'NONE', #1483 ) ;
#8630 = DIRECTION ( 'NONE',  ( 0.000000000000000000, -1.000000000000000000, 0.000000000000000000 ) ) ;
#8631 = ORIENTED_EDGE ( 'NONE', *, *, #1044, .T. ) ;
#8632 = FACE_OUTER_BOUND ( 'NONE', #5764, .T. ) ;
#8633 = VECTOR ( 'NONE', #1491, 1000.000000000000000 ) ;
#8634 = ORIENTED_EDGE ( 'NONE', *, *, #11214, .T. ) ;
#8635 = VERTEX_POINT ( 'NONE', #10214 ) ;
#8636 = ORIENTED_EDGE ( 'NONE', *, *, #2486, .F. ) ;
#8637 = CARTESIAN_POINT ( 'NONE',  ( 8.340016711427023328E-16, 0.01000000000000000021, 0.4000000000000023537 ) ) ;
#8638 = LINE ( 'NONE', #3385, #17 ) ;
#8639 = EDGE_CURVE ( 'NONE', #178, #1863, #7828, .T. ) ;
#8640 =( BOUNDED_CURVE ( )  B_SPLINE_CURVE ( 3, ( #320, #4648, #9101, #7414 ),
 .UNSPECIFIED., .F., .F. ) 
 B_SPLINE_CURVE_WITH_KNOTS ( ( 4, 4 ),
 ( 0.7227342478134212156, 1.047197551196600074 ),
 .UNSPECIFIED. ) 
 CURVE ( )  GEOMETRIC_REPRESENTATION_ITEM ( )  RATIONAL_B_SPLINE_CURVE ( ( 1.000000000000000000, 0.9912461883984129418, 0.9912461883984129418, 1.000000000000000000 ) ) 
 REPRESENTATION_ITEM ( '' )  );
#8641 = CARTESIAN_POINT ( 'NONE',  ( -1.250000000000000000, 0.2000000000000000111, -0.4000000000000001887 ) ) ;
#8642 = CARTESIAN_POINT ( 'NONE',  ( -0.7250000000000009770, 0.1999999999999999833, -0.8999999999999992450 ) ) ;
#8643 = VERTEX_POINT ( 'NONE', #4251 ) ;
#8644 = LINE ( 'NONE', #7659, #4468 ) ;
#8645 = LINE ( 'NONE', #11362, #1402 ) ;
#8646 = PLANE ( 'NONE',  #1898 ) ;
#8647 = EDGE_CURVE ( 'NONE', #9358, #1536, #6855, .T. ) ;
#8648 = CARTESIAN_POINT ( 'NONE',  ( -0.1250000000000008604, 0.000000000000000000, 1.300000000000000266 ) ) ;
#8649 = EDGE_LOOP ( 'NONE', ( #2086, #8513, #6955, #5861, #6974, #25, #4506, #538 ) ) ;
#8650 = CIRCLE ( 'NONE', #6614, 0.1250000000000000000 ) ;
#8651 = PLANE ( 'NONE',  #9700 ) ;
#8652 = DIRECTION ( 'NONE',  ( 0.7071067811865489050, 0.000000000000000000, 0.7071067811865461294 ) ) ;
#8653 = EDGE_CURVE ( 'NONE', #4974, #9089, #6686, .T. ) ;
#8654 = DIRECTION ( 'NONE',  ( 8.340016711426957754E-17, 0.000000000000000000, -1.000000000000000000 ) ) ;
#8655 = PLANE ( 'NONE',  #2296 ) ;
#8656 = DIRECTION ( 'NONE',  ( 0.000000000000000000, -1.000000000000000000, 0.000000000000000000 ) ) ;
#8657 = FACE_OUTER_BOUND ( 'NONE', #5095, .T. ) ;
#8658 = ADVANCED_FACE ( 'NONE', ( #1593 ), #9460, .T. ) ;
#8659 = VECTOR ( 'NONE', #10660, 1000.000000000000000 ) ;
#8660 = VERTEX_POINT ( 'NONE', #4141 ) ;
#8661 = VERTEX_POINT ( 'NONE', #11309 ) ;
#8662 = ORIENTED_EDGE ( 'NONE', *, *, #5777, .T. ) ;
#8663 = DIRECTION ( 'NONE',  ( -0.000000000000000000, -1.000000000000000000, 0.000000000000000000 ) ) ;
#8664 = DIRECTION ( 'NONE',  ( -1.000000000000000000, 0.000000000000000000, 0.000000000000000000 ) ) ;
#8665 = EDGE_CURVE ( 'NONE', #6999, #2299, #10325, .T. ) ;
#8666 = ADVANCED_FACE ( 'NONE', ( #2357 ), #2304, .F. ) ;
#8667 = AXIS2_PLACEMENT_3D ( 'NONE', #11406, #8054, #8347 ) ;
#8668 = VECTOR ( 'NONE', #9718, 1000.000000000000114 ) ;
#8669 = PLANE ( 'NONE',  #3628 ) ;
#8670 = DIRECTION ( 'NONE',  ( 1.000000000000000000, 0.000000000000000000, 0.000000000000000000 ) ) ;
#8671 = FACE_OUTER_BOUND ( 'NONE', #9562, .T. ) ;
#8672 = AXIS2_PLACEMENT_3D ( 'NONE', #1447, #7796, #753 ) ;
#8673 = PLANE ( 'NONE',  #9016 ) ;
#8674 = ORIENTED_EDGE ( 'NONE', *, *, #645, .F. ) ;
#8675 = EDGE_CURVE ( 'NONE', #5146, #2449, #7604, .T. ) ;
#8676 = CIRCLE ( 'NONE', #10524, 0.1250000000000000278 ) ;
#8677 = EDGE_LOOP ( 'NONE', ( #2672, #4935, #7918, #5074, #10482, #784, #9716, #4268 ) ) ;
#8678 = DIRECTION ( 'NONE',  ( -0.000000000000000000, -1.000000000000000000, 0.000000000000000000 ) ) ;
#8679 = VECTOR ( 'NONE', #4605, 1000.000000000000000 ) ;
#8680 = EDGE_CURVE ( 'NONE', #7751, #9204, #9566, .T. ) ;
#8681 = EDGE_LOOP ( 'NONE', ( #4008, #915, #2220, #4775, #9503 ) ) ;
#8682 = VECTOR ( 'NONE', #5346, 1000.000000000000000 ) ;
#8683 = CARTESIAN_POINT ( 'NONE',  ( 0.9249999999999998224, 0.7590169943749474069, 0.1249999999999998196 ) ) ;
#8684 = VECTOR ( 'NONE', #8586, 1000.000000000000000 ) ;
#8685 = CYLINDRICAL_SURFACE ( 'NONE', #2096, 0.1250000000000000278 ) ;
#8686 = DIRECTION ( 'NONE',  ( -1.000000000000000000, 0.000000000000000000, -8.340016711426957754E-17 ) ) ;
#8687 = VERTEX_POINT ( 'NONE', #5167 ) ;
#8688 = DIRECTION ( 'NONE',  ( -0.000000000000000000, -1.000000000000000000, 0.000000000000000000 ) ) ;
#8689 = ORIENTED_EDGE ( 'NONE', *, *, #5130, .T. ) ;
#8690 = DIRECTION ( 'NONE',  ( -1.000000000000000000, 0.000000000000000000, -8.340016711426966382E-17 ) ) ;
#8691 = AXIS2_PLACEMENT_3D ( 'NONE', #6393, #5351, #8891 ) ;
#8692 = ORIENTED_EDGE ( 'NONE', *, *, #2262, .T. ) ;
#8693 = DIRECTION ( 'NONE',  ( 0.000000000000000000, 1.000000000000000000, 0.000000000000000000 ) ) ;
#8694 = AXIS2_PLACEMENT_3D ( 'NONE', #9028, #5558, #5666 ) ;
#8695 = ORIENTED_EDGE ( 'NONE', *, *, #2102, .T. ) ;
#8696 = EDGE_CURVE ( 'NONE', #7977, #7563, #11275, .T. ) ;
#8697 = ORIENTED_EDGE ( 'NONE', *, *, #3152, .T. ) ;
#8698 = LINE ( 'NONE', #3433, #901 ) ;
#8699 = LINE ( 'NONE', #6202, #10531 ) ;
#8700 = EDGE_CURVE ( 'NONE', #10848, #7805, #5055, .T. ) ;
#8701 = DIRECTION ( 'NONE',  ( -1.000000000000000000, 0.000000000000000000, -8.340016711426957754E-17 ) ) ;
#8702 = CARTESIAN_POINT ( 'NONE',  ( 1.250000000000000000, 0.2000000000000000111, -0.1000000000000002554 ) ) ;
#8703 = VERTEX_POINT ( 'NONE', #3332 ) ;
#8704 = EDGE_CURVE ( 'NONE', #6704, #7008, #728, .T. ) ;
#8705 = CARTESIAN_POINT ( 'NONE',  ( 1.224999999999999645, 0.1999999999999999833, -1.149999999999999911 ) ) ;
#8706 = DIRECTION ( 'NONE',  ( 1.087828266707871075E-17, 0.000000000000000000, 1.000000000000000000 ) ) ;
#8707 = FACE_OUTER_BOUND ( 'NONE', #6490, .T. ) ;
#8708 = DIRECTION ( 'NONE',  ( -0.7071067811865461294, 0.000000000000000000, 0.7071067811865489050 ) ) ;
#8709 = ORIENTED_EDGE ( 'NONE', *, *, #4082, .F. ) ;
#8710 = VECTOR ( 'NONE', #10084, 1000.000000000000000 ) ;
#8711 = CARTESIAN_POINT ( 'NONE',  ( -0.8500000000000008660, 0.1999999999999999833, -1.250000000000005107 ) ) ;
#8712 = CARTESIAN_POINT ( 'NONE',  ( 0.7250000000000009770, 0.1999999999999999833, 0.9999999999999991118 ) ) ;
#8713 = LINE ( 'NONE', #639, #11328 ) ;
#8714 = LINE ( 'NONE', #8016, #3926 ) ;
#8715 = EDGE_CURVE ( 'NONE', #10787, #6028, #5811, .T. ) ;
#8716 = VECTOR ( 'NONE', #4706, 1000.000000000000000 ) ;
#8717 = PLANE ( 'NONE',  #5288 ) ;
#8718 = ORIENTED_EDGE ( 'NONE', *, *, #11207, .T. ) ;
#8719 = ORIENTED_EDGE ( 'NONE', *, *, #6487, .F. ) ;
#8720 = AXIS2_PLACEMENT_3D ( 'NONE', #1188, #2000, #2173 ) ;
#8721 = ORIENTED_EDGE ( 'NONE', *, *, #9050, .F. ) ;
#8722 = DIRECTION ( 'NONE',  ( 0.7071067811865489050, 0.000000000000000000, 0.7071067811865461294 ) ) ;
#8723 = DIRECTION ( 'NONE',  ( 1.943223893762450295E-14, 0.000000000000000000, 1.000000000000000000 ) ) ;
#8724 = DIRECTION ( 'NONE',  ( -0.000000000000000000, -1.000000000000000000, 0.000000000000000000 ) ) ;
#8725 = EDGE_CURVE ( 'NONE', #4814, #4271, #7947, .T. ) ;
#8726 = CARTESIAN_POINT ( 'NONE',  ( -0.4999999999999995559, 1.614213562373095323, 0.4999999999999994449 ) ) ;
#8727 = DIRECTION ( 'NONE',  ( 1.000000000000000000, 0.000000000000000000, 1.417802840942573219E-14 ) ) ;
#8728 = FACE_OUTER_BOUND ( 'NONE', #7453, .T. ) ;
#8729 = CARTESIAN_POINT ( 'NONE',  ( 0.8500000000000004219, 0.1999999999999999833, -1.300000000000005373 ) ) ;
#8730 = DIRECTION ( 'NONE',  ( 0.7071067811865469066, 0.000000000000000000, -0.7071067811865482389 ) ) ;
#8731 = CIRCLE ( 'NONE', #2287, 0.1000000000000000472 ) ;
#8732 = ORIENTED_EDGE ( 'NONE', *, *, #2809, .T. ) ;
#8733 = ADVANCED_FACE ( 'NONE', ( #6739 ), #10272, .F. ) ;
#8734 = ORIENTED_EDGE ( 'NONE', *, *, #2176, .T. ) ;
#8735 = DIRECTION ( 'NONE',  ( 1.000000000000000000, 0.000000000000000000, 8.340016711426966382E-17 ) ) ;
#8736 = VERTEX_POINT ( 'NONE', #6095 ) ;
#8737 = CIRCLE ( 'NONE', #10036, 0.1000000000000000472 ) ;
#8738 = DIRECTION ( 'NONE',  ( 0.7071067811865459074, 0.000000000000000000, 0.7071067811865491270 ) ) ;
#8739 = EDGE_CURVE ( 'NONE', #11020, #1444, #1827, .T. ) ;
#8740 = DIRECTION ( 'NONE',  ( 1.000000000000000000, -0.000000000000000000, 8.340016711426957754E-17 ) ) ;
#8741 = LINE ( 'NONE', #818, #7957 ) ;
#8742 = ORIENTED_EDGE ( 'NONE', *, *, #757, .T. ) ;
#8743 = LINE ( 'NONE', #2193, #542 ) ;
#8744 = VERTEX_POINT ( 'NONE', #46 ) ;
#8745 = DIRECTION ( 'NONE',  ( -0.000000000000000000, -1.000000000000000000, 0.000000000000000000 ) ) ;
#8746 = ORIENTED_EDGE ( 'NONE', *, *, #1198, .F. ) ;
#8747 = LINE ( 'NONE', #7763, #6029 ) ;
#8748 = ORIENTED_EDGE ( 'NONE', *, *, #199, .F. ) ;
#8749 = ORIENTED_EDGE ( 'NONE', *, *, #5236, .F. ) ;
#8750 = CARTESIAN_POINT ( 'NONE',  ( 1.224999999999999645, 0.1999999999999999833, -1.149999999999999911 ) ) ;
#8751 = DIRECTION ( 'NONE',  ( 1.087828266707871075E-17, 0.000000000000000000, 1.000000000000000000 ) ) ;
#8752 = DIRECTION ( 'NONE',  ( 3.984674651014977107E-16, 0.000000000000000000, 1.000000000000000000 ) ) ;
#8753 = CARTESIAN_POINT ( 'NONE',  ( -0.7250000000000010880, 0.9846177413237633402, 0.8999999999999991340 ) ) ;
#8754 = ORIENTED_EDGE ( 'NONE', *, *, #6769, .F. ) ;
#8755 = LINE ( 'NONE', #1073, #9458 ) ;
#8756 = FILL_AREA_STYLE ('',( #2526 ) ) ;
#8757 = CARTESIAN_POINT ( 'NONE',  ( 0.3500000000000000888, 0.009999999999999646325, 1.300000000000000266 ) ) ;
#8758 = EDGE_CURVE ( 'NONE', #554, #8635, #2804, .T. ) ;
#8759 = FACE_BOUND ( 'NONE', #659, .T. ) ;
#8760 = VERTEX_POINT ( 'NONE', #10608 ) ;
#8761 = EDGE_CURVE ( 'NONE', #6416, #11236, #1945, .T. ) ;
#8762 = DIRECTION ( 'NONE',  ( -0.7071067811865489050, 0.000000000000000000, -0.7071067811865461294 ) ) ;
#8763 = CARTESIAN_POINT ( 'NONE',  ( -1.251002506714041272E-15, 0.01000000000000000021, -0.5999999999999976463 ) ) ;
#8764 = LINE ( 'NONE', #6280, #1107 ) ;
#8765 = LINE ( 'NONE', #906, #2415 ) ;
#8766 = DIRECTION ( 'NONE',  ( -0.7071067811865451302, 0.000000000000000000, -0.7071067811865499042 ) ) ;
#8767 = CARTESIAN_POINT ( 'NONE',  ( -1.084202172485443297E-16, 0.1000000000000001166, 1.300000000000006262 ) ) ;
#8768 = CARTESIAN_POINT ( 'NONE',  ( -0.1500000000000009104, 0.1999999999999999833, 1.249999999999999556 ) ) ;
#8769 = ORIENTED_EDGE ( 'NONE', *, *, #976, .T. ) ;
#8770 = VECTOR ( 'NONE', #5240, 1000.000000000000000 ) ;
#8771 = ORIENTED_EDGE ( 'NONE', *, *, #9547, .F. ) ;
#8772 = EDGE_CURVE ( 'NONE', #7354, #2367, #8117, .T. ) ;
#8773 = ORIENTED_EDGE ( 'NONE', *, *, #10803, .T. ) ;
#8774 = DIRECTION ( 'NONE',  ( 1.000000000000000000, 0.000000000000000000, 0.000000000000000000 ) ) ;
#8775 = CARTESIAN_POINT ( 'NONE',  ( -0.8500000000000004219, 0.1999999999999999833, 1.300000000000005373 ) ) ;
#8776 = PLANE ( 'NONE',  #367 ) ;
#8777 = CARTESIAN_POINT ( 'NONE',  ( 0.5000000000000003331, 0.2000000000000000944, -0.5000000000000004441 ) ) ;
#8778 = MECHANICAL_DESIGN_GEOMETRIC_PRESENTATION_REPRESENTATION (  '', ( #7673 ), #483 ) ;
#8779 = DIRECTION ( 'NONE',  ( 8.340016711426957754E-17, 0.000000000000000000, -1.000000000000000000 ) ) ;
#8780 = FILL_AREA_STYLE_COLOUR ( '', #1325 ) ;
#8781 = DIRECTION ( 'NONE',  ( 1.084202172485503842E-15, 2.664535259100377669E-15, 1.000000000000000000 ) ) ;
#8782 = PLANE ( 'NONE',  #11219 ) ;
#8783 = ORIENTED_EDGE ( 'NONE', *, *, #8413, .F. ) ;
#8784 = EDGE_LOOP ( 'NONE', ( #6650, #8987, #6365, #3936 ) ) ;
#8785 = LINE ( 'NONE', #870, #6411 ) ;
#8786 = EDGE_CURVE ( 'NONE', #9358, #4286, #9626, .T. ) ;
#8787 = VECTOR ( 'NONE', #9595, 1000.000000000000000 ) ;
#8788 = ORIENTED_EDGE ( 'NONE', *, *, #7669, .T. ) ;
#8789 = PLANE ( 'NONE',  #10703 ) ;
#8790 = EDGE_CURVE ( 'NONE', #2685, #3920, #8872, .T. ) ;
#8791 = FACE_OUTER_BOUND ( 'NONE', #8208, .T. ) ;
#8792 = FILL_AREA_STYLE ('',( #10709 ) ) ;
#8793 = ORIENTED_EDGE ( 'NONE', *, *, #7205, .T. ) ;
#8794 = CARTESIAN_POINT ( 'NONE',  ( -0.3500000000000185185, 0.01000000000000000021, 4.903929826319277592E-15 ) ) ;
#8795 = ORIENTED_EDGE ( 'NONE', *, *, #932, .T. ) ;
#8796 = LINE ( 'NONE', #2150, #9713 ) ;
#8797 = ORIENTED_EDGE ( 'NONE', *, *, #8583, .F. ) ;
#8798 = LINE ( 'NONE', #884, #327 ) ;
#8799 = ADVANCED_FACE ( 'NONE', ( #2577 ), #5332, .T. ) ;
#8800 = VECTOR ( 'NONE', #4676, 1000.000000000000000 ) ;
#8801 = VERTEX_POINT ( 'NONE', #8003 ) ;
#8802 = CIRCLE ( 'NONE', #8615, 0.1000000000000000472 ) ;
#8803 = EDGE_CURVE ( 'NONE', #800, #9343, #7071, .T. ) ;
#8804 = ORIENTED_EDGE ( 'NONE', *, *, #3898, .F. ) ;
#8805 = VECTOR ( 'NONE', #909, 1000.000000000000000 ) ;
#8806 = CARTESIAN_POINT ( 'NONE',  ( 1.225000000000000089, 0.06614378277661539518, 0.6249999999999997780 ) ) ;
#8807 = DIRECTION ( 'NONE',  ( 1.000000000000000000, 0.000000000000000000, 0.000000000000000000 ) ) ;
#8808 = LINE ( 'NONE', #8870, #5767 ) ;
#8809 = DIRECTION ( 'NONE',  ( 0.7071067811865504593, 0.000000000000000000, 0.7071067811865445751 ) ) ;
#8810 = ORIENTED_EDGE ( 'NONE', *, *, #8826, .F. ) ;
#8811 = VECTOR ( 'NONE', #2093, 1000.000000000000000 ) ;
#8812 = CARTESIAN_POINT ( 'NONE',  ( -0.8500000000000004219, 0.009999999999999646325, 1.300000000000005373 ) ) ;
#8813 = AXIS2_PLACEMENT_3D ( 'NONE', #8568, #601, #707 ) ;
#8814 = CARTESIAN_POINT ( 'NONE',  ( -2.043304094299602936E-16, 0.01000000000000000021, 0.4999999999999995559 ) ) ;
#8815 = AXIS2_PLACEMENT_3D ( 'NONE', #10330, #8537, #9463 ) ;
#8816 = CARTESIAN_POINT ( 'NONE',  ( -0.9249999999999998224, 0.000000000000000000, -0.1250000000000001943 ) ) ;
#8817 = EDGE_CURVE ( 'NONE', #1927, #5307, #957, .T. ) ;
#8818 = DIRECTION ( 'NONE',  ( 1.087828266707871075E-17, 0.000000000000000000, 1.000000000000000000 ) ) ;
#8819 = ORIENTED_EDGE ( 'NONE', *, *, #6117, .F. ) ;
#8820 = ADVANCED_FACE ( 'NONE', ( #8058 ), #2748, .T. ) ;
#8821 = LINE ( 'NONE', #9747, #6000 ) ;
#8822 = DIRECTION ( 'NONE',  ( 0.7071067811865476838, 0.000000000000000000, -0.7071067811865474617 ) ) ;
#8823 = LINE ( 'NONE', #6106, #7929 ) ;
#8824 = DIRECTION ( 'NONE',  ( 1.000000000000000000, 0.000000000000000000, 1.309382623694029086E-14 ) ) ;
#8825 = CARTESIAN_POINT ( 'NONE',  ( 0.9249999999999999334, 0.1999999999999999833, -2.481154971649519383E-16 ) ) ;
#8826 = EDGE_CURVE ( 'NONE', #3559, #3713, #2425, .T. ) ;
#8827 = PLANE ( 'NONE',  #9285 ) ;
#8828 = CARTESIAN_POINT ( 'NONE',  ( -0.6250000000000011102, 0.1999999999999999833, 1.225000000000004974 ) ) ;
#8829 = ORIENTED_EDGE ( 'NONE', *, *, #276, .T. ) ;
#8830 = ORIENTED_EDGE ( 'NONE', *, *, #2560, .F. ) ;
#8831 = VECTOR ( 'NONE', #5369, 1000.000000000000000 ) ;
#8832 = ORIENTED_EDGE ( 'NONE', *, *, #3024, .T. ) ;
#8833 = CARTESIAN_POINT ( 'NONE',  ( -1.300000000000000044, 0.7590169943749474069, -0.1000000000000001582 ) ) ;
#8834 = CARTESIAN_POINT ( 'NONE',  ( -0.9250000000000001554, 0.1999999999999999833, 0.4999999999999997780 ) ) ;
#8835 = DIRECTION ( 'NONE',  ( 0.7071067811865504593, 0.000000000000000000, 0.7071067811865445751 ) ) ;
#8836 = ADVANCED_FACE ( 'NONE', ( #10663 ), #5455, .F. ) ;
#8837 = LINE ( 'NONE', #8729, #872 ) ;
#8838 = AXIS2_PLACEMENT_3D ( 'NONE', #8000, #7825, #6852 ) ;
#8839 = AXIS2_PLACEMENT_3D ( 'NONE', #7897, #61, #2649 ) ;
#8840 = ADVANCED_FACE ( 'NONE', ( #6954 ), #4415, .T. ) ;
#8841 = CARTESIAN_POINT ( 'NONE',  ( 0.6250000000000008882, 0.1999999999999999833, 1.225000000000004974 ) ) ;
#8842 = ORIENTED_EDGE ( 'NONE', *, *, #1604, .F. ) ;
#8843 = ORIENTED_EDGE ( 'NONE', *, *, #7744, .F. ) ;
#8844 = DIRECTION ( 'NONE',  ( -1.000000000000000000, 0.000000000000000000, -8.340016711426957754E-17 ) ) ;
#8845 = VERTEX_POINT ( 'NONE', #3667 ) ;
#8846 = ADVANCED_FACE ( 'NONE', ( #4356 ), #10728, .F. ) ;
#8847 = AXIS2_PLACEMENT_3D ( 'NONE', #2548, #4065, #7586 ) ;
#8848 = AXIS2_PLACEMENT_3D ( 'NONE', #2117, #5620, #5452 ) ;
#8849 = ORIENTED_EDGE ( 'NONE', *, *, #2886, .F. ) ;
#8850 = LINE ( 'NONE', #1930, #5734 ) ;
#8851 = FACE_OUTER_BOUND ( 'NONE', #1924, .T. ) ;
#8852 = VECTOR ( 'NONE', #2088, 1000.000000000000000 ) ;
#8853 = DIRECTION ( 'NONE',  ( -0.000000000000000000, -1.000000000000000000, 0.000000000000000000 ) ) ;
#8854 = CARTESIAN_POINT ( 'NONE',  ( 1.250000000000000000, 0.9846177413237633402, 0.9249999999999993783 ) ) ;
#8855 = ORIENTED_EDGE ( 'NONE', *, *, #694, .T. ) ;
#8856 = VECTOR ( 'NONE', #8376, 1000.000000000000000 ) ;
#8857 = CARTESIAN_POINT ( 'NONE',  ( 1.300000000000000044, 0.1999999999999999833, 0.9249999999999999334 ) ) ;
#8858 = AXIS2_PLACEMENT_3D ( 'NONE', #4912, #7571, #8439 ) ;
#8859 = EDGE_LOOP ( 'NONE', ( #5567, #10279, #1527, #8748 ) ) ;
#8860 = FACE_OUTER_BOUND ( 'NONE', #388, .T. ) ;
#8861 = VERTEX_POINT ( 'NONE', #7014 ) ;
#8862 = LINE ( 'NONE', #9849, #10657 ) ;
#8863 = VECTOR ( 'NONE', #3104, 1000.000000000000000 ) ;
#8864 = ORIENTED_EDGE ( 'NONE', *, *, #2621, .F. ) ;
#8865 = LINE ( 'NONE', #152, #2972 ) ;
#8866 = AXIS2_PLACEMENT_3D ( 'NONE', #4531, #3493, #4478 ) ;
#8867 = ORIENTED_EDGE ( 'NONE', *, *, #8136, .F. ) ;
#8868 = CARTESIAN_POINT ( 'NONE',  ( -0.8750000000000009992, 0.9846177413237633402, 1.225000000000005196 ) ) ;
#8869 = CARTESIAN_POINT ( 'NONE',  ( 1.199999999999999734, 0.000000000000000000, -0.1250000000000002220 ) ) ;
#8870 = CARTESIAN_POINT ( 'NONE',  ( 1.199999999999999956, 0.000000000000000000, 1.149999999999999023 ) ) ;
#8871 = ADVANCED_FACE ( 'NONE', ( #10552 ), #2634, .F. ) ;
#8872 = LINE ( 'NONE', #3558, #385 ) ;
#8873 = ORIENTED_EDGE ( 'NONE', *, *, #7815, .T. ) ;
#8875 = VECTOR ( 'NONE', #8519, 1000.000000000000000 ) ;
#8874 = DIRECTION ( 'NONE',  ( 1.000000000000000000, 0.000000000000000000, 0.000000000000000000 ) ) ;
#8876 = CARTESIAN_POINT ( 'NONE',  ( 0.2500000000000013878, 0.1999999999999999833, -0.9249999999999997113 ) ) ;
#8877 = VECTOR ( 'NONE', #2292, 1000.000000000000000 ) ;
#8878 = CARTESIAN_POINT ( 'NONE',  ( 1.300000000000000044, 0.2000000000000000111, 0.3999999999999996336 ) ) ;
#8879 = ADVANCED_FACE ( 'NONE', ( #5625 ), #3091, .T. ) ;
#8880 = CARTESIAN_POINT ( 'NONE',  ( -0.9249999999999998224, 0.1999999999999999833, -0.3750000000000001110 ) ) ;
#8881 = EDGE_CURVE ( 'NONE', #3107, #3405, #6436, .T. ) ;
#8882 = EDGE_LOOP ( 'NONE', ( #7722, #4096, #7537, #4930 ) ) ;
#8883 = ORIENTED_EDGE ( 'NONE', *, *, #2938, .T. ) ;
#8884 = AXIS2_PLACEMENT_3D ( 'NONE', #8333, #3938, #2961 ) ;
#8885 = FACE_OUTER_BOUND ( 'NONE', #8111, .T. ) ;
#8886 = PLANE ( 'NONE',  #10908 ) ;
#8887 = CIRCLE ( 'NONE', #2434, 0.1250000000000000000 ) ;
#8888 = DIRECTION ( 'NONE',  ( 0.7071067811865499042, 0.000000000000000000, -0.7071067811865451302 ) ) ;
#8889 = CYLINDRICAL_SURFACE ( 'NONE', #11267, 0.1250000000000000555 ) ;
#8890 = EDGE_CURVE ( 'NONE', #9600, #10846, #3835, .T. ) ;
#8891 = DIRECTION ( 'NONE',  ( 1.000000000000000000, 0.000000000000000000, 8.340016711426957754E-17 ) ) ;
#8892 = EDGE_CURVE ( 'NONE', #3102, #3227, #10349, .T. ) ;
#8893 = CARTESIAN_POINT ( 'NONE',  ( -1.084202172485500859E-16, 0.1000000000000001166, 1.300000000000000488 ) ) ;
#8894 = DIRECTION ( 'NONE',  ( 0.000000000000000000, -1.000000000000000000, 0.000000000000000000 ) ) ;
#8895 = EDGE_CURVE ( 'NONE', #5019, #1348, #9062, .T. ) ;
#8896 = EDGE_LOOP ( 'NONE', ( #2023, #9359, #3000, #626, #2897, #368, #7059, #1237 ) ) ;
#8897 = MECHANICAL_DESIGN_GEOMETRIC_PRESENTATION_REPRESENTATION (  '', ( #1881 ), #6298 ) ;
#8898 = ORIENTED_EDGE ( 'NONE', *, *, #4291, .T. ) ;
#8899 = EDGE_LOOP ( 'NONE', ( #5370, #10260, #142, #6428, #7589 ) ) ;
#8900 = CARTESIAN_POINT ( 'NONE',  ( 0.7250000000000009770, 0.000000000000000000, 0.8999999999999993561 ) ) ;
#8901 = CARTESIAN_POINT ( 'NONE',  ( -0.3750000000000007772, 0.06614378277661521477, -1.224999999999999867 ) ) ;
#8902 = CARTESIAN_POINT ( 'NONE',  ( -1.300000000000000044, 0.01000000000000005398, 0.9249999999999997113 ) ) ;
#8903 = VECTOR ( 'NONE', #10665, 1000.000000000000000 ) ;
#8904 = DIRECTION ( 'NONE',  ( -1.075862155774079406E-14, -0.000000000000000000, -1.000000000000000000 ) ) ;
#8905 =( NAMED_UNIT ( * ) SI_UNIT ( $, .STERADIAN. ) SOLID_ANGLE_UNIT ( ) );
#8906 = DIRECTION ( 'NONE',  ( -0.7071067811865491270, 0.000000000000000000, 0.7071067811865459074 ) ) ;
#8907 = CARTESIAN_POINT ( 'NONE',  ( -0.9250000000000001554, 0.2000000000000000111, -1.855653718292498106E-16 ) ) ;
#8908 = ORIENTED_EDGE ( 'NONE', *, *, #8951, .T. ) ;
#8909 = CIRCLE ( 'NONE', #11313, 0.1681122869172741174 ) ;
#8910 = VERTEX_POINT ( 'NONE', #9214 ) ;
#8911 = CARTESIAN_POINT ( 'NONE',  ( -0.3750000000000026645, 0.01000000000000000021, -5.733761489106065226E-16 ) ) ;
#8912 = ADVANCED_FACE ( 'NONE', ( #2979 ), #6498, .F. ) ;
#8913 = ORIENTED_EDGE ( 'NONE', *, *, #8560, .F. ) ;
#8914 = ORIENTED_EDGE ( 'NONE', *, *, #922, .F. ) ;
#8915 = EDGE_CURVE ( 'NONE', #290, #1338, #9971, .T. ) ;
#8916 = LINE ( 'NONE', #1980, #3164 ) ;
#8917 = CARTESIAN_POINT ( 'NONE',  ( -0.8500000000000010880, 0.1999999999999999833, 1.250000000000005107 ) ) ;
#8918 = STYLED_ITEM ( 'NONE', ( #5665 ), #5378 ) ;
#8919 = FACE_OUTER_BOUND ( 'NONE', #318, .T. ) ;
#8920 = ORIENTED_EDGE ( 'NONE', *, *, #7180, .F. ) ;
#8921 = CARTESIAN_POINT ( 'NONE',  ( 0.8500000000000001998, 0.9846177413237633402, 1.300000000000005373 ) ) ;
#8922 = ORIENTED_EDGE ( 'NONE', *, *, #2592, .T. ) ;
#8923 = CARTESIAN_POINT ( 'NONE',  ( -0.1500000000000000777, 0.000000000000000000, 1.300000000000000266 ) ) ;
#8924 = ORIENTED_EDGE ( 'NONE', *, *, #2073, .T. ) ;
#8925 = CARTESIAN_POINT ( 'NONE',  ( 0.1250000000000007216, 0.000000000000000000, 1.300000000000000266 ) ) ;
#8926 =( GEOMETRIC_REPRESENTATION_CONTEXT ( 3 ) GLOBAL_UNCERTAINTY_ASSIGNED_CONTEXT ( ( #4673 ) ) GLOBAL_UNIT_ASSIGNED_CONTEXT ( ( #2775, #1096, #10633 ) ) REPRESENTATION_CONTEXT ( 'NONE', 'WORKASPACE' ) );
#8927 = ORIENTED_EDGE ( 'NONE', *, *, #11031, .F. ) ;
#8928 = DIRECTION ( 'NONE',  ( -0.000000000000000000, -1.000000000000000000, 0.000000000000000000 ) ) ;
#8929 = EDGE_LOOP ( 'NONE', ( #3905, #6883, #5863, #7861 ) ) ;
#8930 = EDGE_CURVE ( 'NONE', #8037, #8569, #2058, .T. ) ;
#8931 = LINE ( 'NONE', #9039, #1640 ) ;
#8932 = PLANE ( 'NONE',  #8667 ) ;
#8933 = CARTESIAN_POINT ( 'NONE',  ( 0.1250000000000008049, 0.1999999999999999833, 1.224999999999999645 ) ) ;
#8934 = DIRECTION ( 'NONE',  ( -8.340016711426957754E-17, 0.000000000000000000, 1.000000000000000000 ) ) ;
#8935 = EDGE_LOOP ( 'NONE', ( #3099, #3366, #6721, #6735 ) ) ;
#8936 = CARTESIAN_POINT ( 'NONE',  ( -1.224999999999999645, 0.1999999999999999833, 1.149999999999999911 ) ) ;
#8937 = SURFACE_SIDE_STYLE ('',( #5576 ) ) ;
#8938 = PLANE ( 'NONE',  #5761 ) ;
#8939 = EDGE_LOOP ( 'NONE', ( #355, #10964, #1746, #8124 ) ) ;
#8940 = VERTEX_POINT ( 'NONE', #9275 ) ;
#8941 = EDGE_CURVE ( 'NONE', #857, #8861, #2780, .T. ) ;
#8942 = DIRECTION ( 'NONE',  ( -1.000000000000000000, 0.000000000000000000, 2.085004177856743210E-15 ) ) ;
#8943 = LINE ( 'NONE', #1954, #10166 ) ;
#8944 = LINE ( 'NONE', #9638, #8490 ) ;
#8945 = CARTESIAN_POINT ( 'NONE',  ( 0.6500000000000001332, 0.1999999999999999833, -1.300000000000005596 ) ) ;
#8946 = DIRECTION ( 'NONE',  ( -0.000000000000000000, -1.000000000000000000, 0.000000000000000000 ) ) ;
#8947 = CARTESIAN_POINT ( 'NONE',  ( -9.591019218141001047E-17, 0.01000000000000000021, 1.149999999999999911 ) ) ;
#8948 = CARTESIAN_POINT ( 'NONE',  ( -1.225000000000000089, 0.2000000000000000111, -0.3750000000000001665 ) ) ;
#8949 = VERTEX_POINT ( 'NONE', #5511 ) ;
#8950 = ORIENTED_EDGE ( 'NONE', *, *, #3192, .T. ) ;
#8951 = EDGE_CURVE ( 'NONE', #10656, #7579, #10139, .T. ) ;
#8952 = ORIENTED_EDGE ( 'NONE', *, *, #4631, .F. ) ;
#8953 = CARTESIAN_POINT ( 'NONE',  ( -1.249999999999999778, 0.08660254037844393460, 1.124999999999999556 ) ) ;
#8954 = CARTESIAN_POINT ( 'NONE',  ( 0.3500000000000002554, 0.1000000000000001166, -1.299999999999999378 ) ) ;
#8955 = CARTESIAN_POINT ( 'NONE',  ( 0.8500000000000004219, 0.9846177413237633402, -1.300000000000005373 ) ) ;
#8956 = CARTESIAN_POINT ( 'NONE',  ( 1.299999999999999822, 1.050000000000000488, 1.300000000000000266 ) ) ;
#8957 = FACE_OUTER_BOUND ( 'NONE', #6727, .T. ) ;
#8958 = AXIS2_PLACEMENT_3D ( 'NONE', #5993, #3286, #9414 ) ;
#8959 = CARTESIAN_POINT ( 'NONE',  ( 0.9249999999999999334, 0.2000000000000000111, -0.5000000000000002220 ) ) ;
#8960 = ORIENTED_EDGE ( 'NONE', *, *, #5187, .T. ) ;
#8961 = ORIENTED_EDGE ( 'NONE', *, *, #1152, .F. ) ;
#8962 = FACE_OUTER_BOUND ( 'NONE', #4104, .T. ) ;
#8963 = ORIENTED_EDGE ( 'NONE', *, *, #53, .T. ) ;
#8964 = VERTEX_POINT ( 'NONE', #10903 ) ;
#8965 = LINE ( 'NONE', #4572, #9066 ) ;
#8966 = VECTOR ( 'NONE', #10262, 1000.000000000000000 ) ;
#8967 = CARTESIAN_POINT ( 'NONE',  ( -1.224999999999999645, 0.9846177413237633402, 1.149999999999999911 ) ) ;
#8968 = FACE_OUTER_BOUND ( 'NONE', #2709, .T. ) ;
#8969 = FILL_AREA_STYLE ('',( #2965 ) ) ;
#8970 = VERTEX_POINT ( 'NONE', #8287 ) ;
#8971 = LINE ( 'NONE', #8921, #11412 ) ;
#8972 = EDGE_CURVE ( 'NONE', #3128, #6030, #377, .T. ) ;
#8973 = ORIENTED_EDGE ( 'NONE', *, *, #580, .T. ) ;
#8974 = EDGE_CURVE ( 'NONE', #8605, #436, #8505, .T. ) ;
#8975 = VECTOR ( 'NONE', #7736, 1000.000000000000000 ) ;
#8976 = DIRECTION ( 'NONE',  ( 1.000000000000000000, 0.000000000000000000, 1.167602339599772261E-15 ) ) ;
#8977 = EDGE_LOOP ( 'NONE', ( #3856, #3160, #41, #5714, #8908, #3951, #6993, #676 ) ) ;
#8978 = DIRECTION ( 'NONE',  ( -1.000000000000000000, 0.000000000000000000, 1.000802005371233057E-15 ) ) ;
#8979 = ORIENTED_EDGE ( 'NONE', *, *, #2342, .F. ) ;
#8980 = VERTEX_POINT ( 'NONE', #9103 ) ;
#8981 = EDGE_CURVE ( 'NONE', #4241, #7977, #4650, .T. ) ;
#8982 = FACE_OUTER_BOUND ( 'NONE', #8551, .T. ) ;
#8984 = ADVANCED_FACE ( 'NONE', ( #270 ), #10963, .T. ) ;
#8983 = DIRECTION ( 'NONE',  ( 1.743063492688207036E-14, -0.000000000000000000, -1.000000000000000000 ) ) ;
#8985 = PLANE ( 'NONE',  #7047 ) ;
#8986 = CARTESIAN_POINT ( 'NONE',  ( -0.1624999999999950095, 0.01000000000000000021, 0.1624999999999963973 ) ) ;
#8987 = ORIENTED_EDGE ( 'NONE', *, *, #8426, .T. ) ;
#8988 = LINE ( 'NONE', #10789, #966 ) ;
#8989 = DIRECTION ( 'NONE',  ( 1.092542189196933248E-14, 0.000000000000000000, -1.000000000000000000 ) ) ;
#8990 = DIRECTION ( 'NONE',  ( 1.000000000000000000, 0.000000000000000000, 8.340016711426957754E-17 ) ) ;
#8991 = VECTOR ( 'NONE', #11074, 1000.000000000000000 ) ;
#8992 = ORIENTED_EDGE ( 'NONE', *, *, #1565, .F. ) ;
#8993 = ORIENTED_EDGE ( 'NONE', *, *, #828, .T. ) ;
#8994 = EDGE_CURVE ( 'NONE', #4906, #2667, #1299, .T. ) ;
#8995 = FACE_OUTER_BOUND ( 'NONE', #11064, .T. ) ;
#8996 = PLANE ( 'NONE',  #1303 ) ;
#8997 = CARTESIAN_POINT ( 'NONE',  ( -0.8500000000000171863, 0.01000000000000000021, -1.112975230139942449E-14 ) ) ;
#8998 = LINE ( 'NONE', #10743, #6649 ) ;
#8999 = DIRECTION ( 'NONE',  ( -1.000000000000000000, 0.000000000000000000, 1.726383459265352564E-14 ) ) ;
#9000 = AXIS2_PLACEMENT_3D ( 'NONE', #2393, #8678, #8735 ) ;
#9001 = DIRECTION ( 'NONE',  ( -8.340016711426957754E-17, -0.000000000000000000, 1.000000000000000000 ) ) ;
#9002 = CIRCLE ( 'NONE', #7698, 0.1000000000000000472 ) ;
#9003 = CARTESIAN_POINT ( 'NONE',  ( 1.250000000000000000, 0.009999999999999998473, -0.4000000000000001887 ) ) ;
#9004 = DIRECTION ( 'NONE',  ( -1.000000000000000000, 0.000000000000000000, -1.309382623694028928E-14 ) ) ;
#9005 = VERTEX_POINT ( 'NONE', #6549 ) ;
#9006 = ORIENTED_EDGE ( 'NONE', *, *, #7729, .T. ) ;
#9007 = CIRCLE ( 'NONE', #8452, 0.1000000000000000472 ) ;
#9008 = ORIENTED_EDGE ( 'NONE', *, *, #2115, .T. ) ;
#9009 = LINE ( 'NONE', #6519, #6370 ) ;
#9010 = LINE ( 'NONE', #7154, #556 ) ;
#9011 = DIRECTION ( 'NONE',  ( 2.085004177856743605E-15, 0.000000000000000000, 1.000000000000000000 ) ) ;
#9012 = EDGE_CURVE ( 'NONE', #8964, #9492, #7519, .T. ) ;
#9013 = PLANE ( 'NONE',  #6492 ) ;
#9014 = CARTESIAN_POINT ( 'NONE',  ( 0.1500000000000007716, 0.1999999999999999833, 1.249999999999999556 ) ) ;
#9015 = DIRECTION ( 'NONE',  ( 8.340016711426957754E-17, -0.000000000000000000, -1.000000000000000000 ) ) ;
#9016 = AXIS2_PLACEMENT_3D ( 'NONE', #5960, #704, #10463 ) ;
#9017 = ORIENTED_EDGE ( 'NONE', *, *, #413, .T. ) ;
#9018 = ORIENTED_EDGE ( 'NONE', *, *, #7525, .T. ) ;
#9019 = DIRECTION ( 'NONE',  ( -0.000000000000000000, -1.000000000000000000, 0.000000000000000000 ) ) ;
#9020 = EDGE_CURVE ( 'NONE', #7381, #7227, #4824, .T. ) ;
#9021 = VERTEX_POINT ( 'NONE', #1633 ) ;
#9022 = EDGE_CURVE ( 'NONE', #10923, #8980, #3149, .T. ) ;
#9023 = ORIENTED_EDGE ( 'NONE', *, *, #7444, .F. ) ;
#9024 = FACE_OUTER_BOUND ( 'NONE', #10722, .T. ) ;
#9025 = VECTOR ( 'NONE', #1151, 1000.000000000000114 ) ;
#9026 = PLANE ( 'NONE',  #9962 ) ;
#9027 = DIRECTION ( 'NONE',  ( -0.000000000000000000, -1.000000000000000000, 0.000000000000000000 ) ) ;
#9028 = CARTESIAN_POINT ( 'NONE',  ( 1.250000000000000000, 0.7590169943749474069, -0.6000000000000003109 ) ) ;
#9029 = ORIENTED_EDGE ( 'NONE', *, *, #4841, .T. ) ;
#9030 = EDGE_CURVE ( 'NONE', #77, #2975, #5798, .T. ) ;
#9031 = DIRECTION ( 'NONE',  ( 1.000000000000000000, 0.000000000000000000, -1.726383459265352564E-14 ) ) ;
#9032 = EDGE_CURVE ( 'NONE', #7437, #4238, #5914, .T. ) ;
#9033 = ORIENTED_EDGE ( 'NONE', *, *, #3258, .F. ) ;
#9034 = ORIENTED_EDGE ( 'NONE', *, *, #4149, .F. ) ;
#9035 = CARTESIAN_POINT ( 'NONE',  ( -1.224999999999999645, 0.1999999999999999833, 1.149999999999999911 ) ) ;
#9036 = VECTOR ( 'NONE', #3075, 1000.000000000000000 ) ;
#9037 = ORIENTED_EDGE ( 'NONE', *, *, #1044, .F. ) ;
#9038 = EDGE_LOOP ( 'NONE', ( #4079, #2378, #9373, #4063 ) ) ;
#9039 = CARTESIAN_POINT ( 'NONE',  ( 0.6500000000000006883, 0.9846177413237633402, 1.250000000000004885 ) ) ;
#9040 = FACE_OUTER_BOUND ( 'NONE', #5807, .T. ) ;
#9041 = CIRCLE ( 'NONE', #4610, 0.1000000000000000472 ) ;
#9042 = CARTESIAN_POINT ( 'NONE',  ( -0.7250000000000010880, 0.1999999999999999833, 0.9999999999999991118 ) ) ;
#9043 = DIRECTION ( 'NONE',  ( -1.401122807519719062E-14, 0.000000000000000000, -1.000000000000000000 ) ) ;
#9044 = VERTEX_POINT ( 'NONE', #3260 ) ;
#9045 = AXIS2_PLACEMENT_3D ( 'NONE', #3991, #1448, #8270 ) ;
#9046 = LINE ( 'NONE', #1132, #8710 ) ;
#9047 = VECTOR ( 'NONE', #672, 1000.000000000000000 ) ;
#9048 = CARTESIAN_POINT ( 'NONE',  ( 1.250000000000000000, 0.1999999999999999833, 0.9249999999999993783 ) ) ;
#9049 = CARTESIAN_POINT ( 'NONE',  ( 0.7250000000000009770, 0.1999999999999999833, 0.8999999999999993561 ) ) ;
#9050 = EDGE_CURVE ( 'NONE', #8736, #64, #8517, .T. ) ;
#9051 = ORIENTED_EDGE ( 'NONE', *, *, #8142, .F. ) ;
#9052 = VECTOR ( 'NONE', #5930, 1000.000000000000000 ) ;
#9053 = ORIENTED_EDGE ( 'NONE', *, *, #8446, .F. ) ;
#9054 = ADVANCED_FACE ( 'NONE', ( #6780 ), #10311, .F. ) ;
#9055 = CARTESIAN_POINT ( 'NONE',  ( -1.250000000000000000, 0.01000000000000005398, 0.9249999999999991562 ) ) ;
#9056 = EDGE_CURVE ( 'NONE', #7010, #9021, #1526, .T. ) ;
#9057 = CARTESIAN_POINT ( 'NONE',  ( -0.3750000000000012768, 0.1999999999999999833, -0.9249999999999994893 ) ) ;
#9058 = VECTOR ( 'NONE', #4411, 1000.000000000000000 ) ;
#9059 = CARTESIAN_POINT ( 'NONE',  ( -0.1499999999999998002, 0.1999999999999999833, -1.300000000000000266 ) ) ;
#9060 = DIRECTION ( 'NONE',  ( 1.000000000000000000, -0.000000000000000000, -1.362202729533067342E-15 ) ) ;
#9061 = LINE ( 'NONE', #8192, #8787 ) ;
#9062 = CIRCLE ( 'NONE', #5350, 0.1000000000000000472 ) ;
#9063 = CARTESIAN_POINT ( 'NONE',  ( -1.300000000000000044, 0.1999999999999999833, 1.124999999999998890 ) ) ;
#9064 = LINE ( 'NONE', #6515, #9025 ) ;
#9065 = CARTESIAN_POINT ( 'NONE',  ( -0.1500000000000000222, 0.1999999999999999833, 1.300000000000000266 ) ) ;
#9066 = VECTOR ( 'NONE', #4460, 1000.000000000000114 ) ;
#9067 = ORIENTED_EDGE ( 'NONE', *, *, #5569, .F. ) ;
#9068 = VECTOR ( 'NONE', #10886, 1000.000000000000000 ) ;
#9069 = ORIENTED_EDGE ( 'NONE', *, *, #2732, .T. ) ;
#9070 = FACE_OUTER_BOUND ( 'NONE', #5090, .T. ) ;
#9071 = FACE_OUTER_BOUND ( 'NONE', #768, .T. ) ;
#9072 = DIRECTION ( 'NONE',  ( -1.000000000000000000, 0.000000000000000000, 1.000802005371233254E-15 ) ) ;
#9073 = CARTESIAN_POINT ( 'NONE',  ( -1.300000000000000044, 0.000000000000000000, 1.124999999999998890 ) ) ;
#9074 = DIRECTION ( 'NONE',  ( 0.7071067811865443531, 0.000000000000000000, 0.7071067811865506814 ) ) ;
#9075 = VECTOR ( 'NONE', #7488, 1000.000000000000000 ) ;
#9076 = DIRECTION ( 'NONE',  ( 1.734723475976806148E-14, -1.776356839400251648E-15, -1.000000000000000000 ) ) ;
#9077 = EDGE_LOOP ( 'NONE', ( #7306, #8210, #7637, #1273 ) ) ;
#9078 = ORIENTED_EDGE ( 'NONE', *, *, #9307, .F. ) ;
#9079 = DIRECTION ( 'NONE',  ( 0.000000000000000000, -1.000000000000000000, 0.000000000000000000 ) ) ;
#9080 = EDGE_LOOP ( 'NONE', ( #2250, #6071, #10572, #7300 ) ) ;
#9081 = VERTEX_POINT ( 'NONE', #3315 ) ;
#9082 = EDGE_CURVE ( 'NONE', #4818, #10072, #40, .T. ) ;
#9083 = DIRECTION ( 'NONE',  ( 0.000000000000000000, -1.000000000000000000, 0.000000000000000000 ) ) ;
#9084 = VECTOR ( 'NONE', #2123, 1000.000000000000000 ) ;
#9085 =( BOUNDED_CURVE ( )  B_SPLINE_CURVE ( 3, ( #9822, #1854, #5361, #8901 ),
 .UNSPECIFIED., .F., .T. ) 
 B_SPLINE_CURVE_WITH_KNOTS ( ( 4, 4 ),
 ( 5.235987755982986158, 5.560451059366165794 ),
 .UNSPECIFIED. ) 
 CURVE ( )  GEOMETRIC_REPRESENTATION_ITEM ( )  RATIONAL_B_SPLINE_CURVE ( ( 1.000000000000000000, 0.9912461883984129418, 0.9912461883984129418, 1.000000000000000000 ) ) 
 REPRESENTATION_ITEM ( '' )  );
#9086 = CARTESIAN_POINT ( 'NONE',  ( 0.3500000000000000888, 0.1999999999999999833, 1.300000000000000266 ) ) ;
#9087 = LINE ( 'NONE', #3076, #9098 ) ;
#9088 =( LENGTH_UNIT ( ) NAMED_UNIT ( * ) SI_UNIT ( .MILLI., .METRE. ) );
#9089 = VERTEX_POINT ( 'NONE', #5094 ) ;
#9090 = ADVANCED_FACE ( 'NONE', ( #4068 ), #6841, .F. ) ;
#9091 = CARTESIAN_POINT ( 'NONE',  ( -0.6500000000000009104, 0.9846177413237633402, 1.250000000000004885 ) ) ;
#9092 = VECTOR ( 'NONE', #9385, 1000.000000000000000 ) ;
#9093 = ORIENTED_EDGE ( 'NONE', *, *, #4886, .T. ) ;
#9094 = VERTEX_POINT ( 'NONE', #5852 ) ;
#9095 = CARTESIAN_POINT ( 'NONE',  ( 1.249999999999999778, 0.1999999999999999833, 1.124999999999999778 ) ) ;
#9096 = ORIENTED_EDGE ( 'NONE', *, *, #8018, .F. ) ;
#9097 = ADVANCED_FACE ( 'NONE', ( #7699 ), #8458, .T. ) ;
#9098 = VECTOR ( 'NONE', #10243, 1000.000000000000000 ) ;
#9099 = ORIENTED_EDGE ( 'NONE', *, *, #387, .T. ) ;
#9100 = CARTESIAN_POINT ( 'NONE',  ( -1.225000000000000089, 0.7590169943749474069, -0.3750000000000001665 ) ) ;
#9101 = CARTESIAN_POINT ( 'NONE',  ( 1.240592229435182325, 0.08117096151037238305, 0.3905922294351819035 ) ) ;
#9102 = CYLINDRICAL_SURFACE ( 'NONE', #8169, 0.1000000000000000472 ) ;
#9103 = CARTESIAN_POINT ( 'NONE',  ( 1.250000000000000000, 0.08660254037844421215, -0.9249999999999991562 ) ) ;
#9104 = ORIENTED_EDGE ( 'NONE', *, *, #405, .T. ) ;
#9105 = CARTESIAN_POINT ( 'NONE',  ( 0.1405922294351831525, 0.08117096151037217489, -1.240592229435181881 ) ) ;
#9106 = CARTESIAN_POINT ( 'NONE',  ( -0.8500000000000010880, 0.01000000000000005398, 1.250000000000005107 ) ) ;
#9107 = VECTOR ( 'NONE', #126, 1000.000000000000000 ) ;
#9108 = CARTESIAN_POINT ( 'NONE',  ( -0.9250000000000001554, 0.2000000000000000111, 0.4999999999999997780 ) ) ;
#9109 = ORIENTED_EDGE ( 'NONE', *, *, #3725, .F. ) ;
#9110 = ORIENTED_EDGE ( 'NONE', *, *, #5286, .T. ) ;
#9111 = DIRECTION ( 'NONE',  ( 0.000000000000000000, -1.000000000000000000, 0.000000000000000000 ) ) ;
#9112 = CARTESIAN_POINT ( 'NONE',  ( 0.9249999999999998224, 0.2000000000000000111, -0.1250000000000002498 ) ) ;
#9113 = AXIS2_PLACEMENT_3D ( 'NONE', #9419, #10342, #2436 ) ;
#9114 = CARTESIAN_POINT ( 'NONE',  ( 0.9249999999999999334, 0.2000000000000000111, -0.5000000000000002220 ) ) ;
#9115 = CARTESIAN_POINT ( 'NONE',  ( 0.7250000000000009770, 0.009999999999999998473, 0.9999999999999991118 ) ) ;
#9116 = VERTEX_POINT ( 'NONE', #2461 ) ;
#9117 = DIRECTION ( 'NONE',  ( -1.401122807519719062E-14, 0.000000000000000000, -1.000000000000000000 ) ) ;
#9118 = ADVANCED_FACE ( 'NONE', ( #7588 ), #1577, .F. ) ;
#9119 = DIRECTION ( 'NONE',  ( -1.000000000000000000, 0.000000000000000000, 2.502005013428087819E-17 ) ) ;
#9120 = ORIENTED_EDGE ( 'NONE', *, *, #9439, .F. ) ;
#9121 = ORIENTED_EDGE ( 'NONE', *, *, #9753, .T. ) ;
#9122 = CARTESIAN_POINT ( 'NONE',  ( -0.3500000000000000888, 0.9846177413237633402, -1.300000000000000266 ) ) ;
#9123 = DIRECTION ( 'NONE',  ( -0.7071067811865474617, 0.000000000000000000, -0.7071067811865476838 ) ) ;
#9124 = EDGE_CURVE ( 'NONE', #3156, #7036, #5969, .T. ) ;
#9125 = CARTESIAN_POINT ( 'NONE',  ( -0.8750000000000006661, 0.06614378277662111283, -1.225000000000005196 ) ) ;
#9126 = PLANE ( 'NONE',  #10655 ) ;
#9127 = CARTESIAN_POINT ( 'NONE',  ( -0.6499999999999999112, 0.000000000000000000, -1.299999999999999822 ) ) ;
#9128 = ORIENTED_EDGE ( 'NONE', *, *, #2799, .T. ) ;
#9129 = EDGE_LOOP ( 'NONE', ( #3320, #3997, #11374, #7819, #5552 ) ) ;
#9130 = LINE ( 'NONE', #1168, #3828 ) ;
#9131 = EDGE_CURVE ( 'NONE', #5751, #3799, #2507, .T. ) ;
#9132 = ORIENTED_EDGE ( 'NONE', *, *, #1464, .T. ) ;
#9133 = VERTEX_POINT ( 'NONE', #7756 ) ;
#9134 = CARTESIAN_POINT ( 'NONE',  ( 1.300000000000000044, 0.000000000000000000, 0.8999999999999993561 ) ) ;
#9135 = DIRECTION ( 'NONE',  ( 0.000000000000000000, -1.000000000000000000, 0.000000000000000000 ) ) ;
#9136 = CARTESIAN_POINT ( 'NONE',  ( 0.6500000000000009104, 0.1999999999999999833, -1.250000000000004885 ) ) ;
#9137 = DIRECTION ( 'NONE',  ( -1.000000000000000000, 0.000000000000000000, 1.292702590271175087E-14 ) ) ;
#9138 = ORIENTED_EDGE ( 'NONE', *, *, #6447, .F. ) ;
#9139 = CARTESIAN_POINT ( 'NONE',  ( 0.2500000000000012768, 0.9846177413237633402, 0.9249999999999997113 ) ) ;
#9140 = ORIENTED_EDGE ( 'NONE', *, *, #6509, .F. ) ;
#9141 = EDGE_CURVE ( 'NONE', #10489, #3107, #3370, .T. ) ;
#9142 = ORIENTED_EDGE ( 'NONE', *, *, #10822, .T. ) ;
#9143 = CARTESIAN_POINT ( 'NONE',  ( 0.8749999999999990008, 0.1999999999999999833, 1.149999999999999911 ) ) ;
#9144 = VECTOR ( 'NONE', #9636, 1000.000000000000000 ) ;
#9145 =( BOUNDED_CURVE ( )  B_SPLINE_CURVE ( 3, ( #5872, #9347, #2426, #6743 ),
 .UNSPECIFIED., .F., .F. ) 
 B_SPLINE_CURVE_WITH_KNOTS ( ( 4, 4 ),
 ( 5.235987755982995040, 5.560451059366176452 ),
 .UNSPECIFIED. ) 
 CURVE ( )  GEOMETRIC_REPRESENTATION_ITEM ( )  RATIONAL_B_SPLINE_CURVE ( ( 1.000000000000000000, 0.9912461883984129418, 0.9912461883984129418, 1.000000000000000000 ) ) 
 REPRESENTATION_ITEM ( '' )  );
#9146 = ORIENTED_EDGE ( 'NONE', *, *, #2152, .T. ) ;
#9147 = EDGE_CURVE ( 'NONE', #10988, #1815, #3710, .T. ) ;
#9148 = ORIENTED_EDGE ( 'NONE', *, *, #1008, .F. ) ;
#9149 = CARTESIAN_POINT ( 'NONE',  ( 0.3500000000000001443, 0.1999999999999996503, 1.300000000000000266 ) ) ;
#9150 = LINE ( 'NONE', #1067, #2223 ) ;
#9151 = FACE_OUTER_BOUND ( 'NONE', #4118, .T. ) ;
#9152 = DIRECTION ( 'NONE',  ( -1.000000000000000000, 0.000000000000000000, -8.340016711426957754E-17 ) ) ;
#9153 = EDGE_LOOP ( 'NONE', ( #10121, #1154, #10017, #9109, #3847, #5028, #3772, #6537, #445 ) ) ;
#9154 = AXIS2_PLACEMENT_3D ( 'NONE', #10035, #2124, #4653 ) ;
#9155 = LINE ( 'NONE', #1244, #2626 ) ;
#9156 = ADVANCED_FACE ( 'NONE', ( #10200 ), #7527, .T. ) ;
#9157 = EDGE_CURVE ( 'NONE', #9209, #2795, #9610, .T. ) ;
#9158 = CARTESIAN_POINT ( 'NONE',  ( -1.225000000000000089, 0.2000000000000000111, 0.3749999999999998890 ) ) ;
#9159 = CARTESIAN_POINT ( 'NONE',  ( -0.9250000000000001554, 0.009999999999999998473, 0.4999999999999997780 ) ) ;
#9160 = ADVANCED_FACE ( 'NONE', ( #141 ), #32, .F. ) ;
#9161 = CARTESIAN_POINT ( 'NONE',  ( 0.000000000000000000, 0.000000000000000000, 0.000000000000000000 ) ) ;
#9162 = EDGE_LOOP ( 'NONE', ( #10377, #266, #5267, #4157, #6013, #3793, #6666, #2439 ) ) ;
#9163 = VERTEX_POINT ( 'NONE', #9780 ) ;
#9164 = ADVANCED_FACE ( 'NONE', ( #11395 ), #6941, .T. ) ;
#9165 = VECTOR ( 'NONE', #6058, 1000.000000000000000 ) ;
#9166 = DIRECTION ( 'NONE',  ( -1.000000000000000000, 0.000000000000000000, 1.943223893762450295E-14 ) ) ;
#9167 = DIRECTION ( 'NONE',  ( 8.340016711426958986E-17, -0.000000000000000000, -1.000000000000000000 ) ) ;
#9168 = DIRECTION ( 'NONE',  ( -0.7071067811865451302, 0.000000000000000000, -0.7071067811865499042 ) ) ;
#9169 = CARTESIAN_POINT ( 'NONE',  ( 1.225000000000000089, 0.06614378277661545069, -0.6250000000000002220 ) ) ;
#9170 = ORIENTED_EDGE ( 'NONE', *, *, #6782, .T. ) ;
#9171 = CARTESIAN_POINT ( 'NONE',  ( 1.299999999999999822, 0.000000000000000000, -0.3750000000000004441 ) ) ;
#9172 = ADVANCED_FACE ( 'NONE', ( #3654 ), #2564, .F. ) ;
#9173 = CARTESIAN_POINT ( 'NONE',  ( -1.300000000000000044, 0.1000000000000001166, -1.149999999999998579 ) ) ;
#9174 = ADVANCED_FACE ( 'NONE', ( #9842 ), #1695, .T. ) ;
#9175 = ORIENTED_EDGE ( 'NONE', *, *, #4918, .F. ) ;
#9176 = VERTEX_POINT ( 'NONE', #2619 ) ;
#9177 = LINE ( 'NONE', #5594, #111 ) ;
#9178 = AXIS2_PLACEMENT_3D ( 'NONE', #555, #442, #5687 ) ;
#9179 = ADVANCED_BREP_SHAPE_REPRESENTATION ( 'RXB14', ( #1772, #5378, #1814, #5662, #5684, #9378, #1899, #9441, #9207, #9319, #1878, #1791, #1682, #1701, #9476, #5459, #9509, #709 ), #8080 ) ;
#9180 = FACE_OUTER_BOUND ( 'NONE', #11298, .T. ) ;
#9181 = EDGE_CURVE ( 'NONE', #7409, #8970, #7987, .T. ) ;
#9182 = VECTOR ( 'NONE', #6918, 1000.000000000000000 ) ;
#9183 = CARTESIAN_POINT ( 'NONE',  ( -0.8678146965443247485, 0.07429115107872764912, -1.232185303455681114 ) ) ;
#9184 = DIRECTION ( 'NONE',  ( 0.000000000000000000, 1.000000000000000000, 0.000000000000000000 ) ) ;
#9185 = DIRECTION ( 'NONE',  ( 0.7071067811865506814, 0.000000000000000000, -0.7071067811865443531 ) ) ;
#9186 = CLOSED_SHELL ( 'NONE', ( #5444, #7316, #11252, #8619, #6617, #10858, #308, #3885, #6032, #7182, #8666 ) ) ;
#9187 = CARTESIAN_POINT ( 'NONE',  ( -1.249999999999999778, 0.08660254037844393460, 1.124999999999999556 ) ) ;
#9188 = ORIENTED_EDGE ( 'NONE', *, *, #3943, .T. ) ;
#9189 = VECTOR ( 'NONE', #133, 1000.000000000000000 ) ;
#9190 = CARTESIAN_POINT ( 'NONE',  ( 0.9249999999999998224, 0.1999999999999999833, -0.1250000000000002498 ) ) ;
#9191 = EDGE_LOOP ( 'NONE', ( #6359, #402, #8197, #7765 ) ) ;
#9192 = PRESENTATION_LAYER_ASSIGNMENT (  '', '', ( #11230 ) ) ;
#9193 = ORIENTED_EDGE ( 'NONE', *, *, #4527, .T. ) ;
#9194 = EDGE_LOOP ( 'NONE', ( #4394, #3270, #7829, #10955 ) ) ;
#9195 = DIRECTION ( 'NONE',  ( -0.7071067811865461294, 0.000000000000000000, 0.7071067811865489050 ) ) ;
#9196 = EDGE_CURVE ( 'NONE', #5316, #5247, #8741, .T. ) ;
#9197 = DIRECTION ( 'NONE',  ( 1.943223893762450295E-14, 0.000000000000000000, 1.000000000000000000 ) ) ;
#9198 = CARTESIAN_POINT ( 'NONE',  ( 0.3750000000000009992, 0.1999999999999999833, -1.224999999999999867 ) ) ;
#9199 = ADVANCED_FACE ( 'NONE', ( #6137 ), #84, .T. ) ;
#9200 =( NAMED_UNIT ( * ) PLANE_ANGLE_UNIT ( ) SI_UNIT ( $, .RADIAN. ) );
#9201 = DIRECTION ( 'NONE',  ( -0.7071067811865504593, 0.000000000000000000, -0.7071067811865445751 ) ) ;
#9202 = ORIENTED_EDGE ( 'NONE', *, *, #3685, .F. ) ;
#9203 = LINE ( 'NONE', #1285, #4952 ) ;
#9204 = VERTEX_POINT ( 'NONE', #10594 ) ;
#9205 = ORIENTED_EDGE ( 'NONE', *, *, #6962, .F. ) ;
#9206 = LINE ( 'NONE', #1349, #1063 ) ;
#9207 = MANIFOLD_SOLID_BREP ( 'Cut-Sweep1[8]', #333 ) ;
#9208 = VECTOR ( 'NONE', #5561, 1000.000000000000114 ) ;
#9209 = VERTEX_POINT ( 'NONE', #5315 ) ;
#9210 = ORIENTED_EDGE ( 'NONE', *, *, #1488, .F. ) ;
#9211 = DIRECTION ( 'NONE',  ( -1.000000000000000000, 0.000000000000000000, -1.167602339599772261E-15 ) ) ;
#9212 = LINE ( 'NONE', #5453, #1288 ) ;
#9213 = CARTESIAN_POINT ( 'NONE',  ( 0.7250000000000010880, 0.000000000000000000, -0.8999999999999990230 ) ) ;
#9214 = CARTESIAN_POINT ( 'NONE',  ( -0.3750000000000009992, 0.1999999999999999833, 1.224999999999999867 ) ) ;
#9215 = ORIENTED_EDGE ( 'NONE', *, *, #9510, .T. ) ;
#9216 = FACE_OUTER_BOUND ( 'NONE', #10887, .T. ) ;
#9217 = VECTOR ( 'NONE', #10383, 1000.000000000000000 ) ;
#9218 = CARTESIAN_POINT ( 'NONE',  ( 0.1499999999999998002, 0.1999999999999999833, 1.300000000000000266 ) ) ;
#9219 = ORIENTED_EDGE ( 'NONE', *, *, #331, .F. ) ;
#9220 = LINE ( 'NONE', #4766, #4747 ) ;
#9221 = ORIENTED_EDGE ( 'NONE', *, *, #2118, .T. ) ;
#9222 = ORIENTED_EDGE ( 'NONE', *, *, #896, .T. ) ;
#9223 = VECTOR ( 'NONE', #6349, 1000.000000000000000 ) ;
#9224 = ADVANCED_FACE ( 'NONE', ( #940 ), #6246, .F. ) ;
#9225 = CIRCLE ( 'NONE', #4236, 0.1681122869172741174 ) ;
#9226 = LINE ( 'NONE', #8530, #6984 ) ;
#9227 = LINE ( 'NONE', #9112, #7382 ) ;
#9228 = DIRECTION ( 'NONE',  ( 1.959903927185304452E-14, -0.000000000000000000, -1.000000000000000000 ) ) ;
#9229 = DIRECTION ( 'NONE',  ( 0.7071067811865459074, 0.000000000000000000, 0.7071067811865491270 ) ) ;
#9230 = ORIENTED_EDGE ( 'NONE', *, *, #3228, .F. ) ;
#9231 = AXIS2_PLACEMENT_3D ( 'NONE', #7553, #8200, #2885 ) ;
#9232 = CARTESIAN_POINT ( 'NONE',  ( -1.250000000000000000, 0.08660254037844389297, -0.9249999999999993783 ) ) ;
#9233 = CARTESIAN_POINT ( 'NONE',  ( -0.1500000000000252798, 0.01000000000000000021, -2.939855890778451846E-15 ) ) ;
#9234 = EDGE_CURVE ( 'NONE', #10848, #3438, #4340, .T. ) ;
#9235 = AXIS2_PLACEMENT_3D ( 'NONE', #8318, #4901, #7387 ) ;
#9236 = CARTESIAN_POINT ( 'NONE',  ( -0.3750000000000012768, 0.000000000000000000, -0.9249999999999994893 ) ) ;
#9237 = CIRCLE ( 'NONE', #743, 0.1250000000000000000 ) ;
#9238 = ORIENTED_EDGE ( 'NONE', *, *, #10511, .F. ) ;
#9239 = VECTOR ( 'NONE', #11082, 1000.000000000000000 ) ;
#9240 = VERTEX_POINT ( 'NONE', #7405 ) ;
#9241 = DIRECTION ( 'NONE',  ( 1.000000000000000000, 0.000000000000000000, -1.943223893762450295E-14 ) ) ;
#9242 = DIRECTION ( 'NONE',  ( -1.000000000000000000, 0.000000000000000000, 0.000000000000000000 ) ) ;
#9243 = EDGE_CURVE ( 'NONE', #4565, #9935, #1054, .T. ) ;
#9244 = AXIS2_PLACEMENT_3D ( 'NONE', #7473, #9911, #4761 ) ;
#9245 = ADVANCED_FACE ( 'NONE', ( #10068 ), #1228, .T. ) ;
#9246 = LINE ( 'NONE', #10985, #3872 ) ;
#9247 = CARTESIAN_POINT ( 'NONE',  ( -1.250000000000000000, 0.2000000000000000111, -0.1000000000000001582 ) ) ;
#9248 = CARTESIAN_POINT ( 'NONE',  ( -1.225000000000000089, 0.06614378277661496497, -0.3750000000000002220 ) ) ;
#9249 = DIRECTION ( 'NONE',  ( -0.7071067811865506814, 0.000000000000000000, 0.7071067811865443531 ) ) ;
#9250 = CIRCLE ( 'NONE', #936, 0.1000000000000000472 ) ;
#9251 = ORIENTED_EDGE ( 'NONE', *, *, #2163, .T. ) ;
#9252 = DIRECTION ( 'NONE',  ( -0.000000000000000000, -1.000000000000000000, 0.000000000000000000 ) ) ;
#9253 = AXIS2_PLACEMENT_3D ( 'NONE', #1408, #10371, #8626 ) ;
#9254 = VERTEX_POINT ( 'NONE', #8161 ) ;
#9255 = ORIENTED_EDGE ( 'NONE', *, *, #7242, .T. ) ;
#9256 = ORIENTED_EDGE ( 'NONE', *, *, #5407, .F. ) ;
#9257 = DIRECTION ( 'NONE',  ( 1.000000000000000000, 0.000000000000000000, 8.340016711426957754E-17 ) ) ;
#9258 = CARTESIAN_POINT ( 'NONE',  ( -1.250000000000000000, 0.2000000000000000111, 0.09999999999999982514 ) ) ;
#9259 = DIRECTION ( 'NONE',  ( 0.000000000000000000, -1.000000000000000000, 0.000000000000000000 ) ) ;
#9260 = AXIS2_PLACEMENT_3D ( 'NONE', #4218, #7632, #8503 ) ;
#9261 = DIRECTION ( 'NONE',  ( 1.000000000000000000, 0.000000000000000000, 0.000000000000000000 ) ) ;
#9262 = ORIENTED_EDGE ( 'NONE', *, *, #10891, .F. ) ;
#9263 = CARTESIAN_POINT ( 'NONE',  ( 0.3750000000000012768, 0.1999999999999999833, 0.9249999999999993783 ) ) ;
#9264 = VERTEX_POINT ( 'NONE', #7344 ) ;
#9265 = EDGE_CURVE ( 'NONE', #10846, #7291, #4576, .T. ) ;
#9266 = ORIENTED_EDGE ( 'NONE', *, *, #2981, .F. ) ;
#9267 = LINE ( 'NONE', #4059, #2728 ) ;
#9268 = EDGE_CURVE ( 'NONE', #315, #9674, #2848, .T. ) ;
#9269 = VECTOR ( 'NONE', #1765, 1000.000000000000000 ) ;
#9270 = ORIENTED_EDGE ( 'NONE', *, *, #7138, .F. ) ;
#9271 = ORIENTED_EDGE ( 'NONE', *, *, #8437, .F. ) ;
#9272 = CARTESIAN_POINT ( 'NONE',  ( -0.9250000000000001554, 0.7590169943749474069, -0.5000000000000002220 ) ) ;
#9273 = DIRECTION ( 'NONE',  ( -0.000000000000000000, -1.000000000000000000, 0.000000000000000000 ) ) ;
#9274 = LINE ( 'NONE', #1298, #2280 ) ;
#9275 = CARTESIAN_POINT ( 'NONE',  ( -0.8750000000000004441, 0.000000000000000000, 1.200000000000000178 ) ) ;
#9276 = EDGE_LOOP ( 'NONE', ( #7641, #8262, #8627, #2463 ) ) ;
#9277 = DIRECTION ( 'NONE',  ( 1.087828266707871075E-17, -0.000000000000000000, 1.000000000000000000 ) ) ;
#9278 = VECTOR ( 'NONE', #2810, 1000.000000000000000 ) ;
#9279 = DIRECTION ( 'NONE',  ( 0.000000000000000000, -1.000000000000000000, 0.000000000000000000 ) ) ;
#9280 = VERTEX_POINT ( 'NONE', #2159 ) ;
#9281 = CARTESIAN_POINT ( 'NONE',  ( -0.6250000000000011102, 0.9846177413237633402, 1.225000000000004974 ) ) ;
#9282 = VECTOR ( 'NONE', #8516, 1000.000000000000000 ) ;
#9283 = VERTEX_POINT ( 'NONE', #6422 ) ;
#9284 = EDGE_LOOP ( 'NONE', ( #2987, #6200, #646, #6713 ) ) ;
#9285 = AXIS2_PLACEMENT_3D ( 'NONE', #11325, #10448, #2485 ) ;
#9286 = CARTESIAN_POINT ( 'NONE',  ( 1.240592229435182547, 0.08117096151037266061, -0.6094077705648182075 ) ) ;
#9287 = CARTESIAN_POINT ( 'NONE',  ( -0.3500000000000008660, 0.1999999999999999833, -1.249999999999999778 ) ) ;
#9288 = LINE ( 'NONE', #10271, #9052 ) ;
#9289 = CARTESIAN_POINT ( 'NONE',  ( 1.300000000000000044, 0.1000000000000001166, 1.149999999999999023 ) ) ;
#9290 = ORIENTED_EDGE ( 'NONE', *, *, #8167, .T. ) ;
#9291 = LINE ( 'NONE', #2891, #2616 ) ;
#9292 = AXIS2_PLACEMENT_3D ( 'NONE', #6363, #3880, #6483 ) ;
#9293 = CARTESIAN_POINT ( 'NONE',  ( -1.149999999999998801, 0.1000000000000001166, 1.299999999999999378 ) ) ;
#9294 =( LENGTH_UNIT ( ) NAMED_UNIT ( * ) SI_UNIT ( .MILLI., .METRE. ) );
#9295 = ADVANCED_FACE ( 'NONE', ( #7459 ), #8215, .F. ) ;
#9296 = ORIENTED_EDGE ( 'NONE', *, *, #1691, .T. ) ;
#9297 = VECTOR ( 'NONE', #6108, 1000.000000000000000 ) ;
#9298 = ORIENTED_EDGE ( 'NONE', *, *, #7492, .T. ) ;
#9299 = CARTESIAN_POINT ( 'NONE',  ( -0.9250000000000001554, 0.1999999999999999833, -0.5000000000000002220 ) ) ;
#9300 = LINE ( 'NONE', #4845, #373 ) ;
#9301 = EDGE_CURVE ( 'NONE', #35, #2719, #1933, .T. ) ;
#9302 = CARTESIAN_POINT ( 'NONE',  ( 0.1624999999999950095, 0.01000000000000000021, 0.1624999999999963973 ) ) ;
#9303 = LINE ( 'NONE', #4037, #629 ) ;
#9304 = DIRECTION ( 'NONE',  ( 1.087828266707871075E-17, 0.000000000000000000, 1.000000000000000000 ) ) ;
#9305 = CARTESIAN_POINT ( 'NONE',  ( 0.7250000000000009770, 0.1999999999999999833, 0.8999999999999993561 ) ) ;
#9306 = ORIENTED_EDGE ( 'NONE', *, *, #1281, .T. ) ;
#9307 = EDGE_CURVE ( 'NONE', #9979, #7437, #10999, .T. ) ;
#9308 = EDGE_LOOP ( 'NONE', ( #4375, #9618, #2491, #1115 ) ) ;
#9309 = EDGE_LOOP ( 'NONE', ( #2584, #3544, #7746, #4409, #8164, #8118, #9634, #1289, #3376, #6740, #8732, #7439, #7124, #11337, #11138 ) ) ;
#9310 = LINE ( 'NONE', #4908, #494 ) ;
#9311 = LINE ( 'NONE', #3130, #738 ) ;
#9312 = CARTESIAN_POINT ( 'NONE',  ( -0.8749999999999992228, 0.000000000000000000, 1.149999999999999911 ) ) ;
#9313 = FACE_OUTER_BOUND ( 'NONE', #6679, .T. ) ;
#9314 = LINE ( 'NONE', #3195, #3826 ) ;
#9315 = CARTESIAN_POINT ( 'NONE',  ( 1.250000000000000000, 0.2000000000000000111, 0.3999999999999997446 ) ) ;
#9316 = ORIENTED_EDGE ( 'NONE', *, *, #10074, .F. ) ;
#9317 = ORIENTED_EDGE ( 'NONE', *, *, #5326, .T. ) ;
#9318 = DIRECTION ( 'NONE',  ( 1.000000000000000000, 0.000000000000000000, -1.292702590271175087E-14 ) ) ;
#9319 = MANIFOLD_SOLID_BREP ( 'Cut-Sweep1[9]', #4376 ) ;
#9320 = ORIENTED_EDGE ( 'NONE', *, *, #4963, .T. ) ;
#9321 = VERTEX_POINT ( 'NONE', #6484 ) ;
#9322 = LINE ( 'NONE', #1405, #6642 ) ;
#9323 = DIRECTION ( 'NONE',  ( -1.000000000000000000, 0.000000000000000000, 0.000000000000000000 ) ) ;
#9324 = CARTESIAN_POINT ( 'NONE',  ( -0.8500000000000001998, 0.1999999999999999833, -1.300000000000005373 ) ) ;
#9325 = EDGE_CURVE ( 'NONE', #6289, #2779, #3881, .T. ) ;
#9326 = CARTESIAN_POINT ( 'NONE',  ( 1.250000000000000000, 0.2000000000000000111, -0.4000000000000001887 ) ) ;
#9327 = EDGE_LOOP ( 'NONE', ( #416, #6426, #6767, #5695 ) ) ;
#9328 = EDGE_CURVE ( 'NONE', #7266, #10698, #8337, .T. ) ;
#9329 = CYLINDRICAL_SURFACE ( 'NONE', #2247, 0.1000000000000000472 ) ;
#9330 = AXIS2_PLACEMENT_3D ( 'NONE', #8374, #2260, #7724 ) ;
#9331 = PLANE ( 'NONE',  #843 ) ;
#9332 = ORIENTED_EDGE ( 'NONE', *, *, #5182, .F. ) ;
#9333 = DIRECTION ( 'NONE',  ( 0.000000000000000000, -1.000000000000000000, 0.000000000000000000 ) ) ;
#9334 = VERTEX_POINT ( 'NONE', #422 ) ;
#9335 = EDGE_CURVE ( 'NONE', #613, #7676, #10947, .T. ) ;
#9336 = ORIENTED_EDGE ( 'NONE', *, *, #4249, .F. ) ;
#9337 = EDGE_CURVE ( 'NONE', #6223, #8574, #1983, .T. ) ;
#9338 = DIRECTION ( 'NONE',  ( -8.340016711426957754E-17, 0.000000000000000000, 1.000000000000000000 ) ) ;
#9339 = CARTESIAN_POINT ( 'NONE',  ( -1.224999999999999645, 0.1999999999999999833, -0.8999999999999993561 ) ) ;
#9340 = VECTOR ( 'NONE', #10205, 1000.000000000000000 ) ;
#9341 = LINE ( 'NONE', #3221, #10528 ) ;
#9342 = CARTESIAN_POINT ( 'NONE',  ( -0.6250000000000011102, 0.1999999999999999833, 1.225000000000004974 ) ) ;
#9343 = VERTEX_POINT ( 'NONE', #533 ) ;
#9344 = ADVANCED_FACE ( 'NONE', ( #8389 ), #9432, .F. ) ;
#9345 = SURFACE_SIDE_STYLE ('',( #243 ) ) ;
#9346 = CARTESIAN_POINT ( 'NONE',  ( -0.9249999999999998224, 0.1999999999999999833, 0.6249999999999997780 ) ) ;
#9347 = CARTESIAN_POINT ( 'NONE',  ( -0.1405922294351832080, 0.08117096151037182794, 1.240592229435181881 ) ) ;
#9348 = AXIS2_PLACEMENT_3D ( 'NONE', #5973, #9499, #10540 ) ;
#9349 = CARTESIAN_POINT ( 'NONE',  ( 0.2500000000000013878, 0.1999999999999999833, -0.9249999999999997113 ) ) ;
#9350 = EDGE_CURVE ( 'NONE', #4914, #7650, #7403, .T. ) ;
#9351 = ORIENTED_EDGE ( 'NONE', *, *, #8598, .T. ) ;
#9352 = CARTESIAN_POINT ( 'NONE',  ( -0.9249999999999998224, 0.2000000000000000111, 0.3749999999999998335 ) ) ;
#9353 = DIRECTION ( 'NONE',  ( 0.000000000000000000, -1.000000000000000000, 0.000000000000000000 ) ) ;
#9354 = CYLINDRICAL_SURFACE ( 'NONE', #7936, 0.1000000000000000472 ) ;
#9355 =( LENGTH_UNIT ( ) NAMED_UNIT ( * ) SI_UNIT ( .MILLI., .METRE. ) );
#9356 = CARTESIAN_POINT ( 'NONE',  ( -0.3750000000000013323, 0.000000000000000000, -1.199999999999999734 ) ) ;
#9357 = DIRECTION ( 'NONE',  ( 1.000000000000000000, 2.664535259100377669E-15, -2.710505431213759606E-16 ) ) ;
#9358 = VERTEX_POINT ( 'NONE', #2277 ) ;
#9359 = ORIENTED_EDGE ( 'NONE', *, *, #8411, .T. ) ;
#9360 = AXIS2_PLACEMENT_3D ( 'NONE', #10378, #3269, #1533 ) ;
#9361 = AXIS2_PLACEMENT_3D ( 'NONE', #10002, #7390, #5710 ) ;
#9362 = ORIENTED_EDGE ( 'NONE', *, *, #292, .T. ) ;
#9363 = LINE ( 'NONE', #10408, #135 ) ;
#9364 = LINE ( 'NONE', #648, #8304 ) ;
#9365 = EDGE_CURVE ( 'NONE', #310, #10188, #8887, .T. ) ;
#9366 = CARTESIAN_POINT ( 'NONE',  ( -1.149999999999998801, 0.000000000000000000, 1.200000000000000178 ) ) ;
#9367 = CLOSED_SHELL ( 'NONE', ( #7939, #8264, #1155, #4436, #3556, #10157, #9295, #4895, #7329, #5258, #9932 ) ) ;
#9368 = DIRECTION ( 'NONE',  ( 0.000000000000000000, -1.000000000000000000, 0.000000000000000000 ) ) ;
#9369 = CARTESIAN_POINT ( 'NONE',  ( -0.9250000000000001554, 0.009999999999999998473, -0.5000000000000002220 ) ) ;
#9370 = EDGE_LOOP ( 'NONE', ( #10292, #283, #3037, #5885, #9018 ) ) ;
#9371 = AXIS2_PLACEMENT_3D ( 'NONE', #8342, #3083, #6600 ) ;
#9372 = DIRECTION ( 'NONE',  ( -1.292702590271175087E-14, 0.000000000000000000, -1.000000000000000000 ) ) ;
#9373 = ORIENTED_EDGE ( 'NONE', *, *, #11110, .T. ) ;
#9374 = EDGE_CURVE ( 'NONE', #6556, #7920, #701, .T. ) ;
#9375 = EDGE_CURVE ( 'NONE', #7676, #290, #3909, .T. ) ;
#9376 = ORIENTED_EDGE ( 'NONE', *, *, #9586, .T. ) ;
#9377 = LINE ( 'NONE', #10193, #7151 ) ;
#9378 = MANIFOLD_SOLID_BREP ( 'Cut-Sweep1[5]', #9186 ) ;
#9379 = ORIENTED_EDGE ( 'NONE', *, *, #5951, .F. ) ;
#9380 = VECTOR ( 'NONE', #6745, 1000.000000000000000 ) ;
#9381 = ORIENTED_EDGE ( 'NONE', *, *, #4695, .T. ) ;
#9382 = CARTESIAN_POINT ( 'NONE',  ( -0.7250000000000009770, 0.000000000000000000, -0.9999999999999991118 ) ) ;
#9383 = ADVANCED_FACE ( 'NONE', ( #1567 ), #1450, .F. ) ;
#9384 = CARTESIAN_POINT ( 'NONE',  ( -1.300000000000000044, 0.1999999999999999833, -1.124999999999999334 ) ) ;
#9385 = DIRECTION ( 'NONE',  ( -0.000000000000000000, -1.000000000000000000, 0.000000000000000000 ) ) ;
#9386 = EDGE_CURVE ( 'NONE', #4241, #5506, #475, .T. ) ;
#9387 = DIRECTION ( 'NONE',  ( -0.7071067811865459074, 0.000000000000000000, -0.7071067811865491270 ) ) ;
#9388 = VERTEX_POINT ( 'NONE', #7741 ) ;
#9389 = CARTESIAN_POINT ( 'NONE',  ( 0.7250000000000009770, 0.9846177413237633402, 0.9999999999999991118 ) ) ;
#9390 = ADVANCED_FACE ( 'NONE', ( #6764 ), #11282, .T. ) ;
#9391 = ORIENTED_EDGE ( 'NONE', *, *, #5697, .F. ) ;
#9392 = LINE ( 'NONE', #4880, #2880 ) ;
#9393 = ORIENTED_EDGE ( 'NONE', *, *, #8598, .F. ) ;
#9394 = LINE ( 'NONE', #6613, #7696 ) ;
#9395 = VECTOR ( 'NONE', #4342, 1000.000000000000000 ) ;
#9396 = EDGE_LOOP ( 'NONE', ( #3453, #9843, #5418, #4088 ) ) ;
#9397 = VERTEX_POINT ( 'NONE', #595 ) ;
#9398 = LINE ( 'NONE', #1480, #10695 ) ;
#9399 = CARTESIAN_POINT ( 'NONE',  ( 0.3750000000000007772, 0.1999999999999999833, 1.224999999999999867 ) ) ;
#9400 = DIRECTION ( 'NONE',  ( 0.7071067811865489050, 0.000000000000000000, 0.7071067811865461294 ) ) ;
#9401 = FACE_OUTER_BOUND ( 'NONE', #10334, .T. ) ;
#9402 = ORIENTED_EDGE ( 'NONE', *, *, #9022, .F. ) ;
#9403 = AXIS2_PLACEMENT_3D ( 'NONE', #953, #5216, #778 ) ;
#9404 = VECTOR ( 'NONE', #8075, 1000.000000000000000 ) ;
#9405 = LINE ( 'NONE', #4090, #4833 ) ;
#9406 = ADVANCED_FACE ( 'NONE', ( #2219 ), #1344, .T. ) ;
#9407 = DIRECTION ( 'NONE',  ( -1.087828266707871075E-17, -0.000000000000000000, -1.000000000000000000 ) ) ;
#9408 = EDGE_CURVE ( 'NONE', #6884, #8605, #6658, .T. ) ;
#9409 = LINE ( 'NONE', #10221, #8633 ) ;
#9410 = VECTOR ( 'NONE', #1128, 1000.000000000000114 ) ;
#9411 = VERTEX_POINT ( 'NONE', #10356 ) ;
#9412 = CIRCLE ( 'NONE', #3, 0.1250000000000000000 ) ;
#9413 = EDGE_CURVE ( 'NONE', #5388, #178, #9628, .T. ) ;
#9414 = DIRECTION ( 'NONE',  ( -1.000000000000000000, 0.000000000000000000, -1.918203843628200456E-16 ) ) ;
#9415 = DIRECTION ( 'NONE',  ( -8.340016711426957754E-17, 0.000000000000000000, 1.000000000000000000 ) ) ;
#9416 = AXIS2_PLACEMENT_3D ( 'NONE', #3858, #2944, #10107 ) ;
#9417 = DIRECTION ( 'NONE',  ( 1.000000000000000000, 0.000000000000000000, 0.000000000000000000 ) ) ;
#9418 = VECTOR ( 'NONE', #7216, 1000.000000000000114 ) ;
#9419 = CARTESIAN_POINT ( 'NONE',  ( -0.6250000000000008882, 0.9846177413237633402, -1.225000000000004974 ) ) ;
#9420 = VECTOR ( 'NONE', #2383, 1000.000000000000000 ) ;
#9421 = CARTESIAN_POINT ( 'NONE',  ( 0.1250000000000011657, 0.000000000000000000, 0.9249999999999992673 ) ) ;
#9422 = ORIENTED_EDGE ( 'NONE', *, *, #7597, .F. ) ;
#9423 = VECTOR ( 'NONE', #447, 1000.000000000000000 ) ;
#9424 = ORIENTED_EDGE ( 'NONE', *, *, #8600, .F. ) ;
#9425 = VECTOR ( 'NONE', #7726, 1000.000000000000114 ) ;
#9426 = ORIENTED_EDGE ( 'NONE', *, *, #6394, .T. ) ;
#9427 = CARTESIAN_POINT ( 'NONE',  ( -0.3750000000000012768, 0.01000000000000005398, -0.9249999999999994893 ) ) ;
#9428 = DIRECTION ( 'NONE',  ( 1.309382623694023564E-14, 0.000000000000000000, -1.000000000000000000 ) ) ;
#9429 = DIRECTION ( 'NONE',  ( 1.000000000000000000, -4.440892098500629317E-15, 0.000000000000000000 ) ) ;
#9430 = AXIS2_PLACEMENT_3D ( 'NONE', #7166, #1109, #4395 ) ;
#9431 = SURFACE_STYLE_USAGE ( .BOTH. , #2384 ) ;
#9432 = PLANE ( 'NONE',  #9993 ) ;
#9433 = ORIENTED_EDGE ( 'NONE', *, *, #5688, .F. ) ;
#9434 = CARTESIAN_POINT ( 'NONE',  ( 0.9249999999999999334, 0.7590169943749474069, -0.5000000000000002220 ) ) ;
#9435 = EDGE_LOOP ( 'NONE', ( #3187, #600, #2956, #1347 ) ) ;
#9436 = VERTEX_POINT ( 'NONE', #3525 ) ;
#9437 = CARTESIAN_POINT ( 'NONE',  ( 0.7250000000000009770, 0.1999999999999999833, 0.9999999999999991118 ) ) ;
#9438 =( BOUNDED_CURVE ( )  B_SPLINE_CURVE ( 3, ( #9248, #3182, #8378, #10343 ),
 .UNSPECIFIED., .F., .T. ) 
 B_SPLINE_CURVE_WITH_KNOTS ( ( 4, 4 ),
 ( 0.7227342478134178849, 1.047197551196596743 ),
 .UNSPECIFIED. ) 
 CURVE ( )  GEOMETRIC_REPRESENTATION_ITEM ( )  RATIONAL_B_SPLINE_CURVE ( ( 1.000000000000000000, 0.9912461883984129418, 0.9912461883984129418, 1.000000000000000000 ) ) 
 REPRESENTATION_ITEM ( '' )  );
#9439 = EDGE_CURVE ( 'NONE', #1621, #10649, #3917, .T. ) ;
#9440 = VECTOR ( 'NONE', #2142, 1000.000000000000000 ) ;
#9441 = MANIFOLD_SOLID_BREP ( 'Cut-Sweep1[7]', #9740 ) ;
#9442 = ORIENTED_EDGE ( 'NONE', *, *, #6398, .F. ) ;
#9443 = ORIENTED_EDGE ( 'NONE', *, *, #7279, .T. ) ;
#9444 = FACE_OUTER_BOUND ( 'NONE', #6385, .T. ) ;
#9445 = PLANE ( 'NONE',  #2089 ) ;
#9446 = DIRECTION ( 'NONE',  ( -2.085004177856743210E-15, 0.000000000000000000, -1.000000000000000000 ) ) ;
#9447 = ORIENTED_EDGE ( 'NONE', *, *, #967, .F. ) ;
#9448 = CARTESIAN_POINT ( 'NONE',  ( 0.9249999999999999334, 0.2000000000000000111, -0.5000000000000002220 ) ) ;
#9449 = VERTEX_POINT ( 'NONE', #10519 ) ;
#9450 = LINE ( 'NONE', #10144, #8966 ) ;
#9451 = ORIENTED_EDGE ( 'NONE', *, *, #6698, .F. ) ;
#9452 = CARTESIAN_POINT ( 'NONE',  ( -0.7250000000000010880, 0.9846177413237633402, 0.9999999999999991118 ) ) ;
#9453 = ADVANCED_FACE ( 'NONE', ( #5303 ), #9764, .T. ) ;
#9454 = ORIENTED_EDGE ( 'NONE', *, *, #4035, .T. ) ;
#9455 = EDGE_LOOP ( 'NONE', ( #1570, #9351, #3381, #7187 ) ) ;
#9456 = CARTESIAN_POINT ( 'NONE',  ( 1.250000000000000000, 0.1999999999999999833, 0.5999999999999998668 ) ) ;
#9457 = CARTESIAN_POINT ( 'NONE',  ( -0.9249999999999998224, 0.2000000000000000111, 0.6249999999999997780 ) ) ;
#9458 = VECTOR ( 'NONE', #5335, 1000.000000000000000 ) ;
#9459 = DIRECTION ( 'NONE',  ( 0.000000000000000000, 1.000000000000000000, 0.000000000000000000 ) ) ;
#9460 = PLANE ( 'NONE',  #4810 ) ;
#9461 = ORIENTED_EDGE ( 'NONE', *, *, #11078, .T. ) ;
#9462 = LINE ( 'NONE', #9514, #6857 ) ;
#9463 = DIRECTION ( 'NONE',  ( -1.292702590271169407E-14, 0.000000000000000000, -1.000000000000000000 ) ) ;
#9464 = AXIS2_PLACEMENT_3D ( 'NONE', #10902, #9970, #5510 ) ;
#9465 = CARTESIAN_POINT ( 'NONE',  ( -1.224999999999999645, 0.9846177413237633402, 1.149999999999999911 ) ) ;
#9466 = DIRECTION ( 'NONE',  ( 1.000000000000000000, 0.000000000000000000, 0.000000000000000000 ) ) ;
#9467 = VERTEX_POINT ( 'NONE', #11381 ) ;
#9468 = DIRECTION ( 'NONE',  ( 1.075862155774079406E-14, -0.000000000000000000, 1.000000000000000000 ) ) ;
#9469 = DIRECTION ( 'NONE',  ( 1.951563910473907035E-14, -3.552713678800503296E-15, -1.000000000000000000 ) ) ;
#9470 = DIRECTION ( 'NONE',  ( 0.7071067811865490160, 0.000000000000000000, 0.7071067811865461294 ) ) ;
#9471 = EDGE_CURVE ( 'NONE', #4115, #6453, #9596, .T. ) ;
#9472 = CARTESIAN_POINT ( 'NONE',  ( 0.3500000000000003109, 0.1999999999999999833, -1.300000000000000266 ) ) ;
#9473 = DIRECTION ( 'NONE',  ( -1.075862155774079406E-14, 0.000000000000000000, -1.000000000000000000 ) ) ;
#9474 = ADVANCED_FACE ( 'NONE', ( #8728 ), #7043, .F. ) ;
#9475 = LINE ( 'NONE', #8603, #2544 ) ;
#9476 = MANIFOLD_SOLID_BREP ( 'Cut-Sweep1[14]', #7882 ) ;
#9477 = ORIENTED_EDGE ( 'NONE', *, *, #2176, .F. ) ;
#9478 = VECTOR ( 'NONE', #1269, 1000.000000000000000 ) ;
#9479 = ORIENTED_EDGE ( 'NONE', *, *, #11116, .F. ) ;
#9480 = EDGE_CURVE ( 'NONE', #2795, #10026, #72, .T. ) ;
#9481 = ORIENTED_EDGE ( 'NONE', *, *, #4334, .F. ) ;
#9482 = DIRECTION ( 'NONE',  ( 0.000000000000000000, 1.000000000000000000, 0.000000000000000000 ) ) ;
#9483 = CARTESIAN_POINT ( 'NONE',  ( 0.8500000000000171863, 0.01000000000000000021, 1.112975230139942449E-14 ) ) ;
#9484 = ADVANCED_FACE ( 'NONE', ( #10412 ), #2496, .F. ) ;
#9485 = LINE ( 'NONE', #10460, #6335 ) ;
#9486 = SURFACE_STYLE_FILL_AREA ( #8442 ) ;
#9487 = EDGE_LOOP ( 'NONE', ( #9644, #6942, #6114, #5886 ) ) ;
#9488 = CARTESIAN_POINT ( 'NONE',  ( -0.9249999999999998224, 0.009999999999999998473, -0.1250000000000001943 ) ) ;
#9489 = EDGE_LOOP ( 'NONE', ( #7979, #7276, #6787, #3393 ) ) ;
#9490 = ORIENTED_EDGE ( 'NONE', *, *, #11417, .T. ) ;
#9491 = CARTESIAN_POINT ( 'NONE',  ( -1.300000000000000266, 0.000000000000000000, -0.1000000000000001582 ) ) ;
#9492 = VERTEX_POINT ( 'NONE', #2252 ) ;
#9493 = CARTESIAN_POINT ( 'NONE',  ( 0.1250000000000008049, 0.1999999999999999833, 1.224999999999999645 ) ) ;
#9494 = DIRECTION ( 'NONE',  ( 1.000000000000000000, 0.000000000000000000, 0.000000000000000000 ) ) ;
#9495 = DIRECTION ( 'NONE',  ( -0.000000000000000000, -1.000000000000000000, 0.000000000000000000 ) ) ;
#9496 = ORIENTED_EDGE ( 'NONE', *, *, #10111, .F. ) ;
#9497 = EDGE_CURVE ( 'NONE', #7207, #386, #5941, .T. ) ;
#9498 = EDGE_LOOP ( 'NONE', ( #5374, #10614, #7867, #8045 ) ) ;
#9499 = DIRECTION ( 'NONE',  ( -0.000000000000000000, -1.000000000000000000, -0.000000000000000000 ) ) ;
#9500 = ORIENTED_EDGE ( 'NONE', *, *, #7628, .T. ) ;
#9501 = LINE ( 'NONE', #10654, #3634 ) ;
#9502 = EDGE_CURVE ( 'NONE', #1884, #5806, #10693, .T. ) ;
#9503 = ORIENTED_EDGE ( 'NONE', *, *, #5825, .T. ) ;
#9504 = VERTEX_POINT ( 'NONE', #4023 ) ;
#9505 = VERTEX_POINT ( 'NONE', #4621 ) ;
#9506 = DIRECTION ( 'NONE',  ( 0.000000000000000000, -1.000000000000000000, 0.000000000000000000 ) ) ;
#9507 = CARTESIAN_POINT ( 'NONE',  ( 1.249999999999999778, 0.1999999999999999833, -1.124999999999999778 ) ) ;
#9508 = DIRECTION ( 'NONE',  ( -1.000000000000000000, 0.000000000000000000, -1.309382623694028928E-14 ) ) ;
#9509 = MANIFOLD_SOLID_BREP ( 'Boss-Extrude6', #1255 ) ;
#9510 = EDGE_CURVE ( 'NONE', #1923, #203, #9291, .T. ) ;
#9511 = DIRECTION ( 'NONE',  ( -2.321304651347009995E-14, 0.000000000000000000, 1.000000000000000000 ) ) ;
#9512 = ORIENTED_EDGE ( 'NONE', *, *, #5778, .F. ) ;
#9513 = AXIS2_PLACEMENT_3D ( 'NONE', #10336, #4098, #5063 ) ;
#9514 = CARTESIAN_POINT ( 'NONE',  ( -1.300000000000000266, 0.01000000000000000021, 1.300000000000000044 ) ) ;
#9515 = CARTESIAN_POINT ( 'NONE',  ( -0.1250000000000011657, 0.1999999999999999833, -0.9249999999999992673 ) ) ;
#9516 = EDGE_CURVE ( 'NONE', #6781, #4877, #10158, .T. ) ;
#9517 = DIRECTION ( 'NONE',  ( -1.000000000000000000, 0.000000000000000000, -1.092542189196933248E-14 ) ) ;
#9518 = VERTEX_POINT ( 'NONE', #7545 ) ;
#9519 = DIRECTION ( 'NONE',  ( 1.000000000000000000, 0.000000000000000000, 0.000000000000000000 ) ) ;
#9520 = CARTESIAN_POINT ( 'NONE',  ( 0.2500000000000012768, 0.1999999999999999833, 0.9249999999999997113 ) ) ;
#9521 = DIRECTION ( 'NONE',  ( 0.000000000000000000, -1.000000000000000000, 0.000000000000000000 ) ) ;
#9522 = ADVANCED_FACE ( 'NONE', ( #11087 ), #4892, .F. ) ;
#9523 = CARTESIAN_POINT ( 'NONE',  ( 0.8749999999999990008, 0.1999999999999999833, 1.149999999999999911 ) ) ;
#9524 = EDGE_CURVE ( 'NONE', #8910, #3946, #10216, .T. ) ;
#9525 = CARTESIAN_POINT ( 'NONE',  ( -1.225000000000000311, 0.06614378277661528416, -1.149999999999999023 ) ) ;
#9526 = VECTOR ( 'NONE', #2567, 1000.000000000000000 ) ;
#9527 = DIRECTION ( 'NONE',  ( 0.7071067811865474617, 0.000000000000000000, 0.7071067811865476838 ) ) ;
#9528 = EDGE_CURVE ( 'NONE', #7625, #827, #11028, .T. ) ;
#9529 = EDGE_LOOP ( 'NONE', ( #10206, #6138, #8266, #7046 ) ) ;
#9530 = ORIENTED_EDGE ( 'NONE', *, *, #4389, .F. ) ;
#9531 = ORIENTED_EDGE ( 'NONE', *, *, #2454, .F. ) ;
#9532 = CARTESIAN_POINT ( 'NONE',  ( -0.4999999999999996669, 1.614213562373095323, -0.5000000000000005551 ) ) ;
#9533 = PLANE ( 'NONE',  #5365 ) ;
#9534 = AXIS2_PLACEMENT_3D ( 'NONE', #8833, #5421, #916 ) ;
#9535 = DIRECTION ( 'NONE',  ( 0.000000000000000000, 1.000000000000000000, 0.000000000000000000 ) ) ;
#9536 = CARTESIAN_POINT ( 'NONE',  ( -0.8500000000000171863, 0.01000000000000000021, 1.098797201730516415E-14 ) ) ;
#9537 = CARTESIAN_POINT ( 'NONE',  ( 0.7250000000000009770, 0.1999999999999999833, 0.9999999999999991118 ) ) ;
#9538 = ORIENTED_EDGE ( 'NONE', *, *, #9335, .T. ) ;
#9539 = DIRECTION ( 'NONE',  ( 1.000000000000000000, 0.000000000000000000, 0.000000000000000000 ) ) ;
#9540 = ORIENTED_EDGE ( 'NONE', *, *, #6129, .F. ) ;
#9541 = VECTOR ( 'NONE', #92, 1000.000000000000000 ) ;
#9542 = ADVANCED_FACE ( 'NONE', ( #5484 ), #5813, .F. ) ;
#9543 = ORIENTED_EDGE ( 'NONE', *, *, #1310, .F. ) ;
#9544 = CARTESIAN_POINT ( 'NONE',  ( -0.6250000000000011102, 0.06614378277662037731, 1.225000000000004974 ) ) ;
#9545 = ADVANCED_FACE ( 'NONE', ( #1318 ), #9013, .F. ) ;
#9546 = ORIENTED_EDGE ( 'NONE', *, *, #5947, .F. ) ;
#9547 = EDGE_CURVE ( 'NONE', #9343, #2449, #8149, .T. ) ;
#9548 = VECTOR ( 'NONE', #10813, 1000.000000000000000 ) ;
#9549 = FACE_OUTER_BOUND ( 'NONE', #9498, .T. ) ;
#9550 = VECTOR ( 'NONE', #10248, 1000.000000000000000 ) ;
#9551 = DIRECTION ( 'NONE',  ( 1.743063492688207036E-14, 0.000000000000000000, -1.000000000000000000 ) ) ;
#9552 = CIRCLE ( 'NONE', #3101, 0.1000000000000000472 ) ;
#9553 = CARTESIAN_POINT ( 'NONE',  ( -0.2500000000000013878, 0.000000000000000000, 0.9249999999999997113 ) ) ;
#9554 = ORIENTED_EDGE ( 'NONE', *, *, #8348, .T. ) ;
#9555 = LINE ( 'NONE', #5698, #6985 ) ;
#9556 = VERTEX_POINT ( 'NONE', #3109 ) ;
#9557 = DIRECTION ( 'NONE',  ( -0.000000000000000000, -1.000000000000000000, -0.000000000000000000 ) ) ;
#9558 = VERTEX_POINT ( 'NONE', #9232 ) ;
#9559 = LINE ( 'NONE', #5047, #5848 ) ;
#9560 = STYLED_ITEM ( 'NONE', ( #4767 ), #9179 ) ;
#9561 = ORIENTED_EDGE ( 'NONE', *, *, #5670, .F. ) ;
#9562 = EDGE_LOOP ( 'NONE', ( #7171, #4400, #427, #1649 ) ) ;
#9563 = DIRECTION ( 'NONE',  ( 0.000000000000000000, -1.000000000000000000, 0.000000000000000000 ) ) ;
#9564 = CARTESIAN_POINT ( 'NONE',  ( 1.300000000000000044, 0.1999999999999999833, -0.9249999999999997113 ) ) ;
#9565 = DIRECTION ( 'NONE',  ( -1.000000000000000000, 0.000000000000000000, -8.340016711426957754E-17 ) ) ;
#9566 = LINE ( 'NONE', #7715, #9793 ) ;
#9567 = ORIENTED_EDGE ( 'NONE', *, *, #11223, .T. ) ;
#9568 = DIRECTION ( 'NONE',  ( 1.000000000000000000, 0.000000000000000000, -1.000802005371233254E-15 ) ) ;
#9569 = VECTOR ( 'NONE', #4451, 1000.000000000000000 ) ;
#9570 = LINE ( 'NONE', #9743, #6560 ) ;
#9571 = CARTESIAN_POINT ( 'NONE',  ( -0.9249999999999998224, 0.000000000000000000, -0.3750000000000001110 ) ) ;
#9572 = DIRECTION ( 'NONE',  ( -1.000000000000000000, 0.000000000000000000, 2.780005570475647818E-16 ) ) ;
#9573 = ORIENTED_EDGE ( 'NONE', *, *, #9439, .T. ) ;
#9574 = VECTOR ( 'NONE', #6736, 1000.000000000000000 ) ;
#9575 = AXIS2_PLACEMENT_3D ( 'NONE', #10620, #1608, #11428 ) ;
#9576 = CARTESIAN_POINT ( 'NONE',  ( -1.225000000000000089, 0.7590169943749474069, -0.1250000000000001110 ) ) ;
#9577 = FACE_OUTER_BOUND ( 'NONE', #7494, .T. ) ;
#9578 = PLANE ( 'NONE',  #7193 ) ;
#9579 = EDGE_CURVE ( 'NONE', #574, #11096, #4837, .T. ) ;
#9580 = FACE_OUTER_BOUND ( 'NONE', #8859, .T. ) ;
#9581 = CARTESIAN_POINT ( 'NONE',  ( -0.9249999999999998224, 0.2000000000000000111, -0.6250000000000002220 ) ) ;
#9582 = CARTESIAN_POINT ( 'NONE',  ( 1.225000000000000089, 0.009999999999999998473, -0.6250000000000002220 ) ) ;
#9583 = VECTOR ( 'NONE', #3205, 1000.000000000000000 ) ;
#9584 = ORIENTED_EDGE ( 'NONE', *, *, #6819, .F. ) ;
#9585 = ORIENTED_EDGE ( 'NONE', *, *, #10441, .F. ) ;
#9586 = EDGE_CURVE ( 'NONE', #2556, #9397, #3389, .T. ) ;
#9587 = ADVANCED_FACE ( 'NONE', ( #5934 ), #3439, .F. ) ;
#9588 = ORIENTED_EDGE ( 'NONE', *, *, #5951, .T. ) ;
#9589 = CARTESIAN_POINT ( 'NONE',  ( -1.240592229435182325, 0.08117096151037217489, 1.134407770564817675 ) ) ;
#9590 = EDGE_CURVE ( 'NONE', #9388, #4980, #5222, .T. ) ;
#9591 = DIRECTION ( 'NONE',  ( 1.000000000000000000, 0.000000000000000000, 8.340016711426957754E-17 ) ) ;
#9592 = AXIS2_PLACEMENT_3D ( 'NONE', #213, #860, #6119 ) ;
#9594 = VECTOR ( 'NONE', #6390, 1000.000000000000000 ) ;
#9593 = CARTESIAN_POINT ( 'NONE',  ( -1.300000000000000044, 0.000000000000000000, 0.6249999999999997780 ) ) ;
#9595 = DIRECTION ( 'NONE',  ( -1.000000000000000000, 0.000000000000000000, -8.340016711426957754E-17 ) ) ;
#9596 = LINE ( 'NONE', #7799, #11290 ) ;
#9597 = CARTESIAN_POINT ( 'NONE',  ( 0.6250000000000008882, 0.01000000000000005398, 1.225000000000004974 ) ) ;
#9598 = VECTOR ( 'NONE', #6510, 1000.000000000000114 ) ;
#9599 = CARTESIAN_POINT ( 'NONE',  ( 1.149999999999998579, 0.000000000000000000, -1.299999999999999822 ) ) ;
#9600 = VERTEX_POINT ( 'NONE', #6957 ) ;
#9601 = VECTOR ( 'NONE', #503, 1000.000000000000000 ) ;
#9602 = VERTEX_POINT ( 'NONE', #5005 ) ;
#9603 = LINE ( 'NONE', #4120, #10106 ) ;
#9604 = VECTOR ( 'NONE', #4140, 1000.000000000000000 ) ;
#9605 = ORIENTED_EDGE ( 'NONE', *, *, #9579, .F. ) ;
#9606 = CIRCLE ( 'NONE', #6279, 0.1000000000000000472 ) ;
#9607 = FACE_OUTER_BOUND ( 'NONE', #2691, .T. ) ;
#9608 = AXIS2_PLACEMENT_3D ( 'NONE', #7186, #9798, #8934 ) ;
#9609 = CARTESIAN_POINT ( 'NONE',  ( 1.224999999999999645, 0.1999999999999999833, -1.149999999999999911 ) ) ;
#9610 = LINE ( 'NONE', #6998, #7211 ) ;
#9611 = VERTEX_POINT ( 'NONE', #4307 ) ;
#9612 = EDGE_CURVE ( 'NONE', #2138, #9863, #9462, .T. ) ;
#9613 = DIRECTION ( 'NONE',  ( 0.000000000000000000, 1.000000000000000000, 0.000000000000000000 ) ) ;
#9614 = EDGE_CURVE ( 'NONE', #2293, #5671, #11361, .T. ) ;
#9615 = VERTEX_POINT ( 'NONE', #10438 ) ;
#9616 = PLANE ( 'NONE',  #1038 ) ;
#9617 = AXIS2_PLACEMENT_3D ( 'NONE', #9987, #5801, #493 ) ;
#9618 = ORIENTED_EDGE ( 'NONE', *, *, #5016, .F. ) ;
#9619 = DIRECTION ( 'NONE',  ( -1.000000000000000000, 0.000000000000000000, 0.000000000000000000 ) ) ;
#9620 = VECTOR ( 'NONE', #9495, 1000.000000000000000 ) ;
#9621 = ORIENTED_EDGE ( 'NONE', *, *, #6988, .F. ) ;
#9622 = ORIENTED_EDGE ( 'NONE', *, *, #10229, .F. ) ;
#9623 = CARTESIAN_POINT ( 'NONE',  ( -1.299999999999999822, 0.1000000000000001166, 1.124999999999998890 ) ) ;
#9624 = CYLINDRICAL_SURFACE ( 'NONE', #6097, 0.1000000000000000472 ) ;
#9625 = CARTESIAN_POINT ( 'NONE',  ( -0.6250000000000008882, 0.1999999999999999833, -1.225000000000004974 ) ) ;
#9626 = LINE ( 'NONE', #3611, #6838 ) ;
#9627 = ORIENTED_EDGE ( 'NONE', *, *, #2309, .T. ) ;
#9628 = CIRCLE ( 'NONE', #5009, 0.1000000000000000472 ) ;
#9629 = CARTESIAN_POINT ( 'NONE',  ( -1.149999999999998801, 0.000000000000000000, 1.200000000000000178 ) ) ;
#9630 = DIRECTION ( 'NONE',  ( -0.000000000000000000, -1.000000000000000000, 0.000000000000000000 ) ) ;
#9631 = CARTESIAN_POINT ( 'NONE',  ( 1.250000000000000000, 0.08660254037844405950, 0.09999999999999993616 ) ) ;
#9632 = EDGE_CURVE ( 'NONE', #5399, #1105, #9405, .T. ) ;
#9633 = LINE ( 'NONE', #8880, #10125 ) ;
#9634 = ORIENTED_EDGE ( 'NONE', *, *, #2668, .T. ) ;
#9635 = VECTOR ( 'NONE', #10142, 1000.000000000000000 ) ;
#9636 = DIRECTION ( 'NONE',  ( -0.000000000000000000, -1.000000000000000000, 0.000000000000000000 ) ) ;
#9637 = DIRECTION ( 'NONE',  ( 3.984674651014977107E-16, 0.000000000000000000, 1.000000000000000000 ) ) ;
#9638 = CARTESIAN_POINT ( 'NONE',  ( -0.4999999999999995559, 1.614213562373095323, 0.4999999999999994449 ) ) ;
#9639 = LINE ( 'NONE', #579, #21 ) ;
#9640 = DIRECTION ( 'NONE',  ( 0.7071067811865491270, 0.000000000000000000, -0.7071067811865459074 ) ) ;
#9641 = DIRECTION ( 'NONE',  ( 0.000000000000000000, -1.000000000000000000, 0.000000000000000000 ) ) ;
#9642 = ADVANCED_FACE ( 'NONE', ( #2525 ), #4192, .T. ) ;
#9643 =( LENGTH_UNIT ( ) NAMED_UNIT ( * ) SI_UNIT ( .MILLI., .METRE. ) );
#9644 = ORIENTED_EDGE ( 'NONE', *, *, #792, .F. ) ;
#9645 = VERTEX_POINT ( 'NONE', #2580 ) ;
#9646 = CIRCLE ( 'NONE', #9464, 0.1250000000000000000 ) ;
#9647 = EDGE_CURVE ( 'NONE', #4701, #10643, #10490, .T. ) ;
#9648 = ORIENTED_EDGE ( 'NONE', *, *, #2592, .F. ) ;
#9649 = CARTESIAN_POINT ( 'NONE',  ( 0.3500000000000010325, 0.9846177413237633402, -1.249999999999999778 ) ) ;
#9650 = FACE_OUTER_BOUND ( 'NONE', #1050, .T. ) ;
#9651 = PLANE ( 'NONE',  #7927 ) ;
#9652 = CARTESIAN_POINT ( 'NONE',  ( -1.225000000000000311, 0.06614378277661528416, -1.149999999999999023 ) ) ;
#9653 = DIRECTION ( 'NONE',  ( -1.167602339599772261E-15, 0.000000000000000000, 1.000000000000000000 ) ) ;
#9654 = FILL_AREA_STYLE ('',( #9707 ) ) ;
#9655 = FACE_OUTER_BOUND ( 'NONE', #5804, .T. ) ;
#9656 = EDGE_CURVE ( 'NONE', #11329, #1614, #4143, .T. ) ;
#9657 = DIRECTION ( 'NONE',  ( 2.321304651347009995E-14, 0.000000000000000000, -1.000000000000000000 ) ) ;
#9658 = CIRCLE ( 'NONE', #8180, 0.1250000000000000278 ) ;
#9659 = ORIENTED_EDGE ( 'NONE', *, *, #9756, .F. ) ;
#9660 = EDGE_CURVE ( 'NONE', #3563, #1506, #6800, .T. ) ;
#9661 = ORIENTED_EDGE ( 'NONE', *, *, #8142, .T. ) ;
#9662 = CARTESIAN_POINT ( 'NONE',  ( 0.8750000000000009992, 0.06614378277662114058, -1.225000000000005196 ) ) ;
#9663 = ORIENTED_EDGE ( 'NONE', *, *, #265, .T. ) ;
#9664 = CIRCLE ( 'NONE', #1730, 0.1000000000000000472 ) ;
#9665 = DIRECTION ( 'NONE',  ( 0.000000000000000000, 1.000000000000000000, 0.000000000000000000 ) ) ;
#9666 = DIRECTION ( 'NONE',  ( 0.000000000000000000, -1.000000000000000000, 0.000000000000000000 ) ) ;
#9667 = DIRECTION ( 'NONE',  ( -1.000000000000000000, 0.000000000000000000, 1.726383459265352879E-14 ) ) ;
#9668 = EDGE_LOOP ( 'NONE', ( #4883, #10451, #4961, #8566 ) ) ;
#9669 = EDGE_CURVE ( 'NONE', #6028, #5043, #2475, .T. ) ;
#9670 = LINE ( 'NONE', #879, #6805 ) ;
#9671 = VERTEX_POINT ( 'NONE', #11199 ) ;
#9672 = CARTESIAN_POINT ( 'NONE',  ( 0.9249999999999998224, 0.7590169943749474069, 0.1249999999999998196 ) ) ;
#9673 = EDGE_CURVE ( 'NONE', #7504, #9602, #4255, .T. ) ;
#9674 = VERTEX_POINT ( 'NONE', #569 ) ;
#9675 = CARTESIAN_POINT ( 'NONE',  ( -0.8500000000000008660, 0.9846177413237633402, -1.250000000000005107 ) ) ;
#9676 = ORIENTED_EDGE ( 'NONE', *, *, #3463, .T. ) ;
#9677 = EDGE_LOOP ( 'NONE', ( #5902, #9648, #6856, #6518 ) ) ;
#9678 = EDGE_CURVE ( 'NONE', #5657, #4818, #8644, .T. ) ;
#9679 = DIRECTION ( 'NONE',  ( -0.7071067811865451302, 0.000000000000000000, -0.7071067811865499042 ) ) ;
#9680 = LINE ( 'NONE', #7184, #5544 ) ;
#9681 = ADVANCED_FACE ( 'NONE', ( #731 ), #11149, .T. ) ;
#9682 = LINE ( 'NONE', #7827, #7425 ) ;
#9683 = CARTESIAN_POINT ( 'NONE',  ( -0.8500000000000001998, 0.9846177413237633402, -1.300000000000005373 ) ) ;
#9684 = ORIENTED_EDGE ( 'NONE', *, *, #10050, .T. ) ;
#9685 = CARTESIAN_POINT ( 'NONE',  ( -1.224999999999999645, 0.1999999999999999833, 0.8999999999999991340 ) ) ;
#9686 = DIRECTION ( 'NONE',  ( 1.309382623694023249E-14, 0.000000000000000000, -1.000000000000000000 ) ) ;
#9687 = LINE ( 'NONE', #1767, #2274 ) ;
#9688 = CARTESIAN_POINT ( 'NONE',  ( -1.300000000000000044, 0.1999999999999999833, 1.124999999999998890 ) ) ;
#9689 = VERTEX_POINT ( 'NONE', #3277 ) ;
#9690 = LINE ( 'NONE', #8711, #7110 ) ;
#9691 = EDGE_CURVE ( 'NONE', #10569, #3186, #10329, .T. ) ;
#9692 = LINE ( 'NONE', #4489, #7199 ) ;
#9693 = DIRECTION ( 'NONE',  ( 1.000000000000000000, 0.000000000000000000, -2.085004177856743605E-15 ) ) ;
#9694 = CARTESIAN_POINT ( 'NONE',  ( 1.225000000000000089, 0.06614378277661521477, 0.3749999999999997780 ) ) ;
#9695 = CARTESIAN_POINT ( 'NONE',  ( 0.3500000000000000888, 0.1999999999999999833, 1.300000000000000266 ) ) ;
#9696 = LINE ( 'NONE', #4495, #7221 ) ;
#9697 = ADVANCED_FACE ( 'NONE', ( #11257 ), #3335, .T. ) ;
#9698 = FACE_OUTER_BOUND ( 'NONE', #5295, .T. ) ;
#9699 = ORIENTED_EDGE ( 'NONE', *, *, #5054, .T. ) ;
#9700 = AXIS2_PLACEMENT_3D ( 'NONE', #736, #4261, #11366 ) ;
#9701 = ORIENTED_EDGE ( 'NONE', *, *, #3168, .F. ) ;
#9702 = ORIENTED_EDGE ( 'NONE', *, *, #798, .F. ) ;
#9703 = LINE ( 'NONE', #9649, #8588 ) ;
#9704 = DIRECTION ( 'NONE',  ( 1.075862155774079406E-14, 0.000000000000000000, 1.000000000000000000 ) ) ;
#9705 = DIRECTION ( 'NONE',  ( -0.000000000000000000, -1.000000000000000000, 0.000000000000000000 ) ) ;
#9706 = FACE_OUTER_BOUND ( 'NONE', #7487, .T. ) ;
#9707 = FILL_AREA_STYLE_COLOUR ( '', #10933 ) ;
#9708 = DIRECTION ( 'NONE',  ( 0.000000000000000000, -1.000000000000000000, 0.000000000000000000 ) ) ;
#9709 = CYLINDRICAL_SURFACE ( 'NONE', #1613, 0.1000000000000000472 ) ;
#9710 = ORIENTED_EDGE ( 'NONE', *, *, #7926, .F. ) ;
#9711 = ORIENTED_EDGE ( 'NONE', *, *, #3580, .T. ) ;
#9712 = DIRECTION ( 'NONE',  ( -0.7071067811865506814, 0.000000000000000000, 0.7071067811865443531 ) ) ;
#9714 = ORIENTED_EDGE ( 'NONE', *, *, #11116, .T. ) ;
#9713 = VECTOR ( 'NONE', #3659, 1000.000000000000000 ) ;
#9715 = EDGE_CURVE ( 'NONE', #5887, #4212, #7944, .T. ) ;
#9716 = ORIENTED_EDGE ( 'NONE', *, *, #1966, .F. ) ;
#9717 = PLANE ( 'NONE',  #391 ) ;
#9718 = DIRECTION ( 'NONE',  ( 0.7071067811865451302, 0.000000000000000000, 0.7071067811865499042 ) ) ;
#9719 = DIRECTION ( 'NONE',  ( 0.000000000000000000, 1.000000000000000000, -0.000000000000000000 ) ) ;
#9720 = ORIENTED_EDGE ( 'NONE', *, *, #10398, .T. ) ;
#9721 = EDGE_CURVE ( 'NONE', #10569, #1197, #7017, .T. ) ;
#9722 = ADVANCED_FACE ( 'NONE', ( #2693 ), #7074, .F. ) ;
#9723 = LINE ( 'NONE', #8857, #5140 ) ;
#9724 = ORIENTED_EDGE ( 'NONE', *, *, #3499, .F. ) ;
#9725 = DIRECTION ( 'NONE',  ( -1.417802840942573219E-14, 0.000000000000000000, 1.000000000000000000 ) ) ;
#9726 = EDGE_LOOP ( 'NONE', ( #1087, #886, #3276, #1801 ) ) ;
#9727 = DIRECTION ( 'NONE',  ( 0.7071067811865445751, 0.000000000000000000, -0.7071067811865504593 ) ) ;
#9728 = ORIENTED_EDGE ( 'NONE', *, *, #887, .F. ) ;
#9729 = VECTOR ( 'NONE', #262, 1000.000000000000000 ) ;
#9730 = PLANE ( 'NONE',  #7945 ) ;
#9731 = EDGE_CURVE ( 'NONE', #2824, #8687, #8755, .T. ) ;
#9732 = ORIENTED_EDGE ( 'NONE', *, *, #1929, .F. ) ;
#9733 = AXIS2_PLACEMENT_3D ( 'NONE', #9886, #9015, #245 ) ;
#9734 = DIRECTION ( 'NONE',  ( 1.000000000000000000, 0.000000000000000000, 0.000000000000000000 ) ) ;
#9735 = FACE_OUTER_BOUND ( 'NONE', #7406, .T. ) ;
#9736 = EDGE_CURVE ( 'NONE', #947, #2138, #10611, .T. ) ;
#9737 = DIRECTION ( 'NONE',  ( 8.340016711426958986E-17, 0.000000000000000000, -1.000000000000000000 ) ) ;
#9738 = DIRECTION ( 'NONE',  ( -0.7071067811865489050, 0.000000000000000000, -0.7071067811865461294 ) ) ;
#9739 = ORIENTED_EDGE ( 'NONE', *, *, #3211, .F. ) ;
#9740 = CLOSED_SHELL ( 'NONE', ( #1667, #288, #8658, #6899, #7781, #4788, #8528, #8984, #9406, #8616, #8205 ) ) ;
#9741 = DIRECTION ( 'NONE',  ( -0.000000000000000000, -1.000000000000000000, 0.000000000000000000 ) ) ;
#9742 = VECTOR ( 'NONE', #3762, 1000.000000000000000 ) ;
#9743 = CARTESIAN_POINT ( 'NONE',  ( 1.250000000000000000, 0.9846177413237633402, 0.9249999999999993783 ) ) ;
#9744 = FACE_OUTER_BOUND ( 'NONE', #746, .T. ) ;
#9745 = DIRECTION ( 'NONE',  ( 2.780005570475648805E-16, 0.000000000000000000, 1.000000000000000000 ) ) ;
#9746 = ORIENTED_EDGE ( 'NONE', *, *, #624, .F. ) ;
#9747 = CARTESIAN_POINT ( 'NONE',  ( 0.1250000000000013600, 0.9846177413237633402, -0.9249999999999992673 ) ) ;
#9748 = CARTESIAN_POINT ( 'NONE',  ( -0.9249999999999998224, 0.7590169943749472958, 0.3749999999999998335 ) ) ;
#9749 = DIRECTION ( 'NONE',  ( -0.000000000000000000, -1.000000000000000000, 0.000000000000000000 ) ) ;
#9750 = LINE ( 'NONE', #6215, #3326 ) ;
#9751 = CARTESIAN_POINT ( 'NONE',  ( -1.300000000000000044, 0.2000000000000000111, -0.6000000000000001998 ) ) ;
#9752 = DIRECTION ( 'NONE',  ( 2.780005570475647818E-16, 0.000000000000000000, 1.000000000000000000 ) ) ;
#9753 = EDGE_CURVE ( 'NONE', #1108, #2138, #49, .T. ) ;
#9754 = LINE ( 'NONE', #1, #3645 ) ;
#9755 = ORIENTED_EDGE ( 'NONE', *, *, #8279, .T. ) ;
#9756 = EDGE_CURVE ( 'NONE', #4479, #8703, #1700, .T. ) ;
#9757 = ORIENTED_EDGE ( 'NONE', *, *, #10867, .T. ) ;
#9758 = VECTOR ( 'NONE', #7928, 1000.000000000000114 ) ;
#9759 = EDGE_LOOP ( 'NONE', ( #10225, #7794, #6089, #589, #6570 ) ) ;
#9760 = CARTESIAN_POINT ( 'NONE',  ( 0.8500000000000004219, 0.009999999999999646325, -1.300000000000005373 ) ) ;
#9761 = DIRECTION ( 'NONE',  ( -1.943223893762450295E-14, 0.000000000000000000, -1.000000000000000000 ) ) ;
#9762 = CARTESIAN_POINT ( 'NONE',  ( -1.300000000000000044, 0.7590169943749472958, 0.5999999999999999778 ) ) ;
#9763 = LINE ( 'NONE', #1918, #2105 ) ;
#9764 = PLANE ( 'NONE',  #2445 ) ;
#9765 = PLANE ( 'NONE',  #7705 ) ;
#9766 = VECTOR ( 'NONE', #6902, 1000.000000000000000 ) ;
#9767 = LINE ( 'NONE', #1862, #8831 ) ;
#9768 = VERTEX_POINT ( 'NONE', #160 ) ;
#9769 = ORIENTED_EDGE ( 'NONE', *, *, #967, .T. ) ;
#9770 = LINE ( 'NONE', #5492, #9189 ) ;
#9771 = EDGE_CURVE ( 'NONE', #3906, #6227, #2863, .T. ) ;
#9772 = ORIENTED_EDGE ( 'NONE', *, *, #10621, .T. ) ;
#9773 = VECTOR ( 'NONE', #5301, 1000.000000000000000 ) ;
#9774 = VECTOR ( 'NONE', #2457, 1000.000000000000000 ) ;
#9775 = ORIENTED_EDGE ( 'NONE', *, *, #444, .T. ) ;
#9776 = CARTESIAN_POINT ( 'NONE',  ( 1.300000000000000044, 0.1999999999999999833, -0.9249999999999997113 ) ) ;
#9777 = CARTESIAN_POINT ( 'NONE',  ( 0.1500000000000007716, 0.9846177413237633402, 1.249999999999999556 ) ) ;
#9778 = AXIS2_PLACEMENT_3D ( 'NONE', #7848, #2381, #8723 ) ;
#9779 = LINE ( 'NONE', #1982, #6135 ) ;
#9780 = CARTESIAN_POINT ( 'NONE',  ( 0.3750000000000013878, 0.01000000000000005398, -0.9249999999999994893 ) ) ;
#9781 = ORIENTED_EDGE ( 'NONE', *, *, #8881, .T. ) ;
#9782 = AXIS2_PLACEMENT_3D ( 'NONE', #4317, #7785, #10339 ) ;
#9783 = CARTESIAN_POINT ( 'NONE',  ( -1.250000000000000000, 0.1999999999999999833, 0.09999999999999982514 ) ) ;
#9784 = VECTOR ( 'NONE', #592, 1000.000000000000000 ) ;
#9785 = EDGE_LOOP ( 'NONE', ( #8788, #9573, #7845, #11418 ) ) ;
#9786 = EDGE_CURVE ( 'NONE', #10507, #8407, #8158, .T. ) ;
#9787 = FACE_OUTER_BOUND ( 'NONE', #7255, .T. ) ;
#9788 = VERTEX_POINT ( 'NONE', #1829 ) ;
#9789 = CARTESIAN_POINT ( 'NONE',  ( 1.249999999999999778, 0.01000000000000005398, -1.124999999999999778 ) ) ;
#9790 = VECTOR ( 'NONE', #10095, 1000.000000000000000 ) ;
#9791 = ORIENTED_EDGE ( 'NONE', *, *, #5841, .F. ) ;
#9792 = FACE_OUTER_BOUND ( 'NONE', #1702, .T. ) ;
#9793 = VECTOR ( 'NONE', #2420, 1000.000000000000000 ) ;
#9794 = VERTEX_POINT ( 'NONE', #217 ) ;
#9795 = CARTESIAN_POINT ( 'NONE',  ( -0.9250000000000001554, 0.1999999999999999833, -1.855653718292498106E-16 ) ) ;
#9796 = DIRECTION ( 'NONE',  ( 8.340016711426957754E-17, 0.000000000000000000, -1.000000000000000000 ) ) ;
#9797 = CARTESIAN_POINT ( 'NONE',  ( -0.9256884250419260551, 1.050000000000000044, -0.8859432889494202046 ) ) ;
#9798 = DIRECTION ( 'NONE',  ( -1.000000000000000000, 0.000000000000000000, -8.340016711426957754E-17 ) ) ;
#9799 = EDGE_LOOP ( 'NONE', ( #5292, #10642, #3284, #9381, #2656, #3212, #8495, #3217, #9676, #6906, #4452, #5375, #3824, #4108, #3307, #4199, #7703, #9037, #10589, #4069, #6797, #3198, #11155, #3323 ) ) ;
#9801 = AXIS2_PLACEMENT_3D ( 'NONE', #6418, #6305, #8157 ) ;
#9800 = LINE ( 'NONE', #7189, #10011 ) ;
#9802 = ADVANCED_FACE ( 'NONE', ( #3496 ), #10555, .F. ) ;
#9803 = PLANE ( 'NONE',  #2511 ) ;
#9804 = VECTOR ( 'NONE', #8272, 1000.000000000000000 ) ;
#9805 = LINE ( 'NONE', #1893, #8353 ) ;
#9806 = DIRECTION ( 'NONE',  ( -1.000000000000000000, 0.000000000000000000, -8.340016711426957754E-17 ) ) ;
#9807 = ORIENTED_EDGE ( 'NONE', *, *, #9691, .T. ) ;
#9808 = ORIENTED_EDGE ( 'NONE', *, *, #2560, .T. ) ;
#9809 = CARTESIAN_POINT ( 'NONE',  ( -1.300000000000000044, 0.9846177413237633402, 0.9249999999999997113 ) ) ;
#9810 = CARTESIAN_POINT ( 'NONE',  ( -0.3500000000000003109, 0.1999999999999999833, 1.300000000000000266 ) ) ;
#9811 = AXIS2_PLACEMENT_3D ( 'NONE', #7157, #5428, #10812 ) ;
#9812 = FACE_OUTER_BOUND ( 'NONE', #11076, .T. ) ;
#9813 = LINE ( 'NONE', #7201, #4066 ) ;
#9814 = DIRECTION ( 'NONE',  ( 1.000000000000000000, 0.000000000000000000, 8.340016711426957754E-17 ) ) ;
#9815 = CARTESIAN_POINT ( 'NONE',  ( -0.9250000000000001554, 0.009999999999999998473, 0.4999999999999997780 ) ) ;
#9816 = CARTESIAN_POINT ( 'NONE',  ( -0.8500000000000004219, 0.9846177413237633402, 1.300000000000005373 ) ) ;
#9817 = ORIENTED_EDGE ( 'NONE', *, *, #2049, .T. ) ;
#9818 = VECTOR ( 'NONE', #7717, 1000.000000000000000 ) ;
#9819 = ORIENTED_EDGE ( 'NONE', *, *, #9413, .F. ) ;
#9820 = ORIENTED_EDGE ( 'NONE', *, *, #11191, .T. ) ;
#9821 = FACE_OUTER_BOUND ( 'NONE', #11245, .T. ) ;
#9822 = CARTESIAN_POINT ( 'NONE',  ( -0.3500000000000008105, 0.08660254037844411501, -1.249999999999999778 ) ) ;
#9823 = DIRECTION ( 'NONE',  ( 0.000000000000000000, -1.000000000000000000, 0.000000000000000000 ) ) ;
#9824 = EDGE_CURVE ( 'NONE', #7563, #1927, #103, .T. ) ;
#9825 = CIRCLE ( 'NONE', #7788, 0.1000000000000000472 ) ;
#9826 = LINE ( 'NONE', #4558, #5223 ) ;
#9827 = FILL_AREA_STYLE ('',( #6351 ) ) ;
#9828 = LINE ( 'NONE', #10635, #10852 ) ;
#9829 = LINE ( 'NONE', #865, #895 ) ;
#9830 = EDGE_LOOP ( 'NONE', ( #11249, #2344, #9732, #2408 ) ) ;
#9831 = VECTOR ( 'NONE', #11181, 1000.000000000000114 ) ;
#9832 = VERTEX_POINT ( 'NONE', #3730 ) ;
#9833 = LINE ( 'NONE', #7224, #6789 ) ;
#9834 = EDGE_CURVE ( 'NONE', #3481, #4351, #9800, .T. ) ;
#9835 = EDGE_LOOP ( 'NONE', ( #3599, #5605, #8508, #6431 ) ) ;
#9836 = VECTOR ( 'NONE', #9641, 1000.000000000000000 ) ;
#9837 = ORIENTED_EDGE ( 'NONE', *, *, #8786, .T. ) ;
#9838 = DIRECTION ( 'NONE',  ( 1.000000000000000000, 0.000000000000000000, 8.340016711426957754E-17 ) ) ;
#9839 = DIRECTION ( 'NONE',  ( -1.000000000000000000, 0.000000000000000000, -8.340016711426957754E-17 ) ) ;
#9840 = STYLED_ITEM ( 'NONE', ( #1513 ), #5459 ) ;
#9841 = PLANE ( 'NONE',  #10770 ) ;
#9842 = FACE_OUTER_BOUND ( 'NONE', #8511, .T. ) ;
#9843 = ORIENTED_EDGE ( 'NONE', *, *, #7236, .F. ) ;
#9844 = DIRECTION ( 'NONE',  ( 0.000000000000000000, -1.000000000000000000, 0.000000000000000000 ) ) ;
#9845 = VERTEX_POINT ( 'NONE', #10730 ) ;
#9846 = CARTESIAN_POINT ( 'NONE',  ( -0.6250000000000008882, 0.06614378277662102956, -1.225000000000004974 ) ) ;
#9847 = ADVANCED_FACE ( 'NONE', ( #7132 ), #2807, .F. ) ;
#9848 = ORIENTED_EDGE ( 'NONE', *, *, #7495, .F. ) ;
#9849 = CARTESIAN_POINT ( 'NONE',  ( -0.3500000000000003109, 0.1999999999999999833, 1.300000000000000266 ) ) ;
#9850 = VECTOR ( 'NONE', #6350, 1000.000000000000114 ) ;
#9851 = ORIENTED_EDGE ( 'NONE', *, *, #2406, .F. ) ;
#9852 = ORIENTED_EDGE ( 'NONE', *, *, #2650, .F. ) ;
#9853 = CARTESIAN_POINT ( 'NONE',  ( 0.8750000000000004441, 0.000000000000000000, -1.199999999999999734 ) ) ;
#9854 = FACE_OUTER_BOUND ( 'NONE', #2151, .T. ) ;
#9855 = CARTESIAN_POINT ( 'NONE',  ( -0.6499999999999999112, 0.009999999999999646325, -1.300000000000005596 ) ) ;
#9856 = DIRECTION ( 'NONE',  ( -1.000000000000000000, 0.000000000000000000, -8.340016711426957754E-17 ) ) ;
#9857 = ORIENTED_EDGE ( 'NONE', *, *, #9771, .T. ) ;
#9858 = DIRECTION ( 'NONE',  ( 0.000000000000000000, 0.000000000000000000, 1.000000000000000000 ) ) ;
#9859 = DIRECTION ( 'NONE',  ( -1.000000000000000000, 0.000000000000000000, 0.000000000000000000 ) ) ;
#9860 = EDGE_CURVE ( 'NONE', #10659, #9645, #6326, .T. ) ;
#9861 = DIRECTION ( 'NONE',  ( -0.7071067811865445751, 0.000000000000000000, 0.7071067811865504593 ) ) ;
#9862 = ORIENTED_EDGE ( 'NONE', *, *, #1477, .F. ) ;
#9863 = VERTEX_POINT ( 'NONE', #8812 ) ;
#9864 = ADVANCED_FACE ( 'NONE', ( #7883 ), #1017, .F. ) ;
#9865 = CARTESIAN_POINT ( 'NONE',  ( 1.300000000000000044, 0.1999999999999999833, 1.124999999999999334 ) ) ;
#9866 = CARTESIAN_POINT ( 'NONE',  ( -3.127506266785106384E-17, 0.01000000000000000021, 0.3749999999999996669 ) ) ;
#9867 = DIRECTION ( 'NONE',  ( -1.000000000000000000, 0.000000000000000000, -8.340016711426957754E-17 ) ) ;
#9868 = DIRECTION ( 'NONE',  ( 0.000000000000000000, -1.000000000000000000, 0.000000000000000000 ) ) ;
#9869 = LINE ( 'NONE', #1959, #7075 ) ;
#9870 = CARTESIAN_POINT ( 'NONE',  ( 0.8500000000000010880, 0.1999999999999999833, -1.250000000000005107 ) ) ;
#9871 = EDGE_CURVE ( 'NONE', #10805, #11236, #8988, .T. ) ;
#9872 = PLANE ( 'NONE',  #1809 ) ;
#9873 = EDGE_CURVE ( 'NONE', #10209, #2085, #6344, .T. ) ;
#9874 = ORIENTED_EDGE ( 'NONE', *, *, #8539, .T. ) ;
#9875 = ORIENTED_EDGE ( 'NONE', *, *, #7103, .F. ) ;
#9876 = ORIENTED_EDGE ( 'NONE', *, *, #5634, .T. ) ;
#9877 = DIRECTION ( 'NONE',  ( -1.000000000000000000, 0.000000000000000000, -8.340016711426957754E-17 ) ) ;
#9878 = EDGE_CURVE ( 'NONE', #9957, #7966, #4418, .T. ) ;
#9879 = CARTESIAN_POINT ( 'NONE',  ( -0.3500000000000000888, 0.1999999999999999833, -1.300000000000000266 ) ) ;
#9880 = EDGE_CURVE ( 'NONE', #5806, #811, #9155, .T. ) ;
#9881 = CARTESIAN_POINT ( 'NONE',  ( 1.300000000000000044, 0.7590169943749474069, -0.6000000000000004219 ) ) ;
#9882 = DIRECTION ( 'NONE',  ( -1.087828266707871075E-17, -0.000000000000000000, -1.000000000000000000 ) ) ;
#9883 = EDGE_CURVE ( 'NONE', #4803, #6827, #3093, .T. ) ;
#9884 = CARTESIAN_POINT ( 'NONE',  ( -0.7250000000000010880, 0.1999999999999999833, 0.9999999999999991118 ) ) ;
#9885 = AXIS2_PLACEMENT_3D ( 'NONE', #5704, #9241, #10926 ) ;
#9886 = CARTESIAN_POINT ( 'NONE',  ( 1.299999999999999822, 0.000000000000000000, -0.8999999999999992450 ) ) ;
#9887 = VERTEX_POINT ( 'NONE', #5575 ) ;
#9888 = ORIENTED_EDGE ( 'NONE', *, *, #7180, .T. ) ;
#9889 = CARTESIAN_POINT ( 'NONE',  ( -0.1500000000000007716, 0.1999999999999999833, -1.249999999999999556 ) ) ;
#9890 = ORIENTED_EDGE ( 'NONE', *, *, #8758, .F. ) ;
#9891 = ORIENTED_EDGE ( 'NONE', *, *, #6244, .F. ) ;
#9892 = CARTESIAN_POINT ( 'NONE',  ( 1.299999999999999822, 1.050000000000000488, 1.300000000000000266 ) ) ;
#9893 =( GEOMETRIC_REPRESENTATION_CONTEXT ( 3 ) GLOBAL_UNCERTAINTY_ASSIGNED_CONTEXT ( ( #7554 ) ) GLOBAL_UNIT_ASSIGNED_CONTEXT ( ( #9294, #8590, #4025 ) ) REPRESENTATION_CONTEXT ( 'NONE', 'WORKASPACE' ) );
#9894 = DIRECTION ( 'NONE',  ( -1.000802005371233057E-15, 0.000000000000000000, -1.000000000000000000 ) ) ;
#9895 = CARTESIAN_POINT ( 'NONE',  ( 0.9249999999999999334, 0.2000000000000000111, -0.5000000000000002220 ) ) ;
#9896 = DIRECTION ( 'NONE',  ( -0.000000000000000000, -1.000000000000000000, 0.000000000000000000 ) ) ;
#9897 = VERTEX_POINT ( 'NONE', #8354 ) ;
#9898 = EDGE_CURVE ( 'NONE', #8574, #1431, #5683, .T. ) ;
#9899 = LINE ( 'NONE', #7058, #2387 ) ;
#9900 = VERTEX_POINT ( 'NONE', #7361 ) ;
#9901 = EDGE_CURVE ( 'NONE', #4906, #9204, #324, .T. ) ;
#9902 = VECTOR ( 'NONE', #8630, 1000.000000000000000 ) ;
#9903 = ORIENTED_EDGE ( 'NONE', *, *, #5290, .T. ) ;
#9904 = CARTESIAN_POINT ( 'NONE',  ( 0.1250000000000008049, 0.06614378277661442374, 1.224999999999999645 ) ) ;
#9905 = EDGE_CURVE ( 'NONE', #3350, #2222, #272, .T. ) ;
#9906 = ORIENTED_EDGE ( 'NONE', *, *, #9673, .T. ) ;
#9907 = ORIENTED_EDGE ( 'NONE', *, *, #7744, .T. ) ;
#9908 = FACE_OUTER_BOUND ( 'NONE', #2770, .T. ) ;
#9909 = CARTESIAN_POINT ( 'NONE',  ( -0.6250000000000004441, 0.01000000000000000021, 2.490421656884362541E-16 ) ) ;
#9910 = DIRECTION ( 'NONE',  ( 0.7071067811865491270, 0.000000000000000000, -0.7071067811865459074 ) ) ;
#9911 = DIRECTION ( 'NONE',  ( 1.087828266707872308E-17, 0.000000000000000000, 1.000000000000000000 ) ) ;
#9912 = ORIENTED_EDGE ( 'NONE', *, *, #6419, .F. ) ;
#9913 = DIRECTION ( 'NONE',  ( -1.000000000000000000, 0.000000000000000000, -8.340016711426957754E-17 ) ) ;
#9914 = DIRECTION ( 'NONE',  ( -0.000000000000000000, -1.000000000000000000, 0.000000000000000000 ) ) ;
#9915 = DIRECTION ( 'NONE',  ( -1.309382623694023249E-14, 0.000000000000000000, 1.000000000000000000 ) ) ;
#9916 = AXIS2_PLACEMENT_3D ( 'NONE', #482, #316, #3825 ) ;
#9917 = VERTEX_POINT ( 'NONE', #6551 ) ;
#9918 = VECTOR ( 'NONE', #7620, 1000.000000000000000 ) ;
#9919 = ADVANCED_FACE ( 'NONE', ( #6609 ), #2237, .T. ) ;
#9920 = VERTEX_POINT ( 'NONE', #4763 ) ;
#9921 = FACE_OUTER_BOUND ( 'NONE', #1179, .T. ) ;
#9922 = DIRECTION ( 'NONE',  ( 0.000000000000000000, -1.000000000000000000, 0.000000000000000000 ) ) ;
#9923 = CLOSED_SHELL ( 'NONE', ( #8840, #7561, #6991, #618, #3233, #8879, #10700, #8382, #9199, #8182, #9224 ) ) ;
#9924 = PLANE ( 'NONE',  #4978 ) ;
#9925 = DIRECTION ( 'NONE',  ( 0.7071067811865461294, 0.000000000000000000, -0.7071067811865489050 ) ) ;
#9926 = LINE ( 'NONE', #2015, #8975 ) ;
#9927 = AXIS2_PLACEMENT_3D ( 'NONE', #1290, #369, #7410 ) ;
#9928 = CARTESIAN_POINT ( 'NONE',  ( 1.225000000000000089, 0.2000000000000000111, -0.3750000000000002776 ) ) ;
#9929 = VECTOR ( 'NONE', #508, 1000.000000000000000 ) ;
#9930 = CARTESIAN_POINT ( 'NONE',  ( -0.8594077705648186516, 0.08117096151037588025, 1.240592229435187432 ) ) ;
#9931 = CARTESIAN_POINT ( 'NONE',  ( -1.084202172485504681E-16, 0.000000000000000000, 1.300000000000000266 ) ) ;
#9932 = ADVANCED_FACE ( 'NONE', ( #4652 ), #10965, .F. ) ;
#9933 = EDGE_LOOP ( 'NONE', ( #11123, #4746, #7418, #933, #198, #2654, #3009, #5465 ) ) ;
#9934 = MECHANICAL_DESIGN_GEOMETRIC_PRESENTATION_REPRESENTATION (  '', ( #9560 ), #11402 ) ;
#9935 = VERTEX_POINT ( 'NONE', #3782 ) ;
#9936 = DIRECTION ( 'NONE',  ( 0.000000000000000000, 1.000000000000000000, 0.000000000000000000 ) ) ;
#9937 = CARTESIAN_POINT ( 'NONE',  ( -1.249999999999999778, 0.01000000000000005398, 1.124999999999999778 ) ) ;
#9938 = EDGE_CURVE ( 'NONE', #5248, #2081, #438, .T. ) ;
#9939 = DIRECTION ( 'NONE',  ( -1.959903927185304452E-14, 0.000000000000000000, 1.000000000000000000 ) ) ;
#9940 = LINE ( 'NONE', #5366, #8189 ) ;
#9941 = CARTESIAN_POINT ( 'NONE',  ( 7.506015040284254829E-17, 0.01000000000000000021, -0.8999999999999992450 ) ) ;
#9942 = CARTESIAN_POINT ( 'NONE',  ( 0.1500000000000000777, 0.1999999999999996503, -1.299999999999999822 ) ) ;
#9943 = CARTESIAN_POINT ( 'NONE',  ( 0.9249999999999998224, 0.009999999999999998473, 0.1249999999999998196 ) ) ;
#9944 = VECTOR ( 'NONE', #3714, 1000.000000000000000 ) ;
#9945 = VERTEX_POINT ( 'NONE', #6501 ) ;
#9946 = ADVANCED_FACE ( 'NONE', ( #7475 ), #10033, .T. ) ;
#9947 = ORIENTED_EDGE ( 'NONE', *, *, #11212, .F. ) ;
#9948 = EDGE_CURVE ( 'NONE', #8329, #6704, #9046, .T. ) ;
#9949 = ORIENTED_EDGE ( 'NONE', *, *, #4816, .F. ) ;
#9950 = ORIENTED_EDGE ( 'NONE', *, *, #5841, .T. ) ;
#9951 = CARTESIAN_POINT ( 'NONE',  ( 0.1500000000000009936, 0.1999999999999999833, -1.249999999999999556 ) ) ;
#9952 = AXIS2_PLACEMENT_3D ( 'NONE', #8582, #2354, #671 ) ;
#9953 = VECTOR ( 'NONE', #11297, 1000.000000000000000 ) ;
#9954 = CARTESIAN_POINT ( 'NONE',  ( -1.300000000000000044, 0.2000000000000000111, -0.4000000000000000777 ) ) ;
#9955 = LINE ( 'NONE', #8271, #1166 ) ;
#9956 = DIRECTION ( 'NONE',  ( -1.000000000000000000, 0.000000000000000000, -8.340016711426957754E-17 ) ) ;
#9957 = VERTEX_POINT ( 'NONE', #2175 ) ;
#9958 = PLANE ( 'NONE',  #10317 ) ;
#9959 = ORIENTED_EDGE ( 'NONE', *, *, #8391, .T. ) ;
#9960 = ORIENTED_EDGE ( 'NONE', *, *, #9974, .T. ) ;
#9961 = DIRECTION ( 'NONE',  ( 1.000000000000000000, 0.000000000000000000, -2.304624617924156469E-14 ) ) ;
#9962 = AXIS2_PLACEMENT_3D ( 'NONE', #4634, #7283, #10825 ) ;
#9963 = ORIENTED_EDGE ( 'NONE', *, *, #7096, .F. ) ;
#9964 = VECTOR ( 'NONE', #6709, 1000.000000000000000 ) ;
#9965 = ORIENTED_EDGE ( 'NONE', *, *, #6598, .T. ) ;
#9966 = LINE ( 'NONE', #1885, #730 ) ;
#9967 = LINE ( 'NONE', #7297, #5891 ) ;
#9968 = ADVANCED_FACE ( 'NONE', ( #9216 ), #3957, .F. ) ;
#9969 = VECTOR ( 'NONE', #920, 1000.000000000000000 ) ;
#9970 = DIRECTION ( 'NONE',  ( 0.000000000000000000, 1.000000000000000000, 0.000000000000000000 ) ) ;
#9971 = LINE ( 'NONE', #2861, #1307 ) ;
#9972 = ORIENTED_EDGE ( 'NONE', *, *, #7803, .F. ) ;
#9973 = VECTOR ( 'NONE', #5893, 1000.000000000000000 ) ;
#9974 = EDGE_CURVE ( 'NONE', #2866, #8292, #10560, .T. ) ;
#9975 = CARTESIAN_POINT ( 'NONE',  ( -0.8000000000000001554, 0.2000000000000000111, -1.751403509399661104E-16 ) ) ;
#9976 = AXIS2_PLACEMENT_3D ( 'NONE', #5121, #8652, #737 ) ;
#9977 = CARTESIAN_POINT ( 'NONE',  ( -1.249999999999999778, 0.1999999999999999833, -1.124999999999999778 ) ) ;
#9978 = AXIS2_PLACEMENT_3D ( 'NONE', #8425, #3004, #406 ) ;
#9979 = VERTEX_POINT ( 'NONE', #509 ) ;
#9980 = ORIENTED_EDGE ( 'NONE', *, *, #8625, .F. ) ;
#9981 = LINE ( 'NONE', #1953, #5139 ) ;
#9982 = DIRECTION ( 'NONE',  ( 1.000000000000000000, 0.000000000000000000, 8.340016711426957754E-17 ) ) ;
#9983 = CARTESIAN_POINT ( 'NONE',  ( 1.199999999999999956, 0.000000000000000000, 1.149999999999999023 ) ) ;
#9984 = DIRECTION ( 'NONE',  ( 1.626303258728255862E-15, 0.000000000000000000, 1.000000000000000000 ) ) ;
#9985 = EDGE_LOOP ( 'NONE', ( #8324, #7595, #3619, #10584 ) ) ;
#9986 = AXIS2_PLACEMENT_3D ( 'NONE', #1189, #7299, #435 ) ;
#9987 = CARTESIAN_POINT ( 'NONE',  ( -1.225000000000000089, 0.7590169943749474069, -0.6250000000000001110 ) ) ;
#9988 = LINE ( 'NONE', #3684, #3854 ) ;
#9989 = ADVANCED_FACE ( 'NONE', ( #4027 ), #2308, .T. ) ;
#9990 = DIRECTION ( 'NONE',  ( -0.000000000000000000, -1.000000000000000000, 0.000000000000000000 ) ) ;
#9991 = VECTOR ( 'NONE', #305, 1000.000000000000000 ) ;
#9992 = ORIENTED_EDGE ( 'NONE', *, *, #9647, .F. ) ;
#9993 = AXIS2_PLACEMENT_3D ( 'NONE', #8563, #1514, #5836 ) ;
#9994 = ORIENTED_EDGE ( 'NONE', *, *, #8739, .F. ) ;
#9995 = CARTESIAN_POINT ( 'NONE',  ( 0.6500000000000006883, 0.1999999999999999833, 1.250000000000004885 ) ) ;
#9996 = LINE ( 'NONE', #3060, #8852 ) ;
#9997 = LINE ( 'NONE', #7327, #10341 ) ;
#9998 = EDGE_CURVE ( 'NONE', #11198, #7254, #1322, .T. ) ;
#9999 = LINE ( 'NONE', #5426, #75 ) ;
#10000 = LINE ( 'NONE', #4561, #8811 ) ;
#10001 = COLOUR_RGB ( '',0.7921568627450980005, 0.8196078431372548767, 0.9333333333333333481 ) ;
#10002 = CARTESIAN_POINT ( 'NONE',  ( 1.299999999999999822, 5.776955262170046623, 1.300000000000000266 ) ) ;
#10003 = EDGE_LOOP ( 'NONE', ( #1006, #1415, #8497, #4163 ) ) ;
#10004 = ADVANCED_FACE ( 'NONE', ( #10331 ), #3053, .F. ) ;
#10005 = VERTEX_POINT ( 'NONE', #11200 ) ;
#10006 = CARTESIAN_POINT ( 'NONE',  ( 0.6750000000000011546, 0.01000000000000000021, 0.6749999999999999334 ) ) ;
#10007 = ORIENTED_EDGE ( 'NONE', *, *, #3550, .F. ) ;
#10008 = ORIENTED_EDGE ( 'NONE', *, *, #3416, .T. ) ;
#10009 = CARTESIAN_POINT ( 'NONE',  ( 0.1250000000000008049, 0.9846177413237633402, 1.224999999999999645 ) ) ;
#10010 = CARTESIAN_POINT ( 'NONE',  ( -0.4999999999999995559, 0.2000000000000000944, 0.4999999999999994449 ) ) ;
#10011 = VECTOR ( 'NONE', #3615, 1000.000000000000000 ) ;
#10012 = EDGE_CURVE ( 'NONE', #4586, #6506, #10276, .T. ) ;
#10013 = LINE ( 'NONE', #6481, #8483 ) ;
#10014 = ADVANCED_FACE ( 'NONE', ( #4947 ), #7610, .T. ) ;
#10015 = DIRECTION ( 'NONE',  ( -1.409462824231155133E-14, 8.881784197001258240E-16, -1.000000000000000000 ) ) ;
#10016 = CARTESIAN_POINT ( 'NONE',  ( 1.454290414055092601E-14, 0.01000000000000000021, 1.125000000000015987 ) ) ;
#10017 = ORIENTED_EDGE ( 'NONE', *, *, #6175, .F. ) ;
#10018 = ADVANCED_FACE ( 'NONE', ( #8479 ), #2256, .F. ) ;
#10019 = FACE_OUTER_BOUND ( 'NONE', #3975, .T. ) ;
#10020 = VECTOR ( 'NONE', #1808, 1000.000000000000000 ) ;
#10021 = ORIENTED_EDGE ( 'NONE', *, *, #10680, .F. ) ;
#10022 = ORIENTED_EDGE ( 'NONE', *, *, #9196, .T. ) ;
#10023 = CARTESIAN_POINT ( 'NONE',  ( 1.250000000000000000, 0.08660254037844411501, 0.9249999999999993783 ) ) ;
#10024 = ORIENTED_EDGE ( 'NONE', *, *, #2600, .T. ) ;
#10025 = VECTOR ( 'NONE', #9368, 1000.000000000000000 ) ;
#10026 = VERTEX_POINT ( 'NONE', #11032 ) ;
#10027 = CARTESIAN_POINT ( 'NONE',  ( -0.9250000000000001554, 0.2000000000000000111, 0.4999999999999997780 ) ) ;
#10028 = EDGE_CURVE ( 'NONE', #7966, #9505, #3972, .T. ) ;
#10029 = CARTESIAN_POINT ( 'NONE',  ( 0.9249999999999998224, 0.2000000000000000111, 0.6249999999999997780 ) ) ;
#10030 = LINE ( 'NONE', #2062, #1524 ) ;
#10031 = DIRECTION ( 'NONE',  ( 1.000000000000000000, 0.000000000000000000, 8.340016711426957754E-17 ) ) ;
#10032 = ORIENTED_EDGE ( 'NONE', *, *, #9614, .T. ) ;
#10033 = PLANE ( 'NONE',  #2267 ) ;
#10034 = EDGE_CURVE ( 'NONE', #6633, #7675, #9145, .T. ) ;
#10035 = CARTESIAN_POINT ( 'NONE',  ( -0.6250000000000011102, 0.1999999999999999833, 1.225000000000004974 ) ) ;
#10036 = AXIS2_PLACEMENT_3D ( 'NONE', #11281, #1790, #3302 ) ;
#10037 = DIRECTION ( 'NONE',  ( 1.000000000000000000, 0.000000000000000000, 5.652677993300369151E-16 ) ) ;
#10038 = ORIENTED_EDGE ( 'NONE', *, *, #6154, .T. ) ;
#10039 = EDGE_CURVE ( 'NONE', #4471, #8643, #5760, .T. ) ;
#10040 = VERTEX_POINT ( 'NONE', #7547 ) ;
#10041 = PLANE ( 'NONE',  #3485 ) ;
#10042 = CARTESIAN_POINT ( 'NONE',  ( 1.250000000000000000, 0.1999999999999999833, -0.9249999999999991562 ) ) ;
#10043 = VECTOR ( 'NONE', #7671, 1000.000000000000000 ) ;
#10044 = DIRECTION ( 'NONE',  ( 0.000000000000000000, 1.000000000000000000, 0.000000000000000000 ) ) ;
#10045 = DIRECTION ( 'NONE',  ( -1.000000000000000000, 0.000000000000000000, -8.340016711426957754E-17 ) ) ;
#10046 = ORIENTED_EDGE ( 'NONE', *, *, #3228, .T. ) ;
#10047 = DIRECTION ( 'NONE',  ( 0.000000000000000000, 1.000000000000000000, 0.000000000000000000 ) ) ;
#10048 = EDGE_CURVE ( 'NONE', #2503, #958, #1489, .T. ) ;
#10049 = ORIENTED_EDGE ( 'NONE', *, *, #3934, .T. ) ;
#10050 = EDGE_CURVE ( 'NONE', #2122, #323, #2197, .T. ) ;
#10051 = ORIENTED_EDGE ( 'NONE', *, *, #3674, .F. ) ;
#10052 = CARTESIAN_POINT ( 'NONE',  ( -0.3750000000000013878, 0.1999999999999999833, 0.9249999999999993783 ) ) ;
#10053 = DIRECTION ( 'NONE',  ( 1.000000000000000000, 0.000000000000000000, 0.000000000000000000 ) ) ;
#10054 = DIRECTION ( 'NONE',  ( 1.309382623694023249E-14, 0.000000000000000000, -1.000000000000000000 ) ) ;
#10055 = CARTESIAN_POINT ( 'NONE',  ( -1.300000000000000044, 0.2000000000000000111, 0.3999999999999998557 ) ) ;
#10056 = DIRECTION ( 'NONE',  ( 0.000000000000000000, -1.000000000000000000, 0.000000000000000000 ) ) ;
#10057 = CARTESIAN_POINT ( 'NONE',  ( -0.6250000000000009992, 0.000000000000000000, 0.9999999999999991118 ) ) ;
#10058 = ORIENTED_EDGE ( 'NONE', *, *, #6937, .T. ) ;
#10059 = DIRECTION ( 'NONE',  ( -1.000000000000000000, 0.000000000000000000, 1.726383459265352564E-14 ) ) ;
#10060 = ORIENTED_EDGE ( 'NONE', *, *, #5271, .T. ) ;
#10061 = VERTEX_POINT ( 'NONE', #5700 ) ;
#10062 = ORIENTED_EDGE ( 'NONE', *, *, #3005, .F. ) ;
#10063 = LINE ( 'NONE', #417, #1313 ) ;
#10064 = LINE ( 'NONE', #4047, #9991 ) ;
#10065 = CARTESIAN_POINT ( 'NONE',  ( 1.300000000000000044, 0.000000000000000000, 1.150000000000000355 ) ) ;
#10066 = VECTOR ( 'NONE', #8544, 1000.000000000000000 ) ;
#10067 = CARTESIAN_POINT ( 'NONE',  ( -0.5499999999999998224, 0.01000000000000000021, 0.5500000000000021538 ) ) ;
#10068 = FACE_OUTER_BOUND ( 'NONE', #9129, .T. ) ;
#10069 = ORIENTED_EDGE ( 'NONE', *, *, #8772, .F. ) ;
#10070 = DIRECTION ( 'NONE',  ( 0.000000000000000000, 1.000000000000000000, 0.000000000000000000 ) ) ;
#10071 = ORIENTED_EDGE ( 'NONE', *, *, #5373, .F. ) ;
#10072 = VERTEX_POINT ( 'NONE', #9236 ) ;
#10073 = PLANE ( 'NONE',  #9371 ) ;
#10074 = EDGE_CURVE ( 'NONE', #11329, #5963, #4144, .T. ) ;
#10075 = ORIENTED_EDGE ( 'NONE', *, *, #4911, .T. ) ;
#10076 = ORIENTED_EDGE ( 'NONE', *, *, #9268, .F. ) ;
#10077 = CYLINDRICAL_SURFACE ( 'NONE', #10895, 0.1250000000000000000 ) ;
#10078 = LINE ( 'NONE', #7357, #3138 ) ;
#10079 = EDGE_CURVE ( 'NONE', #11171, #667, #409, .T. ) ;
#10080 = CARTESIAN_POINT ( 'NONE',  ( -1.010601525007147726E-14, 0.01000000000000000021, 0.9249999999999857225 ) ) ;
#10081 = DIRECTION ( 'NONE',  ( 1.000000000000000000, 0.000000000000000000, 8.340016711426957754E-17 ) ) ;
#10082 = ORIENTED_EDGE ( 'NONE', *, *, #5131, .F. ) ;
#10083 = CIRCLE ( 'NONE', #2520, 0.1250000000000000000 ) ;
#10084 = DIRECTION ( 'NONE',  ( 1.000000000000000000, 0.000000000000000000, -2.780005570475647818E-16 ) ) ;
#10085 = DIRECTION ( 'NONE',  ( -1.000000000000000000, 0.000000000000000000, -8.340016711426957754E-17 ) ) ;
#10086 = EDGE_LOOP ( 'NONE', ( #1742, #5789, #4076, #1049 ) ) ;
#10087 = CARTESIAN_POINT ( 'NONE',  ( 0.8500000000000008660, 0.1999999999999999833, 1.250000000000005107 ) ) ;
#10088 = EDGE_CURVE ( 'NONE', #2414, #8371, #8540, .T. ) ;
#10089 = ORIENTED_EDGE ( 'NONE', *, *, #3043, .T. ) ;
#10090 = EDGE_CURVE ( 'NONE', #436, #1062, #3982, .T. ) ;
#10091 = ORIENTED_EDGE ( 'NONE', *, *, #2878, .F. ) ;
#10092 = VECTOR ( 'NONE', #3377, 1000.000000000000000 ) ;
#10093 = EDGE_CURVE ( 'NONE', #2542, #2479, #6961, .T. ) ;
#10094 = DIRECTION ( 'NONE',  ( -1.000000000000000000, 0.000000000000000000, -8.340016711426957754E-17 ) ) ;
#10095 = DIRECTION ( 'NONE',  ( 0.000000000000000000, -1.000000000000000000, 0.000000000000000000 ) ) ;
#10096 = LINE ( 'NONE', #9983, #5717 ) ;
#10097 = DIRECTION ( 'NONE',  ( 1.000000000000000000, 0.000000000000000000, 0.000000000000000000 ) ) ;
#10098 = EDGE_LOOP ( 'NONE', ( #1963, #2856, #3903, #5209 ) ) ;
#10099 = DIRECTION ( 'NONE',  ( 1.000000000000000000, -0.000000000000000000, 8.340016711426957754E-17 ) ) ;
#10100 = AXIS2_PLACEMENT_3D ( 'NONE', #4643, #8978, #2056 ) ;
#10101 = LINE ( 'NONE', #2019, #876 ) ;
#10102 = DIRECTION ( 'NONE',  ( -8.340016711426957754E-17, 0.000000000000000000, 1.000000000000000000 ) ) ;
#10103 = ORIENTED_EDGE ( 'NONE', *, *, #9124, .T. ) ;
#10104 = ORIENTED_EDGE ( 'NONE', *, *, #10800, .T. ) ;
#10105 = FACE_OUTER_BOUND ( 'NONE', #6540, .T. ) ;
#10106 = VECTOR ( 'NONE', #4226, 1000.000000000000000 ) ;
#10107 = DIRECTION ( 'NONE',  ( -0.7071067811865489050, 0.000000000000000000, -0.7071067811865461294 ) ) ;
#10108 = UNCERTAINTY_MEASURE_WITH_UNIT (LENGTH_MEASURE( 1.000000000000000082E-05 ), #1040, 'distance_accuracy_value', 'NONE');
#10109 = AXIS2_PLACEMENT_3D ( 'NONE', #6179, #3701, #8089 ) ;
#10110 = CARTESIAN_POINT ( 'NONE',  ( 0.1321853034556765560, 0.07429115107872211188, 1.232185303455675562 ) ) ;
#10111 = EDGE_CURVE ( 'NONE', #8196, #1222, #679, .T. ) ;
#10112 = CARTESIAN_POINT ( 'NONE',  ( 0.9249999999999998224, 0.2000000000000000111, -0.6250000000000002220 ) ) ;
#10113 = CARTESIAN_POINT ( 'NONE',  ( -0.9249999999999998224, 0.2000000000000000111, -0.3750000000000001110 ) ) ;
#10114 = EDGE_CURVE ( 'NONE', #3946, #6227, #13, .T. ) ;
#10115 = FACE_OUTER_BOUND ( 'NONE', #9785, .T. ) ;
#10116 = VERTEX_POINT ( 'NONE', #11314 ) ;
#10117 = COLOUR_RGB ( '',0.7921568627450980005, 0.8196078431372548767, 0.9333333333333333481 ) ;
#10118 = DIRECTION ( 'NONE',  ( 8.340016711426957754E-17, -0.000000000000000000, -1.000000000000000000 ) ) ;
#10119 = ORIENTED_EDGE ( 'NONE', *, *, #833, .T. ) ;
#10120 = ORIENTED_EDGE ( 'NONE', *, *, #527, .T. ) ;
#10121 = ORIENTED_EDGE ( 'NONE', *, *, #9510, .F. ) ;
#10122 = LINE ( 'NONE', #9951, #6665 ) ;
#10123 = DIRECTION ( 'NONE',  ( 0.000000000000000000, -1.000000000000000000, 0.000000000000000000 ) ) ;
#10124 = LINE ( 'NONE', #2327, #1479 ) ;
#10125 = VECTOR ( 'NONE', #5116, 1000.000000000000000 ) ;
#10126 = DIRECTION ( 'NONE',  ( 0.7071067811865459074, 0.000000000000000000, 0.7071067811865491270 ) ) ;
#10127 = ORIENTED_EDGE ( 'NONE', *, *, #624, .T. ) ;
#10128 = DIRECTION ( 'NONE',  ( -0.000000000000000000, -1.000000000000000000, 0.000000000000000000 ) ) ;
#10129 = ADVANCED_FACE ( 'NONE', ( #7887 ), #4310, .F. ) ;
#10130 = ORIENTED_EDGE ( 'NONE', *, *, #1784, .T. ) ;
#10131 = ORIENTED_EDGE ( 'NONE', *, *, #8680, .T. ) ;
#10132 = CARTESIAN_POINT ( 'NONE',  ( 0.9249999999999998224, 0.009999999999999998473, -0.3750000000000002220 ) ) ;
#10133 = VECTOR ( 'NONE', #4811, 1000.000000000000000 ) ;
#10134 = EDGE_LOOP ( 'NONE', ( #7277, #5534, #10060, #9099 ) ) ;
#10135 = ORIENTED_EDGE ( 'NONE', *, *, #10050, .F. ) ;
#10136 = PLANE ( 'NONE',  #911 ) ;
#10137 = DIRECTION ( 'NONE',  ( -0.000000000000000000, -1.000000000000000000, 0.000000000000000000 ) ) ;
#10138 = DIRECTION ( 'NONE',  ( 1.000000000000000000, 0.000000000000000000, 0.000000000000000000 ) ) ;
#10139 = LINE ( 'NONE', #2121, #4256 ) ;
#10140 = VERTEX_POINT ( 'NONE', #1598 ) ;
#10141 = EDGE_CURVE ( 'NONE', #9467, #5591, #11258, .T. ) ;
#10142 = DIRECTION ( 'NONE',  ( -1.000000000000000000, 0.000000000000000000, 1.292702590271175087E-14 ) ) ;
#10143 = AXIS2_PLACEMENT_3D ( 'NONE', #9795, #5394, #8053 ) ;
#10144 = CARTESIAN_POINT ( 'NONE',  ( -1.300000000000000044, 0.7590169943749474069, 0.09999999999999993616 ) ) ;
#10145 = VERTEX_POINT ( 'NONE', #3562 ) ;
#10146 = LINE ( 'NONE', #8293, #8991 ) ;
#10147 = EDGE_CURVE ( 'NONE', #8635, #10466, #3442, .T. ) ;
#10148 = EDGE_LOOP ( 'NONE', ( #512, #1400, #9852, #6987 ) ) ;
#10149 = ORIENTED_EDGE ( 'NONE', *, *, #7636, .T. ) ;
#10150 = VECTOR ( 'NONE', #2605, 1000.000000000000000 ) ;
#10151 = AXIS2_PLACEMENT_3D ( 'NONE', #307, #2846, #3709 ) ;
#10152 = CARTESIAN_POINT ( 'NONE',  ( -1.300000000000000266, 0.01000000000000000021, -1.300000000000000044 ) ) ;
#10153 = CARTESIAN_POINT ( 'NONE',  ( 0.1500000000000000222, 0.1999999999999999833, -1.300000000000000266 ) ) ;
#10154 = DIRECTION ( 'NONE',  ( -1.000000000000000000, 0.000000000000000000, 2.780005570475648805E-16 ) ) ;
#10155 = DIRECTION ( 'NONE',  ( -1.409462824231155133E-14, -3.552713678800503296E-15, 1.000000000000000000 ) ) ;
#10156 = ORIENTED_EDGE ( 'NONE', *, *, #851, .T. ) ;
#10157 = ADVANCED_FACE ( 'NONE', ( #898 ), #8646, .F. ) ;
#10158 = LINE ( 'NONE', #1373, #9075 ) ;
#10159 = LINE ( 'NONE', #8628, #11420 ) ;
#10160 = EDGE_CURVE ( 'NONE', #1535, #6472, #5989, .T. ) ;
#10161 = FILL_AREA_STYLE ('',( #4839 ) ) ;
#10162 = VECTOR ( 'NONE', #3924, 1000.000000000000000 ) ;
#10163 = CARTESIAN_POINT ( 'NONE',  ( -1.200000000000000178, 0.000000000000000000, -1.149999999999998579 ) ) ;
#10164 = AXIS2_PLACEMENT_3D ( 'NONE', #2931, #6336, #7259 ) ;
#10165 = VERTEX_POINT ( 'NONE', #3392 ) ;
#10166 = VECTOR ( 'NONE', #6334, 1000.000000000000114 ) ;
#10167 = VERTEX_POINT ( 'NONE', #11414 ) ;
#10168 = CARTESIAN_POINT ( 'NONE',  ( -1.300000000000000044, 0.000000000000000000, 0.9249999999999994893 ) ) ;
#10169 = CARTESIAN_POINT ( 'NONE',  ( 1.300000000000000044, 0.9846177413237633402, -0.9249999999999997113 ) ) ;
#10170 = VECTOR ( 'NONE', #7657, 1000.000000000000000 ) ;
#10171 = CARTESIAN_POINT ( 'NONE',  ( -1.250000000000000000, 0.08660254037844389297, -0.9249999999999993783 ) ) ;
#10172 = FACE_OUTER_BOUND ( 'NONE', #383, .T. ) ;
#10173 = CARTESIAN_POINT ( 'NONE',  ( 0.3500000000000008105, 0.1999999999999999833, 1.249999999999999778 ) ) ;
#10174 = LINE ( 'NONE', #9305, #7147 ) ;
#10175 = VECTOR ( 'NONE', #8051, 1000.000000000000000 ) ;
#10176 = ORIENTED_EDGE ( 'NONE', *, *, #4210, .F. ) ;
#10177 = AXIS2_PLACEMENT_3D ( 'NONE', #3540, #5149, #1873 ) ;
#10178 = ORIENTED_EDGE ( 'NONE', *, *, #8639, .T. ) ;
#10179 = ORIENTED_EDGE ( 'NONE', *, *, #3988, .T. ) ;
#10180 = ORIENTED_EDGE ( 'NONE', *, *, #3020, .T. ) ;
#10181 = CARTESIAN_POINT ( 'NONE',  ( -1.225000000000000089, 0.01000000000000000021, -0.6250000000000001110 ) ) ;
#10182 = DIRECTION ( 'NONE',  ( -0.7071067811865443531, 0.000000000000000000, -0.7071067811865506814 ) ) ;
#10183 = ADVANCED_FACE ( 'NONE', ( #8707 ), #788, .F. ) ;
#10184 = CARTESIAN_POINT ( 'NONE',  ( 1.225000000000000089, 0.1999999999999999833, 0.6249999999999997780 ) ) ;
#10185 = VECTOR ( 'NONE', #2192, 1000.000000000000000 ) ;
#10186 = DIRECTION ( 'NONE',  ( -0.000000000000000000, -1.000000000000000000, 0.000000000000000000 ) ) ;
#10187 = DIRECTION ( 'NONE',  ( 0.000000000000000000, 1.000000000000000000, -0.000000000000000000 ) ) ;
#10188 = VERTEX_POINT ( 'NONE', #8816 ) ;
#10189 = FACE_OUTER_BOUND ( 'NONE', #7348, .T. ) ;
#10190 = EDGE_CURVE ( 'NONE', #5084, #4471, #4422, .T. ) ;
#10191 = ORIENTED_EDGE ( 'NONE', *, *, #7778, .T. ) ;
#10192 = ORIENTED_EDGE ( 'NONE', *, *, #3842, .T. ) ;
#10193 = CARTESIAN_POINT ( 'NONE',  ( 1.300000000000000044, 0.1999999999999999833, 1.124999999999999334 ) ) ;
#10194 = VECTOR ( 'NONE', #9407, 1000.000000000000000 ) ;
#10195 = VERTEX_POINT ( 'NONE', #6100 ) ;
#10196 = ORIENTED_EDGE ( 'NONE', *, *, #10544, .F. ) ;
#10197 = CARTESIAN_POINT ( 'NONE',  ( 1.250000000000000000, 0.7590169943749474069, -0.1000000000000002554 ) ) ;
#10198 = CARTESIAN_POINT ( 'NONE',  ( -1.250000000000000000, 0.2000000000000000111, -0.6000000000000001998 ) ) ;
#10199 = LINE ( 'NONE', #1356, #2458 ) ;
#10200 = FACE_OUTER_BOUND ( 'NONE', #4073, .T. ) ;
#10201 = VERTEX_POINT ( 'NONE', #3500 ) ;
#10202 = LINE ( 'NONE', #3263, #1680 ) ;
#10203 = VECTOR ( 'NONE', #8990, 1000.000000000000000 ) ;
#10204 = EDGE_CURVE ( 'NONE', #9556, #3813, #10632, .T. ) ;
#10205 = DIRECTION ( 'NONE',  ( 0.7071067811865474617, 0.000000000000000000, 0.7071067811865476838 ) ) ;
#10206 = ORIENTED_EDGE ( 'NONE', *, *, #9938, .F. ) ;
#10207 = LINE ( 'NONE', #1414, #4554 ) ;
#10208 = AXIS2_PLACEMENT_3D ( 'NONE', #11407, #6952, #7770 ) ;
#10209 = VERTEX_POINT ( 'NONE', #10391 ) ;
#10210 = VERTEX_POINT ( 'NONE', #8757 ) ;
#10211 = CARTESIAN_POINT ( 'NONE',  ( -1.300000000000000044, 0.1999999999999999833, -0.1000000000000001582 ) ) ;
#10212 = CARTESIAN_POINT ( 'NONE',  ( 0.8749999999999992228, 0.1999999999999999833, -1.149999999999999911 ) ) ;
#10213 = DIRECTION ( 'NONE',  ( -0.000000000000000000, -1.000000000000000000, 0.000000000000000000 ) ) ;
#10214 = CARTESIAN_POINT ( 'NONE',  ( -1.300000000000000044, 0.2000000000000000111, 0.09999999999999993616 ) ) ;
#10215 = ORIENTED_EDGE ( 'NONE', *, *, #4453, .F. ) ;
#10216 = LINE ( 'NONE', #2306, #10554 ) ;
#10217 = AXIS2_PLACEMENT_3D ( 'NONE', #2729, #2900, #4687 ) ;
#10218 = CARTESIAN_POINT ( 'NONE',  ( 0.1500000000000007716, 0.1999999999999999833, 1.249999999999999556 ) ) ;
#10219 = SURFACE_STYLE_FILL_AREA ( #7718 ) ;
#10220 = DIRECTION ( 'NONE',  ( 0.7071067811865489050, 0.000000000000000000, 0.7071067811865461294 ) ) ;
#10221 = CARTESIAN_POINT ( 'NONE',  ( 0.5000000000000003331, 1.614213562373095323, 0.4999999999999997780 ) ) ;
#10222 = ORIENTED_EDGE ( 'NONE', *, *, #437, .F. ) ;
#10223 = ADVANCED_FACE ( 'NONE', ( #840 ), #11363, .F. ) ;
#10224 = VECTOR ( 'NONE', #808, 1000.000000000000000 ) ;
#10225 = ORIENTED_EDGE ( 'NONE', *, *, #4438, .F. ) ;
#10226 = DIRECTION ( 'NONE',  ( 1.000000000000000000, 0.000000000000000000, -1.292702590271175087E-14 ) ) ;
#10227 = CARTESIAN_POINT ( 'NONE',  ( -0.3500000000000010325, 0.1999999999999999833, 1.249999999999999778 ) ) ;
#10228 = CARTESIAN_POINT ( 'NONE',  ( -0.8594077705648183185, 0.08117096151037624108, -1.240592229435187654 ) ) ;
#10229 = EDGE_CURVE ( 'NONE', #11303, #4715, #9687, .T. ) ;
#10230 = EDGE_CURVE ( 'NONE', #656, #7008, #3839, .T. ) ;
#10231 = FACE_OUTER_BOUND ( 'NONE', #2324, .T. ) ;
#10232 = FACE_OUTER_BOUND ( 'NONE', #3139, .T. ) ;
#10233 = DIRECTION ( 'NONE',  ( 1.000000000000000000, 0.000000000000000000, 8.340016711426957754E-17 ) ) ;
#10234 = ORIENTED_EDGE ( 'NONE', *, *, #4210, .T. ) ;
#10235 = VERTEX_POINT ( 'NONE', #6328 ) ;
#10236 = EDGE_CURVE ( 'NONE', #76, #1719, #10669, .T. ) ;
#10237 = EDGE_CURVE ( 'NONE', #3874, #2652, #7252, .T. ) ;
#10238 = VERTEX_POINT ( 'NONE', #2924 ) ;
#10239 = PLANE ( 'NONE',  #5096 ) ;
#10240 = FACE_OUTER_BOUND ( 'NONE', #4297, .T. ) ;
#10241 = EDGE_CURVE ( 'NONE', #175, #6239, #10910, .T. ) ;
#10242 = DIRECTION ( 'NONE',  ( -0.7071067811865443531, 0.000000000000000000, -0.7071067811865506814 ) ) ;
#10243 = DIRECTION ( 'NONE',  ( 0.000000000000000000, -1.000000000000000000, 0.000000000000000000 ) ) ;
#10244 = ORIENTED_EDGE ( 'NONE', *, *, #1001, .T. ) ;
#10245 = CARTESIAN_POINT ( 'NONE',  ( 9.591019218141012140E-17, 0.01000000000000000021, -0.5000000000000005551 ) ) ;
#10246 = ORIENTED_EDGE ( 'NONE', *, *, #4540, .F. ) ;
#10247 = VERTEX_POINT ( 'NONE', #4536 ) ;
#10248 = DIRECTION ( 'NONE',  ( 0.000000000000000000, -1.000000000000000000, 0.000000000000000000 ) ) ;
#10249 = EDGE_LOOP ( 'NONE', ( #719, #5579, #91, #1990, #163, #3769, #7048, #1350, #8883 ) ) ;
#10250 = ORIENTED_EDGE ( 'NONE', *, *, #387, .F. ) ;
#10251 = DIRECTION ( 'NONE',  ( 0.000000000000000000, -1.000000000000000000, 0.000000000000000000 ) ) ;
#10253 = EDGE_CURVE ( 'NONE', #3144, #2556, #3732, .T. ) ;
#10252 = DIRECTION ( 'NONE',  ( -8.340016711426957754E-17, -0.000000000000000000, 1.000000000000000000 ) ) ;
#10254 = FACE_OUTER_BOUND ( 'NONE', #1387, .T. ) ;
#10255 = CARTESIAN_POINT ( 'NONE',  ( 0.3500000000000010880, 0.08660254037844405950, -1.249999999999999778 ) ) ;
#10256 = VERTEX_POINT ( 'NONE', #2752 ) ;
#10257 = ADVANCED_FACE ( 'NONE', ( #9744 ), #7365, .F. ) ;
#10258 = CYLINDRICAL_SURFACE ( 'NONE', #585, 0.1000000000000000472 ) ;
#10259 = EDGE_CURVE ( 'NONE', #11034, #9449, #5577, .T. ) ;
#10260 = ORIENTED_EDGE ( 'NONE', *, *, #8478, .T. ) ;
#10261 = AXIS2_PLACEMENT_3D ( 'NONE', #2200, #5478, #1968 ) ;
#10262 = DIRECTION ( 'NONE',  ( 0.000000000000000000, -1.000000000000000000, 0.000000000000000000 ) ) ;
#10263 = EDGE_LOOP ( 'NONE', ( #5265, #9755, #7624, #4950, #1475 ) ) ;
#10264 = CARTESIAN_POINT ( 'NONE',  ( 0.8500000000000008660, 0.1999999999999999833, 1.250000000000005107 ) ) ;
#10265 = ORIENTED_EDGE ( 'NONE', *, *, #8542, .T. ) ;
#10266 = EDGE_LOOP ( 'NONE', ( #7568, #467, #2679, #8155 ) ) ;
#10267 = LINE ( 'NONE', #1418, #5515 ) ;
#10268 = DIRECTION ( 'NONE',  ( -0.000000000000000000, -1.000000000000000000, 0.000000000000000000 ) ) ;
#10269 = AXIS2_PLACEMENT_3D ( 'NONE', #7364, #382, #2751 ) ;
#10270 =( BOUNDED_CURVE ( )  B_SPLINE_CURVE ( 3, ( #7239, #5564, #5322, #205 ),
 .UNSPECIFIED., .F., .F. ) 
 B_SPLINE_CURVE_WITH_KNOTS ( ( 4, 4 ),
 ( 2.094395102393193486, 2.418858405776372233 ),
 .UNSPECIFIED. ) 
 CURVE ( )  GEOMETRIC_REPRESENTATION_ITEM ( )  RATIONAL_B_SPLINE_CURVE ( ( 1.000000000000000000, 0.9912461883984129418, 0.9912461883984129418, 1.000000000000000000 ) ) 
 REPRESENTATION_ITEM ( '' )  );
#10271 = CARTESIAN_POINT ( 'NONE',  ( -0.6500000000000006883, 0.1999999999999999833, -1.250000000000004885 ) ) ;
#10272 = PLANE ( 'NONE',  #4626 ) ;
#10273 = EDGE_LOOP ( 'NONE', ( #4587, #7281, #4614, #10477 ) ) ;
#10274 = DIRECTION ( 'NONE',  ( 1.000000000000000000, 0.000000000000000000, 8.340016711426957754E-17 ) ) ;
#10275 = CARTESIAN_POINT ( 'NONE',  ( 1.225000000000000089, 0.1999999999999999833, 0.6249999999999997780 ) ) ;
#10276 = LINE ( 'NONE', #10163, #10194 ) ;
#10277 = VECTOR ( 'NONE', #2464, 1000.000000000000000 ) ;
#10278 = FACE_OUTER_BOUND ( 'NONE', #2244, .T. ) ;
#10279 = ORIENTED_EDGE ( 'NONE', *, *, #371, .T. ) ;
#10280 = DIRECTION ( 'NONE',  ( 0.000000000000000000, -1.000000000000000000, 0.000000000000000000 ) ) ;
#10281 = CARTESIAN_POINT ( 'NONE',  ( 1.225000000000000089, 0.009999999999999998473, -0.3750000000000002776 ) ) ;
#10282 = CARTESIAN_POINT ( 'NONE',  ( -0.3500000000000010325, 0.01000000000000005398, 1.249999999999999778 ) ) ;
#10283 = PLANE ( 'NONE',  #4308 ) ;
#10284 = LINE ( 'NONE', #640, #6213 ) ;
#10285 = ADVANCED_FACE ( 'NONE', ( #8234 ), #326, .T. ) ;
#10286 = CARTESIAN_POINT ( 'NONE',  ( 1.250000000000000000, 0.1999999999999999833, -0.4000000000000001887 ) ) ;
#10287 = VERTEX_POINT ( 'NONE', #1949 ) ;
#10288 = ORIENTED_EDGE ( 'NONE', *, *, #2558, .T. ) ;
#10289 = VECTOR ( 'NONE', #3484, 1000.000000000000000 ) ;
#10290 = ADVANCED_FACE ( 'NONE', ( #5461 ), #10790, .T. ) ;
#10291 = AXIS2_PLACEMENT_3D ( 'NONE', #9127, #6408, #9076 ) ;
#10292 = ORIENTED_EDGE ( 'NONE', *, *, #8892, .F. ) ;
#10293 = DIRECTION ( 'NONE',  ( -3.984674651014977107E-16, 0.000000000000000000, -1.000000000000000000 ) ) ;
#10294 = FACE_OUTER_BOUND ( 'NONE', #2116, .T. ) ;
#10295 = DIRECTION ( 'NONE',  ( -0.000000000000000000, -1.000000000000000000, 0.000000000000000000 ) ) ;
#10296 = AXIS2_PLACEMENT_3D ( 'NONE', #1684, #5195, #1740 ) ;
#10297 = SURFACE_STYLE_FILL_AREA ( #11169 ) ;
#10298 = CARTESIAN_POINT ( 'NONE',  ( -1.000802005371235004E-16, 0.000000000000000000, 1.200000000000000178 ) ) ;
#10299 = ORIENTED_EDGE ( 'NONE', *, *, #144, .T. ) ;
#10300 = VECTOR ( 'NONE', #1745, 1000.000000000000114 ) ;
#10301 = EDGE_CURVE ( 'NONE', #7335, #10479, #9805, .T. ) ;
#10302 = PLANE ( 'NONE',  #5504 ) ;
#10303 = STYLED_ITEM ( 'NONE', ( #3279 ), #1791 ) ;
#10304 = ORIENTED_EDGE ( 'NONE', *, *, #7380, .T. ) ;
#10305 = ORIENTED_EDGE ( 'NONE', *, *, #3400, .F. ) ;
#10306 = CARTESIAN_POINT ( 'NONE',  ( -1.249999999999999778, 0.1999999999999999833, 1.124999999999999778 ) ) ;
#10307 = ORIENTED_EDGE ( 'NONE', *, *, #276, .F. ) ;
#10308 = VERTEX_POINT ( 'NONE', #5339 ) ;
#10309 = PLANE ( 'NONE',  #7739 ) ;
#10310 = CARTESIAN_POINT ( 'NONE',  ( 1.225000000000000089, 0.2000000000000000111, 0.3749999999999997780 ) ) ;
#10311 = PLANE ( 'NONE',  #3169 ) ;
#10312 = VERTEX_POINT ( 'NONE', #8878 ) ;
#10313 = CARTESIAN_POINT ( 'NONE',  ( -0.6405922294351833468, 0.08117096151037604679, -1.240592229435187432 ) ) ;
#10314 = CARTESIAN_POINT ( 'NONE',  ( 0.3594077705648185406, 0.08117096151037203611, 1.240592229435182103 ) ) ;
#10315 = VERTEX_POINT ( 'NONE', #7134 ) ;
#10316 = LINE ( 'NONE', #7006, #11217 ) ;
#10317 = AXIS2_PLACEMENT_3D ( 'NONE', #9091, #9031, #2051 ) ;
#10318 = ORIENTED_EDGE ( 'NONE', *, *, #1396, .F. ) ;
#10319 = ORIENTED_EDGE ( 'NONE', *, *, #6466, .F. ) ;
#10320 = EDGE_CURVE ( 'NONE', #6541, #5117, #9825, .T. ) ;
#10321 = CARTESIAN_POINT ( 'NONE',  ( 1.232185303455676229, 0.07429115107872311108, -0.6178146965443245264 ) ) ;
#10322 = DIRECTION ( 'NONE',  ( 0.000000000000000000, 1.000000000000000000, 0.000000000000000000 ) ) ;
#10323 = ADVANCED_FACE ( 'NONE', ( #2069 ), #7304, .T. ) ;
#10324 = DIRECTION ( 'NONE',  ( -1.000000000000000000, 0.000000000000000000, 0.000000000000000000 ) ) ;
#10325 = LINE ( 'NONE', #783, #10170 ) ;
#10326 = VERTEX_POINT ( 'NONE', #105 ) ;
#10327 = AXIS2_PLACEMENT_3D ( 'NONE', #10783, #212, #1942 ) ;
#10328 = VECTOR ( 'NONE', #2936, 1000.000000000000000 ) ;
#10329 = LINE ( 'NONE', #6037, #6684 ) ;
#10330 = CARTESIAN_POINT ( 'NONE',  ( 0.8500000000000004219, 0.9846177413237633402, -1.300000000000005373 ) ) ;
#10331 = FACE_OUTER_BOUND ( 'NONE', #9830, .T. ) ;
#10332 = CARTESIAN_POINT ( 'NONE',  ( 1.224999999999999423, 0.06614378277661447925, 1.150000000000000133 ) ) ;
#10333 = VECTOR ( 'NONE', #3833, 1000.000000000000000 ) ;
#10334 = EDGE_LOOP ( 'NONE', ( #8810, #3612, #8168, #2100, #9132 ) ) ;
#10335 = VECTOR ( 'NONE', #7695, 1000.000000000000000 ) ;
#10336 = CARTESIAN_POINT ( 'NONE',  ( 1.299999999999999822, 0.000000000000000000, -0.6000000000000001998 ) ) ;
#10337 = CARTESIAN_POINT ( 'NONE',  ( 0.3500000000000010325, 0.9846177413237633402, -1.249999999999999778 ) ) ;
#10338 = CIRCLE ( 'NONE', #9231, 0.1000000000000000472 ) ;
#10339 = DIRECTION ( 'NONE',  ( 0.000000000000000000, 0.000000000000000000, -1.000000000000000000 ) ) ;
#10340 = ADVANCED_FACE ( 'NONE', ( #5404 ), #8938, .T. ) ;
#10341 = VECTOR ( 'NONE', #10054, 1000.000000000000000 ) ;
#10342 = DIRECTION ( 'NONE',  ( 1.000000000000000000, 0.000000000000000000, -3.984674651014977107E-16 ) ) ;
#10343 = CARTESIAN_POINT ( 'NONE',  ( -1.250000000000000000, 0.08660254037844389297, -0.4000000000000001887 ) ) ;
#10344 = VECTOR ( 'NONE', #1723, 1000.000000000000000 ) ;
#10345 = CARTESIAN_POINT ( 'NONE',  ( 1.225000000000000089, 0.2000000000000000111, -0.3750000000000002776 ) ) ;
#10346 = ORIENTED_EDGE ( 'NONE', *, *, #2502, .T. ) ;
#10347 = VECTOR ( 'NONE', #4248, 1000.000000000000000 ) ;
#10348 = VERTEX_POINT ( 'NONE', #8063 ) ;
#10349 = CIRCLE ( 'NONE', #1864, 0.1000000000000000472 ) ;
#10350 = EDGE_LOOP ( 'NONE', ( #4080, #8606, #5959, #7313 ) ) ;
#10351 = CARTESIAN_POINT ( 'NONE',  ( 0.8500000000000171863, 0.01000000000000000021, -1.098797201730516415E-14 ) ) ;
#10352 = EDGE_CURVE ( 'NONE', #3405, #5566, #161, .T. ) ;
#10353 = CYLINDRICAL_SURFACE ( 'NONE', #6996, 0.1681122869172741174 ) ;
#10354 = AXIS2_PLACEMENT_3D ( 'NONE', #7123, #7508, #11050 ) ;
#10355 = CARTESIAN_POINT ( 'NONE',  ( 0.8749999999999992228, 0.000000000000000000, -1.149999999999999911 ) ) ;
#10356 = CARTESIAN_POINT ( 'NONE',  ( -1.225000000000000089, 0.2000000000000000111, -0.1250000000000001110 ) ) ;
#10357 = EDGE_LOOP ( 'NONE', ( #8819, #2441, #3251, #5020 ) ) ;
#10358 = VECTOR ( 'NONE', #10421, 1000.000000000000000 ) ;
#10359 = CARTESIAN_POINT ( 'NONE',  ( 0.6250000000000011102, 0.1999999999999999833, -1.225000000000004974 ) ) ;
#10360 = ADVANCED_FACE ( 'NONE', ( #10734 ), #3216, .F. ) ;
#10361 = ORIENTED_EDGE ( 'NONE', *, *, #10381, .T. ) ;
#10362 = ORIENTED_EDGE ( 'NONE', *, *, #2391, .T. ) ;
#10363 = DIRECTION ( 'NONE',  ( -1.417802840942572903E-14, 0.000000000000000000, 1.000000000000000000 ) ) ;
#10364 = AXIS2_PLACEMENT_3D ( 'NONE', #8499, #2547, #9591 ) ;
#10365 = EDGE_CURVE ( 'NONE', #10140, #6934, #9394, .T. ) ;
#10366 = ORIENTED_EDGE ( 'NONE', *, *, #10940, .F. ) ;
#10367 = VECTOR ( 'NONE', #3970, 1000.000000000000000 ) ;
#10368 = CARTESIAN_POINT ( 'NONE',  ( -1.300000000000000266, 5.776955262170046623, 1.300000000000000044 ) ) ;
#10369 = ADVANCED_FACE ( 'NONE', ( #5859 ), #11019, .F. ) ;
#10370 = LINE ( 'NONE', #7526, #8538 ) ;
#10371 = DIRECTION ( 'NONE',  ( 0.000000000000000000, -1.000000000000000000, 0.000000000000000000 ) ) ;
#10372 = EDGE_LOOP ( 'NONE', ( #7248, #10664, #3962, #823 ) ) ;
#10373 = ADVANCED_FACE ( 'NONE', ( #11139 ), #5629, .T. ) ;
#10374 = ORIENTED_EDGE ( 'NONE', *, *, #699, .T. ) ;
#10375 = CARTESIAN_POINT ( 'NONE',  ( -0.6250000000000007772, 0.1999999999999999833, -0.9999999999999991118 ) ) ;
#10376 = AXIS2_PLACEMENT_3D ( 'NONE', #6907, #8536, #10389 ) ;
#10377 = ORIENTED_EDGE ( 'NONE', *, *, #5763, .T. ) ;
#10378 = CARTESIAN_POINT ( 'NONE',  ( 0.1500000000000007716, 0.1999999999999999833, 1.249999999999999556 ) ) ;
#10379 = VERTEX_POINT ( 'NONE', #497 ) ;
#10380 = ORIENTED_EDGE ( 'NONE', *, *, #6427, .T. ) ;
#10381 = EDGE_CURVE ( 'NONE', #9845, #1456, #1365, .T. ) ;
#10382 = EDGE_CURVE ( 'NONE', #836, #2059, #7651, .T. ) ;
#10383 = DIRECTION ( 'NONE',  ( -1.087828266707871075E-17, -0.000000000000000000, -1.000000000000000000 ) ) ;
#10384 = DIRECTION ( 'NONE',  ( -0.000000000000000000, -1.000000000000000000, 0.000000000000000000 ) ) ;
#10385 = VECTOR ( 'NONE', #10494, 1000.000000000000000 ) ;
#10386 = DIRECTION ( 'NONE',  ( 1.000000000000000000, 0.000000000000000000, 8.340016711426957754E-17 ) ) ;
#10387 = DIRECTION ( 'NONE',  ( -1.087828266707871075E-17, 0.000000000000000000, -1.000000000000000000 ) ) ;
#10388 = ORIENTED_EDGE ( 'NONE', *, *, #8245, .F. ) ;
#10389 = DIRECTION ( 'NONE',  ( 1.000000000000000000, 0.000000000000000000, -2.780005570475647818E-16 ) ) ;
#10390 = AXIS2_PLACEMENT_3D ( 'NONE', #7298, #10840, #10785 ) ;
#10391 = CARTESIAN_POINT ( 'NONE',  ( 0.1500000000000009936, 0.08660254037844389297, -1.249999999999999556 ) ) ;
#10392 =( NAMED_UNIT ( * ) SI_UNIT ( $, .STERADIAN. ) SOLID_ANGLE_UNIT ( ) );
#10393 = ORIENTED_EDGE ( 'NONE', *, *, #6081, .F. ) ;
#10394 = CARTESIAN_POINT ( 'NONE',  ( 1.224999999999999645, 0.1999999999999999833, -0.8999999999999991340 ) ) ;
#10395 = CARTESIAN_POINT ( 'NONE',  ( 0.8749999999999992228, 0.9846177413237633402, -1.149999999999999911 ) ) ;
#10396 = VECTOR ( 'NONE', #8740, 1000.000000000000000 ) ;
#10397 = CARTESIAN_POINT ( 'NONE',  ( 9.951724940910080248E-15, 0.01000000000000000021, 0.9249999999999857225 ) ) ;
#10398 = EDGE_CURVE ( 'NONE', #7598, #2542, #4134, .T. ) ;
#10399 = DIRECTION ( 'NONE',  ( 1.000000000000000000, 0.000000000000000000, -2.780005570475647818E-16 ) ) ;
#10400 = PLANE ( 'NONE',  #2822 ) ;
#10401 = EDGE_CURVE ( 'NONE', #11007, #5, #10146, .T. ) ;
#10402 = CARTESIAN_POINT ( 'NONE',  ( -1.300000000000000266, 0.000000000000000000, -0.1250000000000000000 ) ) ;
#10403 = ORIENTED_EDGE ( 'NONE', *, *, #9056, .T. ) ;
#10404 = ADVANCED_FACE ( 'NONE', ( #5749 ), #5805, .T. ) ;
#10405 = CIRCLE ( 'NONE', #7623, 0.1250000000000000000 ) ;
#10406 = ORIENTED_EDGE ( 'NONE', *, *, #4453, .T. ) ;
#10407 = ORIENTED_EDGE ( 'NONE', *, *, #2530, .F. ) ;
#10408 = CARTESIAN_POINT ( 'NONE',  ( -0.6250000000000008882, 0.1999999999999999833, -1.225000000000004974 ) ) ;
#10409 = PLANE ( 'NONE',  #8672 ) ;
#10410 = DIRECTION ( 'NONE',  ( -0.7071067811865469066, 0.000000000000000000, 0.7071067811865482389 ) ) ;
#10411 = CARTESIAN_POINT ( 'NONE',  ( -0.9249999999999998224, 0.000000000000000000, -0.3750000000000001110 ) ) ;
#10412 = FACE_OUTER_BOUND ( 'NONE', #4919, .T. ) ;
#10413 = ORIENTED_EDGE ( 'NONE', *, *, #10048, .F. ) ;
#10414 = DIRECTION ( 'NONE',  ( 1.167602339599772261E-15, 0.000000000000000000, -1.000000000000000000 ) ) ;
#10415 = EDGE_LOOP ( 'NONE', ( #3787, #2397, #7398, #10069 ) ) ;
#10416 = ORIENTED_EDGE ( 'NONE', *, *, #11343, .T. ) ;
#10417 = DIRECTION ( 'NONE',  ( -0.7071067811865474617, 0.000000000000000000, -0.7071067811865476838 ) ) ;
#10418 = ORIENTED_EDGE ( 'NONE', *, *, #10646, .T. ) ;
#10419 = CARTESIAN_POINT ( 'NONE',  ( 1.224999999999999645, 0.06614378277661496497, -0.8999999999999992450 ) ) ;
#10420 = DIRECTION ( 'NONE',  ( -8.340016711426957754E-17, 0.000000000000000000, 1.000000000000000000 ) ) ;
#10421 = DIRECTION ( 'NONE',  ( -0.7071067811865443531, 0.000000000000000000, -0.7071067811865506814 ) ) ;
#10422 = ORIENTED_EDGE ( 'NONE', *, *, #6953, .F. ) ;
#10423 = LINE ( 'NONE', #1636, #902 ) ;
#10424 = EDGE_CURVE ( 'NONE', #4211, #4715, #2903, .T. ) ;
#10425 = ORIENTED_EDGE ( 'NONE', *, *, #4043, .F. ) ;
#10426 = PLANE ( 'NONE',  #8420 ) ;
#10427 = VERTEX_POINT ( 'NONE', #6678 ) ;
#10428 = DIRECTION ( 'NONE',  ( -1.087828266707872308E-17, 0.000000000000000000, -1.000000000000000000 ) ) ;
#10429 = ORIENTED_EDGE ( 'NONE', *, *, #6427, .F. ) ;
#10430 = EDGE_CURVE ( 'NONE', #3663, #1030, #9220, .T. ) ;
#10431 = ORIENTED_EDGE ( 'NONE', *, *, #683, .F. ) ;
#10432 = LINE ( 'NONE', #4302, #10882 ) ;
#10433 = CARTESIAN_POINT ( 'NONE',  ( 0.6250000000000008882, 0.1999999999999999833, 0.9999999999999991118 ) ) ;
#10434 = CARTESIAN_POINT ( 'NONE',  ( -0.1250000000000013600, 0.1999999999999999833, 0.9249999999999997113 ) ) ;
#10435 = CARTESIAN_POINT ( 'NONE',  ( -0.8749999999999992228, 0.1999999999999999833, 1.149999999999999911 ) ) ;
#10436 = ORIENTED_EDGE ( 'NONE', *, *, #7290, .F. ) ;
#10437 = AXIS2_PLACEMENT_3D ( 'NONE', #4428, #5229, #5119 ) ;
#10438 = CARTESIAN_POINT ( 'NONE',  ( 1.225000000000000089, 0.1999999999999999833, 0.3749999999999997780 ) ) ;
#10439 = EDGE_CURVE ( 'NONE', #9094, #4738, #10207, .T. ) ;
#10440 = CARTESIAN_POINT ( 'NONE',  ( 0.6250000000000009992, 0.1999999999999999833, 1.225000000000004974 ) ) ;
#10441 = EDGE_CURVE ( 'NONE', #10116, #8845, #4936, .T. ) ;
#10442 = LINE ( 'NONE', #11416, #7521 ) ;
#10443 = VERTEX_POINT ( 'NONE', #4994 ) ;
#10444 = LINE ( 'NONE', #2532, #665 ) ;
#10445 = PLANE ( 'NONE',  #1485 ) ;
#10446 = DIRECTION ( 'NONE',  ( 0.000000000000000000, -1.000000000000000000, 0.000000000000000000 ) ) ;
#10447 = FACE_OUTER_BOUND ( 'NONE', #3573, .T. ) ;
#10448 = DIRECTION ( 'NONE',  ( -8.340016711426957754E-17, 0.000000000000000000, 1.000000000000000000 ) ) ;
#10449 = VECTOR ( 'NONE', #11277, 1000.000000000000000 ) ;
#10450 = DIRECTION ( 'NONE',  ( 0.7071067811865499042, 0.000000000000000000, -0.7071067811865451302 ) ) ;
#10451 = ORIENTED_EDGE ( 'NONE', *, *, #6441, .F. ) ;
#10452 = ORIENTED_EDGE ( 'NONE', *, *, #7060, .T. ) ;
#10453 = ORIENTED_EDGE ( 'NONE', *, *, #11408, .T. ) ;
#10454 = CARTESIAN_POINT ( 'NONE',  ( -1.250000000000000000, 0.7590169943749474069, 0.09999999999999982514 ) ) ;
#10455 = EDGE_CURVE ( 'NONE', #1951, #3340, #8525, .T. ) ;
#10456 = PLANE ( 'NONE',  #10364 ) ;
#10457 = FACE_OUTER_BOUND ( 'NONE', #11287, .T. ) ;
#10458 = EDGE_CURVE ( 'NONE', #5925, #10287, #8802, .T. ) ;
#10459 = CARTESIAN_POINT ( 'NONE',  ( 1.199999999999999956, 0.000000000000000000, 0.8999999999999992450 ) ) ;
#10460 = CARTESIAN_POINT ( 'NONE',  ( 1.299999999999999822, 0.01000000000000000021, 1.300000000000000266 ) ) ;
#10461 = DIRECTION ( 'NONE',  ( -1.362202729533067540E-15, 0.000000000000000000, -1.000000000000000000 ) ) ;
#10462 = AXIS2_PLACEMENT_3D ( 'NONE', #5485, #3064, #10932 ) ;
#10463 = DIRECTION ( 'NONE',  ( -1.000000000000000000, 0.000000000000000000, -1.309382623694029086E-14 ) ) ;
#10464 = ORIENTED_EDGE ( 'NONE', *, *, #10088, .T. ) ;
#10465 = VECTOR ( 'NONE', #3029, 1000.000000000000000 ) ;
#10466 = VERTEX_POINT ( 'NONE', #6555 ) ;
#10467 = LINE ( 'NONE', #5903, #6224 ) ;
#10468 = ORIENTED_EDGE ( 'NONE', *, *, #7617, .F. ) ;
#10469 = FACE_OUTER_BOUND ( 'NONE', #9799, .T. ) ;
#10470 = VECTOR ( 'NONE', #4735, 1000.000000000000000 ) ;
#10471 = DIRECTION ( 'NONE',  ( -8.340016711426958986E-17, 0.000000000000000000, 1.000000000000000000 ) ) ;
#10472 = AXIS2_PLACEMENT_3D ( 'NONE', #8948, #10450, #7031 ) ;
#10473 = DIRECTION ( 'NONE',  ( -1.000000000000000000, 0.000000000000000000, -1.092542189196933248E-14 ) ) ;
#10474 = VERTEX_POINT ( 'NONE', #2180 ) ;
#10475 = EDGE_CURVE ( 'NONE', #4121, #8964, #2718, .T. ) ;
#10476 = DIRECTION ( 'NONE',  ( 1.959903927185304452E-14, 0.000000000000000000, -1.000000000000000000 ) ) ;
#10477 = ORIENTED_EDGE ( 'NONE', *, *, #8480, .F. ) ;
#10478 = DIRECTION ( 'NONE',  ( -1.000000000000000000, 0.000000000000000000, 0.000000000000000000 ) ) ;
#10479 = VERTEX_POINT ( 'NONE', #3960 ) ;
#10480 = PLANE ( 'NONE',  #2181 ) ;
#10481 = CIRCLE ( 'NONE', #2004, 0.1000000000000000472 ) ;
#10482 = ORIENTED_EDGE ( 'NONE', *, *, #6610, .F. ) ;
#10483 = ORIENTED_EDGE ( 'NONE', *, *, #8890, .F. ) ;
#10484 = FACE_OUTER_BOUND ( 'NONE', #5238, .T. ) ;
#10485 = EDGE_CURVE ( 'NONE', #9397, #5887, #4077, .T. ) ;
#10486 = CARTESIAN_POINT ( 'NONE',  ( 1.225000000000000089, 0.1999999999999999833, -0.1250000000000002220 ) ) ;
#10487 = CARTESIAN_POINT ( 'NONE',  ( 0.6500000000000001332, 0.9846177413237633402, -1.300000000000005596 ) ) ;
#10488 = DIRECTION ( 'NONE',  ( -8.340016711426957754E-17, 0.000000000000000000, 1.000000000000000000 ) ) ;
#10489 = VERTEX_POINT ( 'NONE', #2569 ) ;
#10490 = LINE ( 'NONE', #1595, #7782 ) ;
#10491 = VECTOR ( 'NONE', #3770, 1000.000000000000000 ) ;
#10492 = CARTESIAN_POINT ( 'NONE',  ( 5.212510444641851369E-17, 0.01000000000000000021, -0.6250000000000003331 ) ) ;
#10493 = ADVANCED_FACE ( 'NONE', ( #8632 ), #10543, .T. ) ;
#10494 = DIRECTION ( 'NONE',  ( 0.000000000000000000, -1.000000000000000000, 0.000000000000000000 ) ) ;
#10495 = PLANE ( 'NONE',  #3108 ) ;
#10496 = ORIENTED_EDGE ( 'NONE', *, *, #6772, .T. ) ;
#10497 = VECTOR ( 'NONE', #6894, 1000.000000000000000 ) ;
#10498 = CARTESIAN_POINT ( 'NONE',  ( -1.199999999999999956, 0.000000000000000000, 0.1250000000000000000 ) ) ;
#10499 = FACE_OUTER_BOUND ( 'NONE', #1021, .T. ) ;
#10500 = ADVANCED_FACE ( 'NONE', ( #4405 ), #11351, .F. ) ;
#10501 = DIRECTION ( 'NONE',  ( -0.000000000000000000, -1.000000000000000000, 0.000000000000000000 ) ) ;
#10502 = PLANE ( 'NONE',  #5901 ) ;
#10503 = LINE ( 'NONE', #9523, #6888 ) ;
#10504 = FACE_OUTER_BOUND ( 'NONE', #515, .T. ) ;
#10505 = DIRECTION ( 'NONE',  ( 1.292702590271169407E-14, 0.000000000000000000, 1.000000000000000000 ) ) ;
#10506 = CIRCLE ( 'NONE', #6070, 0.1000000000000000472 ) ;
#10507 = VERTEX_POINT ( 'NONE', #11302 ) ;
#10508 = ORIENTED_EDGE ( 'NONE', *, *, #2075, .T. ) ;
#10509 = ORIENTED_EDGE ( 'NONE', *, *, #5592, .T. ) ;
#10510 = CARTESIAN_POINT ( 'NONE',  ( 1.224999999999999645, 0.9846177413237633402, -1.149999999999999911 ) ) ;
#10511 = EDGE_CURVE ( 'NONE', #52, #10209, #720, .T. ) ;
#10512 = CARTESIAN_POINT ( 'NONE',  ( 1.299999999999999822, 0.01000000000000000021, 1.300000000000000266 ) ) ;
#10513 = VECTOR ( 'NONE', #5242, 1000.000000000000114 ) ;
#10515 = VECTOR ( 'NONE', #3939, 1000.000000000000000 ) ;
#10514 = DIRECTION ( 'NONE',  ( -1.000000000000000000, 0.000000000000000000, 0.000000000000000000 ) ) ;
#10516 = CARTESIAN_POINT ( 'NONE',  ( -0.1999999999999975409, 0.2000000000000000944, -0.5000000000000005551 ) ) ;
#10517 = CARTESIAN_POINT ( 'NONE',  ( 0.6500000000000006883, 0.1999999999999999833, 1.250000000000004885 ) ) ;
#10518 = ADVANCED_FACE ( 'NONE', ( #6084 ), #10480, .T. ) ;
#10519 = CARTESIAN_POINT ( 'NONE',  ( 1.225000000000000089, 0.1999999999999999833, 0.1249999999999997363 ) ) ;
#10520 = CARTESIAN_POINT ( 'NONE',  ( -0.1250000000000013323, 0.000000000000000000, 0.9249999999999992673 ) ) ;
#10521 = AXIS2_PLACEMENT_3D ( 'NONE', #10337, #2433, #2314 ) ;
#10522 = DIRECTION ( 'NONE',  ( 0.000000000000000000, 1.000000000000000000, 0.000000000000000000 ) ) ;
#10523 = ORIENTED_EDGE ( 'NONE', *, *, #250, .F. ) ;
#10524 = AXIS2_PLACEMENT_3D ( 'NONE', #1776, #3624, #10618 ) ;
#10525 = ORIENTED_EDGE ( 'NONE', *, *, #10352, .F. ) ;
#10526 = EDGE_CURVE ( 'NONE', #10603, #5263, #7135, .T. ) ;
#10527 = CARTESIAN_POINT ( 'NONE',  ( 0.6500000000000006883, 0.1999999999999999833, 1.250000000000004885 ) ) ;
#10528 = VECTOR ( 'NONE', #11196, 1000.000000000000000 ) ;
#10529 = ADVANCED_FACE ( 'NONE', ( #11246 ), #2628, .F. ) ;
#10530 = ORIENTED_EDGE ( 'NONE', *, *, #9032, .T. ) ;
#10531 = VECTOR ( 'NONE', #10549, 1000.000000000000000 ) ;
#10532 = DIRECTION ( 'NONE',  ( 1.000000000000000000, 0.000000000000000000, 0.000000000000000000 ) ) ;
#10533 = VECTOR ( 'NONE', #2523, 1000.000000000000000 ) ;
#10534 = CARTESIAN_POINT ( 'NONE',  ( 0.8500000000000001998, 0.1999999999999999833, 1.300000000000005373 ) ) ;
#10535 = DIRECTION ( 'NONE',  ( 1.092542189196933248E-14, 0.000000000000000000, -1.000000000000000000 ) ) ;
#10536 = EDGE_LOOP ( 'NONE', ( #4343, #8282, #5828, #11346, #4252 ) ) ;
#10537 = EDGE_CURVE ( 'NONE', #6180, #76, #5158, .T. ) ;
#10538 = CARTESIAN_POINT ( 'NONE',  ( 0.9249999999999998224, 0.1999999999999999833, -0.6250000000000002220 ) ) ;
#10539 = VERTEX_POINT ( 'NONE', #6946 ) ;
#10540 = DIRECTION ( 'NONE',  ( -1.000000000000000000, 0.000000000000000000, -8.340016711426966382E-17 ) ) ;
#10541 = VECTOR ( 'NONE', #1391, 1000.000000000000000 ) ;
#10542 = ORIENTED_EDGE ( 'NONE', *, *, #4166, .F. ) ;
#10543 = CYLINDRICAL_SURFACE ( 'NONE', #6401, 0.1000000000000000472 ) ;
#10544 = EDGE_CURVE ( 'NONE', #1673, #10569, #1426, .T. ) ;
#10545 = VECTOR ( 'NONE', #9956, 1000.000000000000000 ) ;
#10546 = ORIENTED_EDGE ( 'NONE', *, *, #3202, .T. ) ;
#10547 = ORIENTED_EDGE ( 'NONE', *, *, #9032, .F. ) ;
#10548 = FACE_OUTER_BOUND ( 'NONE', #992, .T. ) ;
#10549 = DIRECTION ( 'NONE',  ( -0.000000000000000000, -1.000000000000000000, 0.000000000000000000 ) ) ;
#10550 = EDGE_CURVE ( 'NONE', #6563, #328, #10316, .T. ) ;
#10551 = DIRECTION ( 'NONE',  ( -1.000000000000000000, 0.000000000000000000, -8.340016711426958986E-17 ) ) ;
#10552 = FACE_OUTER_BOUND ( 'NONE', #3950, .T. ) ;
#10553 = ORIENTED_EDGE ( 'NONE', *, *, #10800, .F. ) ;
#10554 = VECTOR ( 'NONE', #184, 1000.000000000000000 ) ;
#10555 = PLANE ( 'NONE',  #2084 ) ;
#10556 = CARTESIAN_POINT ( 'NONE',  ( 0.3750000000000007772, 0.9846177413237633402, 1.224999999999999867 ) ) ;
#10557 = DIRECTION ( 'NONE',  ( -1.000000000000000000, 0.000000000000000000, -8.340016711426957754E-17 ) ) ;
#10558 = DIRECTION ( 'NONE',  ( 1.000000000000000000, 0.000000000000000000, -2.780005570475648805E-16 ) ) ;
#10559 = ORIENTED_EDGE ( 'NONE', *, *, #7236, .T. ) ;
#10560 = CIRCLE ( 'NONE', #54, 0.1250000000000000000 ) ;
#10561 = PLANE ( 'NONE',  #10437 ) ;
#10562 = DIRECTION ( 'NONE',  ( -0.7071067811865506814, 0.000000000000000000, 0.7071067811865443531 ) ) ;
#10563 = LINE ( 'NONE', #4160, #2041 ) ;
#10564 = CARTESIAN_POINT ( 'NONE',  ( -1.300000000000000044, 0.1999999999999999833, -1.124999999999999334 ) ) ;
#10566 = AXIS2_PLACEMENT_3D ( 'NONE', #9042, #5571, #10727 ) ;
#10565 = CARTESIAN_POINT ( 'NONE',  ( -1.225000000000000089, 0.2000000000000000111, 0.6249999999999997780 ) ) ;
#10567 = CARTESIAN_POINT ( 'NONE',  ( -1.250000000000000000, 0.1999999999999999833, 0.3999999999999998557 ) ) ;
#10568 = EDGE_CURVE ( 'NONE', #815, #7367, #9559, .T. ) ;
#10569 = VERTEX_POINT ( 'NONE', #5922 ) ;
#10570 = ORIENTED_EDGE ( 'NONE', *, *, #2217, .F. ) ;
#10571 = AXIS2_PLACEMENT_3D ( 'NONE', #3539, #3476, #9494 ) ;
#10572 = ORIENTED_EDGE ( 'NONE', *, *, #9948, .T. ) ;
#10573 = CARTESIAN_POINT ( 'NONE',  ( 1.300000000000000044, 0.01000000000000005398, 1.124999999999999334 ) ) ;
#10574 = CARTESIAN_POINT ( 'NONE',  ( -0.9250000000000001554, 0.000000000000000000, 0.4999999999999997780 ) ) ;
#10575 = EDGE_CURVE ( 'NONE', #3350, #2779, #8747, .T. ) ;
#10576 = EDGE_CURVE ( 'NONE', #4885, #10235, #5212, .T. ) ;
#10577 = LINE ( 'NONE', #182, #4975 ) ;
#10578 = CARTESIAN_POINT ( 'NONE',  ( 0.3500000000000010325, 0.1999999999999999833, -1.249999999999999778 ) ) ;
#10579 = DIRECTION ( 'NONE',  ( 1.000802005371233057E-15, 0.000000000000000000, 1.000000000000000000 ) ) ;
#10580 = PRESENTATION_STYLE_ASSIGNMENT (( #1620 ) ) ;
#10581 = CARTESIAN_POINT ( 'NONE',  ( -0.9249999999999998224, 0.000000000000000000, 0.3749999999999998335 ) ) ;
#10582 = LINE ( 'NONE', #10696, #3280 ) ;
#10583 = CIRCLE ( 'NONE', #2476, 0.1000000000000000472 ) ;
#10584 = ORIENTED_EDGE ( 'NONE', *, *, #4600, .F. ) ;
#10585 = ORIENTED_EDGE ( 'NONE', *, *, #1319, .T. ) ;
#10586 = CARTESIAN_POINT ( 'NONE',  ( 1.224999999999999645, 0.1999999999999999833, -0.8999999999999991340 ) ) ;
#10587 = ORIENTED_EDGE ( 'NONE', *, *, #6474, .T. ) ;
#10588 = EDGE_CURVE ( 'NONE', #1348, #3808, #826, .T. ) ;
#10589 = ORIENTED_EDGE ( 'NONE', *, *, #8758, .T. ) ;
#10590 = CARTESIAN_POINT ( 'NONE',  ( -0.7250000000000010880, 0.000000000000000000, 0.9999999999999991118 ) ) ;
#10591 = AXIS2_PLACEMENT_3D ( 'NONE', #8135, #9001, #7262 ) ;
#10592 = DIRECTION ( 'NONE',  ( 1.000000000000000000, 0.000000000000000000, 8.340016711426957754E-17 ) ) ;
#10593 = LINE ( 'NONE', #875, #7609 ) ;
#10594 = CARTESIAN_POINT ( 'NONE',  ( -0.8750000000000009992, 0.01000000000000005398, 1.225000000000005196 ) ) ;
#10595 = ORIENTED_EDGE ( 'NONE', *, *, #4129, .T. ) ;
#10596 = LINE ( 'NONE', #7866, #3304 ) ;
#10597 = ORIENTED_EDGE ( 'NONE', *, *, #10864, .T. ) ;
#10598 = LINE ( 'NONE', #771, #6569 ) ;
#10599 = ORIENTED_EDGE ( 'NONE', *, *, #11071, .F. ) ;
#10600 = CARTESIAN_POINT ( 'NONE',  ( 0.8749999999999990008, 0.1999999999999999833, 1.149999999999999911 ) ) ;
#10601 = EDGE_LOOP ( 'NONE', ( #8430, #10046, #6445, #3852 ) ) ;
#10602 = ADVANCED_FACE ( 'NONE', ( #8579 ), #6143, .T. ) ;
#10603 = VERTEX_POINT ( 'NONE', #4183 ) ;
#10604 = LINE ( 'NONE', #5164, #7731 ) ;
#10605 = DIRECTION ( 'NONE',  ( -2.304624617924155838E-14, 0.000000000000000000, -1.000000000000000000 ) ) ;
#10606 = EDGE_CURVE ( 'NONE', #10738, #1586, #8798, .T. ) ;
#10607 = CARTESIAN_POINT ( 'NONE',  ( -1.224999999999999645, 0.1999999999999999833, -1.149999999999999911 ) ) ;
#10608 = CARTESIAN_POINT ( 'NONE',  ( -0.1250000000000008049, 0.01000000000000005398, -1.224999999999999645 ) ) ;
#10609 = ORIENTED_EDGE ( 'NONE', *, *, #6222, .T. ) ;
#10610 = EDGE_CURVE ( 'NONE', #7706, #5506, #7707, .T. ) ;
#10611 = LINE ( 'NONE', #4593, #3355 ) ;
#10612 = DIRECTION ( 'NONE',  ( 0.000000000000000000, -1.000000000000000000, 0.000000000000000000 ) ) ;
#10613 = CARTESIAN_POINT ( 'NONE',  ( 1.225000000000000089, 0.06614378277661550620, 0.1249999999999997363 ) ) ;
#10614 = ORIENTED_EDGE ( 'NONE', *, *, #4717, .F. ) ;
#10615 = DIRECTION ( 'NONE',  ( 0.7071067811865489050, 0.000000000000000000, 0.7071067811865461294 ) ) ;
#10616 = DIRECTION ( 'NONE',  ( 1.000000000000000000, 0.000000000000000000, -2.085004177856743605E-15 ) ) ;
#10617 = CARTESIAN_POINT ( 'NONE',  ( 1.225000000000000089, 0.1999999999999999833, -0.6250000000000002220 ) ) ;
#10618 = DIRECTION ( 'NONE',  ( -1.000000000000000000, 0.000000000000000000, 0.000000000000000000 ) ) ;
#10619 = CARTESIAN_POINT ( 'NONE',  ( 0.9249999999999998224, 0.2000000000000000111, -0.6250000000000002220 ) ) ;
#10620 = CARTESIAN_POINT ( 'NONE',  ( -0.8749999999999992228, 0.1999999999999999833, 1.149999999999999911 ) ) ;
#10621 = EDGE_CURVE ( 'NONE', #147, #722, #9501, .T. ) ;
#10622 = CARTESIAN_POINT ( 'NONE',  ( -1.224999999999999645, 0.06614378277661471517, 0.8999999999999992450 ) ) ;
#10623 = VERTEX_POINT ( 'NONE', #10717 ) ;
#10624 = AXIS2_PLACEMENT_3D ( 'NONE', #2883, #9936, #179 ) ;
#10625 = ORIENTED_EDGE ( 'NONE', *, *, #9678, .F. ) ;
#10626 = ORIENTED_EDGE ( 'NONE', *, *, #6373, .F. ) ;
#10627 = CARTESIAN_POINT ( 'NONE',  ( -0.1500000000000007716, 0.9846177413237633402, -1.249999999999999556 ) ) ;
#10628 = LINE ( 'NONE', #4502, #6 ) ;
#10629 = CARTESIAN_POINT ( 'NONE',  ( -0.1250000000000008049, 0.1999999999999999833, -1.224999999999999645 ) ) ;
#10630 = EDGE_CURVE ( 'NONE', #8949, #10937, #693, .T. ) ;
#10631 = VECTOR ( 'NONE', #2177, 1000.000000000000000 ) ;
#10632 =( BOUNDED_CURVE ( )  B_SPLINE_CURVE ( 3, ( #9631, #8592, #1717, #10613 ),
 .UNSPECIFIED., .F., .F. ) 
 B_SPLINE_CURVE_WITH_KNOTS ( ( 4, 4 ),
 ( 2.094395102393193486, 2.418858405776370457 ),
 .UNSPECIFIED. ) 
 CURVE ( )  GEOMETRIC_REPRESENTATION_ITEM ( )  RATIONAL_B_SPLINE_CURVE ( ( 1.000000000000000000, 0.9912461883984132749, 0.9912461883984132749, 1.000000000000000000 ) ) 
 REPRESENTATION_ITEM ( '' )  );
#10633 =( NAMED_UNIT ( * ) SI_UNIT ( $, .STERADIAN. ) SOLID_ANGLE_UNIT ( ) );
#10634 =( LENGTH_UNIT ( ) NAMED_UNIT ( * ) SI_UNIT ( .MILLI., .METRE. ) );
#10635 = CARTESIAN_POINT ( 'NONE',  ( 1.149999999999998579, 0.000000000000000000, -1.199999999999999734 ) ) ;
#10636 = DIRECTION ( 'NONE',  ( -2.780005570475648805E-16, 0.000000000000000000, -1.000000000000000000 ) ) ;
#10637 = ORIENTED_EDGE ( 'NONE', *, *, #3360, .T. ) ;
#10638 = EDGE_CURVE ( 'NONE', #4580, #8744, #6316, .T. ) ;
#10639 = VERTEX_POINT ( 'NONE', #9789 ) ;
#10640 = CARTESIAN_POINT ( 'NONE',  ( -1.250000000000000000, 0.1999999999999999833, 0.9249999999999991562 ) ) ;
#10642 = ORIENTED_EDGE ( 'NONE', *, *, #6360, .F. ) ;
#10641 = CIRCLE ( 'NONE', #7307, 0.1250000000000000000 ) ;
#10643 = VERTEX_POINT ( 'NONE', #9904 ) ;
#10644 = CARTESIAN_POINT ( 'NONE',  ( 0.8678146965443249705, 0.07429115107872762136, -1.232185303455681114 ) ) ;
#10645 = CARTESIAN_POINT ( 'NONE',  ( 1.250000000000000000, 0.2000000000000000111, 0.5999999999999998668 ) ) ;
#10646 = EDGE_CURVE ( 'NONE', #10256, #10165, #2796, .T. ) ;
#10647 = CARTESIAN_POINT ( 'NONE',  ( -0.6500000000000001332, 0.1999999999999999833, 1.300000000000005596 ) ) ;
#10648 = CARTESIAN_POINT ( 'NONE',  ( 0.3750000000000009992, 0.9846177413237633402, -1.224999999999999867 ) ) ;
#10649 = VERTEX_POINT ( 'NONE', #8049 ) ;
#10650 = LINE ( 'NONE', #9783, #352 ) ;
#10651 = ORIENTED_EDGE ( 'NONE', *, *, #4438, .T. ) ;
#10652 = CARTESIAN_POINT ( 'NONE',  ( 1.300000000000000044, 0.2000000000000000111, -0.1000000000000003664 ) ) ;
#10653 = ORIENTED_EDGE ( 'NONE', *, *, #4793, .T. ) ;
#10654 = CARTESIAN_POINT ( 'NONE',  ( -0.9249999999999998224, 0.1999999999999999833, 0.6249999999999997780 ) ) ;
#10655 = AXIS2_PLACEMENT_3D ( 'NONE', #408, #4794, #3863 ) ;
#10656 = VERTEX_POINT ( 'NONE', #4522 ) ;
#10657 = VECTOR ( 'NONE', #1121, 1000.000000000000000 ) ;
#10658 = PLANE ( 'NONE',  #10354 ) ;
#10659 = VERTEX_POINT ( 'NONE', #9035 ) ;
#10660 = DIRECTION ( 'NONE',  ( 0.000000000000000000, -1.000000000000000000, 0.000000000000000000 ) ) ;
#10661 = CARTESIAN_POINT ( 'NONE',  ( -0.9250000000000001554, 0.7590169943749472958, 0.4999999999999997780 ) ) ;
#10662 = CYLINDRICAL_SURFACE ( 'NONE', #425, 0.1000000000000000472 ) ;
#10663 = FACE_OUTER_BOUND ( 'NONE', #5896, .T. ) ;
#10664 = ORIENTED_EDGE ( 'NONE', *, *, #10630, .T. ) ;
#10665 = DIRECTION ( 'NONE',  ( 0.000000000000000000, -1.000000000000000000, 0.000000000000000000 ) ) ;
#10666 = AXIS2_PLACEMENT_3D ( 'NONE', #9491, #6885, #1626 ) ;
#10667 = DIRECTION ( 'NONE',  ( 1.362202729533067540E-15, 0.000000000000000000, 1.000000000000000000 ) ) ;
#10668 = AXIS2_PLACEMENT_3D ( 'NONE', #2879, #10861, #9004 ) ;
#10669 = LINE ( 'NONE', #3617, #3364 ) ;
#10670 = EDGE_CURVE ( 'NONE', #6182, #6755, #1880, .T. ) ;
#10671 = ORIENTED_EDGE ( 'NONE', *, *, #6602, .T. ) ;
#10672 = ORIENTED_EDGE ( 'NONE', *, *, #638, .T. ) ;
#10673 = EDGE_CURVE ( 'NONE', #3906, #944, #8862, .T. ) ;
#10674 = LINE ( 'NONE', #55, #1024 ) ;
#10675 = PRODUCT_DEFINITION_FORMATION_WITH_SPECIFIED_SOURCE ( 'ANY', '', #10839, .NOT_KNOWN. ) ;
#10676 = FACE_OUTER_BOUND ( 'NONE', #5819, .T. ) ;
#10677 = PLANE ( 'NONE',  #3504 ) ;
#10678 = LINE ( 'NONE', #3740, #3695 ) ;
#10679 = DIRECTION ( 'NONE',  ( -1.000000000000000000, 0.000000000000000000, -8.340016711426966382E-17 ) ) ;
#10680 = EDGE_CURVE ( 'NONE', #10474, #6289, #5389, .T. ) ;
#10681 = DIRECTION ( 'NONE',  ( 0.000000000000000000, -1.000000000000000000, 0.000000000000000000 ) ) ;
#10682 = PLANE ( 'NONE',  #6960 ) ;
#10683 = ORIENTED_EDGE ( 'NONE', *, *, #6067, .T. ) ;
#10684 = ORIENTED_EDGE ( 'NONE', *, *, #8085, .T. ) ;
#10685 = AXIS2_PLACEMENT_3D ( 'NONE', #258, #311, #2905 ) ;
#10686 = ORIENTED_EDGE ( 'NONE', *, *, #2762, .F. ) ;
#10687 = CARTESIAN_POINT ( 'NONE',  ( -0.3500000000000010325, 0.1999999999999999833, 1.249999999999999778 ) ) ;
#10688 = DIRECTION ( 'NONE',  ( 0.000000000000000000, -1.000000000000000000, 0.000000000000000000 ) ) ;
#10689 = UNCERTAINTY_MEASURE_WITH_UNIT (LENGTH_MEASURE( 1.000000000000000082E-05 ), #7490, 'distance_accuracy_value', 'NONE');
#10690 = LINE ( 'NONE', #2831, #9773 ) ;
#10691 = EDGE_CURVE ( 'NONE', #3015, #10643, #8433, .T. ) ;
#10692 = CARTESIAN_POINT ( 'NONE',  ( -1.250000000000000000, 0.7590169943749474069, -0.1000000000000001582 ) ) ;
#10693 = LINE ( 'NONE', #2834, #401 ) ;
#10694 = DIRECTION ( 'NONE',  ( 1.000000000000000000, 0.000000000000000000, 1.529003063761606744E-15 ) ) ;
#10695 = VECTOR ( 'NONE', #11023, 1000.000000000000000 ) ;
#10696 = CARTESIAN_POINT ( 'NONE',  ( 0.8749999999999992228, 0.1999999999999999833, -1.149999999999999911 ) ) ;
#10697 = VERTEX_POINT ( 'NONE', #6369 ) ;
#10698 = VERTEX_POINT ( 'NONE', #1007 ) ;
#10699 = DIRECTION ( 'NONE',  ( 1.000000000000000000, 0.000000000000000000, 8.340016711426957754E-17 ) ) ;
#10700 = ADVANCED_FACE ( 'NONE', ( #6198 ), #8166, .T. ) ;
#10701 = ORIENTED_EDGE ( 'NONE', *, *, #6539, .T. ) ;
#10702 = AXIS2_PLACEMENT_3D ( 'NONE', #10661, #6260, #5165 ) ;
#10703 = AXIS2_PLACEMENT_3D ( 'NONE', #9493, #3367, #873 ) ;
#10704 = ORIENTED_EDGE ( 'NONE', *, *, #6689, .F. ) ;
#10705 = CARTESIAN_POINT ( 'NONE',  ( 1.300000000000000044, 0.1999999999999999833, 0.5999999999999998668 ) ) ;
#10706 = VECTOR ( 'NONE', #9761, 1000.000000000000000 ) ;
#10707 = EDGE_CURVE ( 'NONE', #7194, #2724, #3661, .T. ) ;
#10708 = DIRECTION ( 'NONE',  ( -0.7071067811865459074, 0.000000000000000000, -0.7071067811865491270 ) ) ;
#10709 = FILL_AREA_STYLE_COLOUR ( '', #2610 ) ;
#10710 = ORIENTED_EDGE ( 'NONE', *, *, #292, .F. ) ;
#10711 = CIRCLE ( 'NONE', #740, 0.1000000000000000472 ) ;
#10712 = CARTESIAN_POINT ( 'NONE',  ( 1.225000000000000089, 0.1999999999999999833, 0.3749999999999997780 ) ) ;
#10713 = AXIS2_PLACEMENT_3D ( 'NONE', #2646, #6163, #1902 ) ;
#10714 = ORIENTED_EDGE ( 'NONE', *, *, #7974, .F. ) ;
#10715 = LINE ( 'NONE', #2794, #5833 ) ;
#10716 = EDGE_LOOP ( 'NONE', ( #5450, #10024, #8331, #4800, #3268, #2182, #7834, #9950 ) ) ;
#10717 = CARTESIAN_POINT ( 'NONE',  ( -0.8500000000000009770, 0.1999999999999999833, -1.250000000000005107 ) ) ;
#10718 = EDGE_CURVE ( 'NONE', #5307, #1515, #4584, .T. ) ;
#10719 = VECTOR ( 'NONE', #8069, 1000.000000000000114 ) ;
#10720 = ORIENTED_EDGE ( 'NONE', *, *, #7904, .F. ) ;
#10721 = AXIS2_PLACEMENT_3D ( 'NONE', #9115, #10977, #10918 ) ;
#10722 = EDGE_LOOP ( 'NONE', ( #11141, #10959, #300, #8244, #11231 ) ) ;
#10723 = DIRECTION ( 'NONE',  ( 0.000000000000000000, -1.000000000000000000, 0.000000000000000000 ) ) ;
#10724 = CARTESIAN_POINT ( 'NONE',  ( 1.299999999999999822, 0.000000000000000000, -1.124999999999999334 ) ) ;
#10725 = EDGE_CURVE ( 'NONE', #2064, #9979, #1991, .T. ) ;
#10726 = EDGE_CURVE ( 'NONE', #7360, #3488, #10270, .T. ) ;
#10727 = DIRECTION ( 'NONE',  ( 1.000000000000000000, 0.000000000000000000, 0.000000000000000000 ) ) ;
#10728 = PLANE ( 'NONE',  #6660 ) ;
#10729 = ORIENTED_EDGE ( 'NONE', *, *, #2677, .T. ) ;
#10731 = AXIS2_PLACEMENT_3D ( 'NONE', #138, #3649, #2725 ) ;
#10730 = CARTESIAN_POINT ( 'NONE',  ( 1.225000000000000089, 0.009999999999999998473, 0.1249999999999997363 ) ) ;
#10732 = LINE ( 'NONE', #7303, #4533 ) ;
#10733 = VECTOR ( 'NONE', #4700, 1000.000000000000000 ) ;
#10734 = FACE_OUTER_BOUND ( 'NONE', #1442, .T. ) ;
#10735 = ADVANCED_FACE ( 'NONE', ( #3717 ), #3773, .T. ) ;
#10736 = ORIENTED_EDGE ( 'NONE', *, *, #5227, .T. ) ;
#10737 = ADVANCED_FACE ( 'NONE', ( #10778 ), #6429, .F. ) ;
#10738 = VERTEX_POINT ( 'NONE', #39 ) ;
#10739 = EDGE_CURVE ( 'NONE', #6011, #9264, #3549, .T. ) ;
#10740 = PLANE ( 'NONE',  #5883 ) ;
#10741 = DIRECTION ( 'NONE',  ( 0.000000000000000000, 1.000000000000000000, 0.000000000000000000 ) ) ;
#10742 = CARTESIAN_POINT ( 'NONE',  ( -0.7250000000000010880, 0.000000000000000000, 0.9999999999999991118 ) ) ;
#10743 = CARTESIAN_POINT ( 'NONE',  ( 1.300000000000000044, 0.1000000000000001166, 1.149999999999999023 ) ) ;
#10744 = FACE_OUTER_BOUND ( 'NONE', #2895, .T. ) ;
#10745 = FACE_OUTER_BOUND ( 'NONE', #1835, .T. ) ;
#10746 = FACE_OUTER_BOUND ( 'NONE', #10148, .T. ) ;
#10747 = ORIENTED_EDGE ( 'NONE', *, *, #2315, .F. ) ;
#10748 = VECTOR ( 'NONE', #5514, 1000.000000000000000 ) ;
#10749 = ORIENTED_EDGE ( 'NONE', *, *, #7116, .F. ) ;
#10750 = VERTEX_POINT ( 'NONE', #10023 ) ;
#10751 = CARTESIAN_POINT ( 'NONE',  ( 0.2500000000000013878, 0.1999999999999999833, -0.9249999999999997113 ) ) ;
#10752 = EDGE_CURVE ( 'NONE', #8152, #11027, #2284, .T. ) ;
#10753 = FACE_OUTER_BOUND ( 'NONE', #9396, .T. ) ;
#10754 = DIRECTION ( 'NONE',  ( 0.7071067811865489050, 0.000000000000000000, 0.7071067811865461294 ) ) ;
#10755 = EDGE_CURVE ( 'NONE', #1229, #751, #11030, .T. ) ;
#10756 = AXIS2_PLACEMENT_3D ( 'NONE', #10844, #962, #4483 ) ;
#10757 = DIRECTION ( 'NONE',  ( -8.340016711426957754E-17, 0.000000000000000000, 1.000000000000000000 ) ) ;
#10758 = CARTESIAN_POINT ( 'NONE',  ( 0.9249999999999998224, 0.7590169943749474069, -0.1250000000000002498 ) ) ;
#10759 = CARTESIAN_POINT ( 'NONE',  ( 1.250000000000000000, 0.1999999999999999833, 0.3999999999999997446 ) ) ;
#10760 = ADVANCED_FACE ( 'NONE', ( #1235 ), #2166, .T. ) ;
#10761 = DIRECTION ( 'NONE',  ( 1.000000000000000000, 0.000000000000000000, 8.340016711426957754E-17 ) ) ;
#10762 = ORIENTED_EDGE ( 'NONE', *, *, #638, .F. ) ;
#10763 = VECTOR ( 'NONE', #548, 1000.000000000000000 ) ;
#10764 = ORIENTED_EDGE ( 'NONE', *, *, #5337, .F. ) ;
#10765 = DIRECTION ( 'NONE',  ( -1.000000000000000000, 0.000000000000000000, 0.000000000000000000 ) ) ;
#10766 = ORIENTED_EDGE ( 'NONE', *, *, #5091, .F. ) ;
#10767 = ORIENTED_EDGE ( 'NONE', *, *, #5899, .T. ) ;
#10768 = DIRECTION ( 'NONE',  ( -1.000000000000000000, 0.000000000000000000, 0.000000000000000000 ) ) ;
#10769 = LINE ( 'NONE', #9086, #6266 ) ;
#10770 = AXIS2_PLACEMENT_3D ( 'NONE', #9895, #1113, #6245 ) ;
#10771 = DIRECTION ( 'NONE',  ( 1.000000000000000000, 0.000000000000000000, 8.340016711426958986E-17 ) ) ;
#10772 = CARTESIAN_POINT ( 'NONE',  ( 0.3750000000000013878, 0.9846177413237633402, -0.9249999999999994893 ) ) ;
#10773 = ORIENTED_EDGE ( 'NONE', *, *, #4389, .T. ) ;
#10774 = CARTESIAN_POINT ( 'NONE',  ( -1.300000000000000266, 0.01000000000000000021, 1.300000000000000044 ) ) ;
#10775 = EDGE_CURVE ( 'NONE', #1284, #10116, #5673, .T. ) ;
#10776 = ORIENTED_EDGE ( 'NONE', *, *, #4932, .F. ) ;
#10777 = VERTEX_POINT ( 'NONE', #5733 ) ;
#10778 = FACE_OUTER_BOUND ( 'NONE', #6989, .T. ) ;
#10779 = VECTOR ( 'NONE', #4327, 1000.000000000000114 ) ;
#10780 =( BOUNDED_CURVE ( )  B_SPLINE_CURVE ( 3, ( #7672, #11210, #6753, #689 ),
 .UNSPECIFIED., .F., .T. ) 
 B_SPLINE_CURVE_WITH_KNOTS ( ( 4, 4 ),
 ( 5.235987755982928427, 5.560451059366090298 ),
 .UNSPECIFIED. ) 
 CURVE ( )  GEOMETRIC_REPRESENTATION_ITEM ( )  RATIONAL_B_SPLINE_CURVE ( ( 1.000000000000000000, 0.9912461883984140520, 0.9912461883984140520, 1.000000000000000000 ) ) 
 REPRESENTATION_ITEM ( '' )  );
#10781 = ORIENTED_EDGE ( 'NONE', *, *, #3400, .T. ) ;
#10782 = ORIENTED_EDGE ( 'NONE', *, *, #8520, .T. ) ;
#10783 = CARTESIAN_POINT ( 'NONE',  ( -0.9250000000000001554, 0.000000000000000000, -0.5000000000000002220 ) ) ;
#10784 = LINE ( 'NONE', #7245, #9410 ) ;
#10785 = DIRECTION ( 'NONE',  ( 1.000000000000000000, 0.000000000000000000, 4.086608188599209324E-16 ) ) ;
#10786 = DIRECTION ( 'NONE',  ( -0.000000000000000000, -1.000000000000000000, 0.000000000000000000 ) ) ;
#10787 = VERTEX_POINT ( 'NONE', #8396 ) ;
#10788 = ADVANCED_FACE ( 'NONE', ( #4815 ), #6491, .F. ) ;
#10789 = CARTESIAN_POINT ( 'NONE',  ( 1.149999999999998801, 0.1000000000000001166, -1.300000000000007594 ) ) ;
#10790 = PLANE ( 'NONE',  #2814 ) ;
#10791 = EDGE_CURVE ( 'NONE', #10507, #10379, #5791, .T. ) ;
#10792 = SHAPE_DEFINITION_REPRESENTATION ( #7850, #9179 ) ;
#10793 = ORIENTED_EDGE ( 'NONE', *, *, #2981, .T. ) ;
#10794 = ORIENTED_EDGE ( 'NONE', *, *, #3550, .T. ) ;
#10795 = DIRECTION ( 'NONE',  ( 0.7071067811865459074, 0.000000000000000000, 0.7071067811865491270 ) ) ;
#10796 = LINE ( 'NONE', #5692, #3334 ) ;
#10797 = CARTESIAN_POINT ( 'NONE',  ( -0.2500000000000013878, 0.1999999999999999833, 0.9249999999999997113 ) ) ;
#10798 = CARTESIAN_POINT ( 'NONE',  ( 0.5000000000000003331, 0.000000000000000000, -0.5000000000000004441 ) ) ;
#10799 = DIRECTION ( 'NONE',  ( -0.000000000000000000, -1.000000000000000000, -0.000000000000000000 ) ) ;
#10800 = EDGE_CURVE ( 'NONE', #11400, #11020, #428, .T. ) ;
#10801 = CARTESIAN_POINT ( 'NONE',  ( 0.9249999999999998224, 0.2000000000000000111, 0.1249999999999998196 ) ) ;
#10802 = PLANE ( 'NONE',  #3124 ) ;
#10803 = EDGE_CURVE ( 'NONE', #6755, #10061, #9377, .T. ) ;
#10804 = DIRECTION ( 'NONE',  ( 8.340016711426958986E-17, 0.000000000000000000, -1.000000000000000000 ) ) ;
#10805 = VERTEX_POINT ( 'NONE', #4920 ) ;
#10806 = ORIENTED_EDGE ( 'NONE', *, *, #9147, .T. ) ;
#10807 = CARTESIAN_POINT ( 'NONE',  ( 0.9249999999999998224, 0.7590169943749472958, 0.3749999999999997224 ) ) ;
#10808 = LINE ( 'NONE', #8775, #5929 ) ;
#10809 = UNCERTAINTY_MEASURE_WITH_UNIT (LENGTH_MEASURE( 1.000000000000000082E-05 ), #5699, 'distance_accuracy_value', 'NONE');
#10810 = FACE_OUTER_BOUND ( 'NONE', #9529, .T. ) ;
#10811 = FACE_OUTER_BOUND ( 'NONE', #7993, .T. ) ;
#10812 = DIRECTION ( 'NONE',  ( -1.626303258728255862E-15, 8.881784197001258240E-16, 1.000000000000000000 ) ) ;
#10813 = DIRECTION ( 'NONE',  ( -1.959903927185304452E-14, 0.000000000000000000, 1.000000000000000000 ) ) ;
#10814 = VECTOR ( 'NONE', #10280, 1000.000000000000000 ) ;
#10815 = DIRECTION ( 'NONE',  ( 0.000000000000000000, -1.000000000000000000, 0.000000000000000000 ) ) ;
#10816 = EDGE_LOOP ( 'NONE', ( #4054, #9290, #6458, #1009 ) ) ;
#10817 = ORIENTED_EDGE ( 'NONE', *, *, #9413, .T. ) ;
#10818 = FACE_OUTER_BOUND ( 'NONE', #734, .T. ) ;
#10819 = EDGE_CURVE ( 'NONE', #6180, #9558, #9267, .T. ) ;
#10820 = EDGE_LOOP ( 'NONE', ( #5062, #9069, #5393, #1810 ) ) ;
#10821 = ORIENTED_EDGE ( 'NONE', *, *, #11292, .F. ) ;
#10822 = EDGE_CURVE ( 'NONE', #9133, #2951, #9206, .T. ) ;
#10823 = DIRECTION ( 'NONE',  ( 0.000000000000000000, -1.000000000000000000, 0.000000000000000000 ) ) ;
#10824 = VECTOR ( 'NONE', #10966, 1000.000000000000000 ) ;
#10825 = DIRECTION ( 'NONE',  ( -1.000000000000000000, 0.000000000000000000, -8.340016711426957754E-17 ) ) ;
#10826 = FACE_OUTER_BOUND ( 'NONE', #11396, .T. ) ;
#10827 = CARTESIAN_POINT ( 'NONE',  ( 1.225000000000000089, 0.2000000000000000111, -0.1250000000000002220 ) ) ;
#10828 = ORIENTED_EDGE ( 'NONE', *, *, #10401, .T. ) ;
#10829 = DIRECTION ( 'NONE',  ( 0.000000000000000000, -1.000000000000000000, 0.000000000000000000 ) ) ;
#10830 = ORIENTED_EDGE ( 'NONE', *, *, #9350, .F. ) ;
#10831 = CIRCLE ( 'NONE', #9348, 0.1250000000000000000 ) ;
#10832 = EDGE_LOOP ( 'NONE', ( #2844, #1828, #2627, #1624 ) ) ;
#10833 = DIRECTION ( 'NONE',  ( 0.000000000000000000, -1.000000000000000000, 0.000000000000000000 ) ) ;
#10834 = ORIENTED_EDGE ( 'NONE', *, *, #6415, .T. ) ;
#10835 = EDGE_LOOP ( 'NONE', ( #3218, #3836, #9711, #2053 ) ) ;
#10836 = EDGE_CURVE ( 'NONE', #11009, #6873, #7351, .T. ) ;
#10837 = CARTESIAN_POINT ( 'NONE',  ( 0.8500000000000008660, 0.9846177413237633402, 1.250000000000005107 ) ) ;
#10838 = LINE ( 'NONE', #9909, #10333 ) ;
#10839 = PRODUCT ( 'RXB14', 'RXB14', '', ( #7253 ) ) ;
#10840 = DIRECTION ( 'NONE',  ( -4.086608188599209324E-16, 0.000000000000000000, 1.000000000000000000 ) ) ;
#10841 = DIRECTION ( 'NONE',  ( 1.000000000000000000, 0.000000000000000000, 8.340016711426957754E-17 ) ) ;
#10842 = ORIENTED_EDGE ( 'NONE', *, *, #165, .F. ) ;
#10843 = DIRECTION ( 'NONE',  ( -1.000000000000000000, 0.000000000000000000, 1.075862155774079406E-14 ) ) ;
#10844 = CARTESIAN_POINT ( 'NONE',  ( 1.250000000000000000, 0.9846177413237633402, -0.9249999999999991562 ) ) ;
#10845 = VECTOR ( 'NONE', #7424, 1000.000000000000000 ) ;
#10846 = VERTEX_POINT ( 'NONE', #10894 ) ;
#10847 = VECTOR ( 'NONE', #3294, 1000.000000000000000 ) ;
#10848 = VERTEX_POINT ( 'NONE', #7465 ) ;
#10849 = EDGE_CURVE ( 'NONE', #1535, #4818, #7580, .T. ) ;
#10850 = DIRECTION ( 'NONE',  ( -0.7071067811865491270, 0.000000000000000000, 0.7071067811865459074 ) ) ;
#10851 = CARTESIAN_POINT ( 'NONE',  ( -0.3500000000000010325, 0.1999999999999999833, 1.249999999999999778 ) ) ;
#10852 = VECTOR ( 'NONE', #7044, 1000.000000000000000 ) ;
#10853 = FACE_OUTER_BOUND ( 'NONE', #8896, .T. ) ;
#10854 = DIRECTION ( 'NONE',  ( 0.000000000000000000, -1.000000000000000000, 0.000000000000000000 ) ) ;
#10855 = ORIENTED_EDGE ( 'NONE', *, *, #10012, .T. ) ;
#10856 = VECTOR ( 'NONE', #4198, 1000.000000000000000 ) ;
#10857 = CARTESIAN_POINT ( 'NONE',  ( -0.3500000000000003109, 0.009999999999999646325, 1.300000000000000266 ) ) ;
#10858 = ADVANCED_FACE ( 'NONE', ( #4869 ), #6718, .F. ) ;
#10859 = COLOUR_RGB ( '',0.7921568627450980005, 0.8196078431372548767, 0.9333333333333333481 ) ;
#10860 = DIRECTION ( 'NONE',  ( -1.000000000000000000, 0.000000000000000000, -8.340016711426957754E-17 ) ) ;
#10861 = DIRECTION ( 'NONE',  ( 1.309382623694028928E-14, 0.000000000000000000, -1.000000000000000000 ) ) ;
#10862 = EDGE_LOOP ( 'NONE', ( #7374, #4454, #3199, #11391 ) ) ;
#10863 = AXIS2_PLACEMENT_3D ( 'NONE', #6910, #8818, #3501 ) ;
#10864 = EDGE_CURVE ( 'NONE', #7687, #4877, #10956, .T. ) ;
#10865 = VERTEX_POINT ( 'NONE', #2971 ) ;
#10866 = CARTESIAN_POINT ( 'NONE',  ( 0.1499999999999998002, 0.1999999999999999833, 1.300000000000000266 ) ) ;
#10867 = EDGE_CURVE ( 'NONE', #2995, #4211, #8278, .T. ) ;
#10868 = PLANE ( 'NONE',  #9416 ) ;
#10869 = CARTESIAN_POINT ( 'NONE',  ( 0.9249999999999998224, 0.2000000000000000111, -0.1250000000000002498 ) ) ;
#10870 = CARTESIAN_POINT ( 'NONE',  ( -1.300000000000000044, 0.1000000000000001166, 0.5999999999999999778 ) ) ;
#10871 = FACE_OUTER_BOUND ( 'NONE', #2174, .T. ) ;
#10872 = LINE ( 'NONE', #4624, #1987 ) ;
#10873 = AXIS2_PLACEMENT_3D ( 'NONE', #1320, #2791, #6366 ) ;
#10874 = ORIENTED_EDGE ( 'NONE', *, *, #6006, .F. ) ;
#10875 = EDGE_LOOP ( 'NONE', ( #7663, #8250, #4474, #8421, #7813, #8521, #1492, #1091 ) ) ;
#10876 = LINE ( 'NONE', #573, #9380 ) ;
#10877 = ADVANCED_FACE ( 'NONE', ( #4752 ), #10073, .F. ) ;
#10878 = VERTEX_POINT ( 'NONE', #10132 ) ;
#10879 = ORIENTED_EDGE ( 'NONE', *, *, #2399, .T. ) ;
#10880 = PLANE ( 'NONE',  #218 ) ;
#10881 = CARTESIAN_POINT ( 'NONE',  ( 1.225000000000000089, 0.2000000000000000111, -0.1250000000000002220 ) ) ;
#10882 = VECTOR ( 'NONE', #831, 1000.000000000000000 ) ;
#10883 = VECTOR ( 'NONE', #7315, 1000.000000000000000 ) ;
#10884 = DIRECTION ( 'NONE',  ( -0.000000000000000000, -1.000000000000000000, 0.000000000000000000 ) ) ;
#10885 = LINE ( 'NONE', #4636, #11150 ) ;
#10886 = DIRECTION ( 'NONE',  ( 0.000000000000000000, -1.000000000000000000, 0.000000000000000000 ) ) ;
#10887 = EDGE_LOOP ( 'NONE', ( #6813, #6758, #4971, #8952 ) ) ;
#10888 = CARTESIAN_POINT ( 'NONE',  ( -1.250000000000000000, 0.7590169943749472958, 0.3999999999999998557 ) ) ;
#10889 = EDGE_CURVE ( 'NONE', #1416, #10750, #1434, .T. ) ;
#10890 = EDGE_LOOP ( 'NONE', ( #10196, #7951, #10452, #2554 ) ) ;
#10891 = EDGE_CURVE ( 'NONE', #1338, #4121, #3309, .T. ) ;
#10892 = CIRCLE ( 'NONE', #910, 0.1000000000000000472 ) ;
#10893 = ORIENTED_EDGE ( 'NONE', *, *, #10940, .T. ) ;
#10894 = CARTESIAN_POINT ( 'NONE',  ( 0.3500000000000002554, 0.1999999999999999833, -1.300000000000000266 ) ) ;
#10895 = AXIS2_PLACEMENT_3D ( 'NONE', #9272, #4872, #10960 ) ;
#10896 = ORIENTED_EDGE ( 'NONE', *, *, #3054, .T. ) ;
#10897 = VECTOR ( 'NONE', #6760, 1000.000000000000000 ) ;
#10898 = ORIENTED_EDGE ( 'NONE', *, *, #7140, .T. ) ;
#10899 = FACE_OUTER_BOUND ( 'NONE', #5730, .T. ) ;
#10900 = CARTESIAN_POINT ( 'NONE',  ( -1.224999999999999645, 0.9846177413237633402, 0.8999999999999991340 ) ) ;
#10901 = VECTOR ( 'NONE', #5065, 1000.000000000000000 ) ;
#10902 = CARTESIAN_POINT ( 'NONE',  ( 0.9249999999999999334, 0.2000000000000000111, -0.5000000000000002220 ) ) ;
#10903 = CARTESIAN_POINT ( 'NONE',  ( 0.3750000000000009992, 0.06614378277661521477, -1.224999999999999867 ) ) ;
#10904 = ORIENTED_EDGE ( 'NONE', *, *, #6297, .T. ) ;
#10905 = AXIS2_PLACEMENT_3D ( 'NONE', #8013, #7894, #7684 ) ;
#10906 = DIRECTION ( 'NONE',  ( 0.000000000000000000, -1.000000000000000000, 0.000000000000000000 ) ) ;
#10907 = ADVANCED_FACE ( 'NONE', ( #6831 ), #4977, .T. ) ;
#10908 = AXIS2_PLACEMENT_3D ( 'NONE', #5281, #3506, #7025 ) ;
#10909 = CARTESIAN_POINT ( 'NONE',  ( 0.3750000000000009992, 0.1999999999999999833, -1.224999999999999867 ) ) ;
#10910 = LINE ( 'NONE', #8007, #8716 ) ;
#10911 = VECTOR ( 'NONE', #1724, 1000.000000000000000 ) ;
#10912 = ORIENTED_EDGE ( 'NONE', *, *, #1215, .F. ) ;
#10913 = VERTEX_POINT ( 'NONE', #10527 ) ;
#10914 = FACE_OUTER_BOUND ( 'NONE', #3250, .T. ) ;
#10915 = LINE ( 'NONE', #8188, #4613 ) ;
#10916 = VECTOR ( 'NONE', #9197, 1000.000000000000000 ) ;
#10917 = LINE ( 'NONE', #8997, #921 ) ;
#10918 = DIRECTION ( 'NONE',  ( -1.000000000000000000, 0.000000000000000000, 0.000000000000000000 ) ) ;
#10919 = ORIENTED_EDGE ( 'NONE', *, *, #11201, .T. ) ;
#10920 = AXIS2_PLACEMENT_3D ( 'NONE', #4087, #3222, #11147 ) ;
#10921 = SURFACE_STYLE_FILL_AREA ( #7377 ) ;
#10922 = AXIS2_PLACEMENT_3D ( 'NONE', #7498, #11038, #6637 ) ;
#10923 = VERTEX_POINT ( 'NONE', #8509 ) ;
#10924 = STYLED_ITEM ( 'NONE', ( #2901 ), #9319 ) ;
#10925 = ORIENTED_EDGE ( 'NONE', *, *, #5556, .T. ) ;
#10926 = DIRECTION ( 'NONE',  ( -1.943223893762450295E-14, 0.000000000000000000, -1.000000000000000000 ) ) ;
#10927 = CARTESIAN_POINT ( 'NONE',  ( -0.9250000000000001554, 0.2000000000000000111, -0.5000000000000002220 ) ) ;
#10928 = UNCERTAINTY_MEASURE_WITH_UNIT (LENGTH_MEASURE( 1.000000000000000082E-05 ), #7686, 'distance_accuracy_value', 'NONE');
#10929 = FACE_OUTER_BOUND ( 'NONE', #4765, .T. ) ;
#10930 = DIRECTION ( 'NONE',  ( -1.000000000000000000, 0.000000000000000000, -8.340016711426957754E-17 ) ) ;
#10931 = ADVANCED_FACE ( 'NONE', ( #1572 ), #7691, .T. ) ;
#10932 = DIRECTION ( 'NONE',  ( -1.000000000000000000, 0.000000000000000000, 0.000000000000000000 ) ) ;
#10933 = COLOUR_RGB ( '',0.7921568627450980005, 0.8196078431372548767, 0.9333333333333333481 ) ;
#10934 = CARTESIAN_POINT ( 'NONE',  ( -1.300000000000000044, 0.1999999999999999833, 0.9249999999999997113 ) ) ;
#10935 = ORIENTED_EDGE ( 'NONE', *, *, #9721, .T. ) ;
#10936 = DIRECTION ( 'NONE',  ( -1.951563910473907035E-14, 5.329070518200755338E-15, -1.000000000000000000 ) ) ;
#10937 = VERTEX_POINT ( 'NONE', #4333 ) ;
#10938 = EDGE_CURVE ( 'NONE', #8454, #10539, #655, .T. ) ;
#10939 = VERTEX_POINT ( 'NONE', #9662 ) ;
#10940 = EDGE_CURVE ( 'NONE', #1030, #10738, #8622, .T. ) ;
#10941 = ORIENTED_EDGE ( 'NONE', *, *, #8493, .F. ) ;
#10942 = DIRECTION ( 'NONE',  ( 0.7071067811865489050, 0.000000000000000000, 0.7071067811865461294 ) ) ;
#10943 = LINE ( 'NONE', #2156, #6469 ) ;
#10944 = AXIS2_PLACEMENT_3D ( 'NONE', #571, #4894, #1429 ) ;
#10945 = DIRECTION ( 'NONE',  ( -8.340016711426957754E-17, 0.000000000000000000, 1.000000000000000000 ) ) ;
#10946 = FACE_OUTER_BOUND ( 'NONE', #7466, .T. ) ;
#10947 = LINE ( 'NONE', #10772, #8512 ) ;
#10948 = EDGE_LOOP ( 'NONE', ( #5127, #2403, #3721, #3734 ) ) ;
#10949 = EDGE_CURVE ( 'NONE', #10846, #6784, #11176, .T. ) ;
#10950 = CARTESIAN_POINT ( 'NONE',  ( -1.050000000000001155, 0.01000000000000000021, 1.050000000000006040 ) ) ;
#10951 = VECTOR ( 'NONE', #5454, 1000.000000000000000 ) ;
#10952 = EDGE_CURVE ( 'NONE', #4524, #5551, #11037, .T. ) ;
#10953 = ORIENTED_EDGE ( 'NONE', *, *, #5360, .F. ) ;
#10954 = ADVANCED_FACE ( 'NONE', ( #7858 ), #11389, .F. ) ;
#10955 = ORIENTED_EDGE ( 'NONE', *, *, #1001, .F. ) ;
#10956 = LINE ( 'NONE', #9143, #9550 ) ;
#10957 = ORIENTED_EDGE ( 'NONE', *, *, #6118, .T. ) ;
#10958 = AXIS2_PLACEMENT_3D ( 'NONE', #2106, #309, #3653 ) ;
#10959 = ORIENTED_EDGE ( 'NONE', *, *, #20, .T. ) ;
#10960 = DIRECTION ( 'NONE',  ( 1.000000000000000000, 0.000000000000000000, 0.000000000000000000 ) ) ;
#10961 = DIRECTION ( 'NONE',  ( 0.7071067811865459074, 0.000000000000000000, 0.7071067811865491270 ) ) ;
#10962 = LINE ( 'NONE', #1240, #3552 ) ;
#10963 = PLANE ( 'NONE',  #9986 ) ;
#10964 = ORIENTED_EDGE ( 'NONE', *, *, #8199, .T. ) ;
#10965 = CYLINDRICAL_SURFACE ( 'NONE', #8343, 0.1000000000000000472 ) ;
#10966 = DIRECTION ( 'NONE',  ( -8.340016711426958986E-17, 0.000000000000000000, 1.000000000000000000 ) ) ;
#10967 = VECTOR ( 'NONE', #2265, 1000.000000000000000 ) ;
#10968 = ORIENTED_EDGE ( 'NONE', *, *, #9880, .F. ) ;
#10969 = CARTESIAN_POINT ( 'NONE',  ( -1.300000000000000044, 0.000000000000000000, 0.09999999999999993616 ) ) ;
#10970 = ORIENTED_EDGE ( 'NONE', *, *, #8330, .T. ) ;
#10971 = ORIENTED_EDGE ( 'NONE', *, *, #6828, .F. ) ;
#10972 = EDGE_CURVE ( 'NONE', #5686, #5858, #11235, .T. ) ;
#10973 = CARTESIAN_POINT ( 'NONE',  ( -3.475006963094572715E-17, 0.01000000000000000021, -0.1250000000000004441 ) ) ;
#10974 = EDGE_CURVE ( 'NONE', #8196, #2179, #9603, .T. ) ;
#10975 = CARTESIAN_POINT ( 'NONE',  ( 1.232185303455676006, 0.07429115107872281965, 0.6178146965443240823 ) ) ;
#10976 = DIRECTION ( 'NONE',  ( 0.000000000000000000, -1.000000000000000000, 0.000000000000000000 ) ) ;
#10977 = DIRECTION ( 'NONE',  ( 0.000000000000000000, 1.000000000000000000, 0.000000000000000000 ) ) ;
#10978 = ORIENTED_EDGE ( 'NONE', *, *, #9012, .F. ) ;
#10979 = CARTESIAN_POINT ( 'NONE',  ( 1.249999999999999778, 0.08660254037844405950, -1.125000000000000000 ) ) ;
#10980 = DIRECTION ( 'NONE',  ( 1.087828266707871075E-17, -0.000000000000000000, 1.000000000000000000 ) ) ;
#10981 = ORIENTED_EDGE ( 'NONE', *, *, #1966, .T. ) ;
#10982 = VERTEX_POINT ( 'NONE', #3252 ) ;
#10983 = CARTESIAN_POINT ( 'NONE',  ( -0.9249999999999998224, 0.7590169943749474069, -0.3750000000000001110 ) ) ;
#10984 = PLANE ( 'NONE',  #4240 ) ;
#10985 = CARTESIAN_POINT ( 'NONE',  ( -0.6500000000000009104, 0.1999999999999999833, 1.250000000000004885 ) ) ;
#10986 = CARTESIAN_POINT ( 'NONE',  ( -0.1250000000000013323, 0.1999999999999999833, 0.9249999999999992673 ) ) ;
#10987 = CARTESIAN_POINT ( 'NONE',  ( -0.8500000000000010880, 0.08660254037844680730, 1.250000000000005107 ) ) ;
#10988 = VERTEX_POINT ( 'NONE', #6015 ) ;
#10989 = DIRECTION ( 'NONE',  ( -1.734723475976806148E-14, 1.065814103640151068E-14, -1.000000000000000000 ) ) ;
#10990 = ORIENTED_EDGE ( 'NONE', *, *, #5196, .T. ) ;
#10991 = VERTEX_POINT ( 'NONE', #9544 ) ;
#10992 = ORIENTED_EDGE ( 'NONE', *, *, #1736, .F. ) ;
#10993 = CARTESIAN_POINT ( 'NONE',  ( -0.7999999999999996003, 0.01000000000000000021, -0.8000000000000032641 ) ) ;
#10994 = ADVANCED_FACE ( 'NONE', ( #5144 ), #1519, .F. ) ;
#10995 = CARTESIAN_POINT ( 'NONE',  ( -0.1500000000000007716, 0.1999999999999999833, -1.249999999999999556 ) ) ;
#10996 = CARTESIAN_POINT ( 'NONE',  ( 1.250000000000000000, 0.7590169943749474069, -0.4000000000000001887 ) ) ;
#10997 = AXIS2_PLACEMENT_3D ( 'NONE', #403, #7267, #3801 ) ;
#10998 = SURFACE_STYLE_FILL_AREA ( #2329 ) ;
#10999 = LINE ( 'NONE', #5439, #10545 ) ;
#11000 = ORIENTED_EDGE ( 'NONE', *, *, #3365, .F. ) ;
#11001 = LINE ( 'NONE', #3995, #8090 ) ;
#11002 = EDGE_CURVE ( 'NONE', #10188, #2097, #6990, .T. ) ;
#11003 = VERTEX_POINT ( 'NONE', #7806 ) ;
#11004 = ORIENTED_EDGE ( 'NONE', *, *, #1843, .F. ) ;
#11005 = DIRECTION ( 'NONE',  ( -0.000000000000000000, -1.000000000000000000, 0.000000000000000000 ) ) ;
#11006 = STYLED_ITEM ( 'NONE', ( #1321 ), #1814 ) ;
#11007 = VERTEX_POINT ( 'NONE', #11339 ) ;
#11008 = EDGE_CURVE ( 'NONE', #995, #188, #3415, .T. ) ;
#11009 = VERTEX_POINT ( 'NONE', #813 ) ;
#11010 = LINE ( 'NONE', #3145, #5334 ) ;
#11011 = CARTESIAN_POINT ( 'NONE',  ( 1.300000000000000044, 0.1000000000000001166, -0.9249999999999994893 ) ) ;
#11012 = DIRECTION ( 'NONE',  ( 0.000000000000000000, -1.000000000000000000, 0.000000000000000000 ) ) ;
#11013 = CARTESIAN_POINT ( 'NONE',  ( -1.300000000000000266, 0.01000000000000000021, 1.300000000000000044 ) ) ;
#11014 = ORIENTED_EDGE ( 'NONE', *, *, #1454, .F. ) ;
#11015 = VECTOR ( 'NONE', #9252, 1000.000000000000000 ) ;
#11016 = CARTESIAN_POINT ( 'NONE',  ( -0.3500000000000010325, 0.1999999999999999833, 1.249999999999999778 ) ) ;
#11017 = DIRECTION ( 'NONE',  ( 1.000000000000000000, -0.000000000000000000, 8.340016711426957754E-17 ) ) ;
#11018 = ORIENTED_EDGE ( 'NONE', *, *, #3579, .T. ) ;
#11019 = PLANE ( 'NONE',  #8064 ) ;
#11020 = VERTEX_POINT ( 'NONE', #10306 ) ;
#11021 = ORIENTED_EDGE ( 'NONE', *, *, #1361, .T. ) ;
#11022 = AXIS2_PLACEMENT_3D ( 'NONE', #4323, #7847, #8774 ) ;
#11023 = DIRECTION ( 'NONE',  ( -1.000000000000000000, 0.000000000000000000, -8.340016711426957754E-17 ) ) ;
#11024 = DIRECTION ( 'NONE',  ( -8.340016711426957754E-17, 0.000000000000000000, 1.000000000000000000 ) ) ;
#11025 = CARTESIAN_POINT ( 'NONE',  ( 0.8750000000000007772, 0.1999999999999999833, 1.225000000000005196 ) ) ;
#11026 = LINE ( 'NONE', #3048, #8496 ) ;
#11027 = VERTEX_POINT ( 'NONE', #6935 ) ;
#11028 = LINE ( 'NONE', #3699, #4269 ) ;
#11029 = CARTESIAN_POINT ( 'NONE',  ( -0.9256884250419260551, 0.9500000000000000666, -0.8859432889494202046 ) ) ;
#11030 = CIRCLE ( 'NONE', #9916, 0.1000000000000000472 ) ;
#11031 = EDGE_CURVE ( 'NONE', #2057, #696, #10467, .T. ) ;
#11032 = CARTESIAN_POINT ( 'NONE',  ( 1.250000000000000000, 0.1999999999999999833, -0.6000000000000003109 ) ) ;
#11033 = ADVANCED_FACE ( 'NONE', ( #10818 ), #78, .F. ) ;
#11034 = VERTEX_POINT ( 'NONE', #3589 ) ;
#11035 = ORIENTED_EDGE ( 'NONE', *, *, #2209, .T. ) ;
#11036 = LINE ( 'NONE', #2313, #4336 ) ;
#11037 = CIRCLE ( 'NONE', #10666, 0.1000000000000000472 ) ;
#11038 = DIRECTION ( 'NONE',  ( -0.000000000000000000, -1.000000000000000000, 0.000000000000000000 ) ) ;
#11039 = UNCERTAINTY_MEASURE_WITH_UNIT (LENGTH_MEASURE( 1.000000000000000082E-05 ), #3409, 'distance_accuracy_value', 'NONE');
#11040 = VECTOR ( 'NONE', #7674, 1000.000000000000000 ) ;
#11041 = EDGE_CURVE ( 'NONE', #6900, #3897, #9770, .T. ) ;
#11042 = EDGE_CURVE ( 'NONE', #7535, #2353, #9833, .T. ) ;
#11043 = CARTESIAN_POINT ( 'NONE',  ( -1.232185303455676229, 0.07429115107872256984, -0.6178146965443243044 ) ) ;
#11044 = CARTESIAN_POINT ( 'NONE',  ( 1.299999999999999822, 0.1000000000000001166, -0.4000000000000000777 ) ) ;
#11045 = PLANE ( 'NONE',  #2363 ) ;
#11046 = ORIENTED_EDGE ( 'NONE', *, *, #8725, .T. ) ;
#11047 = EDGE_LOOP ( 'NONE', ( #11021, #3361, #2488, #7821 ) ) ;
#11048 = ORIENTED_EDGE ( 'NONE', *, *, #5215, .F. ) ;
#11049 = ORIENTED_EDGE ( 'NONE', *, *, #10775, .F. ) ;
#11050 = DIRECTION ( 'NONE',  ( 1.000000000000000000, 0.000000000000000000, -2.780005570475647818E-16 ) ) ;
#11051 = CARTESIAN_POINT ( 'NONE',  ( 0.7250000000000010880, 0.1999999999999999833, -0.8999999999999991340 ) ) ;
#11052 = EDGE_CURVE ( 'NONE', #5615, #1416, #8785, .T. ) ;
#11053 = LINE ( 'NONE', #8334, #7560 ) ;
#11054 = SURFACE_STYLE_USAGE ( .BOTH. , #594 ) ;
#11055 = DIRECTION ( 'NONE',  ( 0.7071067811865489050, 0.000000000000000000, 0.7071067811865461294 ) ) ;
#11056 = VERTEX_POINT ( 'NONE', #1047 ) ;
#11057 = CIRCLE ( 'NONE', #10873, 0.1250000000000000000 ) ;
#11058 = CARTESIAN_POINT ( 'NONE',  ( 0.7250000000000010880, 0.1999999999999999833, -0.9999999999999991118 ) ) ;
#11059 = ORIENTED_EDGE ( 'NONE', *, *, #8493, .T. ) ;
#11060 = ORIENTED_EDGE ( 'NONE', *, *, #6602, .F. ) ;
#11061 = CARTESIAN_POINT ( 'NONE',  ( 1.149999999999998579, 0.000000000000000000, -1.299999999999999822 ) ) ;
#11062 = CIRCLE ( 'NONE', #7913, 0.1000000000000000472 ) ;
#11063 = VERTEX_POINT ( 'NONE', #1866 ) ;
#11064 = EDGE_LOOP ( 'NONE', ( #4867, #6887, #9238, #8620 ) ) ;
#11065 = CARTESIAN_POINT ( 'NONE',  ( -0.1500000000000009936, 0.1999999999999999833, 1.249999999999999556 ) ) ;
#11066 = DIRECTION ( 'NONE',  ( -8.340016711426957754E-17, 0.000000000000000000, 1.000000000000000000 ) ) ;
#11067 = LINE ( 'NONE', #4067, #4473 ) ;
#11068 = CARTESIAN_POINT ( 'NONE',  ( -0.1500000000000007716, 0.9846177413237633402, -1.249999999999999556 ) ) ;
#11069 = ORIENTED_EDGE ( 'NONE', *, *, #487, .T. ) ;
#11070 = PLANE ( 'NONE',  #3889 ) ;
#11071 = EDGE_CURVE ( 'NONE', #7565, #8294, #4455, .T. ) ;
#11072 = VECTOR ( 'NONE', #8399, 1000.000000000000000 ) ;
#11073 = ORIENTED_EDGE ( 'NONE', *, *, #7789, .F. ) ;
#11074 = DIRECTION ( 'NONE',  ( -0.000000000000000000, -1.000000000000000000, 0.000000000000000000 ) ) ;
#11075 = ORIENTED_EDGE ( 'NONE', *, *, #5293, .F. ) ;
#11076 = EDGE_LOOP ( 'NONE', ( #11403, #10425, #11111, #10935, #10508 ) ) ;
#11077 = EDGE_CURVE ( 'NONE', #10777, #8410, #1925, .T. ) ;
#11078 = EDGE_CURVE ( 'NONE', #1753, #836, #5372, .T. ) ;
#11079 = VECTOR ( 'NONE', #8724, 1000.000000000000000 ) ;
#11080 = VECTOR ( 'NONE', #4806, 1000.000000000000000 ) ;
#11081 = CARTESIAN_POINT ( 'NONE',  ( -1.225000000000000089, 0.06614378277661521477, 0.3750000000000000000 ) ) ;
#11082 = DIRECTION ( 'NONE',  ( 0.000000000000000000, -1.000000000000000000, 0.000000000000000000 ) ) ;
#11083 = FACE_OUTER_BOUND ( 'NONE', #7766, .T. ) ;
#11084 = CARTESIAN_POINT ( 'NONE',  ( 1.299999999999999822, 5.776955262170046623, -1.299999999999999822 ) ) ;
#11085 = EDGE_LOOP ( 'NONE', ( #2781, #4993, #1476, #3137 ) ) ;
#11086 = VECTOR ( 'NONE', #4711, 1000.000000000000114 ) ;
#11087 = FACE_OUTER_BOUND ( 'NONE', #3254, .T. ) ;
#11088 = FACE_OUTER_BOUND ( 'NONE', #7474, .T. ) ;
#11089 = EDGE_CURVE ( 'NONE', #2926, #2578, #4393, .T. ) ;
#11090 = DIRECTION ( 'NONE',  ( 0.7071067811865469066, 0.000000000000000000, -0.7071067811865482389 ) ) ;
#11091 = AXIS2_PLACEMENT_3D ( 'NONE', #2994, #9060, #9984 ) ;
#11092 = ADVANCED_FACE ( 'NONE', ( #8962 ), #1977, .F. ) ;
#11093 = CARTESIAN_POINT ( 'NONE',  ( 1.199999999999999956, 0.000000000000000000, 1.149999999999999023 ) ) ;
#11094 = AXIS2_PLACEMENT_3D ( 'NONE', #4889, #3967, #10154 ) ;
#11095 = FACE_OUTER_BOUND ( 'NONE', #3689, .T. ) ;
#11096 = VERTEX_POINT ( 'NONE', #4508 ) ;
#11097 = VECTOR ( 'NONE', #7768, 1000.000000000000000 ) ;
#11098 = ORIENTED_EDGE ( 'NONE', *, *, #1464, .F. ) ;
#11099 = CARTESIAN_POINT ( 'NONE',  ( -1.300000000000000044, 0.1999999999999999833, -1.124999999999999334 ) ) ;
#11100 = CARTESIAN_POINT ( 'NONE',  ( -1.225000000000000089, 0.009999999999999998473, 0.1249999999999998335 ) ) ;
#11101 = AXIS2_PLACEMENT_3D ( 'NONE', #4190, #5868, #1542 ) ;
#11102 = PLANE ( 'NONE',  #9978 ) ;
#11103 = DIRECTION ( 'NONE',  ( 1.000000000000000000, -0.000000000000000000, -2.085004177856743210E-15 ) ) ;
#11104 = PLANE ( 'NONE',  #1246 ) ;
#11105 = LINE ( 'NONE', #1441, #1065 ) ;
#11106 = AXIS2_PLACEMENT_3D ( 'NONE', #6783, #2101, #5607 ) ;
#11107 = VERTEX_POINT ( 'NONE', #7105 ) ;
#11108 = AXIS2_PLACEMENT_3D ( 'NONE', #4514, #11345, #3421 ) ;
#11109 = EDGE_LOOP ( 'NONE', ( #2379, #10299, #42, #9230, #1252 ) ) ;
#11110 = EDGE_CURVE ( 'NONE', #9674, #2926, #2896, .T. ) ;
#11111 = ORIENTED_EDGE ( 'NONE', *, *, #9691, .F. ) ;
#11112 = DIRECTION ( 'NONE',  ( 1.000000000000000000, -3.552713678800503296E-15, -2.168404344971007685E-15 ) ) ;
#11113 = EDGE_CURVE ( 'NONE', #10427, #2064, #3532, .T. ) ;
#11114 = DIRECTION ( 'NONE',  ( 1.000000000000000000, 0.000000000000000000, 8.340016711426957754E-17 ) ) ;
#11115 = DIRECTION ( 'NONE',  ( -0.7071067811865489050, 0.000000000000000000, -0.7071067811865461294 ) ) ;
#11116 = EDGE_CURVE ( 'NONE', #3576, #4241, #1104, .T. ) ;
#11117 = AXIS2_PLACEMENT_3D ( 'NONE', #9537, #4278, #7218 ) ;
#11118 = LINE ( 'NONE', #4114, #5588 ) ;
#11119 = SURFACE_SIDE_STYLE ('',( #9486 ) ) ;
#11120 = ORIENTED_EDGE ( 'NONE', *, *, #2743, .F. ) ;
#11121 = PLANE ( 'NONE',  #7167 ) ;
#11122 = VERTEX_POINT ( 'NONE', #7162 ) ;
#11123 = ORIENTED_EDGE ( 'NONE', *, *, #7271, .T. ) ;
#11124 = DIRECTION ( 'NONE',  ( -0.7071067811865491270, 0.000000000000000000, 0.7071067811865459074 ) ) ;
#11125 = AXIS2_PLACEMENT_3D ( 'NONE', #3281, #398, #4093 ) ;
#11126 = ORIENTED_EDGE ( 'NONE', *, *, #8881, .F. ) ;
#11127 = VERTEX_POINT ( 'NONE', #2670 ) ;
#11128 = FACE_OUTER_BOUND ( 'NONE', #10835, .T. ) ;
#11129 = CARTESIAN_POINT ( 'NONE',  ( -0.2500000000000012768, 0.1999999999999999833, -0.9249999999999997113 ) ) ;
#11130 = AXIS2_PLACEMENT_3D ( 'NONE', #10487, #891, #6034 ) ;
#11131 = CARTESIAN_POINT ( 'NONE',  ( -0.8500000000000010880, 0.9846177413237633402, 1.250000000000005107 ) ) ;
#11132 = DIRECTION ( 'NONE',  ( -0.7071067811865445751, 0.000000000000000000, 0.7071067811865504593 ) ) ;
#11133 = VERTEX_POINT ( 'NONE', #7980 ) ;
#11134 = EDGE_CURVE ( 'NONE', #4357, #4803, #4567, .T. ) ;
#11135 = LINE ( 'NONE', #3210, #8875 ) ;
#11136 = ORIENTED_EDGE ( 'NONE', *, *, #8446, .T. ) ;
#11137 = FACE_OUTER_BOUND ( 'NONE', #1867, .T. ) ;
#11138 = ORIENTED_EDGE ( 'NONE', *, *, #7868, .T. ) ;
#11139 = FACE_OUTER_BOUND ( 'NONE', #3114, .T. ) ;
#11140 = VECTOR ( 'NONE', #3369, 1000.000000000000000 ) ;
#11141 = ORIENTED_EDGE ( 'NONE', *, *, #2073, .F. ) ;
#11142 = VERTEX_POINT ( 'NONE', #4628 ) ;
#11143 = CARTESIAN_POINT ( 'NONE',  ( 1.300000000000000044, 0.2000000000000000111, -0.6000000000000004219 ) ) ;
#11144 = EDGE_CURVE ( 'NONE', #751, #6541, #2782, .T. ) ;
#11145 = LINE ( 'NONE', #10433, #9239 ) ;
#11146 = CARTESIAN_POINT ( 'NONE',  ( 0.8499999999999999778, 0.1999999999999996503, 1.300000000000000266 ) ) ;
#11147 = DIRECTION ( 'NONE',  ( -1.000000000000000000, -2.664535259100377669E-15, 0.000000000000000000 ) ) ;
#11148 = ORIENTED_EDGE ( 'NONE', *, *, #1029, .T. ) ;
#11149 = PLANE ( 'NONE',  #2455 ) ;
#11150 = VECTOR ( 'NONE', #9137, 1000.000000000000000 ) ;
#11151 = EDGE_CURVE ( 'NONE', #944, #2227, #6302, .T. ) ;
#11152 = SURFACE_STYLE_USAGE ( .BOTH. , #4946 ) ;
#11153 = DIRECTION ( 'NONE',  ( 8.340016711426957754E-17, 0.000000000000000000, -1.000000000000000000 ) ) ;
#11154 = DIRECTION ( 'NONE',  ( -1.087828266707871075E-17, 0.000000000000000000, -1.000000000000000000 ) ) ;
#11155 = ORIENTED_EDGE ( 'NONE', *, *, #820, .T. ) ;
#11156 = DIRECTION ( 'NONE',  ( 8.340016711426957754E-17, 0.000000000000000000, -1.000000000000000000 ) ) ;
#11157 = FACE_OUTER_BOUND ( 'NONE', #913, .T. ) ;
#11158 = EDGE_CURVE ( 'NONE', #7650, #299, #4378, .T. ) ;
#11159 = LINE ( 'NONE', #3231, #919 ) ;
#11160 = CARTESIAN_POINT ( 'NONE',  ( 1.250000000000000000, 0.2000000000000000111, 0.09999999999999982514 ) ) ;
#11161 = CARTESIAN_POINT ( 'NONE',  ( -0.3750000000000012768, 0.1999999999999999833, -0.9249999999999994893 ) ) ;
#11162 = CARTESIAN_POINT ( 'NONE',  ( 0.1250000000000010270, 0.1999999999999999833, -1.224999999999999645 ) ) ;
#11163 = VERTEX_POINT ( 'NONE', #1799 ) ;
#11164 = EDGE_LOOP ( 'NONE', ( #4518, #2095, #644, #3986 ) ) ;
#11165 = ORIENTED_EDGE ( 'NONE', *, *, #11233, .T. ) ;
#11166 = CARTESIAN_POINT ( 'NONE',  ( 1.224999999999999645, 0.1999999999999999833, 0.8999999999999993561 ) ) ;
#11167 = CARTESIAN_POINT ( 'NONE',  ( -0.1999999999999975131, 0.01000000000000000021, -0.5000000000000005551 ) ) ;
#11168 = LINE ( 'NONE', #361, #3697 ) ;
#11169 = FILL_AREA_STYLE ('',( #7631 ) ) ;
#11170 = CARTESIAN_POINT ( 'NONE',  ( 1.224999999999999645, 0.1999999999999999833, -0.8999999999999991340 ) ) ;
#11171 = VERTEX_POINT ( 'NONE', #2840 ) ;
#11172 = LINE ( 'NONE', #3249, #6242 ) ;
#11173 = VERTEX_POINT ( 'NONE', #5873 ) ;
#11174 = EDGE_CURVE ( 'NONE', #336, #8949, #2808, .T. ) ;
#11175 = ORIENTED_EDGE ( 'NONE', *, *, #1112, .F. ) ;
#11176 = LINE ( 'NONE', #6068, #5860 ) ;
#11177 = ORIENTED_EDGE ( 'NONE', *, *, #7099, .T. ) ;
#11178 = ORIENTED_EDGE ( 'NONE', *, *, #6618, .F. ) ;
#11179 = DIRECTION ( 'NONE',  ( 0.000000000000000000, -1.000000000000000000, 0.000000000000000000 ) ) ;
#11180 = LINE ( 'NONE', #806, #2764 ) ;
#11181 = DIRECTION ( 'NONE',  ( -0.7071067811865459074, 0.000000000000000000, -0.7071067811865491270 ) ) ;
#11182 = EDGE_CURVE ( 'NONE', #7464, #6612, #2098, .T. ) ;
#11183 = CARTESIAN_POINT ( 'NONE',  ( -1.187500000000005107, 0.01000000000000000021, -1.187499999999994893 ) ) ;
#11184 = VERTEX_POINT ( 'NONE', #1430 ) ;
#11185 = PLANE ( 'NONE',  #11106 ) ;
#11186 = ORIENTED_EDGE ( 'NONE', *, *, #102, .F. ) ;
#11187 = DIRECTION ( 'NONE',  ( 0.7071067811865491270, 0.000000000000000000, -0.7071067811865459074 ) ) ;
#11188 = VERTEX_POINT ( 'NONE', #8263 ) ;
#11189 = DIRECTION ( 'NONE',  ( 0.7071067811865459074, 0.000000000000000000, 0.7071067811865491270 ) ) ;
#11190 = ORIENTED_EDGE ( 'NONE', *, *, #855, .F. ) ;
#11191 = EDGE_CURVE ( 'NONE', #9163, #7354, #11259, .T. ) ;
#11192 = ORIENTED_EDGE ( 'NONE', *, *, #5290, .F. ) ;
#11193 = CARTESIAN_POINT ( 'NONE',  ( 8.340016711426961451E-18, 0.01000000000000000021, -0.1000000000000000472 ) ) ;
#11194 = CARTESIAN_POINT ( 'NONE',  ( -1.250000000000000000, 0.08660254037844405950, 0.3999999999999998557 ) ) ;
#11195 = VECTOR ( 'NONE', #9914, 1000.000000000000000 ) ;
#11196 = DIRECTION ( 'NONE',  ( 1.529003063761606547E-15, -0.000000000000000000, -1.000000000000000000 ) ) ;
#11197 = DIRECTION ( 'NONE',  ( 0.000000000000000000, -1.000000000000000000, 0.000000000000000000 ) ) ;
#11198 = VERTEX_POINT ( 'NONE', #511 ) ;
#11199 = CARTESIAN_POINT ( 'NONE',  ( -1.225000000000000089, 0.2000000000000000111, -0.6250000000000001110 ) ) ;
#11200 = CARTESIAN_POINT ( 'NONE',  ( 0.8500000000000004219, 0.1999999999999999833, -1.300000000000005373 ) ) ;
#11201 = EDGE_CURVE ( 'NONE', #5, #9845, #3283, .T. ) ;
#11202 = CIRCLE ( 'NONE', #2347, 0.1000000000000000472 ) ;
#11203 = DIRECTION ( 'NONE',  ( 0.000000000000000000, 1.000000000000000000, 0.000000000000000000 ) ) ;
#11204 = ORIENTED_EDGE ( 'NONE', *, *, #1329, .T. ) ;
#11205 = CARTESIAN_POINT ( 'NONE',  ( 0.9249999999999998224, 0.01000000000000000021, -0.6250000000000002220 ) ) ;
#11206 = PLANE ( 'NONE',  #10521 ) ;
#11207 = EDGE_CURVE ( 'NONE', #6893, #2731, #632, .T. ) ;
#11208 = CARTESIAN_POINT ( 'NONE',  ( -0.2500000000000013878, 0.1999999999999999833, 0.9249999999999997113 ) ) ;
#11209 = DIRECTION ( 'NONE',  ( 0.000000000000000000, 1.000000000000000000, 0.000000000000000000 ) ) ;
#11210 = CARTESIAN_POINT ( 'NONE',  ( 0.6405922294351836799, 0.08117096151037610230, -1.240592229435187432 ) ) ;
#11211 = CARTESIAN_POINT ( 'NONE',  ( -1.300000000000000044, 0.1999999999999999833, -0.6000000000000001998 ) ) ;
#11212 = EDGE_CURVE ( 'NONE', #5004, #4914, #4145, .T. ) ;
#11213 = ORIENTED_EDGE ( 'NONE', *, *, #10864, .F. ) ;
#11214 = EDGE_CURVE ( 'NONE', #842, #5918, #9130, .T. ) ;
#11215 = AXIS2_PLACEMENT_3D ( 'NONE', #4903, #522, #3346 ) ;
#11216 = ORIENTED_EDGE ( 'NONE', *, *, #9612, .F. ) ;
#11217 = VECTOR ( 'NONE', #6027, 1000.000000000000000 ) ;
#11218 = EDGE_CURVE ( 'NONE', #1055, #1836, #9409, .T. ) ;
#11219 = AXIS2_PLACEMENT_3D ( 'NONE', #8841, #927, #1974 ) ;
#11220 = ORIENTED_EDGE ( 'NONE', *, *, #8092, .F. ) ;
#11221 = DIRECTION ( 'NONE',  ( -0.7071067811865445751, 0.000000000000000000, 0.7071067811865504593 ) ) ;
#11222 = DIRECTION ( 'NONE',  ( 0.000000000000000000, 0.000000000000000000, -1.000000000000000000 ) ) ;
#11223 = EDGE_CURVE ( 'NONE', #6648, #8760, #2036, .T. ) ;
#11224 = PLANE ( 'NONE',  #4427 ) ;
#11225 = VECTOR ( 'NONE', #7854, 1000.000000000000000 ) ;
#11226 = DIRECTION ( 'NONE',  ( -1.000000000000000000, 0.000000000000000000, 2.304624617924155838E-14 ) ) ;
#11227 = DIRECTION ( 'NONE',  ( -1.000000000000000000, 0.000000000000000000, -8.340016711426957754E-17 ) ) ;
#11228 = VERTEX_POINT ( 'NONE', #7611 ) ;
#11229 = FACE_OUTER_BOUND ( 'NONE', #1203, .T. ) ;
#11230 = STYLED_ITEM ( 'NONE', ( #3914 ), #1701 ) ;
#11231 = ORIENTED_EDGE ( 'NONE', *, *, #5286, .F. ) ;
#11232 = EDGE_CURVE ( 'NONE', #3809, #3144, #8444, .T. ) ;
#11233 = EDGE_CURVE ( 'NONE', #11142, #8861, #7548, .T. ) ;
#11234 = ORIENTED_EDGE ( 'NONE', *, *, #4682, .F. ) ;
#11235 = LINE ( 'NONE', #8618, #7513 ) ;
#11236 = VERTEX_POINT ( 'NONE', #2310 ) ;
#11237 = ORIENTED_EDGE ( 'NONE', *, *, #1635, .F. ) ;
#11238 = LINE ( 'NONE', #3475, #7369 ) ;
#11239 = LINE ( 'NONE', #4987, #9282 ) ;
#11240 = ADVANCED_FACE ( 'NONE', ( #11095 ), #2428, .T. ) ;
#11241 = DIRECTION ( 'NONE',  ( -1.000000000000000000, 0.000000000000000000, 0.000000000000000000 ) ) ;
#11242 = ORIENTED_EDGE ( 'NONE', *, *, #6860, .F. ) ;
#11243 = ORIENTED_EDGE ( 'NONE', *, *, #3297, .F. ) ;
#11244 = DIRECTION ( 'NONE',  ( 0.000000000000000000, -1.000000000000000000, 0.000000000000000000 ) ) ;
#11245 = EDGE_LOOP ( 'NONE', ( #9588, #7233, #9215, #1692 ) ) ;
#11246 = FACE_OUTER_BOUND ( 'NONE', #1323, .T. ) ;
#11247 = AXIS2_PLACEMENT_3D ( 'NONE', #9139, #10128, #5669 ) ;
#11248 = ORIENTED_EDGE ( 'NONE', *, *, #3431, .F. ) ;
#11249 = ORIENTED_EDGE ( 'NONE', *, *, #848, .F. ) ;
#11250 = DIRECTION ( 'NONE',  ( -1.000000000000000000, 0.000000000000000000, -8.340016711426958986E-17 ) ) ;
#11251 = CARTESIAN_POINT ( 'NONE',  ( -0.8500000000000004219, 0.000000000000000000, 1.300000000000000266 ) ) ;
#11252 = ADVANCED_FACE ( 'NONE', ( #301 ), #7721, .T. ) ;
#11253 = DIRECTION ( 'NONE',  ( 0.000000000000000000, 1.000000000000000000, 0.000000000000000000 ) ) ;
#11254 = DIRECTION ( 'NONE',  ( 1.000000000000000000, 0.000000000000000000, 8.340016711426957754E-17 ) ) ;
#11255 = ORIENTED_EDGE ( 'NONE', *, *, #10398, .F. ) ;
#11256 = EDGE_CURVE ( 'NONE', #964, #10238, #3173, .T. ) ;
#11257 = FACE_OUTER_BOUND ( 'NONE', #8543, .T. ) ;
#11258 = LINE ( 'NONE', #9571, #5377 ) ;
#11259 = LINE ( 'NONE', #6692, #4014 ) ;
#11260 = AXIS2_PLACEMENT_3D ( 'NONE', #3953, #1239, #5678 ) ;
#11261 = ORIENTED_EDGE ( 'NONE', *, *, #7057, .T. ) ;
#11262 = AXIS2_PLACEMENT_3D ( 'NONE', #9382, #5794, #2398 ) ;
#11263 = CARTESIAN_POINT ( 'NONE',  ( 1.250000000000000000, 0.7590169943749472958, 0.5999999999999998668 ) ) ;
#11264 = CARTESIAN_POINT ( 'NONE',  ( 0.9249999999999999334, 0.000000000000000000, -0.5000000000000002220 ) ) ;
#11265 = CIRCLE ( 'NONE', #5159, 0.1250000000000000278 ) ;
#11266 = CARTESIAN_POINT ( 'NONE',  ( 1.300000000000000044, 0.1999999999999999833, -0.9249999999999997113 ) ) ;
#11267 = AXIS2_PLACEMENT_3D ( 'NONE', #5349, #58, #113 ) ;
#11268 = DIRECTION ( 'NONE',  ( 1.000000000000000000, 0.000000000000000000, 8.340016711426957754E-17 ) ) ;
#11269 = FACE_OUTER_BOUND ( 'NONE', #6024, .T. ) ;
#11270 = VECTOR ( 'NONE', #9867, 1000.000000000000000 ) ;
#11271 = DIRECTION ( 'NONE',  ( -2.276824562219558365E-14, 0.000000000000000000, 1.000000000000000000 ) ) ;
#11272 = ORIENTED_EDGE ( 'NONE', *, *, #7349, .F. ) ;
#11273 = VECTOR ( 'NONE', #10322, 1000.000000000000000 ) ;
#11274 = ORIENTED_EDGE ( 'NONE', *, *, #10952, .F. ) ;
#11275 = CIRCLE ( 'NONE', #11101, 0.1000000000000000472 ) ;
#11276 = ORIENTED_EDGE ( 'NONE', *, *, #2430, .T. ) ;
#11277 = DIRECTION ( 'NONE',  ( 1.000000000000000000, 0.000000000000000000, 1.918203843628200209E-16 ) ) ;
#11278 = CARTESIAN_POINT ( 'NONE',  ( -0.1500000000000009936, 0.08660254037844367092, 1.249999999999999556 ) ) ;
#11279 = EDGE_CURVE ( 'NONE', #9254, #11009, #1612, .T. ) ;
#11280 = AXIS2_PLACEMENT_3D ( 'NONE', #6478, #6586, #7339 ) ;
#11281 = CARTESIAN_POINT ( 'NONE',  ( 1.299999999999999822, 0.000000000000000000, -0.4000000000000000777 ) ) ;
#11282 = PLANE ( 'NONE',  #7964 ) ;
#11283 = ORIENTED_EDGE ( 'NONE', *, *, #9020, .T. ) ;
#11284 = FACE_OUTER_BOUND ( 'NONE', #4592, .T. ) ;
#11285 = ORIENTED_EDGE ( 'NONE', *, *, #657, .T. ) ;
#11286 = EDGE_CURVE ( 'NONE', #2652, #2451, #3097, .T. ) ;
#11287 = EDGE_LOOP ( 'NONE', ( #729, #5853, #6258, #2629, #3349, #6933, #6304, #9720, #6663, #4167, #664, #9699, #7122, #880, #8043, #251, #6733, #2784, #4306, #10834 ) ) ;
#11288 = CARTESIAN_POINT ( 'NONE',  ( 1.149999999999998579, 0.000000000000000000, -1.199999999999999734 ) ) ;
#11289 = ORIENTED_EDGE ( 'NONE', *, *, #10079, .F. ) ;
#11290 = VECTOR ( 'NONE', #863, 999.9999999999998863 ) ;
#11291 = CARTESIAN_POINT ( 'NONE',  ( 0.8750000000000025535, 0.000000000000000000, 1.300000000000000266 ) ) ;
#11292 = EDGE_CURVE ( 'NONE', #3647, #7675, #10876, .T. ) ;
#11293 = LINE ( 'NONE', #9609, #10396 ) ;
#11294 = ADVANCED_FACE ( 'NONE', ( #10278 ), #10495, .T. ) ;
#11295 = DIRECTION ( 'NONE',  ( -0.000000000000000000, -1.000000000000000000, 0.000000000000000000 ) ) ;
#11296 = ORIENTED_EDGE ( 'NONE', *, *, #9528, .T. ) ;
#11297 = DIRECTION ( 'NONE',  ( -1.000000000000000000, 0.000000000000000000, -8.340016711426957754E-17 ) ) ;
#11298 = EDGE_LOOP ( 'NONE', ( #8718, #3648, #9256, #11175 ) ) ;
#11299 = CARTESIAN_POINT ( 'NONE',  ( 0.5000000000000003331, 1.614213562373095323, 0.4999999999999997780 ) ) ;
#11300 = VECTOR ( 'NONE', #7607, 1000.000000000000000 ) ;
#11301 = ORIENTED_EDGE ( 'NONE', *, *, #10606, .F. ) ;
#11302 = CARTESIAN_POINT ( 'NONE',  ( 1.199999999999999956, 0.000000000000000000, 0.3749999999999998890 ) ) ;
#11303 = VERTEX_POINT ( 'NONE', #3443 ) ;
#11304 = ORIENTED_EDGE ( 'NONE', *, *, #10718, .T. ) ;
#11305 = PLANE ( 'NONE',  #9403 ) ;
#11306 = DIRECTION ( 'NONE',  ( 1.301042606982604690E-14, 0.000000000000000000, 1.000000000000000000 ) ) ;
#11307 = VECTOR ( 'NONE', #1548, 1000.000000000000000 ) ;
#11308 = LINE ( 'NONE', #3386, #60 ) ;
#11309 = CARTESIAN_POINT ( 'NONE',  ( -0.8000000000000001554, 0.1999999999999999833, 0.4999999999999997780 ) ) ;
#11310 = VERTEX_POINT ( 'NONE', #8008 ) ;
#11311 = DIRECTION ( 'NONE',  ( 1.000802005371233254E-15, 0.000000000000000000, 1.000000000000000000 ) ) ;
#11312 = SURFACE_STYLE_USAGE ( .BOTH. , #5113 ) ;
#11313 = AXIS2_PLACEMENT_3D ( 'NONE', #4823, #5740, #3207 ) ;
#11314 = CARTESIAN_POINT ( 'NONE',  ( 0.8500000000000008660, 0.1999999999999999833, 1.250000000000005107 ) ) ;
#11315 = EDGE_CURVE ( 'NONE', #1719, #4586, #5120, .T. ) ;
#11316 = LINE ( 'NONE', #2529, #7342 ) ;
#11317 = ORIENTED_EDGE ( 'NONE', *, *, #6768, .T. ) ;
#11318 = VECTOR ( 'NONE', #3570, 1000.000000000000114 ) ;
#11319 = EDGE_CURVE ( 'NONE', #1071, #9920, #9007, .T. ) ;
#11320 = DIRECTION ( 'NONE',  ( -1.000000000000000000, 0.000000000000000000, -1.092542189196933406E-14 ) ) ;
#11321 = CARTESIAN_POINT ( 'NONE',  ( -0.1499999999999998557, 0.000000000000000000, -1.299999999999999822 ) ) ;
#11322 =( GEOMETRIC_REPRESENTATION_CONTEXT ( 3 ) GLOBAL_UNCERTAINTY_ASSIGNED_CONTEXT ( ( #11039 ) ) GLOBAL_UNIT_ASSIGNED_CONTEXT ( ( #3409, #7853, #4162 ) ) REPRESENTATION_CONTEXT ( 'NONE', 'WORKASPACE' ) );
#11323 = FACE_OUTER_BOUND ( 'NONE', #9327, .T. ) ;
#11324 = DIRECTION ( 'NONE',  ( -2.085004177856743210E-15, 0.000000000000000000, -1.000000000000000000 ) ) ;
#11325 = CARTESIAN_POINT ( 'NONE',  ( -0.7250000000000009770, 0.1999999999999999833, -0.8999999999999993561 ) ) ;
#11326 = LINE ( 'NONE', #7898, #9182 ) ;
#11327 = EDGE_LOOP ( 'NONE', ( #2162, #10842, #6582, #4989 ) ) ;
#11328 = VECTOR ( 'NONE', #741, 1000.000000000000000 ) ;
#11329 = VERTEX_POINT ( 'NONE', #5173 ) ;
#11330 = EDGE_LOOP ( 'NONE', ( #9702, #4828, #4982, #5494 ) ) ;
#11331 = CARTESIAN_POINT ( 'NONE',  ( -0.4999999999999996669, 0.000000000000000000, -0.5000000000000005551 ) ) ;
#11332 = LINE ( 'NONE', #7681, #914 ) ;
#11333 = FACE_OUTER_BOUND ( 'NONE', #9308, .T. ) ;
#11334 = PLANE ( 'NONE',  #3214 ) ;
#11335 = CARTESIAN_POINT ( 'NONE',  ( 1.300000000000000044, 0.2000000000000000111, -0.4000000000000001887 ) ) ;
#11336 = DIRECTION ( 'NONE',  ( -1.000000000000000000, 0.000000000000000000, 2.780005570475648805E-16 ) ) ;
#11337 = ORIENTED_EDGE ( 'NONE', *, *, #4951, .T. ) ;
#11338 = ORIENTED_EDGE ( 'NONE', *, *, #3202, .F. ) ;
#11339 = CARTESIAN_POINT ( 'NONE',  ( 1.250000000000000000, 0.2000000000000000111, 0.09999999999999982514 ) ) ;
#11340 = ADVANCED_FACE ( 'NONE', ( #4361 ), #841, .F. ) ;
#11341 = EDGE_LOOP ( 'NONE', ( #9710, #7080, #4119, #7137 ) ) ;
#11342 = FACE_OUTER_BOUND ( 'NONE', #7735, .T. ) ;
#11343 = EDGE_CURVE ( 'NONE', #3597, #2009, #10442, .T. ) ;
#11344 = CARTESIAN_POINT ( 'NONE',  ( -0.7250000000000009770, 0.1999999999999999833, -0.8999999999999992450 ) ) ;
#11345 = DIRECTION ( 'NONE',  ( 0.7071067811865504593, 0.000000000000000000, 0.7071067811865445751 ) ) ;
#11346 = ORIENTED_EDGE ( 'NONE', *, *, #8786, .F. ) ;
#11347 = CARTESIAN_POINT ( 'NONE',  ( 0.3500000000000000888, 0.9846177413237633402, 1.300000000000000266 ) ) ;
#11348 = EDGE_LOOP ( 'NONE', ( #3095, #6410, #4737, #2708, #7294, #1326, #3735, #5487 ) ) ;
#11349 = CARTESIAN_POINT ( 'NONE',  ( -0.3500000000000002554, 0.1000000000000001166, 1.299999999999999378 ) ) ;
#11350 = ORIENTED_EDGE ( 'NONE', *, *, #2323, .F. ) ;
#11351 = PLANE ( 'NONE',  #1796 ) ;
#11352 = EDGE_CURVE ( 'NONE', #10697, #3882, #9633, .T. ) ;
#11353 = EDGE_LOOP ( 'NONE', ( #7448, #4002, #2882, #8843 ) ) ;
#11354 = ORIENTED_EDGE ( 'NONE', *, *, #7904, .T. ) ;
#11355 = FACE_OUTER_BOUND ( 'NONE', #4392, .T. ) ;
#11356 = CARTESIAN_POINT ( 'NONE',  ( 2.085004177856685574E-16, 0.01000000000000000021, 0.09999999999999722999 ) ) ;
#11357 = DIRECTION ( 'NONE',  ( -0.7071067811865474617, 0.000000000000000000, -0.7071067811865476838 ) ) ;
#11358 = CARTESIAN_POINT ( 'NONE',  ( 0.6250000000000008882, 0.1999999999999999833, 1.225000000000004974 ) ) ;
#11359 = ORIENTED_EDGE ( 'NONE', *, *, #8127, .F. ) ;
#11360 = AXIS2_PLACEMENT_3D ( 'NONE', #804, #8722, #6228 ) ;
#11361 = LINE ( 'NONE', #785, #5574 ) ;
#11362 = CARTESIAN_POINT ( 'NONE',  ( 0.1499999999999998002, 0.9846177413237633402, 1.300000000000000266 ) ) ;
#11363 = PLANE ( 'NONE',  #6314 ) ;
#11364 = DIRECTION ( 'NONE',  ( -1.000000000000000000, 0.000000000000000000, 2.085004177856743210E-15 ) ) ;
#11365 = ORIENTED_EDGE ( 'NONE', *, *, #9883, .F. ) ;
#11366 = DIRECTION ( 'NONE',  ( -1.000000000000000000, 0.000000000000000000, -8.340016711426957754E-17 ) ) ;
#11367 = DIRECTION ( 'NONE',  ( -1.000000000000000000, 0.000000000000000000, 3.984674651014977107E-16 ) ) ;
#11368 = CARTESIAN_POINT ( 'NONE',  ( 0.3500000000000008105, 0.1999999999999999833, 1.249999999999999778 ) ) ;
#11369 = CARTESIAN_POINT ( 'NONE',  ( 1.225000000000000089, 0.06614378277661561722, -0.3750000000000002776 ) ) ;
#11370 = ADVANCED_FACE ( 'NONE', ( #7888 ), #1654, .F. ) ;
#11371 = FACE_OUTER_BOUND ( 'NONE', #9487, .T. ) ;
#11372 = VECTOR ( 'NONE', #5243, 1000.000000000000114 ) ;
#11373 = ORIENTED_EDGE ( 'NONE', *, *, #7456, .F. ) ;
#11374 = ORIENTED_EDGE ( 'NONE', *, *, #3586, .F. ) ;
#11375 = ORIENTED_EDGE ( 'NONE', *, *, #7164, .T. ) ;
#11376 = PLANE ( 'NONE',  #11360 ) ;
#11377 = DIRECTION ( 'NONE',  ( -0.7071067811865474617, 0.000000000000000000, -0.7071067811865476838 ) ) ;
#11378 = CARTESIAN_POINT ( 'NONE',  ( 1.250000000000000000, 0.009999999999999998473, -0.1000000000000002554 ) ) ;
#11379 = DIRECTION ( 'NONE',  ( -0.000000000000000000, -1.000000000000000000, 0.000000000000000000 ) ) ;
#11380 = FACE_OUTER_BOUND ( 'NONE', #6312, .T. ) ;
#11381 = CARTESIAN_POINT ( 'NONE',  ( -1.200000000000000178, 0.000000000000000000, -0.3750000000000002220 ) ) ;
#11382 = DIRECTION ( 'NONE',  ( -0.7071067811865491270, 0.000000000000000000, 0.7071067811865459074 ) ) ;
#11383 = ADVANCED_FACE ( 'NONE', ( #8759, #4484 ), #1718, .F. ) ;
#11384 = FACE_OUTER_BOUND ( 'NONE', #8555, .T. ) ;
#11385 = ORIENTED_EDGE ( 'NONE', *, *, #9715, .F. ) ;
#11386 = AXIS2_PLACEMENT_3D ( 'NONE', #9159, #4829, #1247 ) ;
#11387 = ORIENTED_EDGE ( 'NONE', *, *, #6837, .F. ) ;
#11388 = VECTOR ( 'NONE', #5545, 1000.000000000000000 ) ;
#11389 = PLANE ( 'NONE',  #1806 ) ;
#11390 = EDGE_CURVE ( 'NONE', #8801, #9411, #2478, .T. ) ;
#11391 = ORIENTED_EDGE ( 'NONE', *, *, #10237, .T. ) ;
#11392 = CIRCLE ( 'NONE', #1432, 0.1000000000000000472 ) ;
#11393 = LINE ( 'NONE', #3313, #4417 ) ;
#11394 = DIRECTION ( 'NONE',  ( 0.000000000000000000, -1.000000000000000000, 0.000000000000000000 ) ) ;
#11395 = FACE_OUTER_BOUND ( 'NONE', #4871, .T. ) ;
#11396 = EDGE_LOOP ( 'NONE', ( #10781, #8973, #9891, #8914 ) ) ;
#11397 = DIRECTION ( 'NONE',  ( 0.7071067811865489050, 0.000000000000000000, 0.7071067811865461294 ) ) ;
#11398 = ORIENTED_EDGE ( 'NONE', *, *, #4707, .F. ) ;
#11399 = DIRECTION ( 'NONE',  ( -1.000000000000000000, 0.000000000000000000, -1.417802840942573219E-14 ) ) ;
#11400 = VERTEX_POINT ( 'NONE', #9688 ) ;
#11401 = CARTESIAN_POINT ( 'NONE',  ( -1.300000000000000044, 0.000000000000000000, 1.149999999999999911 ) ) ;
#11402 =( GEOMETRIC_REPRESENTATION_CONTEXT ( 3 ) GLOBAL_UNCERTAINTY_ASSIGNED_CONTEXT ( ( #4556 ) ) GLOBAL_UNIT_ASSIGNED_CONTEXT ( ( #2925, #1895, #162 ) ) REPRESENTATION_CONTEXT ( 'NONE', 'WORKASPACE' ) );
#11403 = ORIENTED_EDGE ( 'NONE', *, *, #642, .F. ) ;
#11404 = ORIENTED_EDGE ( 'NONE', *, *, #6117, .T. ) ;
#11405 = CARTESIAN_POINT ( 'NONE',  ( -0.9249999999999998224, 0.1999999999999999833, -0.1250000000000001943 ) ) ;
#11406 = CARTESIAN_POINT ( 'NONE',  ( -0.6250000000000008882, 0.1999999999999999833, -1.225000000000004974 ) ) ;
#11407 = CARTESIAN_POINT ( 'NONE',  ( -0.1250000000000013323, 0.9846177413237633402, 0.9249999999999992673 ) ) ;
#11408 = EDGE_CURVE ( 'NONE', #10312, #3371, #4312, .T. ) ;
#11409 = DIRECTION ( 'NONE',  ( -1.000000000000000000, 0.000000000000000000, -8.340016711426957754E-17 ) ) ;
#11410 = ORIENTED_EDGE ( 'NONE', *, *, #4717, .T. ) ;
#11411 = CARTESIAN_POINT ( 'NONE',  ( -0.7250000000000009770, 0.1999999999999999833, -0.9999999999999991118 ) ) ;
#11412 = VECTOR ( 'NONE', #1057, 1000.000000000000000 ) ;
#11413 = PLANE ( 'NONE',  #7118 ) ;
#11414 = CARTESIAN_POINT ( 'NONE',  ( 0.6500000000000001332, 0.1999999999999996503, -1.299999999999999822 ) ) ;
#11415 = EDGE_CURVE ( 'NONE', #5615, #35, #1769, .T. ) ;
#11416 = CARTESIAN_POINT ( 'NONE',  ( -0.9249999999999998224, 0.1999999999999999833, -0.1250000000000001943 ) ) ;
#11417 = EDGE_CURVE ( 'NONE', #9254, #9163, #5278, .T. ) ;
#11418 = ORIENTED_EDGE ( 'NONE', *, *, #9337, .F. ) ;
#11419 = VECTOR ( 'NONE', #9506, 1000.000000000000000 ) ;
#11420 = VECTOR ( 'NONE', #8688, 1000.000000000000000 ) ;
#11421 = CARTESIAN_POINT ( 'NONE',  ( -1.250000000000000000, 0.1999999999999999833, -0.9249999999999993783 ) ) ;
#11422 = DIRECTION ( 'NONE',  ( -1.417802840942572903E-14, 0.000000000000000000, 1.000000000000000000 ) ) ;
#11423 = CARTESIAN_POINT ( 'NONE',  ( -1.300000000000000044, 0.000000000000000000, 0.3999999999999998557 ) ) ;
#11424 = CARTESIAN_POINT ( 'NONE',  ( 0.1250000000000010270, 0.1999999999999999833, -1.224999999999999645 ) ) ;
#11425 = EDGE_CURVE ( 'NONE', #6368, #827, #11316, .T. ) ;
#11426 = PLANE ( 'NONE',  #7258 ) ;
#11427 = EDGE_CURVE ( 'NONE', #7675, #7504, #10481, .T. ) ;
#11428 = DIRECTION ( 'NONE',  ( -2.321304651347010626E-14, 0.000000000000000000, 1.000000000000000000 ) ) ;
ENDSEC;
END-ISO-10303-21;
