ISO-10303-21;
HEADER;
FILE_DESCRIPTION((''),'2;1');
FILE_NAME('PRT0004','2021-04-12T',('EC2034'),(''),
'CREO PARAMETRIC BY PTC INC, 2015480','CREO PARAMETRIC BY PTC INC, 2015480','');
FILE_SCHEMA(('AUTOMOTIVE_DESIGN { 1 0 10303 214 1 1 1 1 }'));
ENDSEC;
DATA;
#4=CARTESIAN_POINT('',(-2.716794833887E0,0.E0,4.879639733204E0));
#5=CARTESIAN_POINT('',(-2.703928921354E0,0.E0,4.880028108434E0));
#6=CARTESIAN_POINT('',(-2.679492505083E0,0.E0,4.880847592973E0));
#7=CARTESIAN_POINT('',(-2.647508794927E0,0.E0,4.882138417662E0));
#8=CARTESIAN_POINT('',(-2.617837474617E0,0.E0,4.883543651216E0));
#9=CARTESIAN_POINT('',(-2.589037679788E0,0.E0,4.885115801850E0));
#10=CARTESIAN_POINT('',(-2.559665055238E0,0.E0,4.886930008136E0));
#11=CARTESIAN_POINT('',(-2.529790149210E0,0.E0,4.888961602365E0));
#12=CARTESIAN_POINT('',(-2.509942091980E0,0.E0,4.890383374298E0));
#13=CARTESIAN_POINT('',(-2.5E0,0.E0,4.891095635854E0));
#15=DIRECTION('',(1.E0,0.E0,0.E0));
#16=VECTOR('',#15,1.75E0);
#17=CARTESIAN_POINT('',(-2.5E0,0.E0,3.349203804800E0));
#18=LINE('',#17,#16);
#19=CARTESIAN_POINT('',(-7.5E-1,0.E0,3.741095635854E0));
#20=CARTESIAN_POINT('',(-7.378601646335E-1,0.E0,3.740225960503E0));
#21=CARTESIAN_POINT('',(-7.135987964618E-1,0.E0,3.738488273787E0));
#22=CARTESIAN_POINT('',(-6.768586676977E-1,0.E0,3.736053332655E0));
#23=CARTESIAN_POINT('',(-6.409291588417E-1,0.E0,3.733983989622E0));
#24=CARTESIAN_POINT('',(-6.070457176283E-1,0.E0,3.732332978520E0));
#25=CARTESIAN_POINT('',(-5.728082007207E-1,0.E0,3.730927736276E0));
#26=CARTESIAN_POINT('',(-5.467757877247E-1,0.E0,3.730049822685E0));
#27=CARTESIAN_POINT('',(-5.332051661132E-1,0.E0,3.729640191222E0));
#29=DIRECTION('',(0.E0,0.E0,-1.E0));
#30=VECTOR('',#29,4.229108892630E-1);
#31=CARTESIAN_POINT('',(-5.332051661132E-1,0.E0,4.152551080485E0));
#32=LINE('',#31,#30);
#33=CARTESIAN_POINT('',(-5.332051661132E-1,0.E0,4.152551080485E0));
#34=CARTESIAN_POINT('',(-5.460710774991E-1,0.E0,4.152162720818E0));
#35=CARTESIAN_POINT('',(-5.705074918845E-1,0.E0,4.151343269114E0));
#36=CARTESIAN_POINT('',(-6.024912004304E-1,0.E0,4.150052496127E0));
#37=CARTESIAN_POINT('',(-6.321625200127E-1,0.E0,4.148647318828E0));
#38=CARTESIAN_POINT('',(-6.609623147691E-1,0.E0,4.147075231096E0));
#39=CARTESIAN_POINT('',(-6.903349401972E-1,0.E0,4.145261097326E0));
#40=CARTESIAN_POINT('',(-7.202098481440E-1,0.E0,4.143229584211E0));
#41=CARTESIAN_POINT('',(-7.400579071304E-1,0.E0,4.141807868996E0));
#42=CARTESIAN_POINT('',(-7.5E-1,0.E0,4.141095635853E0));
#44=CARTESIAN_POINT('',(7.5E-1,0.E0,5.291095635854E0));
#45=CARTESIAN_POINT('',(7.378601794730E-1,0.E0,5.291965761191E0));
#46=CARTESIAN_POINT('',(7.135988401962E-1,0.E0,5.293704347091E0));
#47=CARTESIAN_POINT('',(6.768587358820E-1,0.E0,5.296140549916E0));
#48=CARTESIAN_POINT('',(6.409292304103E-1,0.E0,5.298210966704E0));
#49=CARTESIAN_POINT('',(6.070457770879E-1,0.E0,5.299862835257E0));
#50=CARTESIAN_POINT('',(5.728082410062E-1,0.E0,5.301268807509E0));
#51=CARTESIAN_POINT('',(5.467758029076E-1,0.E0,5.302147177394E0));
#52=CARTESIAN_POINT('',(5.332051661132E-1,0.E0,5.302557021767E0));
#54=DIRECTION('',(0.E0,0.E0,1.E0));
#55=VECTOR('',#54,4.229227718270E-1);
#56=CARTESIAN_POINT('',(5.332051661132E-1,0.E0,4.879634249940E0));
#57=LINE('',#56,#55);
#58=CARTESIAN_POINT('',(5.332051661132E-1,0.E0,4.879634249940E0));
#59=CARTESIAN_POINT('',(5.460710923846E-1,0.E0,4.880022811477E0));
#60=CARTESIAN_POINT('',(5.705075312369E-1,0.E0,4.880842689113E0));
#61=CARTESIAN_POINT('',(6.024912606657E-1,0.E0,4.882134132768E0));
#62=CARTESIAN_POINT('',(6.321625896864E-1,0.E0,4.883540039791E0));
#63=CARTESIAN_POINT('',(6.609623853931E-1,0.E0,4.885112943466E0));
#64=CARTESIAN_POINT('',(6.903349994213E-1,0.E0,4.886928017900E0));
#65=CARTESIAN_POINT('',(7.202098824812E-1,0.E0,4.888960583196E0));
#66=CARTESIAN_POINT('',(7.400579186773E-1,0.E0,4.890383034144E0));
#67=CARTESIAN_POINT('',(7.5E-1,0.E0,4.891095635854E0));
#69=DIRECTION('',(1.E0,0.E0,0.E0));
#70=VECTOR('',#69,1.75E0);
#71=CARTESIAN_POINT('',(7.5E-1,0.E0,3.349203804800E0));
#72=LINE('',#71,#70);
#73=CARTESIAN_POINT('',(2.5E0,0.E0,4.891095635854E0));
#74=CARTESIAN_POINT('',(2.512139820527E0,0.E0,4.890225510517E0));
#75=CARTESIAN_POINT('',(2.536401159804E0,0.E0,4.888486924617E0));
#76=CARTESIAN_POINT('',(2.573141264118E0,0.E0,4.886050721792E0));
#77=CARTESIAN_POINT('',(2.609070769590E0,0.E0,4.883980305004E0));
#78=CARTESIAN_POINT('',(2.642954222912E0,0.E0,4.882328436451E0));
#79=CARTESIAN_POINT('',(2.677191758994E0,0.E0,4.880922464199E0));
#80=CARTESIAN_POINT('',(2.703224197092E0,0.E0,4.880044094314E0));
#81=CARTESIAN_POINT('',(2.716794833887E0,0.E0,4.879634249940E0));
#83=DIRECTION('',(0.E0,0.E0,-1.E0));
#84=VECTOR('',#83,4.229227718270E-1);
#85=CARTESIAN_POINT('',(2.716794833887E0,0.E0,5.302557021767E0));
#86=LINE('',#85,#84);
#87=CARTESIAN_POINT('',(2.716794833887E0,0.E0,5.302557021767E0));
#88=CARTESIAN_POINT('',(2.703928907615E0,0.E0,5.302168460230E0));
#89=CARTESIAN_POINT('',(2.679492468763E0,0.E0,5.301348582594E0));
#90=CARTESIAN_POINT('',(2.647508739334E0,0.E0,5.300057138940E0));
#91=CARTESIAN_POINT('',(2.617837410314E0,0.E0,5.298651231917E0));
#92=CARTESIAN_POINT('',(2.589037614607E0,0.E0,5.297078328242E0));
#93=CARTESIAN_POINT('',(2.559665000579E0,0.E0,5.295263253808E0));
#94=CARTESIAN_POINT('',(2.529790117519E0,0.E0,5.293230688512E0));
#95=CARTESIAN_POINT('',(2.509942081323E0,0.E0,5.291808237564E0));
#96=CARTESIAN_POINT('',(2.5E0,0.E0,5.291095635854E0));
#98=CARTESIAN_POINT('',(5.6E0,0.E0,5.6E0));
#99=DIRECTION('',(0.E0,1.E0,0.E0));
#100=DIRECTION('',(0.E0,0.E0,1.E0));
#101=AXIS2_PLACEMENT_3D('',#98,#99,#100);
#103=CARTESIAN_POINT('',(5.6E0,0.E0,-5.6E0));
#104=DIRECTION('',(0.E0,1.E0,0.E0));
#105=DIRECTION('',(1.E0,0.E0,0.E0));
#106=AXIS2_PLACEMENT_3D('',#103,#104,#105);
#108=CARTESIAN_POINT('',(2.5E0,0.E0,-5.291095635854E0));
#109=CARTESIAN_POINT('',(2.512139820527E0,0.E0,-5.291965761191E0));
#110=CARTESIAN_POINT('',(2.536401159804E0,0.E0,-5.293704347091E0));
#111=CARTESIAN_POINT('',(2.573141264118E0,0.E0,-5.296140549916E0));
#112=CARTESIAN_POINT('',(2.609070769590E0,0.E0,-5.298210966704E0));
#113=CARTESIAN_POINT('',(2.642954222912E0,0.E0,-5.299862835257E0));
#114=CARTESIAN_POINT('',(2.677191758994E0,0.E0,-5.301268807509E0));
#115=CARTESIAN_POINT('',(2.703224197092E0,0.E0,-5.302147177394E0));
#116=CARTESIAN_POINT('',(2.716794833887E0,0.E0,-5.302557021768E0));
#118=DIRECTION('',(0.E0,0.E0,-1.E0));
#119=VECTOR('',#118,4.229227718276E-1);
#120=CARTESIAN_POINT('',(2.716794833887E0,0.E0,-4.879634249940E0));
#121=LINE('',#120,#119);
#122=CARTESIAN_POINT('',(2.716794833887E0,0.E0,-4.879634249940E0));
#123=CARTESIAN_POINT('',(2.703928907615E0,0.E0,-4.880022811477E0));
#124=CARTESIAN_POINT('',(2.679492468763E0,0.E0,-4.880842689113E0));
#125=CARTESIAN_POINT('',(2.647508739334E0,0.E0,-4.882134132768E0));
#126=CARTESIAN_POINT('',(2.617837410314E0,0.E0,-4.883540039791E0));
#127=CARTESIAN_POINT('',(2.589037614607E0,0.E0,-4.885112943466E0));
#128=CARTESIAN_POINT('',(2.559665000579E0,0.E0,-4.886928017900E0));
#129=CARTESIAN_POINT('',(2.529790117519E0,0.E0,-4.888960583196E0));
#130=CARTESIAN_POINT('',(2.509942081323E0,0.E0,-4.890383034144E0));
#131=CARTESIAN_POINT('',(2.5E0,0.E0,-4.891095635854E0));
#133=DIRECTION('',(-1.E0,0.E0,0.E0));
#134=VECTOR('',#133,1.75E0);
#135=CARTESIAN_POINT('',(2.5E0,0.E0,-3.349203804800E0));
#136=LINE('',#135,#134);
#137=CARTESIAN_POINT('',(7.5E-1,0.E0,-4.891095635854E0));
#138=CARTESIAN_POINT('',(7.378601794730E-1,0.E0,-4.890225510517E0));
#139=CARTESIAN_POINT('',(7.135988401962E-1,0.E0,-4.888486924617E0));
#140=CARTESIAN_POINT('',(6.768587358820E-1,0.E0,-4.886050721792E0));
#141=CARTESIAN_POINT('',(6.409292304102E-1,0.E0,-4.883980305004E0));
#142=CARTESIAN_POINT('',(6.070457770879E-1,0.E0,-4.882328436451E0));
#143=CARTESIAN_POINT('',(5.728082410062E-1,0.E0,-4.880922464199E0));
#144=CARTESIAN_POINT('',(5.467758029076E-1,0.E0,-4.880044094314E0));
#145=CARTESIAN_POINT('',(5.332051661132E-1,0.E0,-4.879634249940E0));
#147=DIRECTION('',(0.E0,0.E0,1.E0));
#148=VECTOR('',#147,4.229227718270E-1);
#149=CARTESIAN_POINT('',(5.332051661132E-1,0.E0,-5.302557021767E0));
#150=LINE('',#149,#148);
#151=CARTESIAN_POINT('',(5.332051661132E-1,0.E0,-5.302557021767E0));
#152=CARTESIAN_POINT('',(5.460710923846E-1,0.E0,-5.302168460230E0));
#153=CARTESIAN_POINT('',(5.705075312369E-1,0.E0,-5.301348582594E0));
#154=CARTESIAN_POINT('',(6.024912606657E-1,0.E0,-5.300057138940E0));
#155=CARTESIAN_POINT('',(6.321625896864E-1,0.E0,-5.298651231917E0));
#156=CARTESIAN_POINT('',(6.609623853931E-1,0.E0,-5.297078328242E0));
#157=CARTESIAN_POINT('',(6.903349994214E-1,0.E0,-5.295263253808E0));
#158=CARTESIAN_POINT('',(7.202098824812E-1,0.E0,-5.293230688512E0));
#159=CARTESIAN_POINT('',(7.400579186773E-1,0.E0,-5.291808237564E0));
#160=CARTESIAN_POINT('',(7.5E-1,0.E0,-5.291095635854E0));
#162=CARTESIAN_POINT('',(-7.5E-1,0.E0,-4.141095635853E0));
#163=CARTESIAN_POINT('',(-7.378601646335E-1,0.E0,-4.141965311204E0));
#164=CARTESIAN_POINT('',(-7.135987964619E-1,0.E0,-4.143702997920E0));
#165=CARTESIAN_POINT('',(-6.768586676979E-1,0.E0,-4.146137939053E0));
#166=CARTESIAN_POINT('',(-6.409291588420E-1,0.E0,-4.148207282086E0));
#167=CARTESIAN_POINT('',(-6.070457176285E-1,0.E0,-4.149858293188E0));
#168=CARTESIAN_POINT('',(-5.728082007207E-1,0.E0,-4.151263535431E0));
#169=CARTESIAN_POINT('',(-5.467757877247E-1,0.E0,-4.152141449023E0));
#170=CARTESIAN_POINT('',(-5.332051661132E-1,0.E0,-4.152551080485E0));
#172=DIRECTION('',(0.E0,0.E0,-1.E0));
#173=VECTOR('',#172,4.229108892630E-1);
#174=CARTESIAN_POINT('',(-5.332051661132E-1,0.E0,-3.729640191222E0));
#175=LINE('',#174,#173);
#176=CARTESIAN_POINT('',(-5.332051661132E-1,0.E0,-3.729640191222E0));
#177=CARTESIAN_POINT('',(-5.460710774991E-1,0.E0,-3.730028550890E0));
#178=CARTESIAN_POINT('',(-5.705074918845E-1,0.E0,-3.730848002594E0));
#179=CARTESIAN_POINT('',(-6.024912004304E-1,0.E0,-3.732138775581E0));
#180=CARTESIAN_POINT('',(-6.321625200127E-1,0.E0,-3.733543952880E0));
#181=CARTESIAN_POINT('',(-6.609623147691E-1,0.E0,-3.735116040611E0));
#182=CARTESIAN_POINT('',(-6.903349401972E-1,0.E0,-3.736930174381E0));
#183=CARTESIAN_POINT('',(-7.202098481441E-1,0.E0,-3.738961687496E0));
#184=CARTESIAN_POINT('',(-7.400579071304E-1,0.E0,-3.740383402711E0));
#185=CARTESIAN_POINT('',(-7.5E-1,0.E0,-3.741095635854E0));
#187=DIRECTION('',(-1.E0,0.E0,0.E0));
#188=VECTOR('',#187,1.75E0);
#189=CARTESIAN_POINT('',(-7.5E-1,0.E0,-3.349203804800E0));
#190=LINE('',#189,#188);
#191=CARTESIAN_POINT('',(-2.5E0,0.E0,-4.891095635854E0));
#192=CARTESIAN_POINT('',(-2.512139834223E0,0.E0,-4.890225925814E0));
#193=CARTESIAN_POINT('',(-2.536401200167E0,0.E0,-4.888488169779E0));
#194=CARTESIAN_POINT('',(-2.573141327047E0,0.E0,-4.886053131381E0));
#195=CARTESIAN_POINT('',(-2.609070835642E0,0.E0,-4.883983705571E0));
#196=CARTESIAN_POINT('',(-2.642954277789E0,0.E0,-4.882332628368E0));
#197=CARTESIAN_POINT('',(-2.677191796175E0,0.E0,-4.880927329847E0));
#198=CARTESIAN_POINT('',(-2.703224211105E0,0.E0,-4.880049381080E0));
#199=CARTESIAN_POINT('',(-2.716794833887E0,0.E0,-4.879639733204E0));
#201=DIRECTION('',(0.E0,0.E0,1.E0));
#202=VECTOR('',#201,4.229118053006E-1);
#203=CARTESIAN_POINT('',(-2.716794833887E0,0.E0,-5.302551538504E0));
#204=LINE('',#203,#202);
#205=CARTESIAN_POINT('',(-2.716794833887E0,0.E0,-5.302551538504E0));
#206=CARTESIAN_POINT('',(-2.703928921354E0,0.E0,-5.302163163274E0));
#207=CARTESIAN_POINT('',(-2.679492505083E0,0.E0,-5.301343678735E0));
#208=CARTESIAN_POINT('',(-2.647508794927E0,0.E0,-5.300052854046E0));
#209=CARTESIAN_POINT('',(-2.617837474617E0,0.E0,-5.298647620492E0));
#210=CARTESIAN_POINT('',(-2.589037679788E0,0.E0,-5.297075469858E0));
#211=CARTESIAN_POINT('',(-2.559665055238E0,0.E0,-5.295261263572E0));
#212=CARTESIAN_POINT('',(-2.529790149209E0,0.E0,-5.293229669343E0));
#213=CARTESIAN_POINT('',(-2.509942091980E0,0.E0,-5.291807897410E0));
#214=CARTESIAN_POINT('',(-2.5E0,0.E0,-5.291095635854E0));
#216=CARTESIAN_POINT('',(-5.6E0,0.E0,-5.6E0));
#217=DIRECTION('',(0.E0,1.E0,0.E0));
#218=DIRECTION('',(0.E0,0.E0,-1.E0));
#219=AXIS2_PLACEMENT_3D('',#216,#217,#218);
#221=CARTESIAN_POINT('',(-6.1E0,0.E0,1.5E0));
#222=DIRECTION('',(0.E0,-1.E0,0.E0));
#223=DIRECTION('',(2.307692307692E-1,0.E0,-9.730085108210E-1));
#224=AXIS2_PLACEMENT_3D('',#221,#222,#223);
#226=CARTESIAN_POINT('',(-5.6E0,0.E0,5.6E0));
#227=DIRECTION('',(0.E0,1.E0,0.E0));
#228=DIRECTION('',(-1.E0,0.E0,1.015061051086E-14));
#229=AXIS2_PLACEMENT_3D('',#226,#227,#228);
#231=CARTESIAN_POINT('',(-2.5E0,0.E0,5.291095635854E0));
#232=CARTESIAN_POINT('',(-2.512139834223E0,0.E0,5.291965345894E0));
#233=CARTESIAN_POINT('',(-2.536401200167E0,0.E0,5.293703101930E0));
#234=CARTESIAN_POINT('',(-2.573141327047E0,0.E0,5.296138140327E0));
#235=CARTESIAN_POINT('',(-2.609070835642E0,0.E0,5.298207566137E0));
#236=CARTESIAN_POINT('',(-2.642954277789E0,0.E0,5.299858643340E0));
#237=CARTESIAN_POINT('',(-2.677191796174E0,0.E0,5.301263941861E0));
#238=CARTESIAN_POINT('',(-2.703224211105E0,0.E0,5.302141890628E0));
#239=CARTESIAN_POINT('',(-2.716794833887E0,0.E0,5.302551538504E0));
#241=DIRECTION('',(0.E0,0.E0,1.E0));
#242=VECTOR('',#241,4.229118053006E-1);
#243=CARTESIAN_POINT('',(-2.716794833887E0,0.E0,4.879639733204E0));
#244=LINE('',#243,#242);
#245=CARTESIAN_POINT('',(-2.716794833887E0,0.E0,5.302551538504E0));
#246=CARTESIAN_POINT('',(-2.703475215730E0,-1.560878057097E-2,
5.301597305747E0));
#247=CARTESIAN_POINT('',(-2.673459473672E0,-4.394727135685E-2,
5.299688967990E0));
#248=CARTESIAN_POINT('',(-2.620180067538E0,-7.587136979854E-2,
5.296817314249E0));
#249=CARTESIAN_POINT('',(-2.561680582684E0,-9.551412327647E-2,
5.293964176064E0));
#250=CARTESIAN_POINT('',(-2.520571209389E0,-9.999999999998E-2,
5.292052275600E0));
#251=CARTESIAN_POINT('',(-2.5E0,-9.999999999998E-2,5.291095635854E0));
#253=CARTESIAN_POINT('',(-2.5E0,-9.999999999998E-2,4.891095635854E0));
#254=CARTESIAN_POINT('',(-2.520568100963E0,-9.999999999998E-2,
4.890139140662E0));
#255=CARTESIAN_POINT('',(-2.561672865027E0,-9.551547505248E-2,
4.888227456296E0));
#256=CARTESIAN_POINT('',(-2.620170872592E0,-7.587561663092E-2,
4.885374424243E0));
#257=CARTESIAN_POINT('',(-2.673453593259E0,-4.395215388839E-2,
4.882502655515E0));
#258=CARTESIAN_POINT('',(-2.703473255820E0,-1.561107731972E-2,
4.880594106371E0));
#259=CARTESIAN_POINT('',(-2.716794833887E0,0.E0,4.879639733204E0));
#261=DIRECTION('',(0.E0,0.E0,1.E0));
#262=VECTOR('',#261,5.638633777858E-1);
#263=CARTESIAN_POINT('',(-2.5E0,0.E0,5.291095635854E0));
#264=LINE('',#263,#262);
#265=CARTESIAN_POINT('',(-2.5E0,4.15E-1,5.55E0));
#266=DIRECTION('',(1.E0,0.E0,0.E0));
#267=DIRECTION('',(0.E0,-8.058252427184E-1,5.921534245428E-1));
#268=AXIS2_PLACEMENT_3D('',#265,#266,#267);
#270=DIRECTION('',(-2.664535259101E-14,1.E0,-1.909583602356E-12));
#271=VECTOR('',#270,9.999999999998E-2);
#272=CARTESIAN_POINT('',(-2.5E0,-9.999999999998E-2,5.291095635854E0));
#273=LINE('',#272,#271);
#274=DIRECTION('',(-1.E0,0.E0,5.329070518201E-14));
#275=VECTOR('',#274,1.75E0);
#276=CARTESIAN_POINT('',(-7.5E-1,-9.999999999998E-2,5.55E0));
#277=LINE('',#276,#275);
#278=CARTESIAN_POINT('',(-7.5E-1,4.15E-1,5.55E0));
#279=DIRECTION('',(1.E0,0.E0,0.E0));
#280=DIRECTION('',(0.E0,1.476704411395E-14,1.E0));
#281=AXIS2_PLACEMENT_3D('',#278,#279,#280);
#283=DIRECTION('',(0.E0,-1.E0,0.E0));
#284=VECTOR('',#283,4.85E-1);
#285=CARTESIAN_POINT('',(-7.5E-1,9.E-1,6.065E0));
#286=LINE('',#285,#284);
#287=DIRECTION('',(0.E0,0.E0,1.E0));
#288=VECTOR('',#287,3.5E-2);
#289=CARTESIAN_POINT('',(-7.5E-1,9.E-1,6.065E0));
#290=LINE('',#289,#288);
#291=CARTESIAN_POINT('',(-7.5E-1,1.5E-1,5.95E0));
#292=DIRECTION('',(1.E0,0.E0,0.E0));
#293=DIRECTION('',(0.E0,0.E0,1.E0));
#294=AXIS2_PLACEMENT_3D('',#291,#292,#293);
#296=DIRECTION('',(0.E0,0.E0,-1.E0));
#297=VECTOR('',#296,9.504098636046E-2);
#298=CARTESIAN_POINT('',(-7.5E-1,0.E0,5.95E0));
#299=LINE('',#298,#297);
#300=DIRECTION('',(-1.E0,0.E0,0.E0));
#301=VECTOR('',#300,1.75E0);
#302=CARTESIAN_POINT('',(-7.5E-1,4.15E-1,6.065E0));
#303=LINE('',#302,#301);
#304=DIRECTION('',(1.E0,0.E0,0.E0));
#305=VECTOR('',#304,1.75E0);
#306=CARTESIAN_POINT('',(-2.5E0,9.E-1,6.065E0));
#307=LINE('',#306,#305);
#308=CARTESIAN_POINT('',(-2.5E0,4.15E-1,5.55E0));
#309=DIRECTION('',(1.E0,0.E0,0.E0));
#310=DIRECTION('',(0.E0,1.519819868662E-14,1.E0));
#311=AXIS2_PLACEMENT_3D('',#308,#309,#310);
#313=DIRECTION('',(0.E0,0.E0,1.E0));
#314=VECTOR('',#313,9.504098636046E-2);
#315=CARTESIAN_POINT('',(-2.5E0,0.E0,5.854959013640E0));
#316=LINE('',#315,#314);
#317=CARTESIAN_POINT('',(-2.5E0,1.5E-1,5.95E0));
#318=DIRECTION('',(-1.E0,0.E0,0.E0));
#319=DIRECTION('',(0.E0,-1.E0,0.E0));
#320=AXIS2_PLACEMENT_3D('',#317,#318,#319);
#322=DIRECTION('',(1.268826313857E-14,0.E0,-1.E0));
#323=VECTOR('',#322,3.5E-2);
#324=CARTESIAN_POINT('',(-2.5E0,9.E-1,6.1E0));
#325=LINE('',#324,#323);
#326=DIRECTION('',(0.E0,-1.E0,0.E0));
#327=VECTOR('',#326,4.85E-1);
#328=CARTESIAN_POINT('',(-2.5E0,9.E-1,6.065E0));
#329=LINE('',#328,#327);
#330=DIRECTION('',(-1.E0,0.E0,0.E0));
#331=VECTOR('',#330,3.1E0);
#332=CARTESIAN_POINT('',(-2.5E0,0.E0,5.95E0));
#333=LINE('',#332,#331);
#334=CARTESIAN_POINT('',(-5.95E0,1.5E-1,5.6E0));
#335=DIRECTION('',(0.E0,0.E0,-1.E0));
#336=DIRECTION('',(-3.132309226809E-12,-1.E0,0.E0));
#337=AXIS2_PLACEMENT_3D('',#334,#335,#336);
#339=CARTESIAN_POINT('',(-5.6E0,1.5E-1,5.6E0));
#340=DIRECTION('',(0.E0,1.E0,0.E0));
#341=DIRECTION('',(-1.E0,0.E0,0.E0));
#342=AXIS2_PLACEMENT_3D('',#339,#340,#341);
#344=CARTESIAN_POINT('',(-5.6E0,1.5E-1,5.95E0));
#345=DIRECTION('',(1.E0,0.E0,0.E0));
#346=DIRECTION('',(0.E0,0.E0,1.E0));
#347=AXIS2_PLACEMENT_3D('',#344,#345,#346);
#349=DIRECTION('',(0.E0,0.E0,-1.E0));
#350=VECTOR('',#349,3.467544467966E0);
#351=CARTESIAN_POINT('',(-5.95E0,0.E0,5.6E0));
#352=LINE('',#351,#350);
#353=DIRECTION('',(3.281325828501E-14,0.E0,1.E0));
#354=VECTOR('',#353,3.599999999819E0);
#355=CARTESIAN_POINT('',(-6.1E0,1.5E-1,2.E0));
#356=LINE('',#355,#354);
#357=CARTESIAN_POINT('',(-6.1E0,1.5E-1,2.E0));
#358=CARTESIAN_POINT('',(-6.1E0,1.436836049875E-1,2.E0));
#359=CARTESIAN_POINT('',(-6.099194466850E0,1.308919063014E-1,2.000806490044E0));
#360=CARTESIAN_POINT('',(-6.095492962172E0,1.117499068028E-1,2.004494764447E0));
#361=CARTESIAN_POINT('',(-6.089027775028E0,9.240812964765E-2,2.010873749286E0));
#362=CARTESIAN_POINT('',(-6.079434969374E0,7.311196269925E-2,2.020196316543E0));
#363=CARTESIAN_POINT('',(-6.066214081189E0,5.416762173590E-2,2.032778469549E0));
#364=CARTESIAN_POINT('',(-6.049103635935E0,3.645499410444E-2,2.048632057801E0));
#365=CARTESIAN_POINT('',(-6.028107980688E0,2.102030853315E-2,2.067474075913E0));
#366=CARTESIAN_POINT('',(-6.003730375952E0,9.056340553314E-3,2.088582495587E0));
#367=CARTESIAN_POINT('',(-5.977148008055E0,1.632237484047E-3,2.110749557E0));
#368=CARTESIAN_POINT('',(-5.959085916521E0,0.E0,2.125272484324E0));
#369=CARTESIAN_POINT('',(-5.95E0,0.E0,2.132455532034E0));
#371=DIRECTION('',(-1.641784351606E-14,0.E0,1.E0));
#372=VECTOR('',#371,6.599999999842E0);
#373=CARTESIAN_POINT('',(-6.1E0,1.5E-1,-5.599999999842E0));
#374=LINE('',#373,#372);
#375=CARTESIAN_POINT('',(-6.1E0,1.5E-1,1.E0));
#376=CARTESIAN_POINT('',(-6.1E0,1.436830615812E-1,1.E0));
#377=CARTESIAN_POINT('',(-6.099194210869E0,1.308899965958E-1,
9.991932554390E-1));
#378=CARTESIAN_POINT('',(-6.095492672196E0,1.117481688781E-1,
9.955049433367E-1));
#379=CARTESIAN_POINT('',(-6.089024676322E0,9.239988871241E-2,
9.891232037064E-1));
#380=CARTESIAN_POINT('',(-6.079428368701E0,7.310028098314E-2,
9.797973068821E-1));
#381=CARTESIAN_POINT('',(-6.066200808418E0,5.415087184399E-2,
9.672090134332E-1));
#382=CARTESIAN_POINT('',(-6.049083176930E0,3.643682655953E-2,
9.513492450279E-1));
#383=CARTESIAN_POINT('',(-6.028079824543E0,2.100250531409E-2,
9.325009951527E-1));
#384=CARTESIAN_POINT('',(-6.003687075681E0,9.039226447757E-3,
9.113806128595E-1));
#385=CARTESIAN_POINT('',(-5.977105353270E0,1.625653203223E-3,
8.892157184849E-1));
#386=CARTESIAN_POINT('',(-5.959068252715E0,0.E0,8.747135512104E-1));
#387=CARTESIAN_POINT('',(-5.95E0,0.E0,8.675444679663E-1));
#389=DIRECTION('',(0.E0,0.E0,-1.E0));
#390=VECTOR('',#389,6.467544467966E0);
#391=CARTESIAN_POINT('',(-5.95E0,0.E0,8.675444679663E-1));
#392=LINE('',#391,#390);
#393=CARTESIAN_POINT('',(-5.95E0,1.5E-1,-5.6E0));
#394=DIRECTION('',(0.E0,0.E0,1.E0));
#395=DIRECTION('',(-1.E0,0.E0,0.E0));
#396=AXIS2_PLACEMENT_3D('',#393,#394,#395);
#398=CARTESIAN_POINT('',(-5.6E0,1.5E-1,-5.95E0));
#399=DIRECTION('',(-1.E0,0.E0,0.E0));
#400=DIRECTION('',(0.E0,0.E0,-1.E0));
#401=AXIS2_PLACEMENT_3D('',#398,#399,#400);
#403=DIRECTION('',(1.E0,0.E0,0.E0));
#404=VECTOR('',#403,3.1E0);
#405=CARTESIAN_POINT('',(-5.6E0,0.E0,-5.95E0));
#406=LINE('',#405,#404);
#407=CARTESIAN_POINT('',(-2.5E0,4.15E-1,-5.55E0));
#408=DIRECTION('',(-1.E0,0.E0,0.E0));
#409=DIRECTION('',(0.E0,1.476704411395E-14,-1.E0));
#410=AXIS2_PLACEMENT_3D('',#407,#408,#409);
#412=DIRECTION('',(0.E0,-1.E0,0.E0));
#413=VECTOR('',#412,4.85E-1);
#414=CARTESIAN_POINT('',(-2.5E0,9.E-1,-6.065E0));
#415=LINE('',#414,#413);
#416=CARTESIAN_POINT('',(-2.5E0,1.5E-1,-5.95E0));
#417=DIRECTION('',(-1.E0,0.E0,0.E0));
#418=DIRECTION('',(0.E0,0.E0,-1.E0));
#419=AXIS2_PLACEMENT_3D('',#416,#417,#418);
#421=DIRECTION('',(0.E0,0.E0,1.E0));
#422=VECTOR('',#421,9.504098636046E-2);
#423=CARTESIAN_POINT('',(-2.5E0,0.E0,-5.95E0));
#424=LINE('',#423,#422);
#425=DIRECTION('',(1.E0,0.E0,-3.603466731355E-14));
#426=VECTOR('',#425,1.75E0);
#427=CARTESIAN_POINT('',(-2.5E0,-9.999999999999E-2,-5.55E0));
#428=LINE('',#427,#426);
#429=DIRECTION('',(0.E0,0.E0,1.E0));
#430=VECTOR('',#429,5.638633777858E-1);
#431=CARTESIAN_POINT('',(-2.5E0,0.E0,-5.854959013640E0));
#432=LINE('',#431,#430);
#433=DIRECTION('',(1.200684460922E-14,0.E0,-1.E0));
#434=VECTOR('',#433,2.589043641461E-1);
#435=CARTESIAN_POINT('',(-2.5E0,-9.999999999998E-2,-5.291095635854E0));
#436=LINE('',#435,#434);
#437=CARTESIAN_POINT('',(-2.5E0,4.15E-1,-5.55E0));
#438=DIRECTION('',(1.E0,0.E0,0.E0));
#439=DIRECTION('',(0.E0,-1.E0,0.E0));
#440=AXIS2_PLACEMENT_3D('',#437,#438,#439);
#442=DIRECTION('',(3.108624468951E-14,1.E0,1.909583602356E-12));
#443=VECTOR('',#442,9.999999999998E-2);
#444=CARTESIAN_POINT('',(-2.5E0,-9.999999999998E-2,-5.291095635854E0));
#445=LINE('',#444,#443);
#446=CARTESIAN_POINT('',(-2.716794833887E0,0.E0,-4.879639733204E0));
#447=CARTESIAN_POINT('',(-2.703475215730E0,-1.560878057097E-2,
-4.880593965961E0));
#448=CARTESIAN_POINT('',(-2.673459473672E0,-4.394727135686E-2,
-4.882502303718E0));
#449=CARTESIAN_POINT('',(-2.620180067538E0,-7.587136979854E-2,
-4.885373957459E0));
#450=CARTESIAN_POINT('',(-2.561680582684E0,-9.551412327647E-2,
-4.888227095644E0));
#451=CARTESIAN_POINT('',(-2.520571209389E0,-9.999999999998E-2,
-4.890138996108E0));
#452=CARTESIAN_POINT('',(-2.5E0,-9.999999999998E-2,-4.891095635854E0));
#454=DIRECTION('',(-8.770761894538E-14,0.E0,-1.E0));
#455=VECTOR('',#454,4.E-1);
#456=CARTESIAN_POINT('',(-2.5E0,-9.999999999998E-2,-4.891095635854E0));
#457=LINE('',#456,#455);
#458=CARTESIAN_POINT('',(-2.5E0,-9.999999999998E-2,-5.291095635854E0));
#459=CARTESIAN_POINT('',(-2.520568100963E0,-9.999999999998E-2,
-5.292052131046E0));
#460=CARTESIAN_POINT('',(-2.561672865027E0,-9.551547505246E-2,
-5.293963815412E0));
#461=CARTESIAN_POINT('',(-2.620170872592E0,-7.587561663093E-2,
-5.296816847465E0));
#462=CARTESIAN_POINT('',(-2.673453593259E0,-4.395215388838E-2,
-5.299688616193E0));
#463=CARTESIAN_POINT('',(-2.703473255820E0,-1.561107731971E-2,
-5.301597165337E0));
#464=CARTESIAN_POINT('',(-2.716794833887E0,0.E0,-5.302551538504E0));
#466=DIRECTION('',(0.E0,0.E0,1.E0));
#467=VECTOR('',#466,1.541891831053E0);
#468=CARTESIAN_POINT('',(-2.5E0,0.E0,-4.891095635854E0));
#469=LINE('',#468,#467);
#470=CARTESIAN_POINT('',(-2.5E0,2.65E-1,-3.600201812760E0));
#471=DIRECTION('',(1.E0,0.E0,0.E0));
#472=DIRECTION('',(0.E0,-7.260273972608E-1,6.876657752329E-1));
#473=AXIS2_PLACEMENT_3D('',#470,#471,#472);
#475=DIRECTION('',(2.511322909684E-14,-7.029769052408E-14,-1.E0));
#476=VECTOR('',#475,1.290893823094E0);
#477=CARTESIAN_POINT('',(-2.5E0,-9.999999999989E-2,-3.600201812760E0));
#478=LINE('',#477,#476);
#479=DIRECTION('',(-3.241851231906E-13,1.E0,2.469136006767E-12));
#480=VECTOR('',#479,9.999999999999E-2);
#481=CARTESIAN_POINT('',(-2.5E0,-9.999999999998E-2,-4.891095635854E0));
#482=LINE('',#481,#480);
#483=DIRECTION('',(0.E0,0.E0,-1.E0));
#484=VECTOR('',#483,3.918918310534E-1);
#485=CARTESIAN_POINT('',(-7.5E-1,0.E0,-3.349203804800E0));
#486=LINE('',#485,#484);
#487=DIRECTION('',(-5.107025913276E-14,-1.E0,-3.343991750171E-12));
#488=VECTOR('',#487,9.999999999998E-2);
#489=CARTESIAN_POINT('',(-7.5E-1,0.E0,-3.741095635854E0));
#490=LINE('',#489,#488);
#491=DIRECTION('',(3.624733718718E-14,6.441782206636E-13,1.E0));
#492=VECTOR('',#491,1.408938230939E-1);
#493=CARTESIAN_POINT('',(-7.5E-1,-9.999999999999E-2,-3.741095635854E0));
#494=LINE('',#493,#492);
#495=CARTESIAN_POINT('',(-7.5E-1,2.65E-1,-3.600201812760E0));
#496=DIRECTION('',(-1.E0,0.E0,0.E0));
#497=DIRECTION('',(0.E0,-1.E0,0.E0));
#498=AXIS2_PLACEMENT_3D('',#495,#496,#497);
#500=CARTESIAN_POINT('',(-5.332051661132E-1,0.E0,-4.152551080485E0));
#501=CARTESIAN_POINT('',(-5.465247842685E-1,-1.560878056975E-2,
-4.151596885879E0));
#502=CARTESIAN_POINT('',(-5.765405263224E-1,-4.394727135516E-2,
-4.149688624420E0));
#503=CARTESIAN_POINT('',(-6.298199324832E-1,-7.587136980776E-2,
-4.146817085489E0));
#504=CARTESIAN_POINT('',(-6.883194173004E-1,-9.551412327098E-2,
-4.143964061377E0));
#505=CARTESIAN_POINT('',(-7.294287906040E-1,-9.999999999998E-2,
-4.142052237353E0));
#506=CARTESIAN_POINT('',(-7.5E-1,-9.999999999998E-2,-4.141095635854E0));
#508=DIRECTION('',(-1.088018564133E-13,0.E0,1.E0));
#509=VECTOR('',#508,4.E-1);
#510=CARTESIAN_POINT('',(-7.5E-1,-9.999999999998E-2,-4.141095635854E0));
#511=LINE('',#510,#509);
#512=CARTESIAN_POINT('',(-7.5E-1,-9.999999999999E-2,-3.741095635854E0));
#513=CARTESIAN_POINT('',(-7.294318990303E-1,-9.999999999999E-2,
-3.740139178903E0));
#514=CARTESIAN_POINT('',(-6.883271349582E-1,-9.551547504721E-2,
-3.738227570968E0));
#515=CARTESIAN_POINT('',(-6.298291274308E-1,-7.587561664085E-2,
-3.735374652983E0));
#516=CARTESIAN_POINT('',(-5.765464067368E-1,-4.395215388748E-2,
-3.732502999071E0));
#517=CARTESIAN_POINT('',(-5.465267441795E-1,-1.561107731887E-2,
-3.730594526233E0));
#518=CARTESIAN_POINT('',(-5.332051661132E-1,0.E0,-3.729640191222E0));
#520=DIRECTION('',(3.819167204711E-13,-1.E0,-4.183320356788E-12));
#521=VECTOR('',#520,9.999999999998E-2);
#522=CARTESIAN_POINT('',(-7.5E-1,0.E0,-4.141095635853E0));
#523=LINE('',#522,#521);
#524=CARTESIAN_POINT('',(-7.5E-1,4.15E-1,-5.55E0));
#525=DIRECTION('',(-1.E0,0.E0,0.E0));
#526=DIRECTION('',(0.E0,-8.058252427184E-1,-5.921534245428E-1));
#527=AXIS2_PLACEMENT_3D('',#524,#525,#526);
#529=DIRECTION('',(2.710735591358E-14,0.E0,1.E0));
#530=VECTOR('',#529,1.408904364146E0);
#531=CARTESIAN_POINT('',(-7.5E-1,-9.999999999999E-2,-5.55E0));
#532=LINE('',#531,#530);
#533=DIRECTION('',(0.E0,0.E0,-1.E0));
#534=VECTOR('',#533,1.713863377786E0);
#535=CARTESIAN_POINT('',(-7.5E-1,0.E0,-4.141095635853E0));
#536=LINE('',#535,#534);
#537=DIRECTION('',(1.E0,0.E0,0.E0));
#538=VECTOR('',#537,1.75E0);
#539=CARTESIAN_POINT('',(-2.5E0,-9.999999999989E-2,-3.600201812760E0));
#540=LINE('',#539,#538);
#541=CARTESIAN_POINT('',(-7.5E-1,4.15E-1,-5.55E0));
#542=DIRECTION('',(-1.E0,0.E0,0.E0));
#543=DIRECTION('',(0.E0,1.476704411395E-14,-1.E0));
#544=AXIS2_PLACEMENT_3D('',#541,#542,#543);
#546=DIRECTION('',(0.E0,0.E0,-1.E0));
#547=VECTOR('',#546,9.504098636046E-2);
#548=CARTESIAN_POINT('',(-7.5E-1,0.E0,-5.854959013640E0));
#549=LINE('',#548,#547);
#550=CARTESIAN_POINT('',(-7.5E-1,1.5E-1,-5.95E0));
#551=DIRECTION('',(1.E0,0.E0,0.E0));
#552=DIRECTION('',(0.E0,-1.E0,0.E0));
#553=AXIS2_PLACEMENT_3D('',#550,#551,#552);
#555=DIRECTION('',(0.E0,-1.E0,0.E0));
#556=VECTOR('',#555,4.85E-1);
#557=CARTESIAN_POINT('',(-7.5E-1,9.E-1,-6.065E0));
#558=LINE('',#557,#556);
#559=DIRECTION('',(1.E0,0.E0,0.E0));
#560=VECTOR('',#559,1.5E0);
#561=CARTESIAN_POINT('',(-7.5E-1,0.E0,-5.95E0));
#562=LINE('',#561,#560);
#563=CARTESIAN_POINT('',(7.5E-1,4.15E-1,-5.55E0));
#564=DIRECTION('',(-1.E0,0.E0,0.E0));
#565=DIRECTION('',(0.E0,1.519819868662E-14,-1.E0));
#566=AXIS2_PLACEMENT_3D('',#563,#564,#565);
#568=DIRECTION('',(0.E0,-1.E0,0.E0));
#569=VECTOR('',#568,4.85E-1);
#570=CARTESIAN_POINT('',(7.5E-1,9.E-1,-6.065E0));
#571=LINE('',#570,#569);
#572=DIRECTION('',(0.E0,-1.E0,0.E0));
#573=VECTOR('',#572,7.5E-1);
#574=CARTESIAN_POINT('',(7.5E-1,9.E-1,-6.1E0));
#575=LINE('',#574,#573);
#576=CARTESIAN_POINT('',(7.5E-1,1.5E-1,-5.95E0));
#577=DIRECTION('',(-1.E0,0.E0,0.E0));
#578=DIRECTION('',(0.E0,0.E0,-1.E0));
#579=AXIS2_PLACEMENT_3D('',#576,#577,#578);
#581=DIRECTION('',(0.E0,0.E0,1.E0));
#582=VECTOR('',#581,9.504098636046E-2);
#583=CARTESIAN_POINT('',(7.5E-1,0.E0,-5.95E0));
#584=LINE('',#583,#582);
#585=DIRECTION('',(1.E0,0.E0,-5.481329675864E-14));
#586=VECTOR('',#585,1.75E0);
#587=CARTESIAN_POINT('',(7.5E-1,-9.999999999998E-2,-5.55E0));
#588=LINE('',#587,#586);
#589=CARTESIAN_POINT('',(2.5E0,4.15E-1,-5.55E0));
#590=DIRECTION('',(-1.E0,0.E0,0.E0));
#591=DIRECTION('',(0.E0,1.519819868662E-14,-1.E0));
#592=AXIS2_PLACEMENT_3D('',#589,#590,#591);
#594=DIRECTION('',(-1.401782200047E-14,0.E0,-1.E0));
#595=VECTOR('',#594,9.504098636046E-2);
#596=CARTESIAN_POINT('',(2.5E0,0.E0,-5.854959013640E0));
#597=LINE('',#596,#595);
#598=CARTESIAN_POINT('',(2.5E0,1.5E-1,-5.95E0));
#599=DIRECTION('',(1.E0,0.E0,0.E0));
#600=DIRECTION('',(0.E0,-1.E0,0.E0));
#601=AXIS2_PLACEMENT_3D('',#598,#599,#600);
#603=DIRECTION('',(0.E0,1.E0,0.E0));
#604=VECTOR('',#603,7.5E-1);
#605=CARTESIAN_POINT('',(2.5E0,1.5E-1,-6.1E0));
#606=LINE('',#605,#604);
#607=DIRECTION('',(0.E0,-1.E0,0.E0));
#608=VECTOR('',#607,4.85E-1);
#609=CARTESIAN_POINT('',(2.5E0,9.E-1,-6.065E0));
#610=LINE('',#609,#608);
#611=DIRECTION('',(1.E0,0.E0,0.E0));
#612=VECTOR('',#611,3.1E0);
#613=CARTESIAN_POINT('',(2.5E0,0.E0,-5.95E0));
#614=LINE('',#613,#612);
#615=CARTESIAN_POINT('',(5.6E0,1.5E-1,-5.6E0));
#616=DIRECTION('',(0.E0,1.E0,0.E0));
#617=DIRECTION('',(1.E0,0.E0,0.E0));
#618=AXIS2_PLACEMENT_3D('',#615,#616,#617);
#620=CARTESIAN_POINT('',(5.6E0,1.5E-1,-5.95E0));
#621=DIRECTION('',(-1.E0,0.E0,0.E0));
#622=DIRECTION('',(0.E0,0.E0,-1.E0));
#623=AXIS2_PLACEMENT_3D('',#620,#621,#622);
#625=DIRECTION('',(0.E0,0.E0,1.E0));
#626=VECTOR('',#625,1.12E1);
#627=CARTESIAN_POINT('',(5.95E0,0.E0,-5.6E0));
#628=LINE('',#627,#626);
#629=CARTESIAN_POINT('',(5.95E0,1.5E-1,-5.6E0));
#630=DIRECTION('',(0.E0,0.E0,-1.E0));
#631=DIRECTION('',(1.E0,0.E0,0.E0));
#632=AXIS2_PLACEMENT_3D('',#629,#630,#631);
#634=CARTESIAN_POINT('',(5.6E0,1.5E-1,5.95E0));
#635=DIRECTION('',(-1.E0,0.E0,0.E0));
#636=DIRECTION('',(0.E0,-1.E0,2.907304027152E-12));
#637=AXIS2_PLACEMENT_3D('',#634,#635,#636);
#639=CARTESIAN_POINT('',(5.95E0,1.5E-1,5.6E0));
#640=DIRECTION('',(0.E0,0.E0,-1.E0));
#641=DIRECTION('',(1.E0,0.E0,0.E0));
#642=AXIS2_PLACEMENT_3D('',#639,#640,#641);
#644=DIRECTION('',(-1.E0,0.E0,0.E0));
#645=VECTOR('',#644,3.1E0);
#646=CARTESIAN_POINT('',(5.6E0,0.E0,5.95E0));
#647=LINE('',#646,#645);
#648=CARTESIAN_POINT('',(2.5E0,4.15E-1,5.55E0));
#649=DIRECTION('',(1.E0,0.E0,0.E0));
#650=DIRECTION('',(0.E0,1.476704411395E-14,1.E0));
#651=AXIS2_PLACEMENT_3D('',#648,#649,#650);
#653=DIRECTION('',(0.E0,-1.E0,0.E0));
#654=VECTOR('',#653,4.85E-1);
#655=CARTESIAN_POINT('',(2.5E0,9.E-1,6.065E0));
#656=LINE('',#655,#654);
#657=DIRECTION('',(1.268826313857E-14,0.E0,1.E0));
#658=VECTOR('',#657,3.5E-2);
#659=CARTESIAN_POINT('',(2.5E0,9.E-1,6.065E0));
#660=LINE('',#659,#658);
#661=CARTESIAN_POINT('',(2.5E0,1.5E-1,5.95E0));
#662=DIRECTION('',(1.E0,0.E0,0.E0));
#663=DIRECTION('',(0.E0,0.E0,1.E0));
#664=AXIS2_PLACEMENT_3D('',#661,#662,#663);
#666=DIRECTION('',(0.E0,0.E0,-1.E0));
#667=VECTOR('',#666,9.504098636046E-2);
#668=CARTESIAN_POINT('',(2.5E0,0.E0,5.95E0));
#669=LINE('',#668,#667);
#670=DIRECTION('',(-1.E0,0.E0,5.329070518201E-14));
#671=VECTOR('',#670,1.75E0);
#672=CARTESIAN_POINT('',(2.5E0,-9.999999999998E-2,5.55E0));
#673=LINE('',#672,#671);
#674=CARTESIAN_POINT('',(7.5E-1,4.15E-1,5.55E0));
#675=DIRECTION('',(1.E0,0.E0,0.E0));
#676=DIRECTION('',(0.E0,1.519819868662E-14,1.E0));
#677=AXIS2_PLACEMENT_3D('',#674,#675,#676);
#679=DIRECTION('',(0.E0,0.E0,1.E0));
#680=VECTOR('',#679,9.504098636046E-2);
#681=CARTESIAN_POINT('',(7.5E-1,0.E0,5.854959013640E0));
#682=LINE('',#681,#680);
#683=CARTESIAN_POINT('',(7.5E-1,1.5E-1,5.95E0));
#684=DIRECTION('',(-1.E0,0.E0,0.E0));
#685=DIRECTION('',(0.E0,-1.E0,0.E0));
#686=AXIS2_PLACEMENT_3D('',#683,#684,#685);
#688=DIRECTION('',(0.E0,0.E0,-1.E0));
#689=VECTOR('',#688,3.5E-2);
#690=CARTESIAN_POINT('',(7.5E-1,9.E-1,6.1E0));
#691=LINE('',#690,#689);
#692=DIRECTION('',(0.E0,-1.E0,0.E0));
#693=VECTOR('',#692,4.85E-1);
#694=CARTESIAN_POINT('',(7.5E-1,9.E-1,6.065E0));
#695=LINE('',#694,#693);
#696=DIRECTION('',(-1.E0,0.E0,0.E0));
#697=VECTOR('',#696,1.5E0);
#698=CARTESIAN_POINT('',(7.5E-1,0.E0,5.95E0));
#699=LINE('',#698,#697);
#700=DIRECTION('',(-1.E0,0.E0,0.E0));
#701=VECTOR('',#700,1.75E0);
#702=CARTESIAN_POINT('',(-7.5E-1,9.E-1,6.1E0));
#703=LINE('',#702,#701);
#704=DIRECTION('',(0.E0,-1.E0,0.E0));
#705=VECTOR('',#704,7.5E-1);
#706=CARTESIAN_POINT('',(-2.5E0,9.E-1,6.1E0));
#707=LINE('',#706,#705);
#708=DIRECTION('',(-1.E0,0.E0,-3.810571929778E-14));
#709=VECTOR('',#708,3.099999999921E0);
#710=CARTESIAN_POINT('',(-2.5E0,1.5E-1,6.1E0));
#711=LINE('',#710,#709);
#712=DIRECTION('',(-1.E0,0.E0,3.466760928658E-14));
#713=VECTOR('',#712,3.099999999865E0);
#714=CARTESIAN_POINT('',(5.599999999865E0,1.5E-1,6.1E0));
#715=LINE('',#714,#713);
#716=DIRECTION('',(0.E0,1.E0,0.E0));
#717=VECTOR('',#716,7.5E-1);
#718=CARTESIAN_POINT('',(2.5E0,1.5E-1,6.1E0));
#719=LINE('',#718,#717);
#720=DIRECTION('',(-1.E0,0.E0,0.E0));
#721=VECTOR('',#720,1.75E0);
#722=CARTESIAN_POINT('',(2.5E0,9.E-1,6.1E0));
#723=LINE('',#722,#721);
#724=DIRECTION('',(0.E0,-1.E0,0.E0));
#725=VECTOR('',#724,7.5E-1);
#726=CARTESIAN_POINT('',(7.5E-1,9.E-1,6.1E0));
#727=LINE('',#726,#725);
#728=DIRECTION('',(-1.E0,0.E0,0.E0));
#729=VECTOR('',#728,1.5E0);
#730=CARTESIAN_POINT('',(7.5E-1,1.5E-1,6.1E0));
#731=LINE('',#730,#729);
#732=DIRECTION('',(0.E0,1.E0,0.E0));
#733=VECTOR('',#732,7.5E-1);
#734=CARTESIAN_POINT('',(-7.5E-1,1.5E-1,6.1E0));
#735=LINE('',#734,#733);
#736=DIRECTION('',(-9.923166653591E-1,-1.237240302065E-1,0.E0));
#737=VECTOR('',#736,7.000205054269E-1);
#738=CARTESIAN_POINT('',(4.304454743475E0,6.409338267404E-1,6.1E0));
#739=LINE('',#738,#737);
#740=DIRECTION('',(-1.227913466179E-1,9.924325091389E-1,0.E0));
#741=VECTOR('',#740,3.627896913872E-2);
#742=CARTESIAN_POINT('',(4.304454743475E0,6.409338267404E-1,6.1E0));
#743=LINE('',#742,#741);
#744=DIRECTION('',(-9.980919085854E-1,-6.174578541391E-2,0.E0));
#745=VECTOR('',#744,7.013382174320E-1);
#746=CARTESIAN_POINT('',(4.3E0,6.769382551117E-1,6.1E0));
#747=LINE('',#746,#745);
#748=DIRECTION('',(1.227913466180E-1,-9.924325091389E-1,-1.111419817881E-14));
#749=VECTOR('',#748,7.991385481982E-2);
#750=CARTESIAN_POINT('',(3.6E0,6.336335760355E-1,6.1E0));
#751=LINE('',#750,#749);
#752=DIRECTION('',(-1.503071171800E-14,1.E0,1.542652045991E-11));
#753=VECTOR('',#752,7.8E0);
#754=CARTESIAN_POINT('',(-6.1E0,1.5E-1,5.599999999820E0));
#755=LINE('',#754,#753);
#756=DIRECTION('',(3.375988947086E-12,-1.E0,-1.503071171800E-14));
#757=VECTOR('',#756,7.8E0);
#758=CARTESIAN_POINT('',(-5.599999999947E0,7.95E0,6.1E0));
#759=LINE('',#758,#757);
#760=DIRECTION('',(0.E0,-1.237240302065E-1,9.923166653591E-1));
#761=VECTOR('',#760,7.000205054271E-1);
#762=CARTESIAN_POINT('',(-6.1E0,6.403993889076E-1,-4.304498804230E0));
#763=LINE('',#762,#761);
#764=DIRECTION('',(1.106451669773E-14,9.924325091389E-1,1.227913466179E-1));
#765=VECTOR('',#764,8.027268103649E-2);
#766=CARTESIAN_POINT('',(-6.1E0,5.537900307490E-1,-3.609856790601E0));
#767=LINE('',#766,#765);
#768=DIRECTION('',(0.E0,6.174578541844E-2,-9.980919085851E-1));
#769=VECTOR('',#768,7.013382174320E-1);
#770=CARTESIAN_POINT('',(-6.1E0,6.334552490053E-1,-3.6E0));
#771=LINE('',#770,#769);
#772=DIRECTION('',(0.E0,-9.924325091389E-1,-1.227913466179E-1));
#773=VECTOR('',#772,3.663779535860E-2);
#774=CARTESIAN_POINT('',(-6.1E0,6.767599280846E-1,-4.3E0));
#775=LINE('',#774,#773);
#776=DIRECTION('',(0.E0,-1.237240302065E-1,-9.923166653591E-1));
#777=VECTOR('',#776,7.000205054271E-1);
#778=CARTESIAN_POINT('',(-6.1E0,6.409338267403E-1,4.304454743475E0));
#779=LINE('',#778,#777);
#780=DIRECTION('',(0.E0,9.924325091389E-1,-1.227913466179E-1));
#781=VECTOR('',#780,3.627896913867E-2);
#782=CARTESIAN_POINT('',(-6.1E0,6.409338267403E-1,4.304454743475E0));
#783=LINE('',#782,#781);
#784=DIRECTION('',(0.E0,-6.174578541384E-2,-9.980919085854E-1));
#785=VECTOR('',#784,7.013382174321E-1);
#786=CARTESIAN_POINT('',(-6.1E0,6.769382551116E-1,4.3E0));
#787=LINE('',#786,#785);
#788=DIRECTION('',(0.E0,-9.924325091389E-1,1.227913466181E-1));
#789=VECTOR('',#788,7.991385481981E-2);
#790=CARTESIAN_POINT('',(-6.1E0,6.336335760355E-1,3.6E0));
#791=LINE('',#790,#789);
#792=CARTESIAN_POINT('',(-6.1E0,1.5E-1,1.5E0));
#793=DIRECTION('',(0.E0,1.E0,0.E0));
#794=DIRECTION('',(0.E0,0.E0,1.E0));
#795=AXIS2_PLACEMENT_3D('',#792,#793,#794);
#797=DIRECTION('',(0.E0,1.E0,1.747705922636E-14));
#798=VECTOR('',#797,1.55E0);
#799=CARTESIAN_POINT('',(-6.1E0,1.5E-1,1.E0));
#800=LINE('',#799,#798);
#801=DIRECTION('',(0.E0,-1.E0,1.819333214547E-14));
#802=VECTOR('',#801,1.55E0);
#803=CARTESIAN_POINT('',(-6.1E0,1.7E0,2.E0));
#804=LINE('',#803,#802);
#805=CARTESIAN_POINT('',(-6.1E0,1.7E0,1.5E0));
#806=DIRECTION('',(0.E0,1.E0,0.E0));
#807=DIRECTION('',(0.E0,0.E0,1.E0));
#808=AXIS2_PLACEMENT_3D('',#805,#806,#807);
#810=DIRECTION('',(0.E0,0.E0,1.E0));
#811=VECTOR('',#810,1.E0);
#812=CARTESIAN_POINT('',(-6.1E0,1.7E0,1.E0));
#813=LINE('',#812,#811);
#814=CARTESIAN_POINT('',(-5.6E0,1.5E-1,-5.6E0));
#815=DIRECTION('',(0.E0,-1.E0,0.E0));
#816=DIRECTION('',(-1.E0,0.E0,0.E0));
#817=AXIS2_PLACEMENT_3D('',#814,#815,#816);
#819=DIRECTION('',(-9.641404483901E-12,1.E0,-1.366428338E-14));
#820=VECTOR('',#819,7.8E0);
#821=CARTESIAN_POINT('',(-5.599999999865E0,1.5E-1,-6.1E0));
#822=LINE('',#821,#820);
#823=DIRECTION('',(1.377815240817E-14,-1.E0,6.762795451847E-12));
#824=VECTOR('',#823,7.8E0);
#825=CARTESIAN_POINT('',(-6.1E0,7.95E0,-5.599999999895E0));
#826=LINE('',#825,#824);
#827=DIRECTION('',(0.E0,-1.E0,0.E0));
#828=VECTOR('',#827,7.5E-1);
#829=CARTESIAN_POINT('',(-7.5E-1,9.E-1,-6.1E0));
#830=LINE('',#829,#828);
#831=DIRECTION('',(1.E0,0.E0,0.E0));
#832=VECTOR('',#831,1.5E0);
#833=CARTESIAN_POINT('',(-7.5E-1,1.5E-1,-6.1E0));
#834=LINE('',#833,#832);
#835=DIRECTION('',(1.E0,0.E0,3.810571929778E-14));
#836=VECTOR('',#835,3.099999999921E0);
#837=CARTESIAN_POINT('',(2.5E0,1.5E-1,-6.1E0));
#838=LINE('',#837,#836);
#839=DIRECTION('',(1.E0,0.E0,-3.466760928658E-14));
#840=VECTOR('',#839,3.099999999865E0);
#841=CARTESIAN_POINT('',(-5.599999999865E0,1.5E-1,-6.1E0));
#842=LINE('',#841,#840);
#843=DIRECTION('',(0.E0,1.E0,0.E0));
#844=VECTOR('',#843,7.5E-1);
#845=CARTESIAN_POINT('',(-2.5E0,1.5E-1,-6.1E0));
#846=LINE('',#845,#844);
#847=DIRECTION('',(-9.923166653591E-1,-1.237240302065E-1,0.E0));
#848=VECTOR('',#847,7.000205054262E-1);
#849=CARTESIAN_POINT('',(4.304435860294E0,6.411628715258E-1,-6.1E0));
#850=LINE('',#849,#848);
#851=DIRECTION('',(1.227913466180E-1,-9.924325091389E-1,-1.113562708437E-14));
#852=VECTOR('',#851,7.976007215136E-2);
#853=CARTESIAN_POINT('',(3.600000000001E0,6.337100019016E-1,-6.1E0));
#854=LINE('',#853,#852);
#855=DIRECTION('',(9.980919085847E-1,6.174578542487E-2,0.E0));
#856=VECTOR('',#855,7.013382174309E-1);
#857=CARTESIAN_POINT('',(3.600000000001E0,6.337100019016E-1,-6.1E0));
#858=LINE('',#857,#856);
#859=DIRECTION('',(-1.227913466164E-1,9.924325091391E-1,2.458612691841E-14));
#860=VECTOR('',#859,3.612518647803E-2);
#861=CARTESIAN_POINT('',(4.304435860294E0,6.411628715258E-1,-6.1E0));
#862=LINE('',#861,#860);
#863=DIRECTION('',(1.E0,0.E0,0.E0));
#864=VECTOR('',#863,1.75E0);
#865=CARTESIAN_POINT('',(-2.5E0,9.E-1,-6.065E0));
#866=LINE('',#865,#864);
#867=DIRECTION('',(0.E0,0.E0,-1.E0));
#868=VECTOR('',#867,3.5E-2);
#869=CARTESIAN_POINT('',(-7.5E-1,9.E-1,-6.065E0));
#870=LINE('',#869,#868);
#871=DIRECTION('',(-1.E0,0.E0,0.E0));
#872=VECTOR('',#871,1.75E0);
#873=CARTESIAN_POINT('',(-7.5E-1,9.E-1,-6.1E0));
#874=LINE('',#873,#872);
#875=DIRECTION('',(1.268826313857E-14,0.E0,1.E0));
#876=VECTOR('',#875,3.5E-2);
#877=CARTESIAN_POINT('',(-2.5E0,9.E-1,-6.1E0));
#878=LINE('',#877,#876);
#879=DIRECTION('',(1.E0,0.E0,0.E0));
#880=VECTOR('',#879,1.75E0);
#881=CARTESIAN_POINT('',(-2.5E0,4.15E-1,-6.065E0));
#882=LINE('',#881,#880);
#883=DIRECTION('',(1.E0,0.E0,0.E0));
#884=VECTOR('',#883,1.75E0);
#885=CARTESIAN_POINT('',(7.5E-1,9.E-1,-6.065E0));
#886=LINE('',#885,#884);
#887=DIRECTION('',(1.268826313857E-14,0.E0,-1.E0));
#888=VECTOR('',#887,3.5E-2);
#889=CARTESIAN_POINT('',(2.5E0,9.E-1,-6.065E0));
#890=LINE('',#889,#888);
#891=DIRECTION('',(-1.E0,0.E0,0.E0));
#892=VECTOR('',#891,1.75E0);
#893=CARTESIAN_POINT('',(2.5E0,9.E-1,-6.1E0));
#894=LINE('',#893,#892);
#895=DIRECTION('',(-1.268826313857E-14,0.E0,1.E0));
#896=VECTOR('',#895,3.5E-2);
#897=CARTESIAN_POINT('',(7.5E-1,9.E-1,-6.1E0));
#898=LINE('',#897,#896);
#899=DIRECTION('',(1.E0,0.E0,0.E0));
#900=VECTOR('',#899,1.75E0);
#901=CARTESIAN_POINT('',(7.5E-1,4.15E-1,-6.065E0));
#902=LINE('',#901,#900);
#903=DIRECTION('',(-3.376102816114E-12,-1.E0,1.491684268984E-14));
#904=VECTOR('',#903,7.8E0);
#905=CARTESIAN_POINT('',(5.599999999947E0,7.95E0,-6.1E0));
#906=LINE('',#905,#904);
#907=DIRECTION('',(0.E0,0.E0,1.E0));
#908=VECTOR('',#907,1.119999999974E1);
#909=CARTESIAN_POINT('',(6.1E0,1.5E-1,-5.599999999820E0));
#910=LINE('',#909,#908);
#911=DIRECTION('',(1.377815240817E-14,1.E0,3.376102816114E-12));
#912=VECTOR('',#911,7.8E0);
#913=CARTESIAN_POINT('',(6.1E0,1.5E-1,5.599999999921E0));
#914=LINE('',#913,#912);
#915=DIRECTION('',(0.E0,0.E0,-1.E0));
#916=VECTOR('',#915,1.119999999989E1);
#917=CARTESIAN_POINT('',(6.1E0,7.95E0,5.599999999947E0));
#918=LINE('',#917,#916);
#919=DIRECTION('',(-1.514458074617E-14,-1.E0,1.542663432894E-11));
#920=VECTOR('',#919,7.8E0);
#921=CARTESIAN_POINT('',(6.1E0,7.95E0,-5.599999999940E0));
#922=LINE('',#921,#920);
#923=CARTESIAN_POINT('',(5.6E0,1.5E-1,5.6E0));
#924=DIRECTION('',(0.E0,-1.E0,0.E0));
#925=DIRECTION('',(1.E0,0.E0,0.E0));
#926=AXIS2_PLACEMENT_3D('',#923,#924,#925);
#928=DIRECTION('',(9.641290614873E-12,1.E0,1.366428338E-14));
#929=VECTOR('',#928,7.8E0);
#930=CARTESIAN_POINT('',(5.599999999865E0,1.5E-1,6.1E0));
#931=LINE('',#930,#929);
#932=CARTESIAN_POINT('',(-5.6E0,7.95E0,5.6E0));
#933=DIRECTION('',(0.E0,-1.E0,0.E0));
#934=DIRECTION('',(0.E0,0.E0,1.E0));
#935=AXIS2_PLACEMENT_3D('',#932,#933,#934);
#937=DIRECTION('',(0.E0,0.E0,-1.E0));
#938=VECTOR('',#937,1.119999999983E1);
#939=CARTESIAN_POINT('',(-6.1E0,7.95E0,5.599999999940E0));
#940=LINE('',#939,#938);
#941=CARTESIAN_POINT('',(-5.6E0,7.95E0,-5.6E0));
#942=DIRECTION('',(0.E0,-1.E0,0.E0));
#943=DIRECTION('',(-1.E0,0.E0,0.E0));
#944=AXIS2_PLACEMENT_3D('',#941,#942,#943);
#946=DIRECTION('',(1.E0,0.E0,0.E0));
#947=VECTOR('',#946,1.119999999989E1);
#948=CARTESIAN_POINT('',(-5.599999999940E0,7.95E0,-6.1E0));
#949=LINE('',#948,#947);
#950=CARTESIAN_POINT('',(5.6E0,7.95E0,-5.6E0));
#951=DIRECTION('',(0.E0,-1.E0,0.E0));
#952=DIRECTION('',(0.E0,0.E0,-1.E0));
#953=AXIS2_PLACEMENT_3D('',#950,#951,#952);
#955=CARTESIAN_POINT('',(5.6E0,7.95E0,5.6E0));
#956=DIRECTION('',(0.E0,-1.E0,0.E0));
#957=DIRECTION('',(1.E0,0.E0,0.E0));
#958=AXIS2_PLACEMENT_3D('',#955,#956,#957);
#960=DIRECTION('',(-1.E0,0.E0,0.E0));
#961=VECTOR('',#960,1.119999999989E1);
#962=CARTESIAN_POINT('',(5.599999999940E0,7.95E0,6.1E0));
#963=LINE('',#962,#961);
#964=CARTESIAN_POINT('',(2.E-1,7.95E0,2.E-1));
#965=DIRECTION('',(0.E0,-1.E0,0.E0));
#966=DIRECTION('',(-5.887855880642E-1,0.E0,-8.082892621382E-1));
#967=AXIS2_PLACEMENT_3D('',#964,#965,#966);
#969=DIRECTION('',(-5.E-1,0.E0,-8.660254037844E-1));
#970=VECTOR('',#969,1.847520861407E0);
#971=CARTESIAN_POINT('',(9.237604307034E-1,7.95E0,-1.880483961442E0));
#972=LINE('',#971,#970);
#973=DIRECTION('',(-4.999999999999E-1,0.E0,8.660254037845E-1));
#974=VECTOR('',#973,2.193931022920E0);
#975=CARTESIAN_POINT('',(0.E0,7.95E0,-3.480483961442E0));
#976=LINE('',#975,#974);
#977=DIRECTION('',(-6.428712937146E-1,0.E0,7.659742160920E-1));
#978=VECTOR('',#977,2.138841807754E-1);
#979=CARTESIAN_POINT('',(-1.0625E0,7.95E0,-1.1E0));
#980=LINE('',#979,#978);
#981=DIRECTION('',(6.428711427642E-1,0.E0,-7.659743427825E-1));
#982=VECTOR('',#981,2.138842309965E-1);
#983=CARTESIAN_POINT('',(-1.2E0,7.95E0,-7.489361464977E-1));
#984=LINE('',#983,#982);
#985=DIRECTION('',(7.938781110085E-1,0.E0,-6.080769234740E-1));
#986=VECTOR('',#985,1.154669004479E-1);
#987=CARTESIAN_POINT('',(-5.8125E-1,7.95E0,-4.914893686771E-1));
#988=LINE('',#987,#986);
#989=DIRECTION('',(9.689177459678E-1,0.E0,-2.473831068376E-1));
#990=VECTOR('',#989,9.460731910243E-2);
#991=CARTESIAN_POINT('',(-4.895833551884E-1,7.95E0,-5.617021262646E-1));
#992=LINE('',#991,#990);
#993=DIRECTION('',(9.689177035558E-1,0.E0,2.473832729514E-1));
#994=VECTOR('',#993,9.460725557515E-2);
#995=CARTESIAN_POINT('',(-2.604166448116E-1,7.95E0,-5.851063787937E-1));
#996=LINE('',#995,#994);
#997=DIRECTION('',(8.265992787996E-1,0.E0,5.627909312418E-1));
#998=VECTOR('',#997,8.317210256926E-2);
#999=CARTESIAN_POINT('',(-1.6875E-1,7.95E0,-5.617021262646E-1));
#1000=LINE('',#999,#998);
#1001=DIRECTION('',(5.466221810897E-1,0.E0,8.373793591562E-1));
#1002=VECTOR('',#1001,8.384820669350E-2);
#1003=CARTESIAN_POINT('',(-1.E-1,7.95E0,-5.148936212063E-1));
#1004=LINE('',#1003,#1002);
#1005=DIRECTION('',(3.102804688815E-1,0.E0,9.506450602778E-1));
#1006=VECTOR('',#1005,7.385804997448E-2);
#1007=CARTESIAN_POINT('',(-5.416671037676E-2,7.95E0,-4.446808636189E-1));
#1008=LINE('',#1007,#1006);
#1009=DIRECTION('',(-3.102805998047E-1,0.E0,9.506450175459E-1));
#1010=VECTOR('',#1009,7.385801880996E-2);
#1011=CARTESIAN_POINT('',(-3.125E-2,7.95E0,-3.276595681906E-1));
#1012=LINE('',#1011,#1010);
#1013=DIRECTION('',(-5.466220916090E-1,0.E0,8.373794175671E-1));
#1014=VECTOR('',#1013,8.384822041924E-2);
#1015=CARTESIAN_POINT('',(-5.416671037674E-2,7.95E0,-2.574468106031E-1));
#1016=LINE('',#1015,#1014);
#1017=DIRECTION('',(-8.265992787997E-1,0.E0,5.627909312416E-1));
#1018=VECTOR('',#1017,8.317210256927E-2);
#1019=CARTESIAN_POINT('',(-1.E-1,7.95E0,-1.872340366244E-1));
#1020=LINE('',#1019,#1018);
#1021=DIRECTION('',(-9.689177035558E-1,0.E0,2.473832729514E-1));
#1022=VECTOR('',#1021,9.460725557515E-2);
#1023=CARTESIAN_POINT('',(-1.6875E-1,7.95E0,-1.404255315661E-1));
#1024=LINE('',#1023,#1022);
#1025=DIRECTION('',(-9.689177459678E-1,0.E0,-2.473831068378E-1));
#1026=VECTOR('',#1025,9.460731910243E-2);
#1027=CARTESIAN_POINT('',(-3.979166448116E-1,7.95E0,-1.170212790370E-1));
#1028=LINE('',#1027,#1026);
#1029=DIRECTION('',(-8.265992787996E-1,0.E0,-5.627909312417E-1));
#1030=VECTOR('',#1029,8.317210256926E-2);
#1031=CARTESIAN_POINT('',(-4.895833551884E-1,7.95E0,-1.404255315661E-1));
#1032=LINE('',#1031,#1030);
#1033=DIRECTION('',(-4.397130954566E-1,0.E0,-8.981382931843E-1));
#1034=VECTOR('',#1033,1.042345340560E-1);
#1035=CARTESIAN_POINT('',(-5.583333551884E-1,7.95E0,-1.872340366244E-1));
#1036=LINE('',#1035,#1034);
#1037=DIRECTION('',(4.397136028537E-1,0.E0,8.981380447712E-1));
#1038=VECTOR('',#1037,1.042345628859E-1);
#1039=CARTESIAN_POINT('',(-7.416666775942E-1,7.95E0,-2.808510631323E-1));
#1040=LINE('',#1039,#1038);
#1041=DIRECTION('',(5.919093317278E-1,0.E0,8.060045552064E-1));
#1042=VECTOR('',#1041,1.161494903564E-1);
#1043=CARTESIAN_POINT('',(-6.958333224058E-1,7.95E0,-1.872340366244E-1));
#1044=LINE('',#1043,#1042);
#1045=DIRECTION('',(8.526534466289E-1,0.E0,5.224768893950E-1));
#1046=VECTOR('',#1045,1.343844391193E-1);
#1047=CARTESIAN_POINT('',(-6.270833551884E-1,7.95E0,-9.361701831223E-2));
#1048=LINE('',#1047,#1046);
#1049=DIRECTION('',(9.797707133274E-1,0.E0,2.001233352361E-1));
#1050=VECTOR('',#1049,1.169491531333E-1);
#1051=CARTESIAN_POINT('',(-5.125E-1,7.95E0,-2.340425457806E-2));
#1052=LINE('',#1051,#1050);
#1053=DIRECTION('',(9.797706908745E-1,0.E0,-2.001234451615E-1));
#1054=VECTOR('',#1053,1.169490888944E-1);
#1055=CARTESIAN_POINT('',(-2.604166448116E-1,7.95E0,0.E0));
#1056=LINE('',#1055,#1054);
#1057=DIRECTION('',(8.526534466288E-1,0.E0,-5.224768893951E-1));
#1058=VECTOR('',#1057,1.343844391193E-1);
#1059=CARTESIAN_POINT('',(-1.458333551884E-1,7.95E0,-2.340425457805E-2));
#1060=LINE('',#1059,#1058);
#1061=DIRECTION('',(5.919095150862E-1,0.E0,-8.060044205526E-1));
#1062=VECTOR('',#1061,1.161495097607E-1);
#1063=CARTESIAN_POINT('',(-3.125E-2,7.95E0,-9.361701831223E-2));
#1064=LINE('',#1063,#1062);
#1065=DIRECTION('',(3.646915900804E-1,0.E0,-9.311283714529E-1));
#1066=VECTOR('',#1065,1.256768482464E-1);
#1067=CARTESIAN_POINT('',(3.749999999998E-2,7.95E0,-1.872340366244E-1));
#1068=LINE('',#1067,#1066);
#1069=DIRECTION('',(-3.646915457916E-1,0.E0,-9.311283887994E-1));
#1070=VECTOR('',#1069,1.256768635088E-1);
#1071=CARTESIAN_POINT('',(8.333328962326E-2,7.95E0,-3.978723257780E-1));
#1072=LINE('',#1071,#1070);
#1073=DIRECTION('',(-5.919095487497E-1,0.E0,-8.060043958311E-1));
#1074=VECTOR('',#1073,1.161495031551E-1);
#1075=CARTESIAN_POINT('',(3.75E-2,7.95E0,-5.148936212063E-1));
#1076=LINE('',#1075,#1074);
#1077=DIRECTION('',(-8.526534670057E-1,0.E0,-5.224768561411E-1));
#1078=VECTOR('',#1077,1.343844359078E-1);
#1079=CARTESIAN_POINT('',(-3.125000000001E-2,7.95E0,-6.085106313229E-1));
#1080=LINE('',#1079,#1078);
#1081=DIRECTION('',(-9.797706943097E-1,0.E0,-2.001234283433E-1));
#1082=VECTOR('',#1081,1.169490884843E-1);
#1083=CARTESIAN_POINT('',(-1.458333551884E-1,7.95E0,-6.787233889103E-1));
#1084=LINE('',#1083,#1082);
#1085=DIRECTION('',(-9.797707167626E-1,0.E0,2.001233184179E-1));
#1086=VECTOR('',#1085,1.169491527232E-1);
#1087=CARTESIAN_POINT('',(-3.979166448116E-1,7.95E0,-7.021276414394E-1));
#1088=LINE('',#1087,#1086);
#1089=DIRECTION('',(-8.526534670057E-1,0.E0,5.224768561412E-1));
#1090=VECTOR('',#1089,1.343844359078E-1);
#1091=CARTESIAN_POINT('',(-5.125E-1,7.95E0,-6.787233889103E-1));
#1092=LINE('',#1091,#1090);
#1093=DIRECTION('',(1.921820955232E-1,0.E0,9.813592829134E-1));
#1094=VECTOR('',#1093,1.192440907889E-1);
#1095=CARTESIAN_POINT('',(2.666667103767E-1,7.95E0,-4.446808636189E-1));
#1096=LINE('',#1095,#1094);
#1097=DIRECTION('',(3.102805998045E-1,0.E0,9.506450175460E-1));
#1098=VECTOR('',#1097,7.385801880995E-2);
#1099=CARTESIAN_POINT('',(2.895832896233E-1,7.95E0,-3.276595681906E-1));
#1100=LINE('',#1099,#1098);
#1101=DIRECTION('',(4.397130954572E-1,0.E0,8.981382931840E-1));
#1102=VECTOR('',#1101,1.042345340559E-1);
#1103=CARTESIAN_POINT('',(3.125E-1,7.95E0,-2.574468106031E-1));
#1104=LINE('',#1103,#1102);
#1105=DIRECTION('',(6.996247934953E-1,0.E0,7.145104256249E-1));
#1106=VECTOR('',#1105,9.826695771678E-2);
#1107=CARTESIAN_POINT('',(3.583332896233E-1,7.95E0,-1.638297840953E-1));
#1108=LINE('',#1107,#1106);
#1109=DIRECTION('',(8.526535798145E-1,0.E0,5.224766720434E-1));
#1110=VECTOR('',#1109,1.343844950236E-1);
#1111=CARTESIAN_POINT('',(4.270832896233E-1,7.95E0,-9.361701831221E-2));
#1112=LINE('',#1111,#1110);
#1113=DIRECTION('',(9.858211706630E-1,0.E0,1.677993428847E-1));
#1114=VECTOR('',#1113,1.394776295051E-1);
#1115=CARTESIAN_POINT('',(5.416667103767E-1,7.95E0,-2.340425457806E-2));
#1116=LINE('',#1115,#1114);
#1117=DIRECTION('',(9.858211706631E-1,0.E0,-1.677993428845E-1));
#1118=VECTOR('',#1117,1.394776295051E-1);
#1119=CARTESIAN_POINT('',(6.791667103767E-1,7.95E0,0.E0));
#1120=LINE('',#1119,#1118);
#1121=DIRECTION('',(8.526533134431E-1,-1.982771506148E-14,-5.224771067469E-1));
#1122=VECTOR('',#1121,1.343843832150E-1);
#1123=CARTESIAN_POINT('',(8.166667103767E-1,7.95E0,-2.340425457804E-2));
#1124=LINE('',#1123,#1122);
#1125=DIRECTION('',(6.996247934953E-1,0.E0,-7.145104256249E-1));
#1126=VECTOR('',#1125,9.826695771677E-2);
#1127=CARTESIAN_POINT('',(9.3125E-1,7.95E0,-9.361701831220E-2));
#1128=LINE('',#1127,#1126);
#1129=DIRECTION('',(4.397141102468E-1,0.E0,-8.981377963597E-1));
#1130=VECTOR('',#1129,1.042345917155E-1);
#1131=CARTESIAN_POINT('',(1.E0,7.95E0,-1.638297840953E-1));
#1132=LINE('',#1131,#1130);
#1133=DIRECTION('',(3.102789952967E-1,-3.607647172065E-14,-9.506455412390E-1));
#1134=VECTOR('',#1133,7.385797812304E-2);
#1135=CARTESIAN_POINT('',(1.045833420753E0,7.95E0,-2.574468106031E-1));
#1136=LINE('',#1135,#1134);
#1137=DIRECTION('',(1.921820955266E-1,0.E0,-9.813592829127E-1));
#1138=VECTOR('',#1137,1.192440907890E-1);
#1139=CARTESIAN_POINT('',(1.06875E0,7.95E0,-3.276595681907E-1));
#1140=LINE('',#1139,#1138);
#1141=DIRECTION('',(-1.921821473737E-1,0.E0,-9.813592727594E-1));
#1142=VECTOR('',#1141,1.192440586176E-1);
#1143=CARTESIAN_POINT('',(1.091666579247E0,7.95E0,-6.553191363810E-1));
#1144=LINE('',#1143,#1142);
#1145=DIRECTION('',(-3.102787334523E-1,0.E0,-9.506456267018E-1));
#1146=VECTOR('',#1145,7.385804045213E-2);
#1147=CARTESIAN_POINT('',(1.06875E0,7.95E0,-7.723403990269E-1));
#1148=LINE('',#1147,#1146);
#1149=DIRECTION('',(-4.397141723511E-1,0.E0,-8.981377659544E-1));
#1150=VECTOR('',#1149,1.042345769939E-1);
#1151=CARTESIAN_POINT('',(1.045833420753E0,7.95E0,-8.425532221795E-1));
#1152=LINE('',#1151,#1150);
#1153=DIRECTION('',(-6.996248351879E-1,0.E0,-7.145103848009E-1));
#1154=VECTOR('',#1153,9.826695186061E-2);
#1155=CARTESIAN_POINT('',(1.E0,7.95E0,-9.361702322960E-1));
#1156=LINE('',#1155,#1154);
#1157=DIRECTION('',(-8.526533338187E-1,0.E0,-5.224770734949E-1));
#1158=VECTOR('',#1157,1.343843800038E-1);
#1159=CARTESIAN_POINT('',(9.312500000001E-1,7.95E0,-1.006382989883E0));
#1160=LINE('',#1159,#1158);
#1161=DIRECTION('',(-9.858211730931E-1,0.E0,-1.677993286081E-1));
#1162=VECTOR('',#1161,1.394776291613E-1);
#1163=CARTESIAN_POINT('',(8.166667103767E-1,7.95E0,-1.076595747471E0));
#1164=LINE('',#1163,#1162);
#1165=DIRECTION('',(-9.858211730929E-1,-1.910367472636E-14,1.677993286090E-1));
#1166=VECTOR('',#1165,1.394776291612E-1);
#1167=CARTESIAN_POINT('',(6.791667103767E-1,7.95E0,-1.1E0));
#1168=LINE('',#1167,#1166);
#1169=DIRECTION('',(-8.526536001907E-1,0.E0,5.224766387906E-1));
#1170=VECTOR('',#1169,1.343844918123E-1);
#1171=CARTESIAN_POINT('',(5.416667103768E-1,7.95E0,-1.076595747471E0));
#1172=LINE('',#1171,#1170);
#1173=DIRECTION('',(-6.996248351876E-1,0.E0,7.145103848011E-1));
#1174=VECTOR('',#1173,9.826695186062E-2);
#1175=CARTESIAN_POINT('',(4.270832896232E-1,7.95E0,-1.006382989883E0));
#1176=LINE('',#1175,#1174);
#1177=DIRECTION('',(-4.397131575604E-1,0.E0,8.981382627793E-1));
#1178=VECTOR('',#1177,1.042345193344E-1);
#1179=CARTESIAN_POINT('',(3.583332896233E-1,7.95E0,-9.361702322960E-1));
#1180=LINE('',#1179,#1178);
#1181=DIRECTION('',(-3.102803379577E-1,0.E0,9.506451030100E-1));
#1182=VECTOR('',#1181,7.385808113900E-2);
#1183=CARTESIAN_POINT('',(3.125E-1,7.95E0,-8.425532221794E-1));
#1184=LINE('',#1183,#1182);
#1185=DIRECTION('',(-1.921821473726E-1,0.E0,9.813592727596E-1));
#1186=VECTOR('',#1185,1.192440586175E-1);
#1187=CARTESIAN_POINT('',(2.895832896233E-1,7.95E0,-7.723403990269E-1));
#1188=LINE('',#1187,#1186);
#1189=DIRECTION('',(-8.906053088221E-1,0.E0,4.547770705498E-1));
#1190=VECTOR('',#1189,5.146313225759E-2);
#1191=CARTESIAN_POINT('',(-2.316666661203E0,7.95E0,1.238297873735E0));
#1192=LINE('',#1191,#1190);
#1193=DIRECTION('',(-7.938781766209E-1,0.E0,6.080768378133E-1));
#1194=VECTOR('',#1193,1.154669167137E-1);
#1195=CARTESIAN_POINT('',(-2.3625E0,7.95E0,1.261702126265E0));
#1196=LINE('',#1195,#1194);
#1197=DIRECTION('',(-3.646918567535E-1,0.E0,9.311282670060E-1));
#1198=VECTOR('',#1197,1.256768799473E-1);
#1199=CARTESIAN_POINT('',(-2.454166665301E0,7.95E0,1.331914883852E0));
#1200=LINE('',#1199,#1198);
#1201=DIRECTION('',(3.646919010447E-1,0.E0,9.311282496587E-1));
#1202=VECTOR('',#1201,1.256768646850E-1);
#1203=CARTESIAN_POINT('',(-2.5E0,7.95E0,1.519148936868E0));
#1204=LINE('',#1203,#1202);
#1205=DIRECTION('',(6.996247722057E-1,0.E0,7.145104464709E-1));
#1206=VECTOR('',#1205,9.826695484958E-2);
#1207=CARTESIAN_POINT('',(-2.454166665301E0,7.95E0,1.636170215905E0));
#1208=LINE('',#1207,#1206);
#1209=DIRECTION('',(8.526533966835E-1,0.E0,5.224769709030E-1));
#1210=VECTOR('',#1209,1.343844181555E-1);
#1211=CARTESIAN_POINT('',(-2.385416669399E0,7.95E0,1.706382981688E0));
#1212=LINE('',#1211,#1210);
#1213=DIRECTION('',(9.797707077146E-1,0.E0,2.001233627151E-1));
#1214=VECTOR('',#1213,1.169491370735E-1);
#1215=CARTESIAN_POINT('',(-2.270833338797E0,7.95E0,1.776595745422E0));
#1216=LINE('',#1215,#1214);
#1217=DIRECTION('',(9.797707133279E-1,0.E0,-2.001233352335E-1));
#1218=VECTOR('',#1217,1.169491531329E-1);
#1219=CARTESIAN_POINT('',(-2.01875E0,7.95E0,1.8E0));
#1220=LINE('',#1219,#1218);
#1221=DIRECTION('',(8.526533134428E-1,0.E0,-5.224771067473E-1));
#1222=VECTOR('',#1221,1.343843832155E-1);
#1223=CARTESIAN_POINT('',(-1.904166644812E0,7.95E0,1.776595745422E0));
#1224=LINE('',#1223,#1222);
#1225=DIRECTION('',(6.996247934950E-1,0.E0,-7.145104256252E-1));
#1226=VECTOR('',#1225,9.826695771662E-2);
#1227=CARTESIAN_POINT('',(-1.789583355188E0,7.95E0,1.706382981688E0));
#1228=LINE('',#1227,#1226);
#1229=DIRECTION('',(3.646920423915E-1,0.E0,-9.311281942978E-1));
#1230=VECTOR('',#1229,1.256768721572E-1);
#1231=CARTESIAN_POINT('',(-1.720833355188E0,7.95E0,1.636170215905E0));
#1232=LINE('',#1231,#1230);
#1233=DIRECTION('',(-3.646919981003E-1,0.E0,-9.311282116452E-1));
#1234=VECTOR('',#1233,1.256768874195E-1);
#1235=CARTESIAN_POINT('',(-1.675E0,7.95E0,1.448936179280E0));
#1236=LINE('',#1235,#1234);
#1237=DIRECTION('',(-7.938781110091E-1,0.E0,-6.080769234731E-1));
#1238=VECTOR('',#1237,1.154669004479E-1);
#1239=CARTESIAN_POINT('',(-1.720833355188E0,7.95E0,1.331914883852E0));
#1240=LINE('',#1239,#1238);
#1241=DIRECTION('',(-8.906053746942E-1,0.E0,-4.547769415502E-1));
#1242=VECTOR('',#1241,5.146314685545E-2);
#1243=CARTESIAN_POINT('',(-1.8125E0,7.95E0,1.261702126265E0));
#1244=LINE('',#1243,#1242);
#1245=DIRECTION('',(8.906053746962E-1,0.E0,-4.547769415463E-1));
#1246=VECTOR('',#1245,5.146314685520E-2);
#1247=CARTESIAN_POINT('',(-1.858333355188E0,7.95E0,1.238297873735E0));
#1248=LINE('',#1247,#1246);
#1249=DIRECTION('',(6.996248351879E-1,0.E0,-7.145103848009E-1));
#1250=VECTOR('',#1249,9.826695186061E-2);
#1251=CARTESIAN_POINT('',(-1.8125E0,7.95E0,1.214893621206E0));
#1252=LINE('',#1251,#1250);
#1253=DIRECTION('',(4.397136649530E-1,0.E0,-8.981380143684E-1));
#1254=VECTOR('',#1253,1.042345481644E-1);
#1255=CARTESIAN_POINT('',(-1.74375E0,7.95E0,1.144680863619E0));
#1256=LINE('',#1255,#1254);
#1257=DIRECTION('',(-3.646919095227E-1,0.E0,-9.311282463381E-1));
#1258=VECTOR('',#1257,1.256769179444E-1);
#1259=CARTESIAN_POINT('',(-1.697916644812E0,7.95E0,9.808510959148E-1));
#1260=LINE('',#1259,#1258);
#1261=DIRECTION('',(-6.996248351877E-1,0.E0,-7.145103848010E-1));
#1262=VECTOR('',#1261,9.826695186083E-2);
#1263=CARTESIAN_POINT('',(-1.74375E0,7.95E0,8.638297677040E-1));
#1264=LINE('',#1263,#1262);
#1265=DIRECTION('',(-8.526534670047E-1,0.E0,-5.224768561429E-1));
#1266=VECTOR('',#1265,1.343844359075E-1);
#1267=CARTESIAN_POINT('',(-1.8125E0,7.95E0,7.936170101167E-1));
#1268=LINE('',#1267,#1266);
#1269=DIRECTION('',(-9.797707055361E-1,0.E0,-2.001233733810E-1));
#1270=VECTOR('',#1269,1.169491206039E-1);
#1271=CARTESIAN_POINT('',(-1.927083355188E0,7.95E0,7.234042525292E-1));
#1272=LINE('',#1271,#1270);
#1273=DIRECTION('',(-9.797707111492E-1,0.E0,2.001233459001E-1));
#1274=VECTOR('',#1273,1.169491366634E-1);
#1275=CARTESIAN_POINT('',(-2.133333322406E0,7.95E0,7.E-1));
#1276=LINE('',#1275,#1274);
#1277=DIRECTION('',(-8.526534337091E-1,0.E0,5.224769104794E-1));
#1278=VECTOR('',#1277,1.343844219316E-1);
#1279=CARTESIAN_POINT('',(-2.247916661203E0,7.95E0,7.234042525292E-1));
#1280=LINE('',#1279,#1278);
#1281=DIRECTION('',(-6.996248351866E-1,0.E0,7.145103848022E-1));
#1282=VECTOR('',#1281,9.826695186084E-2);
#1283=CARTESIAN_POINT('',(-2.3625E0,7.95E0,7.936170101166E-1));
#1284=LINE('',#1283,#1282);
#1285=DIRECTION('',(-3.646917540421E-1,0.E0,9.311283072347E-1));
#1286=VECTOR('',#1285,1.256769097250E-1);
#1287=CARTESIAN_POINT('',(-2.43125E0,7.95E0,8.638297677040E-1));
#1288=LINE('',#1287,#1286);
#1289=DIRECTION('',(4.397134905367E-1,-1.704192170036E-14,8.981380997597E-1));
#1290=VECTOR('',#1289,1.042345382541E-1);
#1291=CARTESIAN_POINT('',(-2.477083332650E0,7.95E0,1.051063853502E0));
#1292=LINE('',#1291,#1290);
#1293=DIRECTION('',(6.996248351870E-1,-1.807684888730E-14,7.145103848018E-1));
#1294=VECTOR('',#1293,9.826695186061E-2);
#1295=CARTESIAN_POINT('',(-2.43125E0,7.95E0,1.144680863619E0));
#1296=LINE('',#1295,#1294);
#1297=DIRECTION('',(8.906053088243E-1,1.725853792301E-14,4.547770705455E-1));
#1298=VECTOR('',#1297,5.146313225735E-2);
#1299=CARTESIAN_POINT('',(-2.3625E0,7.95E0,1.214893621206E0));
#1300=LINE('',#1299,#1298);
#1301=DIRECTION('',(-6.428711138589E-1,0.E0,7.659743670423E-1));
#1302=VECTOR('',#1301,2.138841386255E-1);
#1303=CARTESIAN_POINT('',(-1.354166710377E0,7.95E0,7.000000000001E-1));
#1304=LINE('',#1303,#1302);
#1305=DIRECTION('',(6.428709629094E-1,0.E0,-7.659744937319E-1));
#1306=VECTOR('',#1305,2.138841888465E-1);
#1307=CARTESIAN_POINT('',(-1.491666644812E0,7.95E0,1.051063853502E0));
#1308=LINE('',#1307,#1306);
#1309=DIRECTION('',(5.466232777019E-1,-1.059268522796E-14,-8.373786433117E-1));
#1310=VECTOR('',#1309,8.384827837195E-2);
#1311=CARTESIAN_POINT('',(-2.770834207534E-1,7.95E0,1.682978720963E0));
#1312=LINE('',#1311,#1310);
#1313=DIRECTION('',(3.102789298333E-1,1.202548803645E-14,-9.506455626055E-1));
#1314=VECTOR('',#1313,7.385799370539E-2);
#1315=CARTESIAN_POINT('',(-2.312500000001E-1,7.95E0,1.612765963376E0));
#1316=LINE('',#1315,#1314);
#1317=DIRECTION('',(-2.377704181665E-1,0.E0,-9.713213825737E-1));
#1318=VECTOR('',#1317,9.638112017149E-2);
#1319=CARTESIAN_POINT('',(-2.083334207535E-1,7.95E0,1.448936179280E0));
#1320=LINE('',#1319,#1318);
#1321=DIRECTION('',(-5.466232777023E-1,0.E0,-8.373786433114E-1));
#1322=VECTOR('',#1321,8.384827837199E-2);
#1323=CARTESIAN_POINT('',(-2.3125E-1,7.95E0,1.355319136381E0));
#1324=LINE('',#1323,#1322);
#1325=DIRECTION('',(-9.257350567409E-1,0.E0,-3.781727181075E-1));
#1326=VECTOR('',#1325,1.237754677096E-1);
#1327=CARTESIAN_POINT('',(-2.770834207534E-1,7.95E0,1.285106378794E0));
#1328=LINE('',#1327,#1326);
#1329=DIRECTION('',(7.938783209677E-1,0.E0,-6.080766493605E-1));
#1330=VECTOR('',#1329,1.154669524984E-1);
#1331=CARTESIAN_POINT('',(-3.916667103767E-1,7.95E0,1.238297873735E0));
#1332=LINE('',#1331,#1330);
#1333=DIRECTION('',(5.466232777028E-1,0.E0,-8.373786433111E-1));
#1334=VECTOR('',#1333,8.384827837191E-2);
#1335=CARTESIAN_POINT('',(-3.E-1,7.95E0,1.168085116148E0));
#1336=LINE('',#1335,#1334);
#1337=DIRECTION('',(2.377704967205E-1,0.E0,-9.713213633444E-1));
#1338=VECTOR('',#1337,9.638108832963E-2);
#1339=CARTESIAN_POINT('',(-2.541665792466E-1,7.95E0,1.097872358561E0));
#1340=LINE('',#1339,#1338);
#1341=DIRECTION('',(-2.377704967205E-1,0.E0,-9.713213633444E-1));
#1342=VECTOR('',#1341,9.638108832926E-2);
#1343=CARTESIAN_POINT('',(-2.3125E-1,7.95E0,9.574467778206E-1));
#1344=LINE('',#1343,#1342);
#1345=DIRECTION('',(-6.996250055018E-1,0.E0,-7.145102180351E-1));
#1346=VECTOR('',#1345,1.310226330619E-1);
#1347=CARTESIAN_POINT('',(-2.541665792465E-1,7.95E0,8.638297677040E-1));
#1348=LINE('',#1347,#1346);
#1349=DIRECTION('',(-8.906053746977E-1,0.E0,-4.547769415435E-1));
#1350=VECTOR('',#1349,1.029262937110E-1);
#1351=CARTESIAN_POINT('',(-3.458332896233E-1,7.95E0,7.702127575874E-1));
#1352=LINE('',#1351,#1350);
#1353=DIRECTION('',(-9.895240396393E-1,0.E0,-1.443681923971E-1));
#1354=VECTOR('',#1353,1.621150209096E-1);
#1355=CARTESIAN_POINT('',(-4.375E-1,7.95E0,7.234042525291E-1));
#1356=LINE('',#1355,#1354);
#1357=DIRECTION('',(-9.895240396393E-1,0.E0,1.443681923971E-1));
#1358=VECTOR('',#1357,1.621150209096E-1);
#1359=CARTESIAN_POINT('',(-6.4375E-1,7.95E0,7.E-1));
#1360=LINE('',#1359,#1358);
#1361=DIRECTION('',(-8.906051112017E-1,0.E0,4.547774575563E-1));
#1362=VECTOR('',#1361,1.029261769258E-1);
#1363=CARTESIAN_POINT('',(-8.041667103767E-1,7.95E0,7.234042525291E-1));
#1364=LINE('',#1363,#1362);
#1365=DIRECTION('',(-6.996250055012E-1,0.E0,7.145102180357E-1));
#1366=VECTOR('',#1365,1.310226330618E-1);
#1367=CARTESIAN_POINT('',(-8.958332896233E-1,7.95E0,7.702127575874E-1));
#1368=LINE('',#1367,#1366);
#1369=DIRECTION('',(-2.377717803423E-1,0.E0,9.713210491248E-1));
#1370=VECTOR('',#1369,9.638111950828E-2);
#1371=CARTESIAN_POINT('',(-9.874999999999E-1,7.95E0,8.638297677041E-1));
#1372=LINE('',#1371,#1370);
#1373=DIRECTION('',(5.466221810897E-1,0.E0,-8.373793591561E-1));
#1374=VECTOR('',#1373,8.384820669353E-2);
#1375=CARTESIAN_POINT('',(-8.958332896233E-1,7.95E0,9.574467778206E-1));
#1376=LINE('',#1375,#1374);
#1377=DIRECTION('',(8.265992787996E-1,0.E0,-5.627909312418E-1));
#1378=VECTOR('',#1377,8.317210256927E-2);
#1379=CARTESIAN_POINT('',(-8.5E-1,7.95E0,8.872340202332E-1));
#1380=LINE('',#1379,#1378);
#1381=DIRECTION('',(9.797706943096E-1,0.E0,-2.001234283438E-1));
#1382=VECTOR('',#1381,1.169490884845E-1);
#1383=CARTESIAN_POINT('',(-7.8125E-1,7.95E0,8.404255151749E-1));
#1384=LINE('',#1383,#1382);
#1385=DIRECTION('',(9.797706943096E-1,0.E0,2.001234283439E-1));
#1386=VECTOR('',#1385,1.169490884845E-1);
#1387=CARTESIAN_POINT('',(-5.75E-1,7.95E0,8.170212626457E-1));
#1388=LINE('',#1387,#1386);
#1389=DIRECTION('',(8.265992787996E-1,-3.203640616012E-14,5.627909312418E-1));
#1390=VECTOR('',#1389,8.317210256926E-2);
#1391=CARTESIAN_POINT('',(-4.604167103767E-1,7.95E0,8.404255151749E-1));
#1392=LINE('',#1391,#1390);
#1393=DIRECTION('',(5.466232777011E-1,0.E0,8.373786433122E-1));
#1394=VECTOR('',#1393,8.384827837222E-2);
#1395=CARTESIAN_POINT('',(-3.916667103767E-1,7.95E0,8.872340202332E-1));
#1396=LINE('',#1395,#1394);
#1397=DIRECTION('',(-4.397141723518E-1,0.E0,8.981377659541E-1));
#1398=VECTOR('',#1397,1.042345769944E-1);
#1399=CARTESIAN_POINT('',(-3.458332896233E-1,7.95E0,1.004255348444E0));
#1400=LINE('',#1399,#1398);
#1401=DIRECTION('',(-6.996244945607E-1,-4.067292898258E-14,7.145107183316E-1));
#1402=VECTOR('',#1401,6.551127065970E-2);
#1403=CARTESIAN_POINT('',(-3.916667103768E-1,7.95E0,1.097872358561E0));
#1404=LINE('',#1403,#1402);
#1405=DIRECTION('',(-9.466499177697E-1,0.E0,3.222637633780E-1));
#1406=VECTOR('',#1405,1.452490486914E-1);
#1407=CARTESIAN_POINT('',(-4.375000000001E-1,7.95E0,1.144680863619E0));
#1408=LINE('',#1407,#1406);
#1409=DIRECTION('',(9.858211730932E-1,0.E0,1.677993286075E-1));
#1410=VECTOR('',#1409,1.394776291613E-1);
#1411=CARTESIAN_POINT('',(-5.75E-1,7.95E0,1.285106378794E0));
#1412=LINE('',#1411,#1410);
#1413=DIRECTION('',(8.265992788002E-1,0.E0,5.627909312410E-1));
#1414=VECTOR('',#1413,8.317210256907E-2);
#1415=CARTESIAN_POINT('',(-4.375E-1,7.95E0,1.308510631323E0));
#1416=LINE('',#1415,#1414);
#1417=DIRECTION('',(4.397130333554E-1,0.E0,8.981383235880E-1));
#1418=VECTOR('',#1417,1.042345487774E-1);
#1419=CARTESIAN_POINT('',(-3.687500000001E-1,7.95E0,1.355319136381E0));
#1420=LINE('',#1419,#1418);
#1421=DIRECTION('',(-4.397121427671E-1,0.E0,8.981387596041E-1));
#1422=VECTOR('',#1421,5.211723083714E-2);
#1423=CARTESIAN_POINT('',(-3.229167103768E-1,7.95E0,1.542553189397E0));
#1424=LINE('',#1423,#1422);
#1425=DIRECTION('',(-6.996253913676E-1,-4.067286475271E-14,7.145098402078E-1));
#1426=VECTOR('',#1425,6.551137411393E-2);
#1427=CARTESIAN_POINT('',(-3.458332896232E-1,7.95E0,1.589361694455E0));
#1428=LINE('',#1427,#1426);
#1429=DIRECTION('',(-8.906051112036E-1,1.725855260984E-14,4.547774575525E-1));
#1430=VECTOR('',#1429,5.146308846281E-2);
#1431=CARTESIAN_POINT('',(-3.916667103767E-1,7.95E0,1.636170215905E0));
#1432=LINE('',#1431,#1430);
#1433=DIRECTION('',(-9.797706943096E-1,0.E0,2.001234283440E-1));
#1434=VECTOR('',#1433,1.169490884844E-1);
#1435=CARTESIAN_POINT('',(-4.375E-1,7.95E0,1.659574468434E0));
#1436=LINE('',#1435,#1434);
#1437=DIRECTION('',(-9.797707392153E-1,0.E0,-2.001232084931E-1));
#1438=VECTOR('',#1437,1.169492169619E-1);
#1439=CARTESIAN_POINT('',(-6.895832896233E-1,7.95E0,1.682978720963E0));
#1440=LINE('',#1439,#1438);
#1441=DIRECTION('',(-8.906051112028E-1,0.E0,-4.547774575542E-1));
#1442=VECTOR('',#1441,5.146308846279E-2);
#1443=CARTESIAN_POINT('',(-8.041667103767E-1,7.95E0,1.659574468434E0));
#1444=LINE('',#1443,#1442);
#1445=DIRECTION('',(-6.996243694812E-1,0.E0,-7.145108408052E-1));
#1446=VECTOR('',#1445,6.551128237203E-2);
#1447=CARTESIAN_POINT('',(-8.499999999999E-1,7.95E0,1.636170215905E0));
#1448=LINE('',#1447,#1446);
#1449=DIRECTION('',(-4.397141723528E-1,0.E0,-8.981377659536E-1));
#1450=VECTOR('',#1449,5.211728849678E-2);
#1451=CARTESIAN_POINT('',(-8.958332896234E-1,7.95E0,1.589361694455E0));
#1452=LINE('',#1451,#1450);
#1453=DIRECTION('',(3.102789298291E-1,1.202548803647E-14,9.506455626069E-1));
#1454=VECTOR('',#1453,7.385799370524E-2);
#1455=CARTESIAN_POINT('',(-1.033333289623E0,7.95E0,1.542553189397E0));
#1456=LINE('',#1455,#1454);
#1457=DIRECTION('',(5.466232777038E-1,0.E0,8.373786433104E-1));
#1458=VECTOR('',#1457,8.384827837201E-2);
#1459=CARTESIAN_POINT('',(-1.010416710377E0,7.95E0,1.612765963376E0));
#1460=LINE('',#1459,#1458);
#1461=DIRECTION('',(8.265992329594E-1,0.E0,5.627909985696E-1));
#1462=VECTOR('',#1461,8.317210718174E-2);
#1463=CARTESIAN_POINT('',(-9.645832896233E-1,7.95E0,1.682978720963E0));
#1464=LINE('',#1463,#1462);
#1465=DIRECTION('',(8.906050870132E-1,0.E0,4.547775049255E-1));
#1466=VECTOR('',#1465,1.029261797212E-1);
#1467=CARTESIAN_POINT('',(-8.958332896233E-1,7.95E0,1.729787234217E0));
#1468=LINE('',#1467,#1466);
#1469=DIRECTION('',(9.689177407772E-1,0.E0,2.473831271676E-1));
#1470=VECTOR('',#1469,9.460731960921E-2);
#1471=CARTESIAN_POINT('',(-8.041667103767E-1,7.95E0,1.776595745422E0));
#1472=LINE('',#1471,#1470);
#1473=DIRECTION('',(9.689177407771E-1,0.E0,-2.473831271680E-1));
#1474=VECTOR('',#1473,9.460731960920E-2);
#1475=CARTESIAN_POINT('',(-5.291667103767E-1,7.95E0,1.8E0));
#1476=LINE('',#1475,#1474);
#1477=DIRECTION('',(8.906053505091E-1,0.E0,-4.547769889128E-1));
#1478=VECTOR('',#1477,1.029262965064E-1);
#1479=CARTESIAN_POINT('',(-4.375E-1,7.95E0,1.776595745422E0));
#1480=LINE('',#1479,#1478);
#1481=DIRECTION('',(8.265987335928E-1,0.E0,-5.627917320135E-1));
#1482=VECTOR('',#1481,8.317199878966E-2);
#1483=CARTESIAN_POINT('',(-3.458332896233E-1,7.95E0,1.729787234217E0));
#1484=LINE('',#1483,#1482);
#1485=DIRECTION('',(-6.565244837958E-1,0.E0,7.543047144071E-1));
#1486=VECTOR('',#1485,8.377448420812E-1);
#1487=CARTESIAN_POINT('',(5.25E-1,7.95E0,7.E-1));
#1488=LINE('',#1487,#1486);
#1489=DIRECTION('',(-6.996248351853E-1,0.E0,-7.145103848035E-1));
#1490=VECTOR('',#1489,9.826695186116E-2);
#1491=CARTESIAN_POINT('',(1.854166579247E0,7.95E0,1.261702126265E0));
#1492=LINE('',#1491,#1490);
#1493=DIRECTION('',(-8.526530674476E-1,0.E0,-5.224775081975E-1));
#1494=VECTOR('',#1493,1.343842681955E-1);
#1495=CARTESIAN_POINT('',(1.785416579247E0,7.95E0,1.191489368677E0));
#1496=LINE('',#1495,#1494);
#1497=DIRECTION('',(-9.797707392160E-1,0.E0,-2.001232084895E-1));
#1498=VECTOR('',#1497,1.169492169616E-1);
#1499=CARTESIAN_POINT('',(1.670833420753E0,7.95E0,1.121276611090E0));
#1500=LINE('',#1499,#1498);
#1501=DIRECTION('',(-9.797706494044E-1,0.E0,2.001236481918E-1));
#1502=VECTOR('',#1501,1.169489600078E-1);
#1503=CARTESIAN_POINT('',(1.441666579247E0,7.95E0,1.097872358561E0));
#1504=LINE('',#1503,#1502);
#1505=DIRECTION('',(-8.265992787997E-1,0.E0,5.627909312417E-1));
#1506=VECTOR('',#1505,1.663442051382E-1);
#1507=CARTESIAN_POINT('',(1.327083420753E0,7.95E0,1.121276611090E0));
#1508=LINE('',#1507,#1506);
#1509=DIRECTION('',(1.610631980396E-1,0.E0,-9.869440947882E-1));
#1510=VECTOR('',#1509,1.422831505012E-1);
#1511=CARTESIAN_POINT('',(1.189583420753E0,7.95E0,1.168085116148E0));
#1512=LINE('',#1511,#1510);
#1513=DIRECTION('',(3.102787334540E-1,-1.202548042520E-14,-9.506456267012E-1));
#1514=VECTOR('',#1513,7.385804045205E-2);
#1515=CARTESIAN_POINT('',(1.2125E0,7.95E0,1.027659600973E0));
#1516=LINE('',#1515,#1514);
#1517=DIRECTION('',(5.466232777005E-1,-3.177805568382E-14,-8.373786433125E-1));
#1518=VECTOR('',#1517,8.384827837207E-2);
#1519=CARTESIAN_POINT('',(1.235416579247E0,7.95E0,9.574467778205E-1));
#1520=LINE('',#1519,#1518);
#1521=DIRECTION('',(8.265992787992E-1,1.067880205338E-14,-5.627909312423E-1));
#1522=VECTOR('',#1521,8.317210256926E-2);
#1523=CARTESIAN_POINT('',(1.28125E0,7.95E0,8.872340202332E-1));
#1524=LINE('',#1523,#1522);
#1525=DIRECTION('',(9.466499177700E-1,0.E0,-3.222637633772E-1));
#1526=VECTOR('',#1525,7.262452434578E-2);
#1527=CARTESIAN_POINT('',(1.35E0,7.95E0,8.404255151749E-1));
#1528=LINE('',#1527,#1526);
#1529=DIRECTION('',(9.466499177700E-1,0.E0,3.222637633772E-1));
#1530=VECTOR('',#1529,7.262452434578E-2);
#1531=CARTESIAN_POINT('',(1.55625E0,7.95E0,8.170212626457E-1));
#1532=LINE('',#1531,#1530);
#1533=DIRECTION('',(8.265992787992E-1,0.E0,5.627909312423E-1));
#1534=VECTOR('',#1533,8.317210256925E-2);
#1535=CARTESIAN_POINT('',(1.625E0,7.95E0,8.404255151749E-1));
#1536=LINE('',#1535,#1534);
#1537=DIRECTION('',(5.466232776984E-1,0.E0,8.373786433139E-1));
#1538=VECTOR('',#1537,8.384827837201E-2);
#1539=CARTESIAN_POINT('',(1.69375E0,7.95E0,8.872340202332E-1));
#1540=LINE('',#1539,#1538);
#1541=DIRECTION('',(-3.102789952976E-1,0.E0,-9.506455412388E-1));
#1542=VECTOR('',#1541,7.385797812299E-2);
#1543=CARTESIAN_POINT('',(1.854166579247E0,7.95E0,9.574467778206E-1));
#1544=LINE('',#1543,#1542);
#1545=DIRECTION('',(-5.919095487510E-1,0.E0,-8.060043958301E-1));
#1546=VECTOR('',#1545,1.161495031551E-1);
#1547=CARTESIAN_POINT('',(1.83125E0,7.95E0,8.872340202331E-1));
#1548=LINE('',#1547,#1546);
#1549=DIRECTION('',(-8.526536001907E-1,0.E0,-5.224766387905E-1));
#1550=VECTOR('',#1549,1.343844918117E-1);
#1551=CARTESIAN_POINT('',(1.7625E0,7.95E0,7.936170101166E-1));
#1552=LINE('',#1551,#1550);
#1553=DIRECTION('',(-9.797706494040E-1,-2.278374479707E-14,-2.001236481941E-1));
#1554=VECTOR('',#1553,1.169489600078E-1);
#1555=CARTESIAN_POINT('',(1.647916579247E0,7.95E0,7.234042525292E-1));
#1556=LINE('',#1555,#1554);
#1557=DIRECTION('',(-9.797706494040E-1,0.E0,2.001236481941E-1));
#1558=VECTOR('',#1557,1.169489600078E-1);
#1559=CARTESIAN_POINT('',(1.441666579247E0,7.95E0,7.E-1));
#1560=LINE('',#1559,#1558);
#1561=DIRECTION('',(-8.526536001907E-1,0.E0,5.224766387905E-1));
#1562=VECTOR('',#1561,1.343844918117E-1);
#1563=CARTESIAN_POINT('',(1.327083420753E0,7.95E0,7.234042525292E-1));
#1564=LINE('',#1563,#1562);
#1565=DIRECTION('',(-5.919095487505E-1,0.E0,8.060043958304E-1));
#1566=VECTOR('',#1565,1.161495031551E-1);
#1567=CARTESIAN_POINT('',(1.2125E0,7.95E0,7.936170101166E-1));
#1568=LINE('',#1567,#1566);
#1569=DIRECTION('',(-3.646923618327E-1,0.E0,9.311280691832E-1));
#1570=VECTOR('',#1569,1.256769418555E-1);
#1571=CARTESIAN_POINT('',(1.14375E0,7.95E0,8.872340202331E-1));
#1572=LINE('',#1571,#1570);
#1573=DIRECTION('',(-1.385317081303E-1,0.E0,9.903579988279E-1));
#1574=VECTOR('',#1573,1.654247937594E-1);
#1575=CARTESIAN_POINT('',(1.097916579247E0,7.95E0,1.004255348444E0));
#1576=LINE('',#1575,#1574);
#1577=DIRECTION('',(1.385316809435E-1,0.E0,9.903580026309E-1));
#1578=VECTOR('',#1577,1.654248262263E-1);
#1579=CARTESIAN_POINT('',(1.075E0,7.95E0,1.331914883852E0));
#1580=LINE('',#1579,#1578);
#1581=DIRECTION('',(3.646924946994E-1,0.E0,9.311280171437E-1));
#1582=VECTOR('',#1581,1.256768960683E-1);
#1583=CARTESIAN_POINT('',(1.097916579247E0,7.95E0,1.495744684339E0));
#1584=LINE('',#1583,#1582);
#1585=DIRECTION('',(5.919095150859E-1,0.E0,8.060044205529E-1));
#1586=VECTOR('',#1585,1.161495097606E-1);
#1587=CARTESIAN_POINT('',(1.14375E0,7.95E0,1.612765963376E0));
#1588=LINE('',#1587,#1586);
#1589=DIRECTION('',(8.526535798141E-1,0.E0,5.224766720440E-1));
#1590=VECTOR('',#1589,1.343844950232E-1);
#1591=CARTESIAN_POINT('',(1.2125E0,7.95E0,1.706382981688E0));
#1592=LINE('',#1591,#1590);
#1593=DIRECTION('',(9.797706459691E-1,0.E0,2.001236650106E-1));
#1594=VECTOR('',#1593,1.169489604178E-1);
#1595=CARTESIAN_POINT('',(1.327083420753E0,7.95E0,1.776595745422E0));
#1596=LINE('',#1595,#1594);
#1597=DIRECTION('',(9.797707357806E-1,0.E0,-2.001232253086E-1));
#1598=VECTOR('',#1597,1.169492173715E-1);
#1599=CARTESIAN_POINT('',(1.55625E0,7.95E0,1.8E0));
#1600=LINE('',#1599,#1598);
#1601=DIRECTION('',(8.526530470711E-1,0.E0,-5.224775414507E-1));
#1602=VECTOR('',#1601,1.343842714071E-1);
#1603=CARTESIAN_POINT('',(1.670833420753E0,7.95E0,1.776595745422E0));
#1604=LINE('',#1603,#1602);
#1605=DIRECTION('',(5.919095150875E-1,0.E0,-8.060044205517E-1));
#1606=VECTOR('',#1605,1.161495097606E-1);
#1607=CARTESIAN_POINT('',(1.785416579247E0,7.95E0,1.706382981688E0));
#1608=LINE('',#1607,#1606);
#1609=DIRECTION('',(3.646924946992E-1,0.E0,-9.311280171438E-1));
#1610=VECTOR('',#1609,1.256768960683E-1);
#1611=CARTESIAN_POINT('',(1.854166579247E0,7.95E0,1.612765963376E0));
#1612=LINE('',#1611,#1610);
#1613=DIRECTION('',(-3.646925389884E-1,0.E0,-9.311279997971E-1));
#1614=VECTOR('',#1613,1.256768808053E-1);
#1615=CARTESIAN_POINT('',(1.9E0,7.95E0,1.378723388910E0));
#1616=LINE('',#1615,#1614);
#1617=DIRECTION('',(1.921842136490E-1,0.E0,9.813588681130E-1));
#1618=VECTOR('',#1617,1.192441411907E-1);
#1619=CARTESIAN_POINT('',(2.083333158493E0,7.95E0,1.355319136381E0));
#1620=LINE('',#1619,#1618);
#1621=DIRECTION('',(3.102822043104E-1,0.E0,9.506444938505E-1));
#1622=VECTOR('',#1621,7.385805949771E-2);
#1623=CARTESIAN_POINT('',(2.10625E0,7.95E0,1.472340431809E0));
#1624=LINE('',#1623,#1622);
#1625=DIRECTION('',(4.397120806621E-1,0.E0,8.981387900096E-1));
#1626=VECTOR('',#1625,1.042344763964E-1);
#1627=CARTESIAN_POINT('',(2.129166841507E0,7.95E0,1.542553189397E0));
#1628=LINE('',#1627,#1626);
#1629=DIRECTION('',(6.996247934961E-1,0.E0,7.145104256241E-1));
#1630=VECTOR('',#1629,9.826695771674E-2);
#1631=CARTESIAN_POINT('',(2.175E0,7.95E0,1.636170215905E0));
#1632=LINE('',#1631,#1630);
#1633=DIRECTION('',(8.526530470705E-1,0.E0,5.224775414517E-1));
#1634=VECTOR('',#1633,1.343842714063E-1);
#1635=CARTESIAN_POINT('',(2.24375E0,7.95E0,1.706382981688E0));
#1636=LINE('',#1635,#1634);
#1637=DIRECTION('',(9.858211706635E-1,0.E0,1.677993428821E-1));
#1638=VECTOR('',#1637,1.394776295050E-1);
#1639=CARTESIAN_POINT('',(2.358333158493E0,7.95E0,1.776595745422E0));
#1640=LINE('',#1639,#1638);
#1641=DIRECTION('',(9.858211706635E-1,0.E0,-1.677993428818E-1));
#1642=VECTOR('',#1641,1.394776295050E-1);
#1643=CARTESIAN_POINT('',(2.495833158493E0,7.95E0,1.8E0));
#1644=LINE('',#1643,#1642);
#1645=DIRECTION('',(8.526541125556E-1,0.E0,-5.224758026378E-1));
#1646=VECTOR('',#1645,1.343847186410E-1);
#1647=CARTESIAN_POINT('',(2.633333158493E0,7.95E0,1.776595745422E0));
#1648=LINE('',#1647,#1646);
#1649=DIRECTION('',(6.996247934965E-1,0.E0,-7.145104256237E-1));
#1650=VECTOR('',#1649,9.826695771672E-2);
#1651=CARTESIAN_POINT('',(2.747916841507E0,7.95E0,1.706382981688E0));
#1652=LINE('',#1651,#1650);
#1653=DIRECTION('',(4.397120806621E-1,-2.556289772077E-14,-8.981387900096E-1));
#1654=VECTOR('',#1653,1.042344763964E-1);
#1655=CARTESIAN_POINT('',(2.816666841507E0,7.95E0,1.636170215905E0));
#1656=LINE('',#1655,#1654);
#1657=DIRECTION('',(3.102822043115E-1,1.202547732421E-14,-9.506444938501E-1));
#1658=VECTOR('',#1657,7.385805949772E-2);
#1659=CARTESIAN_POINT('',(2.8625E0,7.95E0,1.542553189397E0));
#1660=LINE('',#1659,#1658);
#1661=DIRECTION('',(1.921799773933E-1,0.E0,-9.813596977098E-1));
#1662=VECTOR('',#1661,1.192440403871E-1);
#1663=CARTESIAN_POINT('',(2.885416841507E0,7.95E0,1.472340431809E0));
#1664=LINE('',#1663,#1662);
#1665=DIRECTION('',(-1.921800292417E-1,0.E0,-9.813596875563E-1));
#1666=VECTOR('',#1665,1.192440082162E-1);
#1667=CARTESIAN_POINT('',(2.908333158493E0,7.95E0,1.144680863619E0));
#1668=LINE('',#1667,#1666);
#1669=DIRECTION('',(-3.102819424639E-1,0.E0,-9.506445793149E-1));
#1670=VECTOR('',#1669,7.385812182616E-2);
#1671=CARTESIAN_POINT('',(2.885416841507E0,7.95E0,1.027659600973E0));
#1672=LINE('',#1671,#1670);
#1673=DIRECTION('',(-4.397121427656E-1,0.E0,-8.981387596048E-1));
#1674=VECTOR('',#1673,1.042344616747E-1);
#1675=CARTESIAN_POINT('',(2.8625E0,7.95E0,9.574467778206E-1));
#1676=LINE('',#1675,#1674);
#1677=DIRECTION('',(-6.996248351880E-1,0.E0,-7.145103848008E-1));
#1678=VECTOR('',#1677,9.826695186087E-2);
#1679=CARTESIAN_POINT('',(2.816666841507E0,7.95E0,8.638297677040E-1));
#1680=LINE('',#1679,#1678);
#1681=DIRECTION('',(-8.526541329323E-1,0.E0,-5.224757693841E-1));
#1682=VECTOR('',#1681,1.343847154296E-1);
#1683=CARTESIAN_POINT('',(2.747916841507E0,7.95E0,7.936170101166E-1));
#1684=LINE('',#1683,#1682);
#1685=DIRECTION('',(-9.858211730931E-1,0.E0,-1.677993286082E-1));
#1686=VECTOR('',#1685,1.394776291613E-1);
#1687=CARTESIAN_POINT('',(2.633333158493E0,7.95E0,7.234042525291E-1));
#1688=LINE('',#1687,#1686);
#1689=DIRECTION('',(-9.858211730931E-1,0.E0,1.677993286084E-1));
#1690=VECTOR('',#1689,1.394776291613E-1);
#1691=CARTESIAN_POINT('',(2.495833158493E0,7.95E0,7.E-1));
#1692=LINE('',#1691,#1690);
#1693=DIRECTION('',(-8.526530674471E-1,0.E0,5.224775081982E-1));
#1694=VECTOR('',#1693,1.343842681949E-1);
#1695=CARTESIAN_POINT('',(2.358333158493E0,7.95E0,7.234042525291E-1));
#1696=LINE('',#1695,#1694);
#1697=DIRECTION('',(-6.996248351878E-1,0.E0,7.145103848010E-1));
#1698=VECTOR('',#1697,9.826695186088E-2);
#1699=CARTESIAN_POINT('',(2.24375E0,7.95E0,7.936170101166E-1));
#1700=LINE('',#1699,#1698);
#1701=DIRECTION('',(-4.397121427656E-1,0.E0,8.981387596048E-1));
#1702=VECTOR('',#1701,1.042344616747E-1);
#1703=CARTESIAN_POINT('',(2.175E0,7.95E0,8.638297677040E-1));
#1704=LINE('',#1703,#1702);
#1705=DIRECTION('',(-3.102819424636E-1,0.E0,9.506445793150E-1));
#1706=VECTOR('',#1705,7.385812182616E-2);
#1707=CARTESIAN_POINT('',(2.129166841507E0,7.95E0,9.574467778206E-1));
#1708=LINE('',#1707,#1706);
#1709=DIRECTION('',(-1.921842654980E-1,0.E0,9.813588579592E-1));
#1710=VECTOR('',#1709,1.192441090198E-1);
#1711=CARTESIAN_POINT('',(2.10625E0,7.95E0,1.027659600973E0));
#1712=LINE('',#1711,#1710);
#1713=CARTESIAN_POINT('',(-1.8E0,7.95E0,2.6E0));
#1714=DIRECTION('',(0.E0,1.E0,0.E0));
#1715=DIRECTION('',(1.E0,0.E0,0.E0));
#1716=AXIS2_PLACEMENT_3D('',#1713,#1714,#1715);
#1718=CARTESIAN_POINT('',(-1.8E0,7.95E0,2.6E0));
#1719=DIRECTION('',(0.E0,1.E0,0.E0));
#1720=DIRECTION('',(-1.E0,0.E0,0.E0));
#1721=AXIS2_PLACEMENT_3D('',#1718,#1719,#1720);
#1723=DIRECTION('',(4.818367926873E-12,1.E0,-5.551115123125E-12));
#1724=VECTOR('',#1723,1.E-2);
#1725=CARTESIAN_POINT('',(-1.096965511460E0,7.94E0,-1.580483961442E0));
#1726=LINE('',#1725,#1724);
#1727=DIRECTION('',(-8.482103908135E-12,-1.E0,-1.776356839400E-13));
#1728=VECTOR('',#1727,1.E-2);
#1729=CARTESIAN_POINT('',(9.237604307034E-1,7.95E0,-1.880483961442E0));
#1730=LINE('',#1729,#1728);
#1731=DIRECTION('',(-1.480297366167E-14,1.E0,0.E0));
#1732=VECTOR('',#1731,1.E-2);
#1733=CARTESIAN_POINT('',(0.E0,7.94E0,-3.480483961442E0));
#1734=LINE('',#1733,#1732);
#1735=CARTESIAN_POINT('',(2.E-1,7.94E0,2.E-1));
#1736=DIRECTION('',(0.E0,1.E0,0.E0));
#1737=DIRECTION('',(3.285667252088E-1,0.E0,-9.444807605693E-1));
#1738=AXIS2_PLACEMENT_3D('',#1735,#1736,#1737);
#1740=DIRECTION('',(4.999999999999E-1,0.E0,-8.660254037845E-1));
#1741=VECTOR('',#1740,2.193931022920E0);
#1742=CARTESIAN_POINT('',(-1.096965511460E0,7.94E0,-1.580483961442E0));
#1743=LINE('',#1742,#1741);
#1744=DIRECTION('',(5.E-1,0.E0,8.660254037844E-1));
#1745=VECTOR('',#1744,1.847520861407E0);
#1746=CARTESIAN_POINT('',(0.E0,7.94E0,-3.480483961442E0));
#1747=LINE('',#1746,#1745);
#1748=DIRECTION('',(-5.E-1,0.E0,-8.660254037844E-1));
#1749=VECTOR('',#1748,1.426824448359E0);
#1750=CARTESIAN_POINT('',(7.134122241795E-1,7.94E0,-2.044817742423E0));
#1751=LINE('',#1750,#1749);
#1752=DIRECTION('',(-5.E-1,0.E0,8.660254037844E-1));
#1753=VECTOR('',#1752,1.632969688847E0);
#1754=CARTESIAN_POINT('',(8.780013753077E-14,7.94E0,-3.280483961442E0));
#1755=LINE('',#1754,#1753);
#1756=CARTESIAN_POINT('',(2.E-1,7.94E0,2.E-1));
#1757=DIRECTION('',(0.E0,-1.E0,0.E0));
#1758=DIRECTION('',(-4.414162660788E-1,0.E0,-8.973024462471E-1));
#1759=AXIS2_PLACEMENT_3D('',#1756,#1757,#1758);
#1761=DIRECTION('',(5.E-1,0.E0,8.660254037844E-1));
#1762=VECTOR('',#1761,1.426824448359E0);
#1763=CARTESIAN_POINT('',(8.802218213570E-14,7.95E0,-3.280483961442E0));
#1764=LINE('',#1763,#1762);
#1765=CARTESIAN_POINT('',(2.E-1,7.95E0,2.E-1));
#1766=DIRECTION('',(0.E0,1.E0,0.E0));
#1767=DIRECTION('',(2.229531588197E-1,0.E0,-9.748291588644E-1));
#1768=AXIS2_PLACEMENT_3D('',#1765,#1766,#1767);
#1770=DIRECTION('',(5.000000000001E-1,0.E0,-8.660254037844E-1));
#1771=VECTOR('',#1770,1.632969688847E0);
#1772=CARTESIAN_POINT('',(-8.164848444233E-1,7.95E0,-1.866290727291E0));
#1773=LINE('',#1772,#1771);
#1774=DIRECTION('',(-4.996003610813E-13,-1.E0,-8.881784197001E-14));
#1775=VECTOR('',#1774,1.E-2);
#1776=CARTESIAN_POINT('',(7.134122241795E-1,7.95E0,-2.044817742423E0));
#1777=LINE('',#1776,#1775);
#1778=DIRECTION('',(-2.586819647376E-12,1.E0,-6.661338147750E-13));
#1779=VECTOR('',#1778,1.E-2);
#1780=CARTESIAN_POINT('',(-8.164848444232E-1,7.94E0,-1.866290727291E0));
#1781=LINE('',#1780,#1779);
#1782=DIRECTION('',(2.220446049250E-14,1.E0,0.E0));
#1783=VECTOR('',#1782,1.E-2);
#1784=CARTESIAN_POINT('',(8.780013753077E-14,7.94E0,-3.280483961442E0));
#1785=LINE('',#1784,#1783);
#1786=DIRECTION('',(0.E0,0.E0,1.E0));
#1787=VECTOR('',#1786,1.1E0);
#1788=CARTESIAN_POINT('',(-9.25E-1,7.95E0,-1.1E0));
#1789=LINE('',#1788,#1787);
#1790=DIRECTION('',(0.E0,0.E0,-1.E0));
#1791=VECTOR('',#1790,1.1E0);
#1792=CARTESIAN_POINT('',(-9.25E-1,7.94E0,0.E0));
#1793=LINE('',#1792,#1791);
#1794=DIRECTION('',(-1.E0,0.E0,0.E0));
#1795=VECTOR('',#1794,1.375E-1);
#1796=CARTESIAN_POINT('',(-9.25E-1,7.95E0,0.E0));
#1797=LINE('',#1796,#1795);
#1798=DIRECTION('',(1.E0,0.E0,0.E0));
#1799=VECTOR('',#1798,1.375E-1);
#1800=CARTESIAN_POINT('',(-1.0625E0,7.94E0,0.E0));
#1801=LINE('',#1800,#1799);
#1802=DIRECTION('',(5.551115123125E-14,1.E0,0.E0));
#1803=VECTOR('',#1802,1.E-2);
#1804=CARTESIAN_POINT('',(-9.25E-1,7.94E0,0.E0));
#1805=LINE('',#1804,#1803);
#1806=DIRECTION('',(0.E0,0.E0,-1.E0));
#1807=VECTOR('',#1806,9.127659797668E-1);
#1808=CARTESIAN_POINT('',(-1.0625E0,7.95E0,0.E0));
#1809=LINE('',#1808,#1807);
#1810=DIRECTION('',(0.E0,0.E0,1.E0));
#1811=VECTOR('',#1810,9.127659797668E-1);
#1812=CARTESIAN_POINT('',(-1.0625E0,7.94E0,-9.127659797668E-1));
#1813=LINE('',#1812,#1811);
#1814=DIRECTION('',(0.E0,1.E0,3.700743415417E-14));
#1815=VECTOR('',#1814,1.E-2);
#1816=CARTESIAN_POINT('',(-1.0625E0,7.94E0,0.E0));
#1817=LINE('',#1816,#1815);
#1818=DIRECTION('',(-2.220446049250E-14,1.E0,-1.110223024625E-14));
#1819=VECTOR('',#1818,1.E-2);
#1820=CARTESIAN_POINT('',(-1.0625E0,7.94E0,-9.127659797668E-1));
#1821=LINE('',#1820,#1819);
#1822=DIRECTION('',(-3.439167347852E-13,1.423103730146E-14,-1.E0));
#1823=VECTOR('',#1822,1.872340857984E-1);
#1824=CARTESIAN_POINT('',(-1.2E0,7.95E0,-7.489361464977E-1));
#1825=LINE('',#1824,#1823);
#1826=DIRECTION('',(3.427308150101E-13,0.E0,1.E0));
#1827=VECTOR('',#1826,1.872340857984E-1);
#1828=CARTESIAN_POINT('',(-1.2E0,7.94E0,-9.361702322960E-1));
#1829=LINE('',#1828,#1827);
#1830=DIRECTION('',(0.E0,1.E0,4.440892098500E-14));
#1831=VECTOR('',#1830,1.E-2);
#1832=CARTESIAN_POINT('',(-1.2E0,7.94E0,-7.489361464977E-1));
#1833=LINE('',#1832,#1831);
#1834=DIRECTION('',(0.E0,1.E0,-2.220446049250E-14));
#1835=VECTOR('',#1834,1.E-2);
#1836=CARTESIAN_POINT('',(-1.2E0,7.94E0,-9.361702322960E-1));
#1837=LINE('',#1836,#1835);
#1838=DIRECTION('',(1.E0,0.E0,-5.490557503604E-13));
#1839=VECTOR('',#1838,1.374999999999E-1);
#1840=CARTESIAN_POINT('',(-1.0625E0,7.95E0,-1.1E0));
#1841=LINE('',#1840,#1839);
#1842=DIRECTION('',(-5.551115123125E-14,-1.E0,0.E0));
#1843=VECTOR('',#1842,1.E-2);
#1844=CARTESIAN_POINT('',(-9.25E-1,7.95E0,-1.1E0));
#1845=LINE('',#1844,#1843);
#1846=DIRECTION('',(-1.E0,0.E0,5.474408805064E-13));
#1847=VECTOR('',#1846,1.374999999999E-1);
#1848=CARTESIAN_POINT('',(-9.25E-1,7.94E0,-1.1E0));
#1849=LINE('',#1848,#1847);
#1850=DIRECTION('',(-4.440892098500E-14,1.E0,-2.220446049250E-14));
#1851=VECTOR('',#1850,1.E-2);
#1852=CARTESIAN_POINT('',(-1.0625E0,7.94E0,-1.1E0));
#1853=LINE('',#1852,#1851);
#1854=DIRECTION('',(-6.428711427642E-1,0.E0,7.659743427825E-1));
#1855=VECTOR('',#1854,2.138842309965E-1);
#1856=CARTESIAN_POINT('',(-1.0625E0,7.94E0,-9.127659797668E-1));
#1857=LINE('',#1856,#1855);
#1858=DIRECTION('',(6.428712937146E-1,0.E0,-7.659742160920E-1));
#1859=VECTOR('',#1858,2.138841807754E-1);
#1860=CARTESIAN_POINT('',(-1.2E0,7.94E0,-9.361702322960E-1));
#1861=LINE('',#1860,#1859);
#1862=DIRECTION('',(-1.E0,0.E0,8.305044397693E-14));
#1863=VECTOR('',#1862,1.604166775942E-1);
#1864=CARTESIAN_POINT('',(-5.8125E-1,7.95E0,-4.914893686771E-1));
#1865=LINE('',#1864,#1863);
#1866=DIRECTION('',(1.E0,0.E0,-7.509144309581E-14));
#1867=VECTOR('',#1866,1.604166775942E-1);
#1868=CARTESIAN_POINT('',(-7.416666775942E-1,7.94E0,-4.914893686771E-1));
#1869=LINE('',#1868,#1867);
#1870=DIRECTION('',(2.220446049250E-14,1.E0,-7.771561172376E-14));
#1871=VECTOR('',#1870,1.E-2);
#1872=CARTESIAN_POINT('',(-5.8125E-1,7.94E0,-4.914893686771E-1));
#1873=LINE('',#1872,#1871);
#1874=DIRECTION('',(0.E0,0.E0,-1.E0));
#1875=VECTOR('',#1874,6.085106313229E-1);
#1876=CARTESIAN_POINT('',(-7.416666775942E-1,7.95E0,-4.914893686771E-1));
#1877=LINE('',#1876,#1875);
#1878=DIRECTION('',(0.E0,0.E0,1.E0));
#1879=VECTOR('',#1878,6.085106313229E-1);
#1880=CARTESIAN_POINT('',(-7.416666775942E-1,7.94E0,-1.1E0));
#1881=LINE('',#1880,#1879);
#1882=DIRECTION('',(-1.110223024625E-14,1.E0,5.551115123125E-14));
#1883=VECTOR('',#1882,1.E-2);
#1884=CARTESIAN_POINT('',(-7.416666775942E-1,7.94E0,-4.914893686771E-1));
#1885=LINE('',#1884,#1883);
#1886=DIRECTION('',(1.E0,0.E0,0.E0));
#1887=VECTOR('',#1886,7.791666775942E-1);
#1888=CARTESIAN_POINT('',(-7.416666775942E-1,7.95E0,-1.1E0));
#1889=LINE('',#1888,#1887);
#1890=DIRECTION('',(-1.E0,0.E0,0.E0));
#1891=VECTOR('',#1890,7.791666775942E-1);
#1892=CARTESIAN_POINT('',(3.75E-2,7.94E0,-1.1E0));
#1893=LINE('',#1892,#1891);
#1894=DIRECTION('',(0.E0,1.E0,0.E0));
#1895=VECTOR('',#1894,1.E-2);
#1896=CARTESIAN_POINT('',(-7.416666775942E-1,7.94E0,-1.1E0));
#1897=LINE('',#1896,#1895);
#1898=DIRECTION('',(0.E0,0.E0,1.E0));
#1899=VECTOR('',#1898,1.170212626457E-1);
#1900=CARTESIAN_POINT('',(3.75E-2,7.95E0,-1.1E0));
#1901=LINE('',#1900,#1899);
#1902=DIRECTION('',(0.E0,0.E0,-1.E0));
#1903=VECTOR('',#1902,1.170212626457E-1);
#1904=CARTESIAN_POINT('',(3.75E-2,7.94E0,-9.829787373543E-1));
#1905=LINE('',#1904,#1903);
#1906=DIRECTION('',(2.081668171172E-14,1.E0,0.E0));
#1907=VECTOR('',#1906,1.E-2);
#1908=CARTESIAN_POINT('',(3.75E-2,7.94E0,-1.1E0));
#1909=LINE('',#1908,#1907);
#1910=DIRECTION('',(-1.E0,0.E0,0.E0));
#1911=VECTOR('',#1910,6.645833551884E-1);
#1912=CARTESIAN_POINT('',(3.75E-2,7.95E0,-9.829787373543E-1));
#1913=LINE('',#1912,#1911);
#1914=DIRECTION('',(1.E0,0.E0,0.E0));
#1915=VECTOR('',#1914,6.645833551884E-1);
#1916=CARTESIAN_POINT('',(-6.270833551884E-1,7.94E0,-9.829787373543E-1));
#1917=LINE('',#1916,#1915);
#1918=DIRECTION('',(0.E0,1.E0,4.440892098500E-14));
#1919=VECTOR('',#1918,1.E-2);
#1920=CARTESIAN_POINT('',(3.75E-2,7.94E0,-9.829787373543E-1));
#1921=LINE('',#1920,#1919);
#1922=DIRECTION('',(2.549727962940E-14,0.E0,1.E0));
#1923=VECTOR('',#1922,3.744681060314E-1);
#1924=CARTESIAN_POINT('',(-6.270833551884E-1,7.95E0,-9.829787373543E-1));
#1925=LINE('',#1924,#1923);
#1926=DIRECTION('',(-2.520079963371E-14,0.E0,-1.E0));
#1927=VECTOR('',#1926,3.744681060314E-1);
#1928=CARTESIAN_POINT('',(-6.270833551884E-1,7.94E0,-6.085106313229E-1));
#1929=LINE('',#1928,#1927);
#1930=DIRECTION('',(2.220446049250E-14,1.E0,0.E0));
#1931=VECTOR('',#1930,1.E-2);
#1932=CARTESIAN_POINT('',(-6.270833551884E-1,7.94E0,-9.829787373543E-1));
#1933=LINE('',#1932,#1931);
#1934=DIRECTION('',(3.330669073875E-14,1.E0,2.220446049250E-14));
#1935=VECTOR('',#1934,1.E-2);
#1936=CARTESIAN_POINT('',(-6.270833551884E-1,7.94E0,-6.085106313229E-1));
#1937=LINE('',#1936,#1935);
#1938=DIRECTION('',(0.E0,1.E0,-2.220446049250E-14));
#1939=VECTOR('',#1938,1.E-2);
#1940=CARTESIAN_POINT('',(-5.125E-1,7.94E0,-6.787233889103E-1));
#1941=LINE('',#1940,#1939);
#1942=DIRECTION('',(1.E0,0.E0,1.921695126260E-13));
#1943=VECTOR('',#1942,1.375E-1);
#1944=CARTESIAN_POINT('',(-3.979166448116E-1,7.95E0,-7.021276414394E-1));
#1945=LINE('',#1944,#1943);
#1946=DIRECTION('',(-1.E0,0.E0,-1.889397729180E-13));
#1947=VECTOR('',#1946,1.375E-1);
#1948=CARTESIAN_POINT('',(-2.604166448116E-1,7.94E0,-7.021276414394E-1));
#1949=LINE('',#1948,#1947);
#1950=DIRECTION('',(0.E0,1.E0,0.E0));
#1951=VECTOR('',#1950,1.E-2);
#1952=CARTESIAN_POINT('',(-3.979166448116E-1,7.94E0,-7.021276414394E-1));
#1953=LINE('',#1952,#1951);
#1954=DIRECTION('',(-2.775557561562E-14,1.E0,0.E0));
#1955=VECTOR('',#1954,1.E-2);
#1956=CARTESIAN_POINT('',(-2.604166448116E-1,7.94E0,-7.021276414394E-1));
#1957=LINE('',#1956,#1955);
#1958=DIRECTION('',(-4.163336342344E-14,1.E0,-3.330669073875E-14));
#1959=VECTOR('',#1958,1.E-2);
#1960=CARTESIAN_POINT('',(-1.458333551884E-1,7.94E0,-6.787233889103E-1));
#1961=LINE('',#1960,#1959);
#1962=DIRECTION('',(0.E0,1.E0,-1.110223024625E-14));
#1963=VECTOR('',#1962,1.E-2);
#1964=CARTESIAN_POINT('',(-3.125000000001E-2,7.94E0,-6.085106313229E-1));
#1965=LINE('',#1964,#1963);
#1966=DIRECTION('',(1.040834085586E-14,1.E0,-6.661338147750E-14));
#1967=VECTOR('',#1966,1.E-2);
#1968=CARTESIAN_POINT('',(3.75E-2,7.94E0,-5.148936212063E-1));
#1969=LINE('',#1968,#1967);
#1970=DIRECTION('',(-6.433617032941E-14,0.E0,1.E0));
#1971=VECTOR('',#1970,9.361701011660E-2);
#1972=CARTESIAN_POINT('',(8.333328962326E-2,7.95E0,-3.978723257780E-1));
#1973=LINE('',#1972,#1971);
#1974=DIRECTION('',(6.967281118623E-14,0.E0,-1.E0));
#1975=VECTOR('',#1974,9.361701011660E-2);
#1976=CARTESIAN_POINT('',(8.333328962326E-2,7.94E0,-3.042553156614E-1));
#1977=LINE('',#1976,#1975);
#1978=DIRECTION('',(0.E0,1.E0,2.220446049250E-14));
#1979=VECTOR('',#1978,1.E-2);
#1980=CARTESIAN_POINT('',(8.333328962326E-2,7.94E0,-3.978723257780E-1));
#1981=LINE('',#1980,#1979);
#1982=DIRECTION('',(5.551115123125E-14,1.E0,0.E0));
#1983=VECTOR('',#1982,1.E-2);
#1984=CARTESIAN_POINT('',(8.333328962326E-2,7.94E0,-3.042553156614E-1));
#1985=LINE('',#1984,#1983);
#1986=DIRECTION('',(1.040834085586E-14,1.E0,7.494005416219E-14));
#1987=VECTOR('',#1986,1.E-2);
#1988=CARTESIAN_POINT('',(3.749999999998E-2,7.94E0,-1.872340366244E-1));
#1989=LINE('',#1988,#1987);
#1990=DIRECTION('',(0.E0,1.E0,-2.914335439641E-14));
#1991=VECTOR('',#1990,1.E-2);
#1992=CARTESIAN_POINT('',(-3.125E-2,7.94E0,-9.361701831223E-2));
#1993=LINE('',#1992,#1991);
#1994=DIRECTION('',(1.137978600241E-13,1.E0,-3.330669073875E-14));
#1995=VECTOR('',#1994,1.E-2);
#1996=CARTESIAN_POINT('',(-1.458333551884E-1,7.94E0,-2.340425457805E-2));
#1997=LINE('',#1996,#1995);
#1998=DIRECTION('',(-1.E0,0.E0,3.892509210580E-14));
#1999=VECTOR('',#1998,1.375E-1);
#2000=CARTESIAN_POINT('',(-2.604166448116E-1,7.95E0,0.E0));
#2001=LINE('',#2000,#1999);
#2002=DIRECTION('',(1.E0,0.E0,-3.432860056824E-14));
#2003=VECTOR('',#2002,1.375E-1);
#2004=CARTESIAN_POINT('',(-3.979166448116E-1,7.94E0,0.E0));
#2005=LINE('',#2004,#2003);
#2006=DIRECTION('',(9.436895709312E-14,1.E0,-1.885066177228E-14));
#2007=VECTOR('',#2006,1.E-2);
#2008=CARTESIAN_POINT('',(-2.604166448116E-1,7.94E0,0.E0));
#2009=LINE('',#2008,#2007);
#2010=DIRECTION('',(1.665334536937E-14,1.E0,4.435109686913E-14));
#2011=VECTOR('',#2010,1.E-2);
#2012=CARTESIAN_POINT('',(-3.979166448116E-1,7.94E0,0.E0));
#2013=LINE('',#2012,#2011);
#2014=DIRECTION('',(4.440892098500E-14,1.E0,3.400058012914E-14));
#2015=VECTOR('',#2014,1.E-2);
#2016=CARTESIAN_POINT('',(-5.125E-1,7.94E0,-2.340425457806E-2));
#2017=LINE('',#2016,#2015);
#2018=DIRECTION('',(0.E0,1.E0,-6.245004513516E-14));
#2019=VECTOR('',#2018,1.E-2);
#2020=CARTESIAN_POINT('',(-6.270833551884E-1,7.94E0,-9.361701831223E-2));
#2021=LINE('',#2020,#2019);
#2022=DIRECTION('',(-8.881784197E-14,1.E0,-3.330669073875E-14));
#2023=VECTOR('',#2022,1.E-2);
#2024=CARTESIAN_POINT('',(-6.958333224058E-1,7.94E0,-1.872340366244E-1));
#2025=LINE('',#2024,#2023);
#2026=DIRECTION('',(1.E0,1.937843362782E-14,-3.996801935737E-14));
#2027=VECTOR('',#2026,1.375000327826E-1);
#2028=CARTESIAN_POINT('',(-7.416666775942E-1,7.95E0,-2.808510631323E-1));
#2029=LINE('',#2028,#2027);
#2030=DIRECTION('',(-1.E0,0.E0,4.279404092809E-14));
#2031=VECTOR('',#2030,1.375000327826E-1);
#2032=CARTESIAN_POINT('',(-6.041666448116E-1,7.94E0,-2.808510631323E-1));
#2033=LINE('',#2032,#2031);
#2034=DIRECTION('',(5.551115123125E-14,1.E0,1.110223024625E-14));
#2035=VECTOR('',#2034,1.E-2);
#2036=CARTESIAN_POINT('',(-7.416666775942E-1,7.94E0,-2.808510631323E-1));
#2037=LINE('',#2036,#2035);
#2038=DIRECTION('',(1.110223024625E-13,1.E0,5.551115123125E-14));
#2039=VECTOR('',#2038,1.E-2);
#2040=CARTESIAN_POINT('',(-6.041666448116E-1,7.94E0,-2.808510631323E-1));
#2041=LINE('',#2040,#2039);
#2042=DIRECTION('',(1.110223024625E-14,1.E0,7.494005416219E-14));
#2043=VECTOR('',#2042,1.E-2);
#2044=CARTESIAN_POINT('',(-5.583333551884E-1,7.94E0,-1.872340366244E-1));
#2045=LINE('',#2044,#2043);
#2046=DIRECTION('',(-3.330669073875E-14,1.E0,-2.498001805406E-14));
#2047=VECTOR('',#2046,1.E-2);
#2048=CARTESIAN_POINT('',(-4.895833551884E-1,7.94E0,-1.404255315661E-1));
#2049=LINE('',#2048,#2047);
#2050=DIRECTION('',(1.E0,0.E0,-1.907565015038E-14));
#2051=VECTOR('',#2050,1.375E-1);
#2052=CARTESIAN_POINT('',(-3.979166448116E-1,7.95E0,-1.170212790370E-1));
#2053=LINE('',#2052,#2051);
#2054=DIRECTION('',(-1.E0,0.E0,1.635055727175E-14));
#2055=VECTOR('',#2054,1.375E-1);
#2056=CARTESIAN_POINT('',(-2.604166448116E-1,7.94E0,-1.170212790370E-1));
#2057=LINE('',#2056,#2055);
#2058=DIRECTION('',(1.110223024625E-14,1.E0,1.526556658859E-14));
#2059=VECTOR('',#2058,1.E-2);
#2060=CARTESIAN_POINT('',(-3.979166448116E-1,7.94E0,-1.170212790370E-1));
#2061=LINE('',#2060,#2059);
#2062=DIRECTION('',(-2.775557561562E-14,1.E0,-2.220446049250E-14));
#2063=VECTOR('',#2062,1.E-2);
#2064=CARTESIAN_POINT('',(-2.604166448116E-1,7.94E0,-1.170212790370E-1));
#2065=LINE('',#2064,#2063);
#2066=DIRECTION('',(1.415534356397E-13,1.E0,7.494005416219E-14));
#2067=VECTOR('',#2066,1.E-2);
#2068=CARTESIAN_POINT('',(-1.6875E-1,7.94E0,-1.404255315661E-1));
#2069=LINE('',#2068,#2067);
#2070=DIRECTION('',(-4.163336342344E-14,1.E0,-3.053113317719E-14));
#2071=VECTOR('',#2070,1.E-2);
#2072=CARTESIAN_POINT('',(-1.E-1,7.94E0,-1.872340366244E-1));
#2073=LINE('',#2072,#2071);
#2074=DIRECTION('',(-2.636779683484E-14,1.E0,1.110223024625E-14));
#2075=VECTOR('',#2074,1.E-2);
#2076=CARTESIAN_POINT('',(-5.416671037674E-2,7.94E0,-2.574468106031E-1));
#2077=LINE('',#2076,#2075);
#2078=DIRECTION('',(-1.191849791356E-13,0.E0,-1.E0));
#2079=VECTOR('',#2078,4.680850505830E-2);
#2080=CARTESIAN_POINT('',(-3.125E-2,7.95E0,-3.276595681906E-1));
#2081=LINE('',#2080,#2079);
#2082=DIRECTION('',(1.189626190999E-13,0.E0,1.E0));
#2083=VECTOR('',#2082,4.680850505830E-2);
#2084=CARTESIAN_POINT('',(-3.125E-2,7.94E0,-3.744680732489E-1));
#2085=LINE('',#2084,#2083);
#2086=DIRECTION('',(-4.059252933785E-14,1.E0,0.E0));
#2087=VECTOR('',#2086,1.E-2);
#2088=CARTESIAN_POINT('',(-3.125E-2,7.94E0,-3.276595681906E-1));
#2089=LINE('',#2088,#2087);
#2090=DIRECTION('',(-4.163336342344E-14,1.E0,-1.110223024625E-14));
#2091=VECTOR('',#2090,1.E-2);
#2092=CARTESIAN_POINT('',(-3.125E-2,7.94E0,-3.744680732489E-1));
#2093=LINE('',#2092,#2091);
#2094=DIRECTION('',(3.053113317719E-14,1.E0,3.330669073875E-14));
#2095=VECTOR('',#2094,1.E-2);
#2096=CARTESIAN_POINT('',(-5.416671037676E-2,7.94E0,-4.446808636189E-1));
#2097=LINE('',#2096,#2095);
#2098=DIRECTION('',(0.E0,1.E0,1.110223024625E-14));
#2099=VECTOR('',#2098,1.E-2);
#2100=CARTESIAN_POINT('',(-1.E-1,7.94E0,-5.148936212063E-1));
#2101=LINE('',#2100,#2099);
#2102=DIRECTION('',(-9.159339953156E-14,1.E0,-3.330669073875E-14));
#2103=VECTOR('',#2102,1.E-2);
#2104=CARTESIAN_POINT('',(-1.6875E-1,7.94E0,-5.617021262646E-1));
#2105=LINE('',#2104,#2103);
#2106=DIRECTION('',(-1.E0,0.E0,-1.453382868600E-14));
#2107=VECTOR('',#2106,1.375E-1);
#2108=CARTESIAN_POINT('',(-2.604166448116E-1,7.95E0,-5.851063787937E-1));
#2109=LINE('',#2108,#2107);
#2110=DIRECTION('',(1.E0,0.E0,1.453382868600E-14));
#2111=VECTOR('',#2110,1.375E-1);
#2112=CARTESIAN_POINT('',(-3.979166448116E-1,7.94E0,-5.851063787937E-1));
#2113=LINE('',#2112,#2111);
#2114=DIRECTION('',(3.885780586187E-14,1.E0,0.E0));
#2115=VECTOR('',#2114,1.E-2);
#2116=CARTESIAN_POINT('',(-2.604166448116E-1,7.94E0,-5.851063787937E-1));
#2117=LINE('',#2116,#2115);
#2118=DIRECTION('',(-4.440892098500E-14,-1.E0,-1.110223024625E-14));
#2119=VECTOR('',#2118,1.E-2);
#2120=CARTESIAN_POINT('',(-4.895833551884E-1,7.95E0,-5.617021262646E-1));
#2121=LINE('',#2120,#2119);
#2122=DIRECTION('',(0.E0,1.E0,-1.110223024625E-14));
#2123=VECTOR('',#2122,1.E-2);
#2124=CARTESIAN_POINT('',(-3.979166448116E-1,7.94E0,-5.851063787937E-1));
#2125=LINE('',#2124,#2123);
#2126=DIRECTION('',(-7.938781110085E-1,0.E0,6.080769234740E-1));
#2127=VECTOR('',#2126,1.154669004479E-1);
#2128=CARTESIAN_POINT('',(-4.895833551884E-1,7.94E0,-5.617021262646E-1));
#2129=LINE('',#2128,#2127);
#2130=DIRECTION('',(8.526534670057E-1,0.E0,-5.224768561412E-1));
#2131=VECTOR('',#2130,1.343844359078E-1);
#2132=CARTESIAN_POINT('',(-6.270833551884E-1,7.94E0,-6.085106313229E-1));
#2133=LINE('',#2132,#2131);
#2134=DIRECTION('',(9.797707167626E-1,0.E0,-2.001233184179E-1));
#2135=VECTOR('',#2134,1.169491527232E-1);
#2136=CARTESIAN_POINT('',(-5.125E-1,7.94E0,-6.787233889103E-1));
#2137=LINE('',#2136,#2135);
#2138=DIRECTION('',(9.797706943097E-1,0.E0,2.001234283433E-1));
#2139=VECTOR('',#2138,1.169490884843E-1);
#2140=CARTESIAN_POINT('',(-2.604166448116E-1,7.94E0,-7.021276414394E-1));
#2141=LINE('',#2140,#2139);
#2142=DIRECTION('',(8.526534670057E-1,0.E0,5.224768561411E-1));
#2143=VECTOR('',#2142,1.343844359078E-1);
#2144=CARTESIAN_POINT('',(-1.458333551884E-1,7.94E0,-6.787233889103E-1));
#2145=LINE('',#2144,#2143);
#2146=DIRECTION('',(5.919095487497E-1,0.E0,8.060043958311E-1));
#2147=VECTOR('',#2146,1.161495031551E-1);
#2148=CARTESIAN_POINT('',(-3.125000000001E-2,7.94E0,-6.085106313229E-1));
#2149=LINE('',#2148,#2147);
#2150=DIRECTION('',(3.646915457916E-1,0.E0,9.311283887994E-1));
#2151=VECTOR('',#2150,1.256768635088E-1);
#2152=CARTESIAN_POINT('',(3.75E-2,7.94E0,-5.148936212063E-1));
#2153=LINE('',#2152,#2151);
#2154=DIRECTION('',(-3.646915900804E-1,0.E0,9.311283714529E-1));
#2155=VECTOR('',#2154,1.256768482464E-1);
#2156=CARTESIAN_POINT('',(8.333328962326E-2,7.94E0,-3.042553156614E-1));
#2157=LINE('',#2156,#2155);
#2158=DIRECTION('',(-5.919095150862E-1,0.E0,8.060044205526E-1));
#2159=VECTOR('',#2158,1.161495097607E-1);
#2160=CARTESIAN_POINT('',(3.749999999998E-2,7.94E0,-1.872340366244E-1));
#2161=LINE('',#2160,#2159);
#2162=DIRECTION('',(-8.526534466289E-1,0.E0,5.224768893951E-1));
#2163=VECTOR('',#2162,1.343844391193E-1);
#2164=CARTESIAN_POINT('',(-3.125E-2,7.94E0,-9.361701831223E-2));
#2165=LINE('',#2164,#2163);
#2166=DIRECTION('',(-9.797706908745E-1,0.E0,2.001234451615E-1));
#2167=VECTOR('',#2166,1.169490888944E-1);
#2168=CARTESIAN_POINT('',(-1.458333551884E-1,7.94E0,-2.340425457805E-2));
#2169=LINE('',#2168,#2167);
#2170=DIRECTION('',(-9.797707133274E-1,0.E0,-2.001233352361E-1));
#2171=VECTOR('',#2170,1.169491531333E-1);
#2172=CARTESIAN_POINT('',(-3.979166448116E-1,7.94E0,0.E0));
#2173=LINE('',#2172,#2171);
#2174=DIRECTION('',(-8.526534466289E-1,0.E0,-5.224768893950E-1));
#2175=VECTOR('',#2174,1.343844391193E-1);
#2176=CARTESIAN_POINT('',(-5.125E-1,7.94E0,-2.340425457806E-2));
#2177=LINE('',#2176,#2175);
#2178=DIRECTION('',(-5.919093317278E-1,0.E0,-8.060045552064E-1));
#2179=VECTOR('',#2178,1.161494903564E-1);
#2180=CARTESIAN_POINT('',(-6.270833551884E-1,7.94E0,-9.361701831223E-2));
#2181=LINE('',#2180,#2179);
#2182=DIRECTION('',(-4.397136028537E-1,0.E0,-8.981380447712E-1));
#2183=VECTOR('',#2182,1.042345628859E-1);
#2184=CARTESIAN_POINT('',(-6.958333224058E-1,7.94E0,-1.872340366244E-1));
#2185=LINE('',#2184,#2183);
#2186=DIRECTION('',(4.397130954566E-1,0.E0,8.981382931843E-1));
#2187=VECTOR('',#2186,1.042345340560E-1);
#2188=CARTESIAN_POINT('',(-6.041666448116E-1,7.94E0,-2.808510631323E-1));
#2189=LINE('',#2188,#2187);
#2190=DIRECTION('',(8.265992787996E-1,0.E0,5.627909312417E-1));
#2191=VECTOR('',#2190,8.317210256926E-2);
#2192=CARTESIAN_POINT('',(-5.583333551884E-1,7.94E0,-1.872340366244E-1));
#2193=LINE('',#2192,#2191);
#2194=DIRECTION('',(9.689177459678E-1,0.E0,2.473831068378E-1));
#2195=VECTOR('',#2194,9.460731910243E-2);
#2196=CARTESIAN_POINT('',(-4.895833551884E-1,7.94E0,-1.404255315661E-1));
#2197=LINE('',#2196,#2195);
#2198=DIRECTION('',(9.689177035558E-1,0.E0,-2.473832729514E-1));
#2199=VECTOR('',#2198,9.460725557515E-2);
#2200=CARTESIAN_POINT('',(-2.604166448116E-1,7.94E0,-1.170212790370E-1));
#2201=LINE('',#2200,#2199);
#2202=DIRECTION('',(8.265992787997E-1,0.E0,-5.627909312416E-1));
#2203=VECTOR('',#2202,8.317210256927E-2);
#2204=CARTESIAN_POINT('',(-1.6875E-1,7.94E0,-1.404255315661E-1));
#2205=LINE('',#2204,#2203);
#2206=DIRECTION('',(5.466220916090E-1,0.E0,-8.373794175671E-1));
#2207=VECTOR('',#2206,8.384822041924E-2);
#2208=CARTESIAN_POINT('',(-1.E-1,7.94E0,-1.872340366244E-1));
#2209=LINE('',#2208,#2207);
#2210=DIRECTION('',(3.102805998047E-1,0.E0,-9.506450175459E-1));
#2211=VECTOR('',#2210,7.385801880996E-2);
#2212=CARTESIAN_POINT('',(-5.416671037674E-2,7.94E0,-2.574468106031E-1));
#2213=LINE('',#2212,#2211);
#2214=DIRECTION('',(-3.102804688815E-1,0.E0,-9.506450602778E-1));
#2215=VECTOR('',#2214,7.385804997448E-2);
#2216=CARTESIAN_POINT('',(-3.125E-2,7.94E0,-3.744680732489E-1));
#2217=LINE('',#2216,#2215);
#2218=DIRECTION('',(-5.466221810897E-1,0.E0,-8.373793591562E-1));
#2219=VECTOR('',#2218,8.384820669350E-2);
#2220=CARTESIAN_POINT('',(-5.416671037676E-2,7.94E0,-4.446808636189E-1));
#2221=LINE('',#2220,#2219);
#2222=DIRECTION('',(-8.265992787996E-1,0.E0,-5.627909312418E-1));
#2223=VECTOR('',#2222,8.317210256926E-2);
#2224=CARTESIAN_POINT('',(-1.E-1,7.94E0,-5.148936212063E-1));
#2225=LINE('',#2224,#2223);
#2226=DIRECTION('',(-9.689177035558E-1,0.E0,-2.473832729514E-1));
#2227=VECTOR('',#2226,9.460725557515E-2);
#2228=CARTESIAN_POINT('',(-1.6875E-1,7.94E0,-5.617021262646E-1));
#2229=LINE('',#2228,#2227);
#2230=DIRECTION('',(-9.689177459678E-1,0.E0,2.473831068376E-1));
#2231=VECTOR('',#2230,9.460731910243E-2);
#2232=CARTESIAN_POINT('',(-3.979166448116E-1,7.94E0,-5.851063787937E-1));
#2233=LINE('',#2232,#2231);
#2234=DIRECTION('',(7.668950564617E-14,0.E0,-1.E0));
#2235=VECTOR('',#2234,2.106382727622E-1);
#2236=CARTESIAN_POINT('',(2.666667103767E-1,7.95E0,-4.446808636189E-1));
#2237=LINE('',#2236,#2235);
#2238=DIRECTION('',(-7.668950564617E-14,0.E0,1.E0));
#2239=VECTOR('',#2238,2.106382727622E-1);
#2240=CARTESIAN_POINT('',(2.666667103767E-1,7.94E0,-6.553191363811E-1));
#2241=LINE('',#2240,#2239);
#2242=DIRECTION('',(0.E0,1.E0,1.110223024625E-14));
#2243=VECTOR('',#2242,1.E-2);
#2244=CARTESIAN_POINT('',(2.666667103767E-1,7.94E0,-6.553191363811E-1));
#2245=LINE('',#2244,#2243);
#2246=DIRECTION('',(0.E0,1.E0,-8.881784197E-14));
#2247=VECTOR('',#2246,1.E-2);
#2248=CARTESIAN_POINT('',(2.895832896233E-1,7.94E0,-7.723403990269E-1));
#2249=LINE('',#2248,#2247);
#2250=DIRECTION('',(3.885780586187E-14,1.E0,0.E0));
#2251=VECTOR('',#2250,1.E-2);
#2252=CARTESIAN_POINT('',(3.125E-1,7.94E0,-8.425532221794E-1));
#2253=LINE('',#2252,#2251);
#2254=DIRECTION('',(-3.885780586187E-14,1.E0,0.E0));
#2255=VECTOR('',#2254,1.E-2);
#2256=CARTESIAN_POINT('',(3.583332896233E-1,7.94E0,-9.361702322960E-1));
#2257=LINE('',#2256,#2255);
#2258=DIRECTION('',(0.E0,1.E0,-2.220446049250E-14));
#2259=VECTOR('',#2258,1.E-2);
#2260=CARTESIAN_POINT('',(4.270832896232E-1,7.94E0,-1.006382989883E0));
#2261=LINE('',#2260,#2259);
#2262=DIRECTION('',(-1.110223024625E-14,1.E0,-2.220446049250E-14));
#2263=VECTOR('',#2262,1.E-2);
#2264=CARTESIAN_POINT('',(5.416667103768E-1,7.94E0,-1.076595747471E0));
#2265=LINE('',#2264,#2263);
#2266=DIRECTION('',(3.330669073876E-14,1.E0,2.220446049250E-14));
#2267=VECTOR('',#2266,1.E-2);
#2268=CARTESIAN_POINT('',(6.791667103767E-1,7.94E0,-1.1E0));
#2269=LINE('',#2268,#2267);
#2270=DIRECTION('',(2.220446049250E-14,1.E0,0.E0));
#2271=VECTOR('',#2270,1.E-2);
#2272=CARTESIAN_POINT('',(8.166667103767E-1,7.94E0,-1.076595747471E0));
#2273=LINE('',#2272,#2271);
#2274=DIRECTION('',(0.E0,1.E0,-2.220446049250E-14));
#2275=VECTOR('',#2274,1.E-2);
#2276=CARTESIAN_POINT('',(9.312500000001E-1,7.94E0,-1.006382989883E0));
#2277=LINE('',#2276,#2275);
#2278=DIRECTION('',(-6.661338147750E-14,1.E0,1.110223024625E-14));
#2279=VECTOR('',#2278,1.E-2);
#2280=CARTESIAN_POINT('',(1.E0,7.94E0,-9.361702322960E-1));
#2281=LINE('',#2280,#2279);
#2282=DIRECTION('',(-2.220446049250E-14,1.E0,4.440892098500E-14));
#2283=VECTOR('',#2282,1.E-2);
#2284=CARTESIAN_POINT('',(1.045833420753E0,7.94E0,-8.425532221795E-1));
#2285=LINE('',#2284,#2283);
#2286=DIRECTION('',(6.661338147750E-14,1.E0,5.551115123125E-14));
#2287=VECTOR('',#2286,1.E-2);
#2288=CARTESIAN_POINT('',(1.06875E0,7.94E0,-7.723403990269E-1));
#2289=LINE('',#2288,#2287);
#2290=DIRECTION('',(2.951623585008E-13,1.264981536432E-14,1.E0));
#2291=VECTOR('',#2290,2.106382727621E-1);
#2292=CARTESIAN_POINT('',(1.091666579247E0,7.95E0,-6.553191363810E-1));
#2293=LINE('',#2292,#2291);
#2294=DIRECTION('',(-2.983248123419E-13,0.E0,-1.E0));
#2295=VECTOR('',#2294,2.106382727621E-1);
#2296=CARTESIAN_POINT('',(1.091666579247E0,7.94E0,-4.446808636189E-1));
#2297=LINE('',#2296,#2295);
#2298=DIRECTION('',(2.220446049250E-14,1.E0,1.110223024625E-14));
#2299=VECTOR('',#2298,1.E-2);
#2300=CARTESIAN_POINT('',(1.091666579247E0,7.94E0,-6.553191363810E-1));
#2301=LINE('',#2300,#2299);
#2302=DIRECTION('',(-2.220446049250E-14,1.E0,2.775557561562E-14));
#2303=VECTOR('',#2302,1.E-2);
#2304=CARTESIAN_POINT('',(1.091666579247E0,7.94E0,-4.446808636189E-1));
#2305=LINE('',#2304,#2303);
#2306=DIRECTION('',(-4.440892098500E-14,1.E0,0.E0));
#2307=VECTOR('',#2306,1.E-2);
#2308=CARTESIAN_POINT('',(1.06875E0,7.94E0,-3.276595681907E-1));
#2309=LINE('',#2308,#2307);
#2310=DIRECTION('',(0.E0,1.E0,1.110223024625E-14));
#2311=VECTOR('',#2310,1.E-2);
#2312=CARTESIAN_POINT('',(1.045833420753E0,7.94E0,-2.574468106031E-1));
#2313=LINE('',#2312,#2311);
#2314=DIRECTION('',(0.E0,1.E0,1.110223024625E-14));
#2315=VECTOR('',#2314,1.E-2);
#2316=CARTESIAN_POINT('',(1.E0,7.94E0,-1.638297840953E-1));
#2317=LINE('',#2316,#2315);
#2318=DIRECTION('',(-3.330669073875E-14,1.E0,-5.551115123125E-14));
#2319=VECTOR('',#2318,1.E-2);
#2320=CARTESIAN_POINT('',(9.3125E-1,7.94E0,-9.361701831220E-2));
#2321=LINE('',#2320,#2319);
#2322=DIRECTION('',(-4.440892098500E-14,1.E0,-3.330669073875E-14));
#2323=VECTOR('',#2322,1.E-2);
#2324=CARTESIAN_POINT('',(8.166667103767E-1,7.94E0,-2.340425457804E-2));
#2325=LINE('',#2324,#2323);
#2326=DIRECTION('',(-1.110223024625E-14,1.E0,-4.810966440042E-14));
#2327=VECTOR('',#2326,1.E-2);
#2328=CARTESIAN_POINT('',(6.791667103767E-1,7.94E0,0.E0));
#2329=LINE('',#2328,#2327);
#2330=DIRECTION('',(1.110223024625E-14,1.E0,3.191891195797E-14));
#2331=VECTOR('',#2330,1.E-2);
#2332=CARTESIAN_POINT('',(5.416667103767E-1,7.94E0,-2.340425457806E-2));
#2333=LINE('',#2332,#2331);
#2334=DIRECTION('',(1.665334536937E-14,1.E0,6.522560269672E-14));
#2335=VECTOR('',#2334,1.E-2);
#2336=CARTESIAN_POINT('',(4.270832896233E-1,7.94E0,-9.361701831221E-2));
#2337=LINE('',#2336,#2335);
#2338=DIRECTION('',(-2.775557561562E-14,1.E0,-4.996003610812E-14));
#2339=VECTOR('',#2338,1.E-2);
#2340=CARTESIAN_POINT('',(3.583332896233E-1,7.94E0,-1.638297840953E-1));
#2341=LINE('',#2340,#2339);
#2342=DIRECTION('',(3.885780586187E-14,1.E0,-2.220446049250E-14));
#2343=VECTOR('',#2342,1.E-2);
#2344=CARTESIAN_POINT('',(3.125E-1,7.94E0,-2.574468106031E-1));
#2345=LINE('',#2344,#2343);
#2346=DIRECTION('',(-1.110223024625E-14,-1.E0,-3.330669073875E-14));
#2347=VECTOR('',#2346,1.E-2);
#2348=CARTESIAN_POINT('',(2.666667103767E-1,7.95E0,-4.446808636189E-1));
#2349=LINE('',#2348,#2347);
#2350=DIRECTION('',(2.775557561562E-14,1.E0,-3.330669073875E-14));
#2351=VECTOR('',#2350,1.E-2);
#2352=CARTESIAN_POINT('',(2.895832896233E-1,7.94E0,-3.276595681906E-1));
#2353=LINE('',#2352,#2351);
#2354=DIRECTION('',(1.921821473726E-1,0.E0,-9.813592727596E-1));
#2355=VECTOR('',#2354,1.192440586175E-1);
#2356=CARTESIAN_POINT('',(2.666667103767E-1,7.94E0,-6.553191363811E-1));
#2357=LINE('',#2356,#2355);
#2358=DIRECTION('',(3.102803379577E-1,0.E0,-9.506451030100E-1));
#2359=VECTOR('',#2358,7.385808113900E-2);
#2360=CARTESIAN_POINT('',(2.895832896233E-1,7.94E0,-7.723403990269E-1));
#2361=LINE('',#2360,#2359);
#2362=DIRECTION('',(4.397131575604E-1,0.E0,-8.981382627793E-1));
#2363=VECTOR('',#2362,1.042345193344E-1);
#2364=CARTESIAN_POINT('',(3.125E-1,7.94E0,-8.425532221794E-1));
#2365=LINE('',#2364,#2363);
#2366=DIRECTION('',(6.996248351876E-1,0.E0,-7.145103848011E-1));
#2367=VECTOR('',#2366,9.826695186062E-2);
#2368=CARTESIAN_POINT('',(3.583332896233E-1,7.94E0,-9.361702322960E-1));
#2369=LINE('',#2368,#2367);
#2370=DIRECTION('',(8.526536001907E-1,0.E0,-5.224766387906E-1));
#2371=VECTOR('',#2370,1.343844918123E-1);
#2372=CARTESIAN_POINT('',(4.270832896232E-1,7.94E0,-1.006382989883E0));
#2373=LINE('',#2372,#2371);
#2374=DIRECTION('',(9.858211730929E-1,0.E0,-1.677993286090E-1));
#2375=VECTOR('',#2374,1.394776291612E-1);
#2376=CARTESIAN_POINT('',(5.416667103768E-1,7.94E0,-1.076595747471E0));
#2377=LINE('',#2376,#2375);
#2378=DIRECTION('',(9.858211730931E-1,0.E0,1.677993286081E-1));
#2379=VECTOR('',#2378,1.394776291613E-1);
#2380=CARTESIAN_POINT('',(6.791667103767E-1,7.94E0,-1.1E0));
#2381=LINE('',#2380,#2379);
#2382=DIRECTION('',(8.526533338187E-1,0.E0,5.224770734949E-1));
#2383=VECTOR('',#2382,1.343843800038E-1);
#2384=CARTESIAN_POINT('',(8.166667103767E-1,7.94E0,-1.076595747471E0));
#2385=LINE('',#2384,#2383);
#2386=DIRECTION('',(6.996248351879E-1,0.E0,7.145103848009E-1));
#2387=VECTOR('',#2386,9.826695186061E-2);
#2388=CARTESIAN_POINT('',(9.312500000001E-1,7.94E0,-1.006382989883E0));
#2389=LINE('',#2388,#2387);
#2390=DIRECTION('',(4.397141723511E-1,0.E0,8.981377659544E-1));
#2391=VECTOR('',#2390,1.042345769939E-1);
#2392=CARTESIAN_POINT('',(1.E0,7.94E0,-9.361702322960E-1));
#2393=LINE('',#2392,#2391);
#2394=DIRECTION('',(3.102787334523E-1,0.E0,9.506456267018E-1));
#2395=VECTOR('',#2394,7.385804045213E-2);
#2396=CARTESIAN_POINT('',(1.045833420753E0,7.94E0,-8.425532221795E-1));
#2397=LINE('',#2396,#2395);
#2398=DIRECTION('',(1.921821473737E-1,0.E0,9.813592727594E-1));
#2399=VECTOR('',#2398,1.192440586176E-1);
#2400=CARTESIAN_POINT('',(1.06875E0,7.94E0,-7.723403990269E-1));
#2401=LINE('',#2400,#2399);
#2402=DIRECTION('',(-1.921820955266E-1,0.E0,9.813592829127E-1));
#2403=VECTOR('',#2402,1.192440907890E-1);
#2404=CARTESIAN_POINT('',(1.091666579247E0,7.94E0,-4.446808636189E-1));
#2405=LINE('',#2404,#2403);
#2406=DIRECTION('',(-3.102789952967E-1,0.E0,9.506455412390E-1));
#2407=VECTOR('',#2406,7.385797812304E-2);
#2408=CARTESIAN_POINT('',(1.06875E0,7.94E0,-3.276595681907E-1));
#2409=LINE('',#2408,#2407);
#2410=DIRECTION('',(-4.397141102468E-1,0.E0,8.981377963597E-1));
#2411=VECTOR('',#2410,1.042345917155E-1);
#2412=CARTESIAN_POINT('',(1.045833420753E0,7.94E0,-2.574468106031E-1));
#2413=LINE('',#2412,#2411);
#2414=DIRECTION('',(-6.996247934953E-1,0.E0,7.145104256249E-1));
#2415=VECTOR('',#2414,9.826695771677E-2);
#2416=CARTESIAN_POINT('',(1.E0,7.94E0,-1.638297840953E-1));
#2417=LINE('',#2416,#2415);
#2418=DIRECTION('',(-8.526533134431E-1,0.E0,5.224771067469E-1));
#2419=VECTOR('',#2418,1.343843832150E-1);
#2420=CARTESIAN_POINT('',(9.3125E-1,7.94E0,-9.361701831220E-2));
#2421=LINE('',#2420,#2419);
#2422=DIRECTION('',(-9.858211706631E-1,0.E0,1.677993428845E-1));
#2423=VECTOR('',#2422,1.394776295051E-1);
#2424=CARTESIAN_POINT('',(8.166667103767E-1,7.94E0,-2.340425457804E-2));
#2425=LINE('',#2424,#2423);
#2426=DIRECTION('',(-9.858211706630E-1,0.E0,-1.677993428847E-1));
#2427=VECTOR('',#2426,1.394776295051E-1);
#2428=CARTESIAN_POINT('',(6.791667103767E-1,7.94E0,0.E0));
#2429=LINE('',#2428,#2427);
#2430=DIRECTION('',(-8.526535798145E-1,0.E0,-5.224766720434E-1));
#2431=VECTOR('',#2430,1.343844950236E-1);
#2432=CARTESIAN_POINT('',(5.416667103767E-1,7.94E0,-2.340425457806E-2));
#2433=LINE('',#2432,#2431);
#2434=DIRECTION('',(-6.996247934953E-1,0.E0,-7.145104256249E-1));
#2435=VECTOR('',#2434,9.826695771677E-2);
#2436=CARTESIAN_POINT('',(4.270832896233E-1,7.94E0,-9.361701831221E-2));
#2437=LINE('',#2436,#2435);
#2438=DIRECTION('',(-4.397130954572E-1,0.E0,-8.981382931840E-1));
#2439=VECTOR('',#2438,1.042345340559E-1);
#2440=CARTESIAN_POINT('',(3.583332896233E-1,7.94E0,-1.638297840953E-1));
#2441=LINE('',#2440,#2439);
#2442=DIRECTION('',(-3.102805998045E-1,0.E0,-9.506450175460E-1));
#2443=VECTOR('',#2442,7.385801880995E-2);
#2444=CARTESIAN_POINT('',(3.125E-1,7.94E0,-2.574468106031E-1));
#2445=LINE('',#2444,#2443);
#2446=DIRECTION('',(-1.921820955232E-1,0.E0,-9.813592829134E-1));
#2447=VECTOR('',#2446,1.192440907889E-1);
#2448=CARTESIAN_POINT('',(2.895832896233E-1,7.94E0,-3.276595681906E-1));
#2449=LINE('',#2448,#2447);
#2450=DIRECTION('',(-1.610640957436E-1,0.E0,9.869439482880E-1));
#2451=VECTOR('',#2450,1.422831716213E-1);
#2452=CARTESIAN_POINT('',(4.041667103767E-1,7.94E0,-7.723403990269E-1));
#2453=LINE('',#2452,#2451);
#2454=DIRECTION('',(1.610640591184E-1,0.E0,9.869439542650E-1));
#2455=VECTOR('',#2454,1.422832039758E-1);
#2456=CARTESIAN_POINT('',(3.8125E-1,7.94E0,-4.680851161480E-1));
#2457=LINE('',#2456,#2455);
#2458=DIRECTION('',(5.466221363493E-1,0.E0,8.373793883617E-1));
#2459=VECTOR('',#2458,1.676964271129E-1);
#2460=CARTESIAN_POINT('',(4.041667103767E-1,7.94E0,-3.276595681906E-1));
#2461=LINE('',#2460,#2459);
#2462=DIRECTION('',(8.265992787998E-1,0.E0,5.627909312415E-1));
#2463=VECTOR('',#2462,8.317210256927E-2);
#2464=CARTESIAN_POINT('',(4.958332896233E-1,7.94E0,-1.872340366244E-1));
#2465=LINE('',#2464,#2463);
#2466=DIRECTION('',(9.797707392153E-1,0.E0,2.001232084928E-1));
#2467=VECTOR('',#2466,1.169492169619E-1);
#2468=CARTESIAN_POINT('',(5.645832896233E-1,7.94E0,-1.404255315661E-1));
#2469=LINE('',#2468,#2467);
#2470=DIRECTION('',(9.797706943097E-1,0.E0,-2.001234283433E-1));
#2471=VECTOR('',#2470,1.169490884844E-1);
#2472=CARTESIAN_POINT('',(6.791667103767E-1,7.94E0,-1.170212790370E-1));
#2473=LINE('',#2472,#2471);
#2474=DIRECTION('',(8.265992787995E-1,0.E0,-5.627909312419E-1));
#2475=VECTOR('',#2474,8.317210256926E-2);
#2476=CARTESIAN_POINT('',(7.9375E-1,7.94E0,-1.404255315661E-1));
#2477=LINE('',#2476,#2475);
#2478=DIRECTION('',(5.466226846555E-1,0.E0,-8.373790304396E-1));
#2479=VECTOR('',#2478,1.676964987915E-1);
#2480=CARTESIAN_POINT('',(8.625E-1,7.94E0,-1.872340366244E-1));
#2481=LINE('',#2480,#2479);
#2482=DIRECTION('',(1.610631614125E-1,0.E0,-9.869441007655E-1));
#2483=VECTOR('',#2482,1.422831828555E-1);
#2484=CARTESIAN_POINT('',(9.541667103767E-1,7.94E0,-3.276595681906E-1));
#2485=LINE('',#2484,#2483);
#2486=DIRECTION('',(-1.610631980377E-1,0.E0,-9.869440947885E-1));
#2487=VECTOR('',#2486,1.422831505010E-1);
#2488=CARTESIAN_POINT('',(9.770832896233E-1,7.94E0,-6.319148838520E-1));
#2489=LINE('',#2488,#2487);
#2490=DIRECTION('',(-5.466225504348E-1,0.E0,-8.373791180560E-1));
#2491=VECTOR('',#2490,1.676965399686E-1);
#2492=CARTESIAN_POINT('',(9.541667103767E-1,7.94E0,-7.723403990269E-1));
#2493=LINE('',#2492,#2491);
#2494=DIRECTION('',(-8.265992787996E-1,-1.067880205337E-14,-5.627909312418E-1));
#2495=VECTOR('',#2494,8.317210256927E-2);
#2496=CARTESIAN_POINT('',(8.625E-1,7.94E0,-9.127659797668E-1));
#2497=LINE('',#2496,#2495);
#2498=DIRECTION('',(-9.797706943096E-1,0.E0,-2.001234283436E-1));
#2499=VECTOR('',#2498,1.169490884845E-1);
#2500=CARTESIAN_POINT('',(7.9375E-1,7.94E0,-9.595744848251E-1));
#2501=LINE('',#2500,#2499);
#2502=DIRECTION('',(-9.797707392153E-1,0.E0,2.001232084929E-1));
#2503=VECTOR('',#2502,1.169492169619E-1);
#2504=CARTESIAN_POINT('',(6.791667103767E-1,7.94E0,-9.829787373543E-1));
#2505=LINE('',#2504,#2503);
#2506=DIRECTION('',(-8.265992787996E-1,0.E0,5.627909312418E-1));
#2507=VECTOR('',#2506,8.317210256928E-2);
#2508=CARTESIAN_POINT('',(5.645832896233E-1,7.94E0,-9.595744848251E-1));
#2509=LINE('',#2508,#2507);
#2510=DIRECTION('',(-5.466220021286E-1,0.E0,8.373794759778E-1));
#2511=VECTOR('',#2510,1.676964682899E-1);
#2512=CARTESIAN_POINT('',(4.958332896233E-1,7.94E0,-9.127659797668E-1));
#2513=LINE('',#2512,#2511);
#2514=DIRECTION('',(1.610640957436E-1,0.E0,-9.869439482880E-1));
#2515=VECTOR('',#2514,1.422831716213E-1);
#2516=CARTESIAN_POINT('',(3.8125E-1,7.95E0,-6.319148838520E-1));
#2517=LINE('',#2516,#2515);
#2518=DIRECTION('',(5.466220021286E-1,0.E0,-8.373794759778E-1));
#2519=VECTOR('',#2518,1.676964682899E-1);
#2520=CARTESIAN_POINT('',(4.041667103767E-1,7.95E0,-7.723403990269E-1));
#2521=LINE('',#2520,#2519);
#2522=DIRECTION('',(8.265992787996E-1,0.E0,-5.627909312418E-1));
#2523=VECTOR('',#2522,8.317210256928E-2);
#2524=CARTESIAN_POINT('',(4.958332896233E-1,7.95E0,-9.127659797668E-1));
#2525=LINE('',#2524,#2523);
#2526=DIRECTION('',(9.797707392153E-1,-2.278369473793E-14,-2.001232084929E-1));
#2527=VECTOR('',#2526,1.169492169619E-1);
#2528=CARTESIAN_POINT('',(5.645832896233E-1,7.95E0,-9.595744848251E-1));
#2529=LINE('',#2528,#2527);
#2530=DIRECTION('',(9.797706943096E-1,-1.518914651170E-14,2.001234283436E-1));
#2531=VECTOR('',#2530,1.169490884845E-1);
#2532=CARTESIAN_POINT('',(6.791667103767E-1,7.95E0,-9.829787373543E-1));
#2533=LINE('',#2532,#2531);
#2534=DIRECTION('',(8.265992787996E-1,1.067880205337E-14,5.627909312418E-1));
#2535=VECTOR('',#2534,8.317210256927E-2);
#2536=CARTESIAN_POINT('',(7.9375E-1,7.95E0,-9.595744848251E-1));
#2537=LINE('',#2536,#2535);
#2538=DIRECTION('',(5.466225504348E-1,0.E0,8.373791180560E-1));
#2539=VECTOR('',#2538,1.676965399686E-1);
#2540=CARTESIAN_POINT('',(8.625E-1,7.95E0,-9.127659797668E-1));
#2541=LINE('',#2540,#2539);
#2542=DIRECTION('',(1.610631980377E-1,0.E0,9.869440947885E-1));
#2543=VECTOR('',#2542,1.422831505010E-1);
#2544=CARTESIAN_POINT('',(9.541667103767E-1,7.95E0,-7.723403990269E-1));
#2545=LINE('',#2544,#2543);
#2546=DIRECTION('',(-1.610631614125E-1,0.E0,9.869441007655E-1));
#2547=VECTOR('',#2546,1.422831828555E-1);
#2548=CARTESIAN_POINT('',(9.770832896233E-1,7.95E0,-4.680851161480E-1));
#2549=LINE('',#2548,#2547);
#2550=DIRECTION('',(-5.466226846555E-1,0.E0,8.373790304396E-1));
#2551=VECTOR('',#2550,1.676964987915E-1);
#2552=CARTESIAN_POINT('',(9.541667103767E-1,7.95E0,-3.276595681906E-1));
#2553=LINE('',#2552,#2551);
#2554=DIRECTION('',(-8.265992787995E-1,0.E0,5.627909312419E-1));
#2555=VECTOR('',#2554,8.317210256926E-2);
#2556=CARTESIAN_POINT('',(8.625E-1,7.95E0,-1.872340366244E-1));
#2557=LINE('',#2556,#2555);
#2558=DIRECTION('',(-9.797706943097E-1,0.E0,2.001234283433E-1));
#2559=VECTOR('',#2558,1.169490884844E-1);
#2560=CARTESIAN_POINT('',(7.9375E-1,7.95E0,-1.404255315661E-1));
#2561=LINE('',#2560,#2559);
#2562=DIRECTION('',(-9.797707392153E-1,0.E0,-2.001232084928E-1));
#2563=VECTOR('',#2562,1.169492169619E-1);
#2564=CARTESIAN_POINT('',(6.791667103767E-1,7.95E0,-1.170212790370E-1));
#2565=LINE('',#2564,#2563);
#2566=DIRECTION('',(-8.265992787998E-1,0.E0,-5.627909312415E-1));
#2567=VECTOR('',#2566,8.317210256927E-2);
#2568=CARTESIAN_POINT('',(5.645832896233E-1,7.95E0,-1.404255315661E-1));
#2569=LINE('',#2568,#2567);
#2570=DIRECTION('',(-5.466221363493E-1,0.E0,-8.373793883617E-1));
#2571=VECTOR('',#2570,1.676964271129E-1);
#2572=CARTESIAN_POINT('',(4.958332896233E-1,7.95E0,-1.872340366244E-1));
#2573=LINE('',#2572,#2571);
#2574=DIRECTION('',(-1.610640591184E-1,0.E0,-9.869439542650E-1));
#2575=VECTOR('',#2574,1.422832039758E-1);
#2576=CARTESIAN_POINT('',(4.041667103767E-1,7.95E0,-3.276595681906E-1));
#2577=LINE('',#2576,#2575);
#2578=DIRECTION('',(1.110223024625E-14,-1.E0,5.551115123125E-14));
#2579=VECTOR('',#2578,1.E-2);
#2580=CARTESIAN_POINT('',(4.041667103767E-1,7.95E0,-7.723403990269E-1));
#2581=LINE('',#2580,#2579);
#2582=DIRECTION('',(-5.551115123125E-14,1.E0,0.E0));
#2583=VECTOR('',#2582,1.E-2);
#2584=CARTESIAN_POINT('',(4.958332896233E-1,7.94E0,-9.127659797668E-1));
#2585=LINE('',#2584,#2583);
#2586=DIRECTION('',(-3.330669073875E-14,1.E0,0.E0));
#2587=VECTOR('',#2586,1.E-2);
#2588=CARTESIAN_POINT('',(5.645832896233E-1,7.94E0,-9.595744848251E-1));
#2589=LINE('',#2588,#2587);
#2590=DIRECTION('',(2.220446049250E-14,1.E0,3.330669073875E-14));
#2591=VECTOR('',#2590,1.E-2);
#2592=CARTESIAN_POINT('',(6.791667103767E-1,7.94E0,-9.829787373543E-1));
#2593=LINE('',#2592,#2591);
#2594=DIRECTION('',(6.661338147750E-14,1.E0,1.110223024625E-14));
#2595=VECTOR('',#2594,1.E-2);
#2596=CARTESIAN_POINT('',(7.9375E-1,7.94E0,-9.595744848251E-1));
#2597=LINE('',#2596,#2595);
#2598=DIRECTION('',(-1.110223024625E-14,1.E0,-4.440892098500E-14));
#2599=VECTOR('',#2598,1.E-2);
#2600=CARTESIAN_POINT('',(8.625E-1,7.94E0,-9.127659797668E-1));
#2601=LINE('',#2600,#2599);
#2602=DIRECTION('',(0.E0,1.E0,2.220446049250E-14));
#2603=VECTOR('',#2602,1.E-2);
#2604=CARTESIAN_POINT('',(9.541667103767E-1,7.94E0,-7.723403990269E-1));
#2605=LINE('',#2604,#2603);
#2606=DIRECTION('',(4.440892098500E-14,1.E0,0.E0));
#2607=VECTOR('',#2606,1.E-2);
#2608=CARTESIAN_POINT('',(9.770832896233E-1,7.94E0,-6.319148838520E-1));
#2609=LINE('',#2608,#2607);
#2610=DIRECTION('',(1.070716514765E-13,1.626404832554E-14,-1.E0));
#2611=VECTOR('',#2610,1.638297677040E-1);
#2612=CARTESIAN_POINT('',(9.770832896233E-1,7.95E0,-4.680851161480E-1));
#2613=LINE('',#2612,#2611);
#2614=DIRECTION('',(-1.070716514765E-13,0.E0,1.E0));
#2615=VECTOR('',#2614,1.638297677040E-1);
#2616=CARTESIAN_POINT('',(9.770832896233E-1,7.94E0,-6.319148838520E-1));
#2617=LINE('',#2616,#2615);
#2618=DIRECTION('',(0.E0,1.E0,-3.885780586188E-14));
#2619=VECTOR('',#2618,1.E-2);
#2620=CARTESIAN_POINT('',(9.770832896233E-1,7.94E0,-4.680851161480E-1));
#2621=LINE('',#2620,#2619);
#2622=DIRECTION('',(3.330669073875E-14,1.E0,-2.775557561562E-14));
#2623=VECTOR('',#2622,1.E-2);
#2624=CARTESIAN_POINT('',(9.541667103767E-1,7.94E0,-3.276595681906E-1));
#2625=LINE('',#2624,#2623);
#2626=DIRECTION('',(-1.110223024625E-14,1.E0,0.E0));
#2627=VECTOR('',#2626,1.E-2);
#2628=CARTESIAN_POINT('',(8.625E-1,7.94E0,-1.872340366244E-1));
#2629=LINE('',#2628,#2627);
#2630=DIRECTION('',(-3.330669073875E-14,1.E0,4.163336342344E-14));
#2631=VECTOR('',#2630,1.E-2);
#2632=CARTESIAN_POINT('',(7.9375E-1,7.94E0,-1.404255315661E-1));
#2633=LINE('',#2632,#2631);
#2634=DIRECTION('',(-1.110223024625E-14,1.E0,6.938893903906E-14));
#2635=VECTOR('',#2634,1.E-2);
#2636=CARTESIAN_POINT('',(6.791667103767E-1,7.94E0,-1.170212790370E-1));
#2637=LINE('',#2636,#2635);
#2638=DIRECTION('',(3.330669073875E-14,1.E0,-1.665334536937E-14));
#2639=VECTOR('',#2638,1.E-2);
#2640=CARTESIAN_POINT('',(5.645832896233E-1,7.94E0,-1.404255315661E-1));
#2641=LINE('',#2640,#2639);
#2642=DIRECTION('',(1.110223024625E-14,1.E0,6.938893903906E-14));
#2643=VECTOR('',#2642,1.E-2);
#2644=CARTESIAN_POINT('',(4.958332896233E-1,7.94E0,-1.872340366244E-1));
#2645=LINE('',#2644,#2643);
#2646=DIRECTION('',(0.E0,1.E0,-2.775557561562E-14));
#2647=VECTOR('',#2646,1.E-2);
#2648=CARTESIAN_POINT('',(4.041667103767E-1,7.94E0,-3.276595681906E-1));
#2649=LINE('',#2648,#2647);
#2650=DIRECTION('',(3.885780586187E-14,1.E0,6.106226635437E-14));
#2651=VECTOR('',#2650,1.E-2);
#2652=CARTESIAN_POINT('',(3.8125E-1,7.94E0,-4.680851161480E-1));
#2653=LINE('',#2652,#2651);
#2654=DIRECTION('',(-9.995613033407E-14,0.E0,1.E0));
#2655=VECTOR('',#2654,1.638297677040E-1);
#2656=CARTESIAN_POINT('',(3.8125E-1,7.95E0,-6.319148838520E-1));
#2657=LINE('',#2656,#2655);
#2658=DIRECTION('',(1.030056393951E-13,0.E0,-1.E0));
#2659=VECTOR('',#2658,1.638297677040E-1);
#2660=CARTESIAN_POINT('',(3.8125E-1,7.94E0,-4.680851161480E-1));
#2661=LINE('',#2660,#2659);
#2662=DIRECTION('',(-1.110223024625E-14,1.E0,4.440892098500E-14));
#2663=VECTOR('',#2662,1.E-2);
#2664=CARTESIAN_POINT('',(3.8125E-1,7.94E0,-6.319148838520E-1));
#2665=LINE('',#2664,#2663);
#2666=DIRECTION('',(-4.440892098500E-14,1.E0,-4.440892098500E-14));
#2667=VECTOR('',#2666,1.E-2);
#2668=CARTESIAN_POINT('',(-2.316666661203E0,7.94E0,1.238297873735E0));
#2669=LINE('',#2668,#2667);
#2670=DIRECTION('',(4.440892098500E-14,1.E0,-4.440892098500E-14));
#2671=VECTOR('',#2670,1.E-2);
#2672=CARTESIAN_POINT('',(-2.3625E0,7.94E0,1.214893621206E0));
#2673=LINE('',#2672,#2671);
#2674=DIRECTION('',(4.440892098500E-14,1.E0,0.E0));
#2675=VECTOR('',#2674,1.E-2);
#2676=CARTESIAN_POINT('',(-2.43125E0,7.94E0,1.144680863619E0));
#2677=LINE('',#2676,#2675);
#2678=DIRECTION('',(-4.364186300695E-13,3.794944609300E-14,-1.E0));
#2679=VECTOR('',#2678,7.021275758730E-2);
#2680=CARTESIAN_POINT('',(-2.477083332650E0,7.95E0,1.051063853502E0));
#2681=LINE('',#2680,#2679);
#2682=DIRECTION('',(4.364186300695E-13,0.E0,1.E0));
#2683=VECTOR('',#2682,7.021275758730E-2);
#2684=CARTESIAN_POINT('',(-2.477083332650E0,7.94E0,9.808510959147E-1));
#2685=LINE('',#2684,#2683);
#2686=DIRECTION('',(0.E0,1.E0,4.440892098500E-14));
#2687=VECTOR('',#2686,1.E-2);
#2688=CARTESIAN_POINT('',(-2.477083332650E0,7.94E0,1.051063853502E0));
#2689=LINE('',#2688,#2687);
#2690=DIRECTION('',(4.440892098500E-14,1.E0,6.661338147750E-14));
#2691=VECTOR('',#2690,1.E-2);
#2692=CARTESIAN_POINT('',(-2.477083332650E0,7.94E0,9.808510959147E-1));
#2693=LINE('',#2692,#2691);
#2694=DIRECTION('',(0.E0,1.E0,-7.771561172375E-14));
#2695=VECTOR('',#2694,1.E-2);
#2696=CARTESIAN_POINT('',(-2.43125E0,7.94E0,8.638297677040E-1));
#2697=LINE('',#2696,#2695);
#2698=DIRECTION('',(-1.332267629550E-13,1.E0,-5.551115123125E-14));
#2699=VECTOR('',#2698,1.E-2);
#2700=CARTESIAN_POINT('',(-2.3625E0,7.94E0,7.936170101166E-1));
#2701=LINE('',#2700,#2699);
#2702=DIRECTION('',(0.E0,1.E0,5.551115123125E-14));
#2703=VECTOR('',#2702,1.E-2);
#2704=CARTESIAN_POINT('',(-2.247916661203E0,7.94E0,7.234042525292E-1));
#2705=LINE('',#2704,#2703);
#2706=DIRECTION('',(1.E0,0.E0,2.991547117764E-13));
#2707=VECTOR('',#2706,9.166664481200E-2);
#2708=CARTESIAN_POINT('',(-2.133333322406E0,7.95E0,7.E-1));
#2709=LINE('',#2708,#2707);
#2710=DIRECTION('',(-1.E0,0.E0,-2.955212537386E-13));
#2711=VECTOR('',#2710,9.166664481200E-2);
#2712=CARTESIAN_POINT('',(-2.041666677594E0,7.94E0,7.E-1));
#2713=LINE('',#2712,#2711);
#2714=DIRECTION('',(8.881784197E-14,1.E0,2.220446049250E-14));
#2715=VECTOR('',#2714,1.E-2);
#2716=CARTESIAN_POINT('',(-2.133333322406E0,7.94E0,7.E-1));
#2717=LINE('',#2716,#2715);
#2718=DIRECTION('',(4.440892098500E-14,1.E0,5.551115123125E-14));
#2719=VECTOR('',#2718,1.E-2);
#2720=CARTESIAN_POINT('',(-2.041666677594E0,7.94E0,7.E-1));
#2721=LINE('',#2720,#2719);
#2722=DIRECTION('',(2.220446049250E-14,1.E0,6.661338147750E-14));
#2723=VECTOR('',#2722,1.E-2);
#2724=CARTESIAN_POINT('',(-1.927083355188E0,7.94E0,7.234042525292E-1));
#2725=LINE('',#2724,#2723);
#2726=DIRECTION('',(-6.661338147750E-14,1.E0,0.E0));
#2727=VECTOR('',#2726,1.E-2);
#2728=CARTESIAN_POINT('',(-1.8125E0,7.94E0,7.936170101167E-1));
#2729=LINE('',#2728,#2727);
#2730=DIRECTION('',(-8.881784197E-14,1.E0,-6.661338147750E-14));
#2731=VECTOR('',#2730,1.E-2);
#2732=CARTESIAN_POINT('',(-1.74375E0,7.94E0,8.638297677040E-1));
#2733=LINE('',#2732,#2731);
#2734=DIRECTION('',(-1.739349612597E-13,0.E0,1.E0));
#2735=VECTOR('',#2734,7.021275758724E-2);
#2736=CARTESIAN_POINT('',(-1.697916644812E0,7.95E0,9.808510959148E-1));
#2737=LINE('',#2736,#2735);
#2738=DIRECTION('',(1.676100535776E-13,0.E0,-1.E0));
#2739=VECTOR('',#2738,7.021275758724E-2);
#2740=CARTESIAN_POINT('',(-1.697916644812E0,7.94E0,1.051063853502E0));
#2741=LINE('',#2740,#2739);
#2742=DIRECTION('',(2.220446049250E-14,1.E0,4.440892098500E-14));
#2743=VECTOR('',#2742,1.E-2);
#2744=CARTESIAN_POINT('',(-1.697916644812E0,7.94E0,9.808510959148E-1));
#2745=LINE('',#2744,#2743);
#2746=DIRECTION('',(6.661338147750E-14,1.E0,2.220446049250E-14));
#2747=VECTOR('',#2746,1.E-2);
#2748=CARTESIAN_POINT('',(-1.697916644812E0,7.94E0,1.051063853502E0));
#2749=LINE('',#2748,#2747);
#2750=DIRECTION('',(-6.661338147750E-14,1.E0,2.220446049250E-14));
#2751=VECTOR('',#2750,1.E-2);
#2752=CARTESIAN_POINT('',(-1.74375E0,7.94E0,1.144680863619E0));
#2753=LINE('',#2752,#2751);
#2754=DIRECTION('',(0.E0,1.E0,-1.110223024625E-13));
#2755=VECTOR('',#2754,1.E-2);
#2756=CARTESIAN_POINT('',(-1.8125E0,7.94E0,1.214893621206E0));
#2757=LINE('',#2756,#2755);
#2758=DIRECTION('',(-2.220446049250E-14,1.E0,-4.440892098500E-14));
#2759=VECTOR('',#2758,1.E-2);
#2760=CARTESIAN_POINT('',(-1.858333355188E0,7.94E0,1.238297873735E0));
#2761=LINE('',#2760,#2759);
#2762=DIRECTION('',(-2.220446049250E-14,1.E0,-1.332267629550E-13));
#2763=VECTOR('',#2762,1.E-2);
#2764=CARTESIAN_POINT('',(-1.8125E0,7.94E0,1.261702126265E0));
#2765=LINE('',#2764,#2763);
#2766=DIRECTION('',(0.E0,1.E0,-2.220446049250E-14));
#2767=VECTOR('',#2766,1.E-2);
#2768=CARTESIAN_POINT('',(-1.720833355188E0,7.94E0,1.331914883852E0));
#2769=LINE('',#2768,#2767);
#2770=DIRECTION('',(2.947406979863E-12,0.E0,1.E0));
#2771=VECTOR('',#2770,7.021275758795E-2);
#2772=CARTESIAN_POINT('',(-1.675E0,7.95E0,1.448936179280E0));
#2773=LINE('',#2772,#2771);
#2774=DIRECTION('',(-2.937919618339E-12,0.E0,-1.E0));
#2775=VECTOR('',#2774,7.021275758795E-2);
#2776=CARTESIAN_POINT('',(-1.675E0,7.94E0,1.519148936868E0));
#2777=LINE('',#2776,#2775);
#2778=DIRECTION('',(-2.220446049250E-14,1.E0,-4.440892098500E-14));
#2779=VECTOR('',#2778,1.E-2);
#2780=CARTESIAN_POINT('',(-1.675E0,7.94E0,1.448936179280E0));
#2781=LINE('',#2780,#2779);
#2782=DIRECTION('',(0.E0,1.E0,-2.220446049250E-14));
#2783=VECTOR('',#2782,1.E-2);
#2784=CARTESIAN_POINT('',(-1.675E0,7.94E0,1.519148936868E0));
#2785=LINE('',#2784,#2783);
#2786=DIRECTION('',(6.661338147750E-14,1.E0,-4.440892098500E-14));
#2787=VECTOR('',#2786,1.E-2);
#2788=CARTESIAN_POINT('',(-1.720833355188E0,7.94E0,1.636170215905E0));
#2789=LINE('',#2788,#2787);
#2790=DIRECTION('',(-6.661338147750E-14,1.E0,2.220446049250E-14));
#2791=VECTOR('',#2790,1.E-2);
#2792=CARTESIAN_POINT('',(-1.789583355188E0,7.94E0,1.706382981688E0));
#2793=LINE('',#2792,#2791);
#2794=DIRECTION('',(-2.220446049250E-14,1.E0,-8.881784197E-14));
#2795=VECTOR('',#2794,1.E-2);
#2796=CARTESIAN_POINT('',(-1.904166644812E0,7.94E0,1.776595745422E0));
#2797=LINE('',#2796,#2795);
#2798=DIRECTION('',(-1.E0,0.E0,2.341561288301E-13));
#2799=VECTOR('',#2798,1.375E-1);
#2800=CARTESIAN_POINT('',(-2.01875E0,7.95E0,1.8E0));
#2801=LINE('',#2800,#2799);
#2802=DIRECTION('',(1.E0,0.E0,-2.390007383921E-13));
#2803=VECTOR('',#2802,1.375E-1);
#2804=CARTESIAN_POINT('',(-2.15625E0,7.94E0,1.8E0));
#2805=LINE('',#2804,#2803);
#2806=DIRECTION('',(0.E0,1.E0,0.E0));
#2807=VECTOR('',#2806,1.E-2);
#2808=CARTESIAN_POINT('',(-2.01875E0,7.94E0,1.8E0));
#2809=LINE('',#2808,#2807);
#2810=DIRECTION('',(-4.440892098500E-14,1.E0,0.E0));
#2811=VECTOR('',#2810,1.E-2);
#2812=CARTESIAN_POINT('',(-2.15625E0,7.94E0,1.8E0));
#2813=LINE('',#2812,#2811);
#2814=DIRECTION('',(8.881784197E-14,1.E0,-4.440892098500E-14));
#2815=VECTOR('',#2814,1.E-2);
#2816=CARTESIAN_POINT('',(-2.270833338797E0,7.94E0,1.776595745422E0));
#2817=LINE('',#2816,#2815);
#2818=DIRECTION('',(-4.440892098500E-14,1.E0,2.220446049250E-14));
#2819=VECTOR('',#2818,1.E-2);
#2820=CARTESIAN_POINT('',(-2.385416669399E0,7.94E0,1.706382981688E0));
#2821=LINE('',#2820,#2819);
#2822=DIRECTION('',(-4.440892098500E-14,1.E0,-2.220446049250E-14));
#2823=VECTOR('',#2822,1.E-2);
#2824=CARTESIAN_POINT('',(-2.454166665301E0,7.94E0,1.636170215905E0));
#2825=LINE('',#2824,#2823);
#2826=DIRECTION('',(2.953731887544E-12,0.E0,-1.E0));
#2827=VECTOR('',#2826,7.021275758798E-2);
#2828=CARTESIAN_POINT('',(-2.5E0,7.95E0,1.519148936868E0));
#2829=LINE('',#2828,#2827);
#2830=DIRECTION('',(-2.953731887544E-12,0.E0,1.E0));
#2831=VECTOR('',#2830,7.021275758798E-2);
#2832=CARTESIAN_POINT('',(-2.5E0,7.94E0,1.448936179280E0));
#2833=LINE('',#2832,#2831);
#2834=DIRECTION('',(-4.440892098500E-14,1.E0,-1.776356839400E-13));
#2835=VECTOR('',#2834,1.E-2);
#2836=CARTESIAN_POINT('',(-2.5E0,7.94E0,1.519148936868E0));
#2837=LINE('',#2836,#2835);
#2838=DIRECTION('',(-4.440892098500E-14,1.E0,0.E0));
#2839=VECTOR('',#2838,1.E-2);
#2840=CARTESIAN_POINT('',(-2.5E0,7.94E0,1.448936179280E0));
#2841=LINE('',#2840,#2839);
#2842=DIRECTION('',(0.E0,-1.E0,6.661338147750E-14));
#2843=VECTOR('',#2842,1.E-2);
#2844=CARTESIAN_POINT('',(-2.3625E0,7.95E0,1.261702126265E0));
#2845=LINE('',#2844,#2843);
#2846=DIRECTION('',(-4.440892098500E-14,1.E0,4.440892098500E-14));
#2847=VECTOR('',#2846,1.E-2);
#2848=CARTESIAN_POINT('',(-2.454166665301E0,7.94E0,1.331914883852E0));
#2849=LINE('',#2848,#2847);
#2850=DIRECTION('',(8.906053088221E-1,1.725853792292E-14,-4.547770705498E-1));
#2851=VECTOR('',#2850,5.146313225759E-2);
#2852=CARTESIAN_POINT('',(-2.3625E0,7.94E0,1.261702126265E0));
#2853=LINE('',#2852,#2851);
#2854=DIRECTION('',(-8.906053088243E-1,0.E0,-4.547770705455E-1));
#2855=VECTOR('',#2854,5.146313225735E-2);
#2856=CARTESIAN_POINT('',(-2.316666661203E0,7.94E0,1.238297873735E0));
#2857=LINE('',#2856,#2855);
#2858=DIRECTION('',(-6.996248351870E-1,0.E0,-7.145103848018E-1));
#2859=VECTOR('',#2858,9.826695186061E-2);
#2860=CARTESIAN_POINT('',(-2.3625E0,7.94E0,1.214893621206E0));
#2861=LINE('',#2860,#2859);
#2862=DIRECTION('',(-4.397134905367E-1,0.E0,-8.981380997597E-1));
#2863=VECTOR('',#2862,1.042345382541E-1);
#2864=CARTESIAN_POINT('',(-2.43125E0,7.94E0,1.144680863619E0));
#2865=LINE('',#2864,#2863);
#2866=DIRECTION('',(3.646917540421E-1,0.E0,-9.311283072347E-1));
#2867=VECTOR('',#2866,1.256769097250E-1);
#2868=CARTESIAN_POINT('',(-2.477083332650E0,7.94E0,9.808510959147E-1));
#2869=LINE('',#2868,#2867);
#2870=DIRECTION('',(6.996248351866E-1,0.E0,-7.145103848022E-1));
#2871=VECTOR('',#2870,9.826695186084E-2);
#2872=CARTESIAN_POINT('',(-2.43125E0,7.94E0,8.638297677040E-1));
#2873=LINE('',#2872,#2871);
#2874=DIRECTION('',(8.526534337091E-1,0.E0,-5.224769104794E-1));
#2875=VECTOR('',#2874,1.343844219316E-1);
#2876=CARTESIAN_POINT('',(-2.3625E0,7.94E0,7.936170101166E-1));
#2877=LINE('',#2876,#2875);
#2878=DIRECTION('',(9.797707111492E-1,0.E0,-2.001233459001E-1));
#2879=VECTOR('',#2878,1.169491366634E-1);
#2880=CARTESIAN_POINT('',(-2.247916661203E0,7.94E0,7.234042525292E-1));
#2881=LINE('',#2880,#2879);
#2882=DIRECTION('',(9.797707055361E-1,0.E0,2.001233733810E-1));
#2883=VECTOR('',#2882,1.169491206039E-1);
#2884=CARTESIAN_POINT('',(-2.041666677594E0,7.94E0,7.E-1));
#2885=LINE('',#2884,#2883);
#2886=DIRECTION('',(8.526534670047E-1,0.E0,5.224768561429E-1));
#2887=VECTOR('',#2886,1.343844359075E-1);
#2888=CARTESIAN_POINT('',(-1.927083355188E0,7.94E0,7.234042525292E-1));
#2889=LINE('',#2888,#2887);
#2890=DIRECTION('',(6.996248351877E-1,0.E0,7.145103848011E-1));
#2891=VECTOR('',#2890,9.826695186083E-2);
#2892=CARTESIAN_POINT('',(-1.8125E0,7.94E0,7.936170101167E-1));
#2893=LINE('',#2892,#2891);
#2894=DIRECTION('',(3.646919095227E-1,0.E0,9.311282463381E-1));
#2895=VECTOR('',#2894,1.256769179444E-1);
#2896=CARTESIAN_POINT('',(-1.74375E0,7.94E0,8.638297677040E-1));
#2897=LINE('',#2896,#2895);
#2898=DIRECTION('',(-4.397136649530E-1,0.E0,8.981380143684E-1));
#2899=VECTOR('',#2898,1.042345481644E-1);
#2900=CARTESIAN_POINT('',(-1.697916644812E0,7.94E0,1.051063853502E0));
#2901=LINE('',#2900,#2899);
#2902=DIRECTION('',(-6.996248351879E-1,0.E0,7.145103848009E-1));
#2903=VECTOR('',#2902,9.826695186061E-2);
#2904=CARTESIAN_POINT('',(-1.74375E0,7.94E0,1.144680863619E0));
#2905=LINE('',#2904,#2903);
#2906=DIRECTION('',(-8.906053746962E-1,5.177559908253E-14,4.547769415463E-1));
#2907=VECTOR('',#2906,5.146314685520E-2);
#2908=CARTESIAN_POINT('',(-1.8125E0,7.94E0,1.214893621206E0));
#2909=LINE('',#2908,#2907);
#2910=DIRECTION('',(8.906053746942E-1,-5.177559908228E-14,4.547769415502E-1));
#2911=VECTOR('',#2910,5.146314685545E-2);
#2912=CARTESIAN_POINT('',(-1.858333355188E0,7.94E0,1.238297873735E0));
#2913=LINE('',#2912,#2911);
#2914=DIRECTION('',(7.938781110092E-1,0.E0,6.080769234731E-1));
#2915=VECTOR('',#2914,1.154669004479E-1);
#2916=CARTESIAN_POINT('',(-1.8125E0,7.94E0,1.261702126265E0));
#2917=LINE('',#2916,#2915);
#2918=DIRECTION('',(3.646919981003E-1,0.E0,9.311282116452E-1));
#2919=VECTOR('',#2918,1.256768874195E-1);
#2920=CARTESIAN_POINT('',(-1.720833355188E0,7.94E0,1.331914883852E0));
#2921=LINE('',#2920,#2919);
#2922=DIRECTION('',(-3.646920423915E-1,0.E0,9.311281942978E-1));
#2923=VECTOR('',#2922,1.256768721572E-1);
#2924=CARTESIAN_POINT('',(-1.675E0,7.94E0,1.519148936868E0));
#2925=LINE('',#2924,#2923);
#2926=DIRECTION('',(-6.996247934950E-1,0.E0,7.145104256252E-1));
#2927=VECTOR('',#2926,9.826695771662E-2);
#2928=CARTESIAN_POINT('',(-1.720833355188E0,7.94E0,1.636170215905E0));
#2929=LINE('',#2928,#2927);
#2930=DIRECTION('',(-8.526533134428E-1,0.E0,5.224771067473E-1));
#2931=VECTOR('',#2930,1.343843832155E-1);
#2932=CARTESIAN_POINT('',(-1.789583355188E0,7.94E0,1.706382981688E0));
#2933=LINE('',#2932,#2931);
#2934=DIRECTION('',(-9.797707133279E-1,0.E0,2.001233352335E-1));
#2935=VECTOR('',#2934,1.169491531329E-1);
#2936=CARTESIAN_POINT('',(-1.904166644812E0,7.94E0,1.776595745422E0));
#2937=LINE('',#2936,#2935);
#2938=DIRECTION('',(-9.797707077146E-1,0.E0,-2.001233627151E-1));
#2939=VECTOR('',#2938,1.169491370735E-1);
#2940=CARTESIAN_POINT('',(-2.15625E0,7.94E0,1.8E0));
#2941=LINE('',#2940,#2939);
#2942=DIRECTION('',(-8.526533966835E-1,0.E0,-5.224769709030E-1));
#2943=VECTOR('',#2942,1.343844181555E-1);
#2944=CARTESIAN_POINT('',(-2.270833338797E0,7.94E0,1.776595745422E0));
#2945=LINE('',#2944,#2943);
#2946=DIRECTION('',(-6.996247722058E-1,0.E0,-7.145104464709E-1));
#2947=VECTOR('',#2946,9.826695484958E-2);
#2948=CARTESIAN_POINT('',(-2.385416669399E0,7.94E0,1.706382981688E0));
#2949=LINE('',#2948,#2947);
#2950=DIRECTION('',(-3.646919010447E-1,0.E0,-9.311282496587E-1));
#2951=VECTOR('',#2950,1.256768646850E-1);
#2952=CARTESIAN_POINT('',(-2.454166665301E0,7.94E0,1.636170215905E0));
#2953=LINE('',#2952,#2951);
#2954=DIRECTION('',(3.646918567535E-1,0.E0,-9.311282670060E-1));
#2955=VECTOR('',#2954,1.256768799473E-1);
#2956=CARTESIAN_POINT('',(-2.5E0,7.94E0,1.448936179280E0));
#2957=LINE('',#2956,#2955);
#2958=DIRECTION('',(7.938781766209E-1,0.E0,-6.080768378133E-1));
#2959=VECTOR('',#2958,1.154669167137E-1);
#2960=CARTESIAN_POINT('',(-2.454166665301E0,7.94E0,1.331914883852E0));
#2961=LINE('',#2960,#2959);
#2962=DIRECTION('',(9.689177247621E-1,0.E0,2.473831898934E-1));
#2963=VECTOR('',#2962,9.460728733856E-2);
#2964=CARTESIAN_POINT('',(-2.225E0,7.94E0,1.659574468434E0));
#2965=LINE('',#2964,#2963);
#2966=DIRECTION('',(9.689177247620E-1,0.E0,-2.473831898936E-1));
#2967=VECTOR('',#2966,9.460728733855E-2);
#2968=CARTESIAN_POINT('',(-2.041666677594E0,7.94E0,1.682978720963E0));
#2969=LINE('',#2968,#2967);
#2970=DIRECTION('',(8.906052429495E-1,0.E0,-4.547771995503E-1));
#2971=VECTOR('',#2970,1.029262353185E-1);
#2972=CARTESIAN_POINT('',(-1.95E0,7.94E0,1.659574468434E0));
#2973=LINE('',#2972,#2971);
#2974=DIRECTION('',(5.919094814255E-1,0.E0,-8.060044452722E-1));
#2975=VECTOR('',#2974,1.161495163665E-1);
#2976=CARTESIAN_POINT('',(-1.858333355188E0,7.94E0,1.612765963376E0));
#2977=LINE('',#2976,#2975);
#2978=DIRECTION('',(-5.919094140959E-1,0.E0,-8.060044947174E-1));
#2979=VECTOR('',#2978,1.161495295778E-1);
#2980=CARTESIAN_POINT('',(-1.789583355188E0,7.94E0,1.448936179280E0));
#2981=LINE('',#2980,#2979);
#2982=DIRECTION('',(-8.906052429505E-1,0.E0,-4.547771995484E-1));
#2983=VECTOR('',#2982,1.029262353185E-1);
#2984=CARTESIAN_POINT('',(-1.858333355188E0,7.94E0,1.355319136381E0));
#2985=LINE('',#2984,#2983);
#2986=DIRECTION('',(-9.689177247616E-1,0.E0,-2.473831898954E-1));
#2987=VECTOR('',#2986,9.460728733856E-2);
#2988=CARTESIAN_POINT('',(-1.95E0,7.94E0,1.308510631323E0));
#2989=LINE('',#2988,#2987);
#2990=DIRECTION('',(-9.689177247622E-1,0.E0,2.473831898931E-1));
#2991=VECTOR('',#2990,9.460728733861E-2);
#2992=CARTESIAN_POINT('',(-2.133333322406E0,7.94E0,1.285106378794E0));
#2993=LINE('',#2992,#2991);
#2994=DIRECTION('',(-8.906052758857E-1,0.E0,4.547771350503E-1));
#2995=VECTOR('',#2994,1.029262499164E-1);
#2996=CARTESIAN_POINT('',(-2.225E0,7.94E0,1.308510631323E0));
#2997=LINE('',#2996,#2995);
#2998=DIRECTION('',(-5.919094599390E-1,0.E0,8.060044610514E-1));
#2999=VECTOR('',#2998,1.161495344291E-1);
#3000=CARTESIAN_POINT('',(-2.316666661203E0,7.94E0,1.355319136381E0));
#3001=LINE('',#3000,#2999);
#3002=DIRECTION('',(5.919095272637E-1,0.E0,8.060044116098E-1));
#3003=VECTOR('',#3002,1.161495212178E-1);
#3004=CARTESIAN_POINT('',(-2.385416669399E0,7.94E0,1.519148936868E0));
#3005=LINE('',#3004,#3003);
#3006=DIRECTION('',(8.906052758872E-1,0.E0,4.547771350474E-1));
#3007=VECTOR('',#3006,1.029262499165E-1);
#3008=CARTESIAN_POINT('',(-2.316666661203E0,7.94E0,1.612765963376E0));
#3009=LINE('',#3008,#3007);
#3010=DIRECTION('',(-9.689177247616E-1,0.E0,-2.473831898955E-1));
#3011=VECTOR('',#3010,9.460728733863E-2);
#3012=CARTESIAN_POINT('',(-1.95E0,7.94E0,8.404255151749E-1));
#3013=LINE('',#3012,#3011);
#3014=DIRECTION('',(-9.689177247615E-1,0.E0,2.473831898958E-1));
#3015=VECTOR('',#3014,9.460728733862E-2);
#3016=CARTESIAN_POINT('',(-2.133333322406E0,7.94E0,8.170212626457E-1));
#3017=LINE('',#3016,#3015);
#3018=DIRECTION('',(-7.938781634989E-1,0.E0,6.080768549448E-1));
#3019=VECTOR('',#3018,1.154669134607E-1);
#3020=CARTESIAN_POINT('',(-2.225E0,7.94E0,8.404255151749E-1));
#3021=LINE('',#3020,#3019);
#3022=DIRECTION('',(-5.466222343962E-1,0.E0,8.373793243588E-1));
#3023=VECTOR('',#3022,8.384828847583E-2);
#3024=CARTESIAN_POINT('',(-2.316666661203E0,7.94E0,9.106382727623E-1));
#3025=LINE('',#3024,#3023);
#3026=DIRECTION('',(5.466225923180E-1,0.E0,8.373790907155E-1));
#3027=VECTOR('',#3026,8.384823357342E-2);
#3028=CARTESIAN_POINT('',(-2.3625E0,7.94E0,1.027659600973E0));
#3029=LINE('',#3028,#3027);
#3030=DIRECTION('',(7.938781634990E-1,0.E0,6.080768549447E-1));
#3031=VECTOR('',#3030,1.154669134604E-1);
#3032=CARTESIAN_POINT('',(-2.316666661203E0,7.94E0,1.097872358561E0));
#3033=LINE('',#3032,#3031);
#3034=DIRECTION('',(9.689177247620E-1,0.E0,2.473831898936E-1));
#3035=VECTOR('',#3034,9.460728733853E-2);
#3036=CARTESIAN_POINT('',(-2.225E0,7.94E0,1.168085116148E0));
#3037=LINE('',#3036,#3035);
#3038=DIRECTION('',(9.689177247622E-1,0.E0,-2.473831898931E-1));
#3039=VECTOR('',#3038,9.460728733855E-2);
#3040=CARTESIAN_POINT('',(-2.041666677594E0,7.94E0,1.191489368677E0));
#3041=LINE('',#3040,#3039);
#3042=DIRECTION('',(7.938781110089E-1,0.E0,-6.080769234734E-1));
#3043=VECTOR('',#3042,1.154669004479E-1);
#3044=CARTESIAN_POINT('',(-1.95E0,7.94E0,1.168085116148E0));
#3045=LINE('',#3044,#3043);
#3046=DIRECTION('',(5.466227293937E-1,0.E0,-8.373790012355E-1));
#3047=VECTOR('',#3046,8.384824253310E-2);
#3048=CARTESIAN_POINT('',(-1.858333355188E0,7.94E0,1.097872358561E0));
#3049=LINE('',#3048,#3047);
#3050=DIRECTION('',(-5.466223714720E-1,0.E0,-8.373792348789E-1));
#3051=VECTOR('',#3050,8.384829743550E-2);
#3052=CARTESIAN_POINT('',(-1.8125E0,7.94E0,9.808510959149E-1));
#3053=LINE('',#3052,#3051);
#3054=DIRECTION('',(-7.938781110089E-1,0.E0,-6.080769234735E-1));
#3055=VECTOR('',#3054,1.154669004481E-1);
#3056=CARTESIAN_POINT('',(-1.858333355188E0,7.94E0,9.106382727624E-1));
#3057=LINE('',#3056,#3055);
#3058=DIRECTION('',(-9.689177247621E-1,0.E0,-2.473831898934E-1));
#3059=VECTOR('',#3058,9.460728733856E-2);
#3060=CARTESIAN_POINT('',(-2.133333322406E0,7.95E0,1.682978720963E0));
#3061=LINE('',#3060,#3059);
#3062=DIRECTION('',(-8.906052758872E-1,0.E0,-4.547771350474E-1));
#3063=VECTOR('',#3062,1.029262499165E-1);
#3064=CARTESIAN_POINT('',(-2.225E0,7.95E0,1.659574468434E0));
#3065=LINE('',#3064,#3063);
#3066=DIRECTION('',(-5.919095272637E-1,0.E0,-8.060044116098E-1));
#3067=VECTOR('',#3066,1.161495212178E-1);
#3068=CARTESIAN_POINT('',(-2.316666661203E0,7.95E0,1.612765963376E0));
#3069=LINE('',#3068,#3067);
#3070=DIRECTION('',(5.919094599390E-1,0.E0,-8.060044610514E-1));
#3071=VECTOR('',#3070,1.161495344291E-1);
#3072=CARTESIAN_POINT('',(-2.385416669399E0,7.95E0,1.448936179280E0));
#3073=LINE('',#3072,#3071);
#3074=DIRECTION('',(8.906052758857E-1,0.E0,-4.547771350503E-1));
#3075=VECTOR('',#3074,1.029262499164E-1);
#3076=CARTESIAN_POINT('',(-2.316666661203E0,7.95E0,1.355319136381E0));
#3077=LINE('',#3076,#3075);
#3078=DIRECTION('',(9.689177247622E-1,0.E0,-2.473831898931E-1));
#3079=VECTOR('',#3078,9.460728733861E-2);
#3080=CARTESIAN_POINT('',(-2.225E0,7.95E0,1.308510631323E0));
#3081=LINE('',#3080,#3079);
#3082=DIRECTION('',(9.689177247616E-1,0.E0,2.473831898954E-1));
#3083=VECTOR('',#3082,9.460728733856E-2);
#3084=CARTESIAN_POINT('',(-2.041666677594E0,7.95E0,1.285106378794E0));
#3085=LINE('',#3084,#3083);
#3086=DIRECTION('',(8.906052429505E-1,0.E0,4.547771995484E-1));
#3087=VECTOR('',#3086,1.029262353185E-1);
#3088=CARTESIAN_POINT('',(-1.95E0,7.95E0,1.308510631323E0));
#3089=LINE('',#3088,#3087);
#3090=DIRECTION('',(5.919094140959E-1,0.E0,8.060044947174E-1));
#3091=VECTOR('',#3090,1.161495295778E-1);
#3092=CARTESIAN_POINT('',(-1.858333355188E0,7.95E0,1.355319136381E0));
#3093=LINE('',#3092,#3091);
#3094=DIRECTION('',(-5.919094814255E-1,0.E0,8.060044452722E-1));
#3095=VECTOR('',#3094,1.161495163665E-1);
#3096=CARTESIAN_POINT('',(-1.789583355188E0,7.95E0,1.519148936868E0));
#3097=LINE('',#3096,#3095);
#3098=DIRECTION('',(-8.906052429495E-1,0.E0,4.547771995503E-1));
#3099=VECTOR('',#3098,1.029262353185E-1);
#3100=CARTESIAN_POINT('',(-1.858333355188E0,7.95E0,1.612765963376E0));
#3101=LINE('',#3100,#3099);
#3102=DIRECTION('',(-9.689177247620E-1,0.E0,2.473831898936E-1));
#3103=VECTOR('',#3102,9.460728733855E-2);
#3104=CARTESIAN_POINT('',(-1.95E0,7.95E0,1.659574468434E0));
#3105=LINE('',#3104,#3103);
#3106=DIRECTION('',(0.E0,-1.E0,-4.440892098500E-14));
#3107=VECTOR('',#3106,1.E-2);
#3108=CARTESIAN_POINT('',(-2.225E0,7.95E0,1.659574468434E0));
#3109=LINE('',#3108,#3107);
#3110=DIRECTION('',(0.E0,1.E0,2.220446049250E-14));
#3111=VECTOR('',#3110,1.E-2);
#3112=CARTESIAN_POINT('',(-2.316666661203E0,7.94E0,1.612765963376E0));
#3113=LINE('',#3112,#3111);
#3114=DIRECTION('',(4.440892098500E-14,1.E0,0.E0));
#3115=VECTOR('',#3114,1.E-2);
#3116=CARTESIAN_POINT('',(-2.385416669399E0,7.94E0,1.519148936868E0));
#3117=LINE('',#3116,#3115);
#3118=DIRECTION('',(1.068909398279E-12,0.E0,1.E0));
#3119=VECTOR('',#3118,7.021275758778E-2);
#3120=CARTESIAN_POINT('',(-2.385416669399E0,7.95E0,1.448936179280E0));
#3121=LINE('',#3120,#3119);
#3122=DIRECTION('',(-1.062584490597E-12,-1.264981536425E-14,-1.E0));
#3123=VECTOR('',#3122,7.021275758778E-2);
#3124=CARTESIAN_POINT('',(-2.385416669399E0,7.94E0,1.519148936868E0));
#3125=LINE('',#3124,#3123);
#3126=DIRECTION('',(-4.440892098500E-14,1.E0,0.E0));
#3127=VECTOR('',#3126,1.E-2);
#3128=CARTESIAN_POINT('',(-2.385416669399E0,7.94E0,1.448936179280E0));
#3129=LINE('',#3128,#3127);
#3130=DIRECTION('',(1.332267629550E-13,1.E0,6.661338147750E-14));
#3131=VECTOR('',#3130,1.E-2);
#3132=CARTESIAN_POINT('',(-2.316666661203E0,7.94E0,1.355319136381E0));
#3133=LINE('',#3132,#3131);
#3134=DIRECTION('',(-4.440892098500E-14,1.E0,-2.220446049250E-14));
#3135=VECTOR('',#3134,1.E-2);
#3136=CARTESIAN_POINT('',(-2.225E0,7.94E0,1.308510631323E0));
#3137=LINE('',#3136,#3135);
#3138=DIRECTION('',(-8.881784197E-14,1.E0,2.220446049250E-14));
#3139=VECTOR('',#3138,1.E-2);
#3140=CARTESIAN_POINT('',(-2.133333322406E0,7.94E0,1.285106378794E0));
#3141=LINE('',#3140,#3139);
#3142=DIRECTION('',(-1.E0,0.E0,0.E0));
#3143=VECTOR('',#3142,9.166664481211E-2);
#3144=CARTESIAN_POINT('',(-2.041666677594E0,7.95E0,1.285106378794E0));
#3145=LINE('',#3144,#3143);
#3146=DIRECTION('',(1.E0,0.E0,0.E0));
#3147=VECTOR('',#3146,9.166664481211E-2);
#3148=CARTESIAN_POINT('',(-2.133333322406E0,7.94E0,1.285106378794E0));
#3149=LINE('',#3148,#3147);
#3150=DIRECTION('',(0.E0,1.E0,0.E0));
#3151=VECTOR('',#3150,1.E-2);
#3152=CARTESIAN_POINT('',(-2.041666677594E0,7.94E0,1.285106378794E0));
#3153=LINE('',#3152,#3151);
#3154=DIRECTION('',(-4.440892098500E-14,1.E0,-4.440892098500E-14));
#3155=VECTOR('',#3154,1.E-2);
#3156=CARTESIAN_POINT('',(-1.95E0,7.94E0,1.308510631323E0));
#3157=LINE('',#3156,#3155);
#3158=DIRECTION('',(6.661338147750E-14,1.E0,-2.220446049250E-14));
#3159=VECTOR('',#3158,1.E-2);
#3160=CARTESIAN_POINT('',(-1.858333355188E0,7.94E0,1.355319136381E0));
#3161=LINE('',#3160,#3159);
#3162=DIRECTION('',(-4.440892098500E-14,1.E0,6.661338147750E-14));
#3163=VECTOR('',#3162,1.E-2);
#3164=CARTESIAN_POINT('',(-1.789583355188E0,7.94E0,1.448936179280E0));
#3165=LINE('',#3164,#3163);
#3166=DIRECTION('',(-3.111854579605E-12,0.E0,-1.E0));
#3167=VECTOR('',#3166,7.021275758779E-2);
#3168=CARTESIAN_POINT('',(-1.789583355188E0,7.95E0,1.519148936868E0));
#3169=LINE('',#3168,#3167);
#3170=DIRECTION('',(3.092879856558E-12,0.E0,1.E0));
#3171=VECTOR('',#3170,7.021275758779E-2);
#3172=CARTESIAN_POINT('',(-1.789583355188E0,7.94E0,1.448936179280E0));
#3173=LINE('',#3172,#3171);
#3174=DIRECTION('',(6.661338147750E-14,1.E0,-6.661338147750E-14));
#3175=VECTOR('',#3174,1.E-2);
#3176=CARTESIAN_POINT('',(-1.789583355188E0,7.94E0,1.519148936868E0));
#3177=LINE('',#3176,#3175);
#3178=DIRECTION('',(6.661338147750E-14,1.E0,-1.776356839400E-13));
#3179=VECTOR('',#3178,1.E-2);
#3180=CARTESIAN_POINT('',(-1.858333355188E0,7.94E0,1.612765963376E0));
#3181=LINE('',#3180,#3179);
#3182=DIRECTION('',(6.661338147750E-14,1.E0,0.E0));
#3183=VECTOR('',#3182,1.E-2);
#3184=CARTESIAN_POINT('',(-1.95E0,7.94E0,1.659574468434E0));
#3185=LINE('',#3184,#3183);
#3186=DIRECTION('',(-1.332267629550E-13,1.E0,4.440892098500E-14));
#3187=VECTOR('',#3186,1.E-2);
#3188=CARTESIAN_POINT('',(-2.041666677594E0,7.94E0,1.682978720963E0));
#3189=LINE('',#3188,#3187);
#3190=DIRECTION('',(1.E0,0.E0,0.E0));
#3191=VECTOR('',#3190,9.166664481197E-2);
#3192=CARTESIAN_POINT('',(-2.133333322406E0,7.95E0,1.682978720963E0));
#3193=LINE('',#3192,#3191);
#3194=DIRECTION('',(-1.E0,0.E0,0.E0));
#3195=VECTOR('',#3194,9.166664481197E-2);
#3196=CARTESIAN_POINT('',(-2.041666677594E0,7.94E0,1.682978720963E0));
#3197=LINE('',#3196,#3195);
#3198=DIRECTION('',(8.881784197E-14,1.E0,1.110223024625E-13));
#3199=VECTOR('',#3198,1.E-2);
#3200=CARTESIAN_POINT('',(-2.133333322406E0,7.94E0,1.682978720963E0));
#3201=LINE('',#3200,#3199);
#3202=DIRECTION('',(9.689177247616E-1,0.E0,2.473831898955E-1));
#3203=VECTOR('',#3202,9.460728733863E-2);
#3204=CARTESIAN_POINT('',(-2.041666677594E0,7.95E0,8.170212626457E-1));
#3205=LINE('',#3204,#3203);
#3206=DIRECTION('',(7.938781110089E-1,-2.307618242768E-14,6.080769234735E-1));
#3207=VECTOR('',#3206,1.154669004481E-1);
#3208=CARTESIAN_POINT('',(-1.95E0,7.95E0,8.404255151749E-1));
#3209=LINE('',#3208,#3207);
#3210=DIRECTION('',(5.466223714720E-1,1.059268281963E-14,8.373792348789E-1));
#3211=VECTOR('',#3210,8.384829743550E-2);
#3212=CARTESIAN_POINT('',(-1.858333355188E0,7.95E0,9.106382727624E-1));
#3213=LINE('',#3212,#3211);
#3214=DIRECTION('',(-5.466227293937E-1,0.E0,8.373790012355E-1));
#3215=VECTOR('',#3214,8.384824253310E-2);
#3216=CARTESIAN_POINT('',(-1.8125E0,7.95E0,1.027659600973E0));
#3217=LINE('',#3216,#3215);
#3218=DIRECTION('',(-7.938781110090E-1,0.E0,6.080769234734E-1));
#3219=VECTOR('',#3218,1.154669004479E-1);
#3220=CARTESIAN_POINT('',(-1.858333355188E0,7.95E0,1.097872358561E0));
#3221=LINE('',#3220,#3219);
#3222=DIRECTION('',(-9.689177247622E-1,0.E0,2.473831898931E-1));
#3223=VECTOR('',#3222,9.460728733855E-2);
#3224=CARTESIAN_POINT('',(-1.95E0,7.95E0,1.168085116148E0));
#3225=LINE('',#3224,#3223);
#3226=DIRECTION('',(-9.689177247620E-1,0.E0,-2.473831898936E-1));
#3227=VECTOR('',#3226,9.460728733853E-2);
#3228=CARTESIAN_POINT('',(-2.133333322406E0,7.95E0,1.191489368677E0));
#3229=LINE('',#3228,#3227);
#3230=DIRECTION('',(-7.938781634990E-1,0.E0,-6.080768549447E-1));
#3231=VECTOR('',#3230,1.154669134604E-1);
#3232=CARTESIAN_POINT('',(-2.225E0,7.95E0,1.168085116148E0));
#3233=LINE('',#3232,#3231);
#3234=DIRECTION('',(-5.466225923180E-1,-3.177807266228E-14,-8.373790907155E-1));
#3235=VECTOR('',#3234,8.384823357342E-2);
#3236=CARTESIAN_POINT('',(-2.316666661203E0,7.95E0,1.097872358561E0));
#3237=LINE('',#3236,#3235);
#3238=DIRECTION('',(5.466222343962E-1,0.E0,-8.373793243588E-1));
#3239=VECTOR('',#3238,8.384828847583E-2);
#3240=CARTESIAN_POINT('',(-2.3625E0,7.95E0,9.808510959148E-1));
#3241=LINE('',#3240,#3239);
#3242=DIRECTION('',(7.938781634989E-1,0.E0,-6.080768549448E-1));
#3243=VECTOR('',#3242,1.154669134607E-1);
#3244=CARTESIAN_POINT('',(-2.316666661203E0,7.95E0,9.106382727623E-1));
#3245=LINE('',#3244,#3243);
#3246=DIRECTION('',(9.689177247615E-1,0.E0,-2.473831898958E-1));
#3247=VECTOR('',#3246,9.460728733862E-2);
#3248=CARTESIAN_POINT('',(-2.225E0,7.95E0,8.404255151749E-1));
#3249=LINE('',#3248,#3247);
#3250=DIRECTION('',(0.E0,-1.E0,-8.881784197E-14));
#3251=VECTOR('',#3250,1.E-2);
#3252=CARTESIAN_POINT('',(-1.95E0,7.95E0,8.404255151749E-1));
#3253=LINE('',#3252,#3251);
#3254=DIRECTION('',(-6.661338147750E-14,1.E0,1.110223024625E-14));
#3255=VECTOR('',#3254,1.E-2);
#3256=CARTESIAN_POINT('',(-1.858333355188E0,7.94E0,9.106382727624E-1));
#3257=LINE('',#3256,#3255);
#3258=DIRECTION('',(0.E0,1.E0,1.443289932012E-13));
#3259=VECTOR('',#3258,1.E-2);
#3260=CARTESIAN_POINT('',(-1.8125E0,7.94E0,9.808510959149E-1));
#3261=LINE('',#3260,#3259);
#3262=DIRECTION('',(4.079565455008E-13,0.E0,-1.E0));
#3263=VECTOR('',#3262,4.680850505808E-2);
#3264=CARTESIAN_POINT('',(-1.8125E0,7.95E0,1.027659600973E0));
#3265=LINE('',#3264,#3263);
#3266=DIRECTION('',(-4.269312685474E-13,0.E0,1.E0));
#3267=VECTOR('',#3266,4.680850505808E-2);
#3268=CARTESIAN_POINT('',(-1.8125E0,7.94E0,9.808510959149E-1));
#3269=LINE('',#3268,#3267);
#3270=DIRECTION('',(8.881784197E-14,1.E0,-6.661338147750E-14));
#3271=VECTOR('',#3270,1.E-2);
#3272=CARTESIAN_POINT('',(-1.8125E0,7.94E0,1.027659600973E0));
#3273=LINE('',#3272,#3271);
#3274=DIRECTION('',(8.881784197E-14,1.E0,4.440892098500E-14));
#3275=VECTOR('',#3274,1.E-2);
#3276=CARTESIAN_POINT('',(-1.858333355188E0,7.94E0,1.097872358561E0));
#3277=LINE('',#3276,#3275);
#3278=DIRECTION('',(-6.661338147750E-14,1.E0,0.E0));
#3279=VECTOR('',#3278,1.E-2);
#3280=CARTESIAN_POINT('',(-1.95E0,7.94E0,1.168085116148E0));
#3281=LINE('',#3280,#3279);
#3282=DIRECTION('',(0.E0,1.E0,2.220446049250E-14));
#3283=VECTOR('',#3282,1.E-2);
#3284=CARTESIAN_POINT('',(-2.041666677594E0,7.94E0,1.191489368677E0));
#3285=LINE('',#3284,#3283);
#3286=DIRECTION('',(1.E0,0.E0,0.E0));
#3287=VECTOR('',#3286,9.166664481197E-2);
#3288=CARTESIAN_POINT('',(-2.133333322406E0,7.95E0,1.191489368677E0));
#3289=LINE('',#3288,#3287);
#3290=DIRECTION('',(-1.E0,0.E0,0.E0));
#3291=VECTOR('',#3290,9.166664481197E-2);
#3292=CARTESIAN_POINT('',(-2.041666677594E0,7.94E0,1.191489368677E0));
#3293=LINE('',#3292,#3291);
#3294=DIRECTION('',(8.881784197E-14,1.E0,-4.440892098500E-14));
#3295=VECTOR('',#3294,1.E-2);
#3296=CARTESIAN_POINT('',(-2.133333322406E0,7.94E0,1.191489368677E0));
#3297=LINE('',#3296,#3295);
#3298=DIRECTION('',(-8.881784197E-14,1.E0,-1.110223024625E-13));
#3299=VECTOR('',#3298,1.E-2);
#3300=CARTESIAN_POINT('',(-2.225E0,7.94E0,1.168085116148E0));
#3301=LINE('',#3300,#3299);
#3302=DIRECTION('',(-4.440892098500E-14,1.E0,4.440892098500E-14));
#3303=VECTOR('',#3302,1.E-2);
#3304=CARTESIAN_POINT('',(-2.316666661203E0,7.94E0,1.097872358561E0));
#3305=LINE('',#3304,#3303);
#3306=DIRECTION('',(4.440892098500E-14,1.E0,4.440892098500E-14));
#3307=VECTOR('',#3306,1.E-2);
#3308=CARTESIAN_POINT('',(-2.3625E0,7.94E0,1.027659600973E0));
#3309=LINE('',#3308,#3307);
#3310=DIRECTION('',(5.407796068255E-13,-1.897472304651E-14,1.E0));
#3311=VECTOR('',#3310,4.680850505818E-2);
#3312=CARTESIAN_POINT('',(-2.3625E0,7.95E0,9.808510959148E-1));
#3313=LINE('',#3312,#3311);
#3314=DIRECTION('',(-5.407796068255E-13,-1.897472304651E-14,-1.E0));
#3315=VECTOR('',#3314,4.680850505818E-2);
#3316=CARTESIAN_POINT('',(-2.3625E0,7.94E0,1.027659600973E0));
#3317=LINE('',#3316,#3315);
#3318=DIRECTION('',(4.440892098500E-14,1.E0,8.881784197E-14));
#3319=VECTOR('',#3318,1.E-2);
#3320=CARTESIAN_POINT('',(-2.3625E0,7.94E0,9.808510959148E-1));
#3321=LINE('',#3320,#3319);
#3322=DIRECTION('',(-4.440892098500E-14,1.E0,-2.220446049250E-14));
#3323=VECTOR('',#3322,1.E-2);
#3324=CARTESIAN_POINT('',(-2.316666661203E0,7.94E0,9.106382727623E-1));
#3325=LINE('',#3324,#3323);
#3326=DIRECTION('',(-4.440892098500E-14,1.E0,0.E0));
#3327=VECTOR('',#3326,1.E-2);
#3328=CARTESIAN_POINT('',(-2.225E0,7.94E0,8.404255151749E-1));
#3329=LINE('',#3328,#3327);
#3330=DIRECTION('',(0.E0,1.E0,-5.551115123125E-14));
#3331=VECTOR('',#3330,1.E-2);
#3332=CARTESIAN_POINT('',(-2.133333322406E0,7.94E0,8.170212626457E-1));
#3333=LINE('',#3332,#3331);
#3334=DIRECTION('',(-1.E0,0.E0,-1.332267947182E-14));
#3335=VECTOR('',#3334,9.166664481200E-2);
#3336=CARTESIAN_POINT('',(-2.041666677594E0,7.95E0,8.170212626457E-1));
#3337=LINE('',#3336,#3335);
#3338=DIRECTION('',(1.E0,0.E0,0.E0));
#3339=VECTOR('',#3338,9.166664481200E-2);
#3340=CARTESIAN_POINT('',(-2.133333322406E0,7.94E0,8.170212626457E-1));
#3341=LINE('',#3340,#3339);
#3342=DIRECTION('',(8.881784197E-14,1.E0,3.330669073875E-14));
#3343=VECTOR('',#3342,1.E-2);
#3344=CARTESIAN_POINT('',(-2.041666677594E0,7.94E0,8.170212626457E-1));
#3345=LINE('',#3344,#3343);
#3346=DIRECTION('',(0.E0,0.E0,1.E0));
#3347=VECTOR('',#3346,1.1E0);
#3348=CARTESIAN_POINT('',(-1.216666710377E0,7.95E0,7.E-1));
#3349=LINE('',#3348,#3347);
#3350=DIRECTION('',(0.E0,0.E0,-1.E0));
#3351=VECTOR('',#3350,1.1E0);
#3352=CARTESIAN_POINT('',(-1.216666710377E0,7.94E0,1.8E0));
#3353=LINE('',#3352,#3351);
#3354=DIRECTION('',(-1.E0,0.E0,0.E0));
#3355=VECTOR('',#3354,1.375E-1);
#3356=CARTESIAN_POINT('',(-1.216666710377E0,7.95E0,1.8E0));
#3357=LINE('',#3356,#3355);
#3358=DIRECTION('',(1.E0,0.E0,0.E0));
#3359=VECTOR('',#3358,1.375E-1);
#3360=CARTESIAN_POINT('',(-1.354166710377E0,7.94E0,1.8E0));
#3361=LINE('',#3360,#3359);
#3362=DIRECTION('',(0.E0,1.E0,-8.881784197E-14));
#3363=VECTOR('',#3362,1.E-2);
#3364=CARTESIAN_POINT('',(-1.216666710377E0,7.94E0,1.8E0));
#3365=LINE('',#3364,#3363);
#3366=DIRECTION('',(-3.040820564184E-14,0.E0,-1.E0));
#3367=VECTOR('',#3366,9.127659797668E-1);
#3368=CARTESIAN_POINT('',(-1.354166710377E0,7.95E0,1.8E0));
#3369=LINE('',#3368,#3367);
#3370=DIRECTION('',(2.943514306131E-14,0.E0,1.E0));
#3371=VECTOR('',#3370,9.127659797668E-1);
#3372=CARTESIAN_POINT('',(-1.354166710377E0,7.94E0,8.872340202332E-1));
#3373=LINE('',#3372,#3371);
#3374=DIRECTION('',(8.881784197E-14,1.E0,2.220446049250E-14));
#3375=VECTOR('',#3374,1.E-2);
#3376=CARTESIAN_POINT('',(-1.354166710377E0,7.94E0,1.8E0));
#3377=LINE('',#3376,#3375);
#3378=DIRECTION('',(0.E0,1.E0,-3.330669073875E-14));
#3379=VECTOR('',#3378,1.E-2);
#3380=CARTESIAN_POINT('',(-1.354166710377E0,7.94E0,8.872340202332E-1));
#3381=LINE('',#3380,#3379);
#3382=DIRECTION('',(-6.166782830642E-14,0.E0,-1.E0));
#3383=VECTOR('',#3382,1.872340857980E-1);
#3384=CARTESIAN_POINT('',(-1.491666644812E0,7.95E0,1.051063853502E0));
#3385=LINE('',#3384,#3383);
#3386=DIRECTION('',(6.166782830642E-14,0.E0,1.E0));
#3387=VECTOR('',#3386,1.872340857980E-1);
#3388=CARTESIAN_POINT('',(-1.491666644812E0,7.94E0,8.638297677041E-1));
#3389=LINE('',#3388,#3387);
#3390=DIRECTION('',(-6.661338147750E-14,1.E0,8.881784197E-14));
#3391=VECTOR('',#3390,1.E-2);
#3392=CARTESIAN_POINT('',(-1.491666644812E0,7.94E0,1.051063853502E0));
#3393=LINE('',#3392,#3391);
#3394=DIRECTION('',(-2.220446049250E-14,1.E0,2.220446049250E-14));
#3395=VECTOR('',#3394,1.E-2);
#3396=CARTESIAN_POINT('',(-1.491666644812E0,7.94E0,8.638297677041E-1));
#3397=LINE('',#3396,#3395);
#3398=DIRECTION('',(1.E0,0.E0,-4.037174635003E-13));
#3399=VECTOR('',#3398,1.374999999999E-1);
#3400=CARTESIAN_POINT('',(-1.354166710377E0,7.95E0,7.000000000001E-1));
#3401=LINE('',#3400,#3399);
#3402=DIRECTION('',(0.E0,-1.E0,1.110223024625E-14));
#3403=VECTOR('',#3402,1.E-2);
#3404=CARTESIAN_POINT('',(-1.216666710377E0,7.95E0,7.E-1));
#3405=LINE('',#3404,#3403);
#3406=DIRECTION('',(-1.E0,0.E0,3.996802888652E-13));
#3407=VECTOR('',#3406,1.374999999999E-1);
#3408=CARTESIAN_POINT('',(-1.216666710377E0,7.94E0,7.E-1));
#3409=LINE('',#3408,#3407);
#3410=DIRECTION('',(1.332267629550E-13,1.E0,4.440892098500E-14));
#3411=VECTOR('',#3410,1.E-2);
#3412=CARTESIAN_POINT('',(-1.354166710377E0,7.94E0,7.000000000001E-1));
#3413=LINE('',#3412,#3411);
#3414=DIRECTION('',(-6.428709629094E-1,0.E0,7.659744937319E-1));
#3415=VECTOR('',#3414,2.138841888465E-1);
#3416=CARTESIAN_POINT('',(-1.354166710377E0,7.94E0,8.872340202332E-1));
#3417=LINE('',#3416,#3415);
#3418=DIRECTION('',(6.428711138589E-1,0.E0,-7.659743670423E-1));
#3419=VECTOR('',#3418,2.138841386255E-1);
#3420=CARTESIAN_POINT('',(-1.491666644812E0,7.94E0,8.638297677041E-1));
#3421=LINE('',#3420,#3419);
#3422=DIRECTION('',(0.E0,1.E0,2.220446049250E-14));
#3423=VECTOR('',#3422,1.E-2);
#3424=CARTESIAN_POINT('',(-2.770834207534E-1,7.94E0,1.682978720963E0));
#3425=LINE('',#3424,#3423);
#3426=DIRECTION('',(8.881784197001E-14,1.E0,1.332267629550E-13));
#3427=VECTOR('',#3426,1.E-2);
#3428=CARTESIAN_POINT('',(-3.458332896233E-1,7.94E0,1.729787234217E0));
#3429=LINE('',#3428,#3427);
#3430=DIRECTION('',(4.996003610813E-14,1.E0,-1.332267629550E-13));
#3431=VECTOR('',#3430,1.E-2);
#3432=CARTESIAN_POINT('',(-4.375E-1,7.94E0,1.776595745422E0));
#3433=LINE('',#3432,#3431);
#3434=DIRECTION('',(-1.E0,0.E0,0.E0));
#3435=VECTOR('',#3434,1.833332896233E-1);
#3436=CARTESIAN_POINT('',(-5.291667103767E-1,7.95E0,1.8E0));
#3437=LINE('',#3436,#3435);
#3438=DIRECTION('',(1.E0,0.E0,0.E0));
#3439=VECTOR('',#3438,1.833332896233E-1);
#3440=CARTESIAN_POINT('',(-7.125E-1,7.94E0,1.8E0));
#3441=LINE('',#3440,#3439);
#3442=DIRECTION('',(1.110223024625E-14,1.E0,-4.440892098500E-14));
#3443=VECTOR('',#3442,1.E-2);
#3444=CARTESIAN_POINT('',(-5.291667103767E-1,7.94E0,1.8E0));
#3445=LINE('',#3444,#3443);
#3446=DIRECTION('',(-1.110223024625E-14,1.E0,6.661338147750E-14));
#3447=VECTOR('',#3446,1.E-2);
#3448=CARTESIAN_POINT('',(-7.125E-1,7.94E0,1.8E0));
#3449=LINE('',#3448,#3447);
#3450=DIRECTION('',(-6.661338147750E-14,1.E0,-4.440892098500E-14));
#3451=VECTOR('',#3450,1.E-2);
#3452=CARTESIAN_POINT('',(-8.041667103767E-1,7.94E0,1.776595745422E0));
#3453=LINE('',#3452,#3451);
#3454=DIRECTION('',(5.551115123125E-14,1.E0,4.440892098500E-14));
#3455=VECTOR('',#3454,1.E-2);
#3456=CARTESIAN_POINT('',(-8.958332896233E-1,7.94E0,1.729787234217E0));
#3457=LINE('',#3456,#3455);
#3458=DIRECTION('',(1.110223024625E-14,1.E0,8.881784197E-14));
#3459=VECTOR('',#3458,1.E-2);
#3460=CARTESIAN_POINT('',(-9.645832896233E-1,7.94E0,1.682978720963E0));
#3461=LINE('',#3460,#3459);
#3462=DIRECTION('',(0.E0,1.E0,-4.440892098500E-14));
#3463=VECTOR('',#3462,1.E-2);
#3464=CARTESIAN_POINT('',(-1.010416710377E0,7.94E0,1.612765963376E0));
#3465=LINE('',#3464,#3463);
#3466=DIRECTION('',(1.E0,2.325413476840E-14,-1.162706738420E-13));
#3467=VECTOR('',#3466,1.145832896230E-1);
#3468=CARTESIAN_POINT('',(-1.033333289623E0,7.95E0,1.542553189397E0));
#3469=LINE('',#3468,#3467);
#3470=DIRECTION('',(-1.E0,0.E0,1.240220520981E-13));
#3471=VECTOR('',#3470,1.145832896230E-1);
#3472=CARTESIAN_POINT('',(-9.1875E-1,7.94E0,1.542553189397E0));
#3473=LINE('',#3472,#3471);
#3474=DIRECTION('',(-4.440892098500E-14,1.E0,0.E0));
#3475=VECTOR('',#3474,1.E-2);
#3476=CARTESIAN_POINT('',(-1.033333289623E0,7.94E0,1.542553189397E0));
#3477=LINE('',#3476,#3475);
#3478=DIRECTION('',(2.220446049250E-14,1.E0,1.332267629550E-13));
#3479=VECTOR('',#3478,1.E-2);
#3480=CARTESIAN_POINT('',(-9.1875E-1,7.94E0,1.542553189397E0));
#3481=LINE('',#3480,#3479);
#3482=DIRECTION('',(5.551115123125E-14,1.E0,8.881784197E-14));
#3483=VECTOR('',#3482,1.E-2);
#3484=CARTESIAN_POINT('',(-8.958332896234E-1,7.94E0,1.589361694455E0));
#3485=LINE('',#3484,#3483);
#3486=DIRECTION('',(-2.220446049250E-14,1.E0,-6.661338147750E-14));
#3487=VECTOR('',#3486,1.E-2);
#3488=CARTESIAN_POINT('',(-8.499999999999E-1,7.94E0,1.636170215905E0));
#3489=LINE('',#3488,#3487);
#3490=DIRECTION('',(2.220446049250E-14,1.E0,0.E0));
#3491=VECTOR('',#3490,1.E-2);
#3492=CARTESIAN_POINT('',(-8.041667103767E-1,7.94E0,1.659574468434E0));
#3493=LINE('',#3492,#3491);
#3494=DIRECTION('',(1.E0,1.937843824800E-14,1.437234170060E-13));
#3495=VECTOR('',#3494,1.375E-1);
#3496=CARTESIAN_POINT('',(-6.895832896233E-1,7.95E0,1.682978720963E0));
#3497=LINE('',#3496,#3495);
#3498=DIRECTION('',(-1.E0,0.E0,-1.469531567140E-13));
#3499=VECTOR('',#3498,1.375E-1);
#3500=CARTESIAN_POINT('',(-5.520832896233E-1,7.94E0,1.682978720963E0));
#3501=LINE('',#3500,#3499);
#3502=DIRECTION('',(-2.220446049250E-14,1.E0,8.881784197E-14));
#3503=VECTOR('',#3502,1.E-2);
#3504=CARTESIAN_POINT('',(-6.895832896233E-1,7.94E0,1.682978720963E0));
#3505=LINE('',#3504,#3503);
#3506=DIRECTION('',(-9.992007221625E-14,1.E0,4.440892098500E-14));
#3507=VECTOR('',#3506,1.E-2);
#3508=CARTESIAN_POINT('',(-5.520832896233E-1,7.94E0,1.682978720963E0));
#3509=LINE('',#3508,#3507);
#3510=DIRECTION('',(-9.992007221626E-14,1.E0,2.220446049250E-14));
#3511=VECTOR('',#3510,1.E-2);
#3512=CARTESIAN_POINT('',(-4.375E-1,7.94E0,1.659574468434E0));
#3513=LINE('',#3512,#3511);
#3514=DIRECTION('',(-1.110223024625E-14,1.E0,2.220446049250E-14));
#3515=VECTOR('',#3514,1.E-2);
#3516=CARTESIAN_POINT('',(-3.916667103767E-1,7.94E0,1.636170215905E0));
#3517=LINE('',#3516,#3515);
#3518=DIRECTION('',(-6.106226635437E-14,1.E0,-4.440892098500E-14));
#3519=VECTOR('',#3518,1.E-2);
#3520=CARTESIAN_POINT('',(-3.458332896232E-1,7.94E0,1.589361694455E0));
#3521=LINE('',#3520,#3519);
#3522=DIRECTION('',(4.506496723517E-13,0.E0,-1.E0));
#3523=VECTOR('',#3522,9.361701011697E-2);
#3524=CARTESIAN_POINT('',(-3.229167103768E-1,7.95E0,1.542553189397E0));
#3525=LINE('',#3524,#3523);
#3526=DIRECTION('',(-4.352327098765E-13,0.E0,1.E0));
#3527=VECTOR('',#3526,9.361701011697E-2);
#3528=CARTESIAN_POINT('',(-3.229167103767E-1,7.94E0,1.448936179280E0));
#3529=LINE('',#3528,#3527);
#3530=DIRECTION('',(-2.775557561562E-14,1.E0,-6.661338147750E-14));
#3531=VECTOR('',#3530,1.E-2);
#3532=CARTESIAN_POINT('',(-3.229167103768E-1,7.94E0,1.542553189397E0));
#3533=LINE('',#3532,#3531);
#3534=DIRECTION('',(1.332267629550E-13,1.E0,-4.440892098500E-14));
#3535=VECTOR('',#3534,1.E-2);
#3536=CARTESIAN_POINT('',(-3.229167103767E-1,7.94E0,1.448936179280E0));
#3537=LINE('',#3536,#3535);
#3538=DIRECTION('',(0.E0,1.E0,-4.440892098500E-14));
#3539=VECTOR('',#3538,1.E-2);
#3540=CARTESIAN_POINT('',(-3.687500000001E-1,7.94E0,1.355319136381E0));
#3541=LINE('',#3540,#3539);
#3542=DIRECTION('',(-1.110223024625E-14,1.E0,-2.220446049250E-14));
#3543=VECTOR('',#3542,1.E-2);
#3544=CARTESIAN_POINT('',(-4.375E-1,7.94E0,1.308510631323E0));
#3545=LINE('',#3544,#3543);
#3546=DIRECTION('',(-1.E0,0.E0,5.765082629777E-13));
#3547=VECTOR('',#3546,9.166671037671E-2);
#3548=CARTESIAN_POINT('',(-5.75E-1,7.95E0,1.285106378794E0));
#3549=LINE('',#3548,#3547);
#3550=DIRECTION('',(1.E0,0.E0,-5.765082629777E-13));
#3551=VECTOR('',#3550,9.166671037671E-2);
#3552=CARTESIAN_POINT('',(-6.666667103767E-1,7.94E0,1.285106378794E0));
#3553=LINE('',#3552,#3551);
#3554=DIRECTION('',(1.110223024625E-14,1.E0,2.220446049250E-14));
#3555=VECTOR('',#3554,1.E-2);
#3556=CARTESIAN_POINT('',(-5.75E-1,7.94E0,1.285106378794E0));
#3557=LINE('',#3556,#3555);
#3558=DIRECTION('',(0.E0,0.E0,-1.E0));
#3559=VECTOR('',#3558,9.361701011700E-2);
#3560=CARTESIAN_POINT('',(-6.666667103767E-1,7.95E0,1.285106378794E0));
#3561=LINE('',#3560,#3559);
#3562=DIRECTION('',(0.E0,0.E0,1.E0));
#3563=VECTOR('',#3562,9.361701011700E-2);
#3564=CARTESIAN_POINT('',(-6.666667103767E-1,7.94E0,1.191489368677E0));
#3565=LINE('',#3564,#3563);
#3566=DIRECTION('',(4.440892098500E-14,1.E0,0.E0));
#3567=VECTOR('',#3566,1.E-2);
#3568=CARTESIAN_POINT('',(-6.666667103767E-1,7.94E0,1.285106378794E0));
#3569=LINE('',#3568,#3567);
#3570=DIRECTION('',(1.E0,0.E0,1.579341964123E-12));
#3571=VECTOR('',#3570,9.166671037675E-2);
#3572=CARTESIAN_POINT('',(-6.666667103767E-1,7.95E0,1.191489368677E0));
#3573=LINE('',#3572,#3571);
#3574=DIRECTION('',(-1.E0,0.E0,-1.574497356871E-12));
#3575=VECTOR('',#3574,9.166671037675E-2);
#3576=CARTESIAN_POINT('',(-5.75E-1,7.94E0,1.191489368677E0));
#3577=LINE('',#3576,#3575);
#3578=DIRECTION('',(3.330669073875E-14,1.E0,0.E0));
#3579=VECTOR('',#3578,1.E-2);
#3580=CARTESIAN_POINT('',(-6.666667103767E-1,7.94E0,1.191489368677E0));
#3581=LINE('',#3580,#3579);
#3582=DIRECTION('',(0.E0,1.E0,4.440892098500E-14));
#3583=VECTOR('',#3582,1.E-2);
#3584=CARTESIAN_POINT('',(-5.75E-1,7.94E0,1.191489368677E0));
#3585=LINE('',#3584,#3583);
#3586=DIRECTION('',(2.220446049250E-14,1.E0,-8.881784197E-14));
#3587=VECTOR('',#3586,1.E-2);
#3588=CARTESIAN_POINT('',(-4.375000000001E-1,7.94E0,1.144680863619E0));
#3589=LINE('',#3588,#3587);
#3590=DIRECTION('',(8.326672684687E-14,1.E0,2.220446049250E-14));
#3591=VECTOR('',#3590,1.E-2);
#3592=CARTESIAN_POINT('',(-3.916667103768E-1,7.94E0,1.097872358561E0));
#3593=LINE('',#3592,#3591);
#3594=DIRECTION('',(-5.336633381745E-14,5.692408940527E-14,-1.E0));
#3595=VECTOR('',#3594,4.680857062341E-2);
#3596=CARTESIAN_POINT('',(-3.458332896233E-1,7.95E0,1.004255348444E0));
#3597=LINE('',#3596,#3595);
#3598=DIRECTION('',(4.269306705396E-14,0.E0,1.E0));
#3599=VECTOR('',#3598,4.680857062342E-2);
#3600=CARTESIAN_POINT('',(-3.458332896233E-1,7.94E0,9.574467778206E-1));
#3601=LINE('',#3600,#3599);
#3602=DIRECTION('',(0.E0,1.E0,-4.440892098501E-14));
#3603=VECTOR('',#3602,9.999999999999E-3);
#3604=CARTESIAN_POINT('',(-3.458332896233E-1,7.94E0,1.004255348444E0));
#3605=LINE('',#3604,#3603);
#3606=DIRECTION('',(-4.440892098500E-14,1.E0,0.E0));
#3607=VECTOR('',#3606,1.E-2);
#3608=CARTESIAN_POINT('',(-3.458332896233E-1,7.94E0,9.574467778206E-1));
#3609=LINE('',#3608,#3607);
#3610=DIRECTION('',(8.326672684687E-14,1.E0,0.E0));
#3611=VECTOR('',#3610,1.E-2);
#3612=CARTESIAN_POINT('',(-3.916667103767E-1,7.94E0,8.872340202332E-1));
#3613=LINE('',#3612,#3611);
#3614=DIRECTION('',(3.330669073875E-14,1.E0,8.881784197E-14));
#3615=VECTOR('',#3614,1.E-2);
#3616=CARTESIAN_POINT('',(-4.604167103767E-1,7.94E0,8.404255151749E-1));
#3617=LINE('',#3616,#3615);
#3618=DIRECTION('',(-1.E0,0.E0,0.E0));
#3619=VECTOR('',#3618,9.166671037670E-2);
#3620=CARTESIAN_POINT('',(-5.75E-1,7.95E0,8.170212626457E-1));
#3621=LINE('',#3620,#3619);
#3622=DIRECTION('',(1.E0,0.E0,0.E0));
#3623=VECTOR('',#3622,9.166671037670E-2);
#3624=CARTESIAN_POINT('',(-6.666667103767E-1,7.94E0,8.170212626457E-1));
#3625=LINE('',#3624,#3623);
#3626=DIRECTION('',(-2.220446049250E-14,1.E0,-3.330669073875E-14));
#3627=VECTOR('',#3626,1.E-2);
#3628=CARTESIAN_POINT('',(-5.75E-1,7.94E0,8.170212626457E-1));
#3629=LINE('',#3628,#3627);
#3630=DIRECTION('',(2.220446049250E-14,1.E0,6.661338147750E-14));
#3631=VECTOR('',#3630,1.E-2);
#3632=CARTESIAN_POINT('',(-6.666667103767E-1,7.94E0,8.170212626457E-1));
#3633=LINE('',#3632,#3631);
#3634=DIRECTION('',(-2.220446049250E-14,1.E0,-1.110223024625E-14));
#3635=VECTOR('',#3634,1.E-2);
#3636=CARTESIAN_POINT('',(-7.8125E-1,7.94E0,8.404255151749E-1));
#3637=LINE('',#3636,#3635);
#3638=DIRECTION('',(1.110223024625E-14,1.E0,-2.220446049250E-14));
#3639=VECTOR('',#3638,1.E-2);
#3640=CARTESIAN_POINT('',(-8.5E-1,7.94E0,8.872340202332E-1));
#3641=LINE('',#3640,#3639);
#3642=DIRECTION('',(-1.E0,0.E0,3.720657304979E-13));
#3643=VECTOR('',#3642,1.145834207535E-1);
#3644=CARTESIAN_POINT('',(-8.958332896233E-1,7.95E0,9.574467778206E-1));
#3645=LINE('',#3644,#3643);
#3646=DIRECTION('',(1.E0,0.E0,-3.662522034589E-13));
#3647=VECTOR('',#3646,1.145834207535E-1);
#3648=CARTESIAN_POINT('',(-1.010416710377E0,7.94E0,9.574467778206E-1));
#3649=LINE('',#3648,#3647);
#3650=DIRECTION('',(-2.220446049250E-14,1.E0,-4.440892098500E-14));
#3651=VECTOR('',#3650,1.E-2);
#3652=CARTESIAN_POINT('',(-8.958332896233E-1,7.94E0,9.574467778206E-1));
#3653=LINE('',#3652,#3651);
#3654=DIRECTION('',(-4.440892098500E-14,1.E0,-1.110223024625E-14));
#3655=VECTOR('',#3654,1.E-2);
#3656=CARTESIAN_POINT('',(-1.010416710377E0,7.94E0,9.574467778206E-1));
#3657=LINE('',#3656,#3655);
#3658=DIRECTION('',(3.330669073875E-14,1.E0,0.E0));
#3659=VECTOR('',#3658,1.E-2);
#3660=CARTESIAN_POINT('',(-9.874999999999E-1,7.94E0,8.638297677041E-1));
#3661=LINE('',#3660,#3659);
#3662=DIRECTION('',(4.440892098500E-14,1.E0,8.881784197E-14));
#3663=VECTOR('',#3662,1.E-2);
#3664=CARTESIAN_POINT('',(-8.958332896233E-1,7.94E0,7.702127575874E-1));
#3665=LINE('',#3664,#3663);
#3666=DIRECTION('',(8.881784197001E-14,1.E0,5.551115123125E-14));
#3667=VECTOR('',#3666,1.E-2);
#3668=CARTESIAN_POINT('',(-8.041667103767E-1,7.94E0,7.234042525291E-1));
#3669=LINE('',#3668,#3667);
#3670=DIRECTION('',(1.E0,0.E0,1.065815120080E-13));
#3671=VECTOR('',#3670,4.583328962330E-2);
#3672=CARTESIAN_POINT('',(-6.4375E-1,7.95E0,7.E-1));
#3673=LINE('',#3672,#3671);
#3674=DIRECTION('',(-1.E0,1.937845672872E-14,-9.931459073470E-14));
#3675=VECTOR('',#3674,4.583328962330E-2);
#3676=CARTESIAN_POINT('',(-5.979167103767E-1,7.94E0,7.E-1));
#3677=LINE('',#3676,#3675);
#3678=DIRECTION('',(-4.440892098500E-14,1.E0,2.220446049250E-14));
#3679=VECTOR('',#3678,1.E-2);
#3680=CARTESIAN_POINT('',(-6.4375E-1,7.94E0,7.E-1));
#3681=LINE('',#3680,#3679);
#3682=DIRECTION('',(5.551115123125E-14,1.E0,3.330669073875E-14));
#3683=VECTOR('',#3682,1.E-2);
#3684=CARTESIAN_POINT('',(-5.979167103767E-1,7.94E0,7.E-1));
#3685=LINE('',#3684,#3683);
#3686=DIRECTION('',(-3.330669073875E-14,1.E0,0.E0));
#3687=VECTOR('',#3686,1.E-2);
#3688=CARTESIAN_POINT('',(-4.375E-1,7.94E0,7.234042525291E-1));
#3689=LINE('',#3688,#3687);
#3690=DIRECTION('',(-5.551115123125E-14,1.E0,6.661338147750E-14));
#3691=VECTOR('',#3690,1.E-2);
#3692=CARTESIAN_POINT('',(-3.458332896233E-1,7.94E0,7.702127575874E-1));
#3693=LINE('',#3692,#3691);
#3694=DIRECTION('',(0.E0,1.E0,1.110223024625E-14));
#3695=VECTOR('',#3694,1.E-2);
#3696=CARTESIAN_POINT('',(-2.541665792465E-1,7.94E0,8.638297677040E-1));
#3697=LINE('',#3696,#3695);
#3698=DIRECTION('',(-1.043608305764E-13,0.E0,1.E0));
#3699=VECTOR('',#3698,4.680857062340E-2);
#3700=CARTESIAN_POINT('',(-2.3125E-1,7.95E0,9.574467778206E-1));
#3701=LINE('',#3700,#3699);
#3702=DIRECTION('',(1.031749120471E-13,-1.897469646843E-14,-1.E0));
#3703=VECTOR('',#3702,4.680857062340E-2);
#3704=CARTESIAN_POINT('',(-2.3125E-1,7.94E0,1.004255348444E0));
#3705=LINE('',#3704,#3703);
#3706=DIRECTION('',(-3.608224830032E-14,1.E0,-4.440892098500E-14));
#3707=VECTOR('',#3706,1.E-2);
#3708=CARTESIAN_POINT('',(-2.3125E-1,7.94E0,9.574467778206E-1));
#3709=LINE('',#3708,#3707);
#3710=DIRECTION('',(-4.996003610812E-14,1.E0,-8.881784197E-14));
#3711=VECTOR('',#3710,1.E-2);
#3712=CARTESIAN_POINT('',(-2.3125E-1,7.94E0,1.004255348444E0));
#3713=LINE('',#3712,#3711);
#3714=DIRECTION('',(-6.661338147750E-14,1.E0,4.440892098500E-14));
#3715=VECTOR('',#3714,1.E-2);
#3716=CARTESIAN_POINT('',(-2.541665792466E-1,7.94E0,1.097872358561E0));
#3717=LINE('',#3716,#3715);
#3718=DIRECTION('',(3.330669073875E-14,1.E0,1.776356839400E-13));
#3719=VECTOR('',#3718,1.E-2);
#3720=CARTESIAN_POINT('',(-3.E-1,7.94E0,1.168085116148E0));
#3721=LINE('',#3720,#3719);
#3722=DIRECTION('',(1.054711873394E-13,1.E0,2.220446049250E-14));
#3723=VECTOR('',#3722,1.E-2);
#3724=CARTESIAN_POINT('',(-3.916667103767E-1,7.94E0,1.238297873735E0));
#3725=LINE('',#3724,#3723);
#3726=DIRECTION('',(7.216449660062E-14,1.E0,-4.440892098500E-14));
#3727=VECTOR('',#3726,1.E-2);
#3728=CARTESIAN_POINT('',(-2.770834207534E-1,7.94E0,1.285106378794E0));
#3729=LINE('',#3728,#3727);
#3730=DIRECTION('',(-2.220446049250E-14,1.E0,1.332267629550E-13));
#3731=VECTOR('',#3730,1.E-2);
#3732=CARTESIAN_POINT('',(-2.3125E-1,7.94E0,1.355319136381E0));
#3733=LINE('',#3732,#3731);
#3734=DIRECTION('',(-4.746645562072E-13,0.E0,1.E0));
#3735=VECTOR('',#3734,9.361701011698E-2);
#3736=CARTESIAN_POINT('',(-2.083334207535E-1,7.95E0,1.448936179280E0));
#3737=LINE('',#3736,#3735);
#3738=DIRECTION('',(4.779258367308E-13,0.E0,-1.E0));
#3739=VECTOR('',#3738,9.361701011698E-2);
#3740=CARTESIAN_POINT('',(-2.083334207535E-1,7.94E0,1.542553189397E0));
#3741=LINE('',#3740,#3739);
#3742=DIRECTION('',(-1.942890293094E-14,1.E0,0.E0));
#3743=VECTOR('',#3742,1.E-2);
#3744=CARTESIAN_POINT('',(-2.083334207535E-1,7.94E0,1.448936179280E0));
#3745=LINE('',#3744,#3743);
#3746=DIRECTION('',(3.885780586187E-14,-1.E0,2.220446049250E-14));
#3747=VECTOR('',#3746,1.E-2);
#3748=CARTESIAN_POINT('',(-2.312500000001E-1,7.95E0,1.612765963376E0));
#3749=LINE('',#3748,#3747);
#3750=DIRECTION('',(1.110223024625E-14,1.E0,-2.220446049250E-14));
#3751=VECTOR('',#3750,1.E-2);
#3752=CARTESIAN_POINT('',(-2.083334207535E-1,7.94E0,1.542553189397E0));
#3753=LINE('',#3752,#3751);
#3754=DIRECTION('',(-5.466232777019E-1,-1.059268522796E-14,8.373786433117E-1));
#3755=VECTOR('',#3754,8.384827837195E-2);
#3756=CARTESIAN_POINT('',(-2.312500000001E-1,7.94E0,1.612765963376E0));
#3757=LINE('',#3756,#3755);
#3758=DIRECTION('',(-8.265987335928E-1,1.067881537807E-14,5.627917320135E-1));
#3759=VECTOR('',#3758,8.317199878966E-2);
#3760=CARTESIAN_POINT('',(-2.770834207534E-1,7.94E0,1.682978720963E0));
#3761=LINE('',#3760,#3759);
#3762=DIRECTION('',(-8.906053505091E-1,0.E0,4.547769889128E-1));
#3763=VECTOR('',#3762,1.029262965064E-1);
#3764=CARTESIAN_POINT('',(-3.458332896233E-1,7.94E0,1.729787234217E0));
#3765=LINE('',#3764,#3763);
#3766=DIRECTION('',(-9.689177407771E-1,0.E0,2.473831271680E-1));
#3767=VECTOR('',#3766,9.460731960920E-2);
#3768=CARTESIAN_POINT('',(-4.375E-1,7.94E0,1.776595745422E0));
#3769=LINE('',#3768,#3767);
#3770=DIRECTION('',(-9.689177407772E-1,0.E0,-2.473831271676E-1));
#3771=VECTOR('',#3770,9.460731960921E-2);
#3772=CARTESIAN_POINT('',(-7.125E-1,7.94E0,1.8E0));
#3773=LINE('',#3772,#3771);
#3774=DIRECTION('',(-8.906050870132E-1,0.E0,-4.547775049255E-1));
#3775=VECTOR('',#3774,1.029261797212E-1);
#3776=CARTESIAN_POINT('',(-8.041667103767E-1,7.94E0,1.776595745422E0));
#3777=LINE('',#3776,#3775);
#3778=DIRECTION('',(-8.265992329594E-1,0.E0,-5.627909985696E-1));
#3779=VECTOR('',#3778,8.317210718174E-2);
#3780=CARTESIAN_POINT('',(-8.958332896233E-1,7.94E0,1.729787234217E0));
#3781=LINE('',#3780,#3779);
#3782=DIRECTION('',(-5.466232777038E-1,1.059268522795E-14,-8.373786433104E-1));
#3783=VECTOR('',#3782,8.384827837201E-2);
#3784=CARTESIAN_POINT('',(-9.645832896233E-1,7.94E0,1.682978720963E0));
#3785=LINE('',#3784,#3783);
#3786=DIRECTION('',(-3.102789298291E-1,0.E0,-9.506455626069E-1));
#3787=VECTOR('',#3786,7.385799370524E-2);
#3788=CARTESIAN_POINT('',(-1.010416710377E0,7.94E0,1.612765963376E0));
#3789=LINE('',#3788,#3787);
#3790=DIRECTION('',(4.397141723528E-1,1.704191536662E-14,8.981377659536E-1));
#3791=VECTOR('',#3790,5.211728849678E-2);
#3792=CARTESIAN_POINT('',(-9.1875E-1,7.94E0,1.542553189397E0));
#3793=LINE('',#3792,#3791);
#3794=DIRECTION('',(6.996243694812E-1,0.E0,7.145108408052E-1));
#3795=VECTOR('',#3794,6.551128237204E-2);
#3796=CARTESIAN_POINT('',(-8.958332896234E-1,7.94E0,1.589361694455E0));
#3797=LINE('',#3796,#3795);
#3798=DIRECTION('',(8.906051112028E-1,-1.725855260985E-14,4.547774575542E-1));
#3799=VECTOR('',#3798,5.146308846279E-2);
#3800=CARTESIAN_POINT('',(-8.499999999999E-1,7.94E0,1.636170215905E0));
#3801=LINE('',#3800,#3799);
#3802=DIRECTION('',(9.797707392153E-1,0.E0,2.001232084931E-1));
#3803=VECTOR('',#3802,1.169492169619E-1);
#3804=CARTESIAN_POINT('',(-8.041667103767E-1,7.94E0,1.659574468434E0));
#3805=LINE('',#3804,#3803);
#3806=DIRECTION('',(9.797706943096E-1,0.E0,-2.001234283440E-1));
#3807=VECTOR('',#3806,1.169490884844E-1);
#3808=CARTESIAN_POINT('',(-5.520832896233E-1,7.94E0,1.682978720963E0));
#3809=LINE('',#3808,#3807);
#3810=DIRECTION('',(8.906051112036E-1,1.725855260984E-14,-4.547774575525E-1));
#3811=VECTOR('',#3810,5.146308846281E-2);
#3812=CARTESIAN_POINT('',(-4.375E-1,7.94E0,1.659574468434E0));
#3813=LINE('',#3812,#3811);
#3814=DIRECTION('',(6.996253913676E-1,0.E0,-7.145098402078E-1));
#3815=VECTOR('',#3814,6.551137411393E-2);
#3816=CARTESIAN_POINT('',(-3.916667103767E-1,7.94E0,1.636170215905E0));
#3817=LINE('',#3816,#3815);
#3818=DIRECTION('',(4.397121427670E-1,0.E0,-8.981387596041E-1));
#3819=VECTOR('',#3818,5.211723083714E-2);
#3820=CARTESIAN_POINT('',(-3.458332896232E-1,7.94E0,1.589361694455E0));
#3821=LINE('',#3820,#3819);
#3822=DIRECTION('',(-4.397130333554E-1,0.E0,-8.981383235880E-1));
#3823=VECTOR('',#3822,1.042345487774E-1);
#3824=CARTESIAN_POINT('',(-3.229167103767E-1,7.94E0,1.448936179280E0));
#3825=LINE('',#3824,#3823);
#3826=DIRECTION('',(-8.265992788002E-1,-1.067880205340E-14,-5.627909312410E-1));
#3827=VECTOR('',#3826,8.317210256907E-2);
#3828=CARTESIAN_POINT('',(-3.687500000001E-1,7.94E0,1.355319136381E0));
#3829=LINE('',#3828,#3827);
#3830=DIRECTION('',(-9.858211730932E-1,0.E0,-1.677993286075E-1));
#3831=VECTOR('',#3830,1.394776291613E-1);
#3832=CARTESIAN_POINT('',(-4.375E-1,7.94E0,1.308510631323E0));
#3833=LINE('',#3832,#3831);
#3834=DIRECTION('',(9.466499177697E-1,0.E0,-3.222637633780E-1));
#3835=VECTOR('',#3834,1.452490486914E-1);
#3836=CARTESIAN_POINT('',(-5.75E-1,7.94E0,1.191489368677E0));
#3837=LINE('',#3836,#3835);
#3838=DIRECTION('',(6.996244945607E-1,0.E0,-7.145107183316E-1));
#3839=VECTOR('',#3838,6.551127065970E-2);
#3840=CARTESIAN_POINT('',(-4.375000000001E-1,7.94E0,1.144680863619E0));
#3841=LINE('',#3840,#3839);
#3842=DIRECTION('',(4.397141723518E-1,0.E0,-8.981377659541E-1));
#3843=VECTOR('',#3842,1.042345769944E-1);
#3844=CARTESIAN_POINT('',(-3.916667103768E-1,7.94E0,1.097872358561E0));
#3845=LINE('',#3844,#3843);
#3846=DIRECTION('',(-5.466232777011E-1,-1.059268522792E-14,-8.373786433121E-1));
#3847=VECTOR('',#3846,8.384827837222E-2);
#3848=CARTESIAN_POINT('',(-3.458332896233E-1,7.94E0,9.574467778206E-1));
#3849=LINE('',#3848,#3847);
#3850=DIRECTION('',(-8.265992787995E-1,0.E0,-5.627909312419E-1));
#3851=VECTOR('',#3850,8.317210256926E-2);
#3852=CARTESIAN_POINT('',(-3.916667103767E-1,7.94E0,8.872340202332E-1));
#3853=LINE('',#3852,#3851);
#3854=DIRECTION('',(-9.797706943096E-1,0.E0,-2.001234283439E-1));
#3855=VECTOR('',#3854,1.169490884845E-1);
#3856=CARTESIAN_POINT('',(-4.604167103767E-1,7.94E0,8.404255151749E-1));
#3857=LINE('',#3856,#3855);
#3858=DIRECTION('',(-9.797706943096E-1,0.E0,2.001234283438E-1));
#3859=VECTOR('',#3858,1.169490884845E-1);
#3860=CARTESIAN_POINT('',(-6.666667103767E-1,7.94E0,8.170212626457E-1));
#3861=LINE('',#3860,#3859);
#3862=DIRECTION('',(-8.265992787996E-1,0.E0,5.627909312418E-1));
#3863=VECTOR('',#3862,8.317210256927E-2);
#3864=CARTESIAN_POINT('',(-7.8125E-1,7.94E0,8.404255151749E-1));
#3865=LINE('',#3864,#3863);
#3866=DIRECTION('',(-5.466221810897E-1,0.E0,8.373793591561E-1));
#3867=VECTOR('',#3866,8.384820669353E-2);
#3868=CARTESIAN_POINT('',(-8.5E-1,7.94E0,8.872340202332E-1));
#3869=LINE('',#3868,#3867);
#3870=DIRECTION('',(2.377717803423E-1,0.E0,-9.713210491248E-1));
#3871=VECTOR('',#3870,9.638111950828E-2);
#3872=CARTESIAN_POINT('',(-1.010416710377E0,7.94E0,9.574467778206E-1));
#3873=LINE('',#3872,#3871);
#3874=DIRECTION('',(6.996250055012E-1,0.E0,-7.145102180357E-1));
#3875=VECTOR('',#3874,1.310226330618E-1);
#3876=CARTESIAN_POINT('',(-9.874999999999E-1,7.94E0,8.638297677041E-1));
#3877=LINE('',#3876,#3875);
#3878=DIRECTION('',(8.906051112017E-1,0.E0,-4.547774575563E-1));
#3879=VECTOR('',#3878,1.029261769258E-1);
#3880=CARTESIAN_POINT('',(-8.958332896233E-1,7.94E0,7.702127575874E-1));
#3881=LINE('',#3880,#3879);
#3882=DIRECTION('',(9.895240396393E-1,0.E0,-1.443681923971E-1));
#3883=VECTOR('',#3882,1.621150209096E-1);
#3884=CARTESIAN_POINT('',(-8.041667103767E-1,7.94E0,7.234042525291E-1));
#3885=LINE('',#3884,#3883);
#3886=DIRECTION('',(9.895240396393E-1,0.E0,1.443681923971E-1));
#3887=VECTOR('',#3886,1.621150209096E-1);
#3888=CARTESIAN_POINT('',(-5.979167103767E-1,7.94E0,7.E-1));
#3889=LINE('',#3888,#3887);
#3890=DIRECTION('',(8.906053746977E-1,0.E0,4.547769415435E-1));
#3891=VECTOR('',#3890,1.029262937110E-1);
#3892=CARTESIAN_POINT('',(-4.375E-1,7.94E0,7.234042525291E-1));
#3893=LINE('',#3892,#3891);
#3894=DIRECTION('',(6.996250055018E-1,0.E0,7.145102180351E-1));
#3895=VECTOR('',#3894,1.310226330619E-1);
#3896=CARTESIAN_POINT('',(-3.458332896233E-1,7.94E0,7.702127575874E-1));
#3897=LINE('',#3896,#3895);
#3898=DIRECTION('',(2.377704967205E-1,0.E0,9.713213633444E-1));
#3899=VECTOR('',#3898,9.638108832926E-2);
#3900=CARTESIAN_POINT('',(-2.541665792465E-1,7.94E0,8.638297677040E-1));
#3901=LINE('',#3900,#3899);
#3902=DIRECTION('',(-2.377704967205E-1,0.E0,9.713213633444E-1));
#3903=VECTOR('',#3902,9.638108832963E-2);
#3904=CARTESIAN_POINT('',(-2.3125E-1,7.94E0,1.004255348444E0));
#3905=LINE('',#3904,#3903);
#3906=DIRECTION('',(-5.466232777028E-1,0.E0,8.373786433110E-1));
#3907=VECTOR('',#3906,8.384827837191E-2);
#3908=CARTESIAN_POINT('',(-2.541665792466E-1,7.94E0,1.097872358561E0));
#3909=LINE('',#3908,#3907);
#3910=DIRECTION('',(-7.938783209677E-1,0.E0,6.080766493605E-1));
#3911=VECTOR('',#3910,1.154669524984E-1);
#3912=CARTESIAN_POINT('',(-3.E-1,7.94E0,1.168085116148E0));
#3913=LINE('',#3912,#3911);
#3914=DIRECTION('',(9.257350567409E-1,0.E0,3.781727181075E-1));
#3915=VECTOR('',#3914,1.237754677096E-1);
#3916=CARTESIAN_POINT('',(-3.916667103767E-1,7.94E0,1.238297873735E0));
#3917=LINE('',#3916,#3915);
#3918=DIRECTION('',(5.466232777023E-1,0.E0,8.373786433114E-1));
#3919=VECTOR('',#3918,8.384827837199E-2);
#3920=CARTESIAN_POINT('',(-2.770834207534E-1,7.94E0,1.285106378794E0));
#3921=LINE('',#3920,#3919);
#3922=DIRECTION('',(2.377704181665E-1,0.E0,9.713213825737E-1));
#3923=VECTOR('',#3922,9.638112017149E-2);
#3924=CARTESIAN_POINT('',(-2.3125E-1,7.94E0,1.355319136381E0));
#3925=LINE('',#3924,#3923);
#3926=DIRECTION('',(-3.102789298333E-1,1.202548803645E-14,9.506455626055E-1));
#3927=VECTOR('',#3926,7.385799370539E-2);
#3928=CARTESIAN_POINT('',(-2.083334207535E-1,7.94E0,1.542553189397E0));
#3929=LINE('',#3928,#3927);
#3930=DIRECTION('',(1.E0,0.E0,-2.987509229901E-14));
#3931=VECTOR('',#3930,1.375E-1);
#3932=CARTESIAN_POINT('',(5.25E-1,7.95E0,7.E-1));
#3933=LINE('',#3932,#3931);
#3934=DIRECTION('',(-1.E0,0.E0,3.148996215301E-14));
#3935=VECTOR('',#3934,1.375E-1);
#3936=CARTESIAN_POINT('',(6.625E-1,7.94E0,7.E-1));
#3937=LINE('',#3936,#3935);
#3938=DIRECTION('',(3.330669073876E-14,1.E0,-6.661338147751E-14));
#3939=VECTOR('',#3938,1.E-2);
#3940=CARTESIAN_POINT('',(5.25E-1,7.94E0,7.E-1));
#3941=LINE('',#3940,#3939);
#3942=DIRECTION('',(0.E0,0.E0,1.E0));
#3943=VECTOR('',#3942,6.319148838520E-1);
#3944=CARTESIAN_POINT('',(6.625E-1,7.95E0,7.E-1));
#3945=LINE('',#3944,#3943);
#3946=DIRECTION('',(0.E0,0.E0,-1.E0));
#3947=VECTOR('',#3946,6.319148838520E-1);
#3948=CARTESIAN_POINT('',(6.625E-1,7.94E0,1.331914883852E0));
#3949=LINE('',#3948,#3947);
#3950=DIRECTION('',(0.E0,1.E0,-4.440892098500E-14));
#3951=VECTOR('',#3950,1.E-2);
#3952=CARTESIAN_POINT('',(6.625E-1,7.94E0,7.E-1));
#3953=LINE('',#3952,#3951);
#3954=DIRECTION('',(1.E0,0.E0,0.E0));
#3955=VECTOR('',#3954,2.291665792465E-1);
#3956=CARTESIAN_POINT('',(6.625E-1,7.95E0,1.331914883852E0));
#3957=LINE('',#3956,#3955);
#3958=DIRECTION('',(-1.E0,0.E0,0.E0));
#3959=VECTOR('',#3958,2.291665792465E-1);
#3960=CARTESIAN_POINT('',(8.916665792465E-1,7.94E0,1.331914883852E0));
#3961=LINE('',#3960,#3959);
#3962=DIRECTION('',(-1.110223024625E-14,1.E0,4.440892098500E-14));
#3963=VECTOR('',#3962,1.E-2);
#3964=CARTESIAN_POINT('',(6.625E-1,7.94E0,1.331914883852E0));
#3965=LINE('',#3964,#3963);
#3966=DIRECTION('',(0.E0,0.E0,1.E0));
#3967=VECTOR('',#3966,1.404255479570E-1);
#3968=CARTESIAN_POINT('',(8.916665792465E-1,7.95E0,1.331914883852E0));
#3969=LINE('',#3968,#3967);
#3970=DIRECTION('',(0.E0,0.E0,-1.E0));
#3971=VECTOR('',#3970,1.404255479570E-1);
#3972=CARTESIAN_POINT('',(8.916665792465E-1,7.94E0,1.472340431809E0));
#3973=LINE('',#3972,#3971);
#3974=DIRECTION('',(3.330669073875E-14,1.E0,-2.220446049250E-14));
#3975=VECTOR('',#3974,1.E-2);
#3976=CARTESIAN_POINT('',(8.916665792465E-1,7.94E0,1.331914883852E0));
#3977=LINE('',#3976,#3975);
#3978=DIRECTION('',(-1.E0,0.E0,0.E0));
#3979=VECTOR('',#3978,2.291665792465E-1);
#3980=CARTESIAN_POINT('',(8.916665792465E-1,7.95E0,1.472340431809E0));
#3981=LINE('',#3980,#3979);
#3982=DIRECTION('',(1.E0,0.E0,0.E0));
#3983=VECTOR('',#3982,2.291665792465E-1);
#3984=CARTESIAN_POINT('',(6.625E-1,7.94E0,1.472340431809E0));
#3985=LINE('',#3984,#3983);
#3986=DIRECTION('',(-2.220446049250E-14,1.E0,-4.440892098500E-14));
#3987=VECTOR('',#3986,1.E-2);
#3988=CARTESIAN_POINT('',(8.916665792465E-1,7.94E0,1.472340431809E0));
#3989=LINE('',#3988,#3987);
#3990=DIRECTION('',(0.E0,0.E0,1.E0));
#3991=VECTOR('',#3990,3.276595681910E-1);
#3992=CARTESIAN_POINT('',(6.625E-1,7.95E0,1.472340431809E0));
#3993=LINE('',#3992,#3991);
#3994=DIRECTION('',(0.E0,0.E0,-1.E0));
#3995=VECTOR('',#3994,3.276595681910E-1);
#3996=CARTESIAN_POINT('',(6.625E-1,7.94E0,1.8E0));
#3997=LINE('',#3996,#3995);
#3998=DIRECTION('',(-1.110223024625E-14,1.E0,8.881784197E-14));
#3999=VECTOR('',#3998,1.E-2);
#4000=CARTESIAN_POINT('',(6.625E-1,7.94E0,1.472340431809E0));
#4001=LINE('',#4000,#3999);
#4002=DIRECTION('',(-1.E0,0.E0,0.E0));
#4003=VECTOR('',#4002,1.375E-1);
#4004=CARTESIAN_POINT('',(6.625E-1,7.95E0,1.8E0));
#4005=LINE('',#4004,#4003);
#4006=DIRECTION('',(1.E0,0.E0,0.E0));
#4007=VECTOR('',#4006,1.375E-1);
#4008=CARTESIAN_POINT('',(5.25E-1,7.94E0,1.8E0));
#4009=LINE('',#4008,#4007);
#4010=DIRECTION('',(-4.440892098500E-14,1.E0,-4.440892098500E-14));
#4011=VECTOR('',#4010,1.E-2);
#4012=CARTESIAN_POINT('',(6.625E-1,7.94E0,1.8E0));
#4013=LINE('',#4012,#4011);
#4014=DIRECTION('',(0.E0,0.E0,-1.E0));
#4015=VECTOR('',#4014,3.276595681910E-1);
#4016=CARTESIAN_POINT('',(5.25E-1,7.95E0,1.8E0));
#4017=LINE('',#4016,#4015);
#4018=DIRECTION('',(0.E0,0.E0,1.E0));
#4019=VECTOR('',#4018,3.276595681910E-1);
#4020=CARTESIAN_POINT('',(5.25E-1,7.94E0,1.472340431809E0));
#4021=LINE('',#4020,#4019);
#4022=DIRECTION('',(-1.110223024625E-14,1.E0,-2.220446049250E-14));
#4023=VECTOR('',#4022,1.E-2);
#4024=CARTESIAN_POINT('',(5.25E-1,7.94E0,1.8E0));
#4025=LINE('',#4024,#4023);
#4026=DIRECTION('',(-1.E0,0.E0,0.E0));
#4027=VECTOR('',#4026,5.5E-1);
#4028=CARTESIAN_POINT('',(5.25E-1,7.95E0,1.472340431809E0));
#4029=LINE('',#4028,#4027);
#4030=DIRECTION('',(1.E0,0.E0,0.E0));
#4031=VECTOR('',#4030,5.5E-1);
#4032=CARTESIAN_POINT('',(-2.5E-2,7.94E0,1.472340431809E0));
#4033=LINE('',#4032,#4031);
#4034=DIRECTION('',(-2.220446049250E-14,1.E0,-2.220446049250E-14));
#4035=VECTOR('',#4034,1.E-2);
#4036=CARTESIAN_POINT('',(5.25E-1,7.94E0,1.472340431809E0));
#4037=LINE('',#4036,#4035);
#4038=DIRECTION('',(4.897849242975E-13,0.E0,-1.E0));
#4039=VECTOR('',#4038,1.404255479569E-1);
#4040=CARTESIAN_POINT('',(-2.5E-2,7.95E0,1.472340431809E0));
#4041=LINE('',#4040,#4039);
#4042=DIRECTION('',(-1.457167719820E-14,-1.E0,2.220446049250E-14));
#4043=VECTOR('',#4042,1.E-2);
#4044=CARTESIAN_POINT('',(-2.499999999993E-2,7.95E0,1.331914883852E0));
#4045=LINE('',#4044,#4043);
#4046=DIRECTION('',(-4.889943110218E-13,0.E0,1.E0));
#4047=VECTOR('',#4046,1.404255479569E-1);
#4048=CARTESIAN_POINT('',(-2.499999999993E-2,7.94E0,1.331914883852E0));
#4049=LINE('',#4048,#4047);
#4050=DIRECTION('',(0.E0,1.E0,-4.440892098500E-14));
#4051=VECTOR('',#4050,1.E-2);
#4052=CARTESIAN_POINT('',(-2.5E-2,7.94E0,1.472340431809E0));
#4053=LINE('',#4052,#4051);
#4054=DIRECTION('',(6.565244837958E-1,0.E0,-7.543047144071E-1));
#4055=VECTOR('',#4054,8.377448420812E-1);
#4056=CARTESIAN_POINT('',(-2.499999999993E-2,7.94E0,1.331914883852E0));
#4057=LINE('',#4056,#4055);
#4058=DIRECTION('',(-6.589716666087E-1,0.E0,7.521677622758E-1));
#4059=VECTOR('',#4058,5.911990461721E-1);
#4060=CARTESIAN_POINT('',(5.25E-1,7.94E0,8.872340202332E-1));
#4061=LINE('',#4060,#4059);
#4062=DIRECTION('',(6.589716666087E-1,0.E0,-7.521677622758E-1));
#4063=VECTOR('',#4062,5.911990461721E-1);
#4064=CARTESIAN_POINT('',(1.354165792465E-1,7.95E0,1.331914883852E0));
#4065=LINE('',#4064,#4063);
#4066=DIRECTION('',(0.E0,0.E0,-1.E0));
#4067=VECTOR('',#4066,4.446808636188E-1);
#4068=CARTESIAN_POINT('',(5.25E-1,7.95E0,1.331914883852E0));
#4069=LINE('',#4068,#4067);
#4070=DIRECTION('',(-7.771561172375E-14,-1.E0,4.440892098500E-14));
#4071=VECTOR('',#4070,1.E-2);
#4072=CARTESIAN_POINT('',(5.25E-1,7.95E0,8.872340202332E-1));
#4073=LINE('',#4072,#4071);
#4074=DIRECTION('',(0.E0,0.E0,1.E0));
#4075=VECTOR('',#4074,4.446808636188E-1);
#4076=CARTESIAN_POINT('',(5.25E-1,7.94E0,8.872340202332E-1));
#4077=LINE('',#4076,#4075);
#4078=DIRECTION('',(-5.551115123125E-14,1.E0,-2.220446049250E-14));
#4079=VECTOR('',#4078,1.E-2);
#4080=CARTESIAN_POINT('',(5.25E-1,7.94E0,1.331914883852E0));
#4081=LINE('',#4080,#4079);
#4082=DIRECTION('',(1.E0,0.E0,-7.352405803083E-14));
#4083=VECTOR('',#4082,3.895834207535E-1);
#4084=CARTESIAN_POINT('',(1.354165792465E-1,7.95E0,1.331914883852E0));
#4085=LINE('',#4084,#4083);
#4086=DIRECTION('',(-1.E0,0.E0,7.181419621616E-14));
#4087=VECTOR('',#4086,3.895834207535E-1);
#4088=CARTESIAN_POINT('',(5.25E-1,7.94E0,1.331914883852E0));
#4089=LINE('',#4088,#4087);
#4090=DIRECTION('',(0.E0,1.E0,4.440892098500E-14));
#4091=VECTOR('',#4090,1.E-2);
#4092=CARTESIAN_POINT('',(1.354165792465E-1,7.94E0,1.331914883852E0));
#4093=LINE('',#4092,#4091);
#4094=DIRECTION('',(-2.220446049250E-14,1.E0,4.440892098500E-14));
#4095=VECTOR('',#4094,1.E-2);
#4096=CARTESIAN_POINT('',(1.854166579247E0,7.94E0,1.261702126265E0));
#4097=LINE('',#4096,#4095);
#4098=DIRECTION('',(7.020645560376E-13,2.276966127689E-14,1.E0));
#4099=VECTOR('',#4098,1.170212954289E-1);
#4100=CARTESIAN_POINT('',(1.9E0,7.95E0,1.378723388910E0));
#4101=LINE('',#4100,#4099);
#4102=DIRECTION('',(-7.039620278107E-13,0.E0,-1.E0));
#4103=VECTOR('',#4102,1.170212954289E-1);
#4104=CARTESIAN_POINT('',(1.9E0,7.94E0,1.495744684339E0));
#4105=LINE('',#4104,#4103);
#4106=DIRECTION('',(-4.440892098500E-14,1.E0,0.E0));
#4107=VECTOR('',#4106,1.E-2);
#4108=CARTESIAN_POINT('',(1.9E0,7.94E0,1.378723388910E0));
#4109=LINE('',#4108,#4107);
#4110=DIRECTION('',(-6.661338147750E-14,1.E0,6.661338147750E-14));
#4111=VECTOR('',#4110,1.E-2);
#4112=CARTESIAN_POINT('',(1.9E0,7.94E0,1.495744684339E0));
#4113=LINE('',#4112,#4111);
#4114=DIRECTION('',(-1.110223024625E-13,1.E0,2.220446049250E-14));
#4115=VECTOR('',#4114,1.E-2);
#4116=CARTESIAN_POINT('',(1.854166579247E0,7.94E0,1.612765963376E0));
#4117=LINE('',#4116,#4115);
#4118=DIRECTION('',(4.440892098500E-14,1.E0,8.881784197E-14));
#4119=VECTOR('',#4118,1.E-2);
#4120=CARTESIAN_POINT('',(1.785416579247E0,7.94E0,1.706382981688E0));
#4121=LINE('',#4120,#4119);
#4122=DIRECTION('',(2.220446049250E-14,1.E0,-6.661338147750E-14));
#4123=VECTOR('',#4122,1.E-2);
#4124=CARTESIAN_POINT('',(1.670833420753E0,7.94E0,1.776595745422E0));
#4125=LINE('',#4124,#4123);
#4126=DIRECTION('',(-1.E0,0.E0,4.108225774267E-13));
#4127=VECTOR('',#4126,1.145834207530E-1);
#4128=CARTESIAN_POINT('',(1.55625E0,7.95E0,1.8E0));
#4129=LINE('',#4128,#4127);
#4130=DIRECTION('',(1.E0,0.E0,-4.088847350804E-13));
#4131=VECTOR('',#4130,1.145834207530E-1);
#4132=CARTESIAN_POINT('',(1.441666579247E0,7.94E0,1.8E0));
#4133=LINE('',#4132,#4131);
#4134=DIRECTION('',(-2.220446049250E-14,1.E0,-6.661338147750E-14));
#4135=VECTOR('',#4134,1.E-2);
#4136=CARTESIAN_POINT('',(1.55625E0,7.94E0,1.8E0));
#4137=LINE('',#4136,#4135);
#4138=DIRECTION('',(4.440892098500E-14,1.E0,0.E0));
#4139=VECTOR('',#4138,1.E-2);
#4140=CARTESIAN_POINT('',(1.441666579247E0,7.94E0,1.8E0));
#4141=LINE('',#4140,#4139);
#4142=DIRECTION('',(4.440892098500E-14,1.E0,2.220446049250E-14));
#4143=VECTOR('',#4142,1.E-2);
#4144=CARTESIAN_POINT('',(1.327083420753E0,7.94E0,1.776595745422E0));
#4145=LINE('',#4144,#4143);
#4146=DIRECTION('',(2.220446049250E-14,1.E0,-4.440892098500E-14));
#4147=VECTOR('',#4146,1.E-2);
#4148=CARTESIAN_POINT('',(1.2125E0,7.94E0,1.706382981688E0));
#4149=LINE('',#4148,#4147);
#4150=DIRECTION('',(4.440892098500E-14,1.E0,0.E0));
#4151=VECTOR('',#4150,1.E-2);
#4152=CARTESIAN_POINT('',(1.14375E0,7.94E0,1.612765963376E0));
#4153=LINE('',#4152,#4151);
#4154=DIRECTION('',(-2.220446049250E-14,1.E0,6.661338147750E-14));
#4155=VECTOR('',#4154,1.E-2);
#4156=CARTESIAN_POINT('',(1.097916579247E0,7.94E0,1.495744684339E0));
#4157=LINE('',#4156,#4155);
#4158=DIRECTION('',(7.454355482541E-14,0.E0,-1.E0));
#4159=VECTOR('',#4158,1.638297677040E-1);
#4160=CARTESIAN_POINT('',(1.075E0,7.95E0,1.331914883852E0));
#4161=LINE('',#4160,#4159);
#4162=DIRECTION('',(-7.589889218588E-14,0.E0,1.E0));
#4163=VECTOR('',#4162,1.638297677040E-1);
#4164=CARTESIAN_POINT('',(1.075E0,7.94E0,1.168085116148E0));
#4165=LINE('',#4164,#4163);
#4166=DIRECTION('',(-2.220446049250E-14,1.E0,-2.220446049250E-14));
#4167=VECTOR('',#4166,1.E-2);
#4168=CARTESIAN_POINT('',(1.075E0,7.94E0,1.331914883852E0));
#4169=LINE('',#4168,#4167);
#4170=DIRECTION('',(-6.661338147750E-14,1.E0,-8.881784197001E-14));
#4171=VECTOR('',#4170,1.E-2);
#4172=CARTESIAN_POINT('',(1.075E0,7.94E0,1.168085116148E0));
#4173=LINE('',#4172,#4171);
#4174=DIRECTION('',(0.E0,1.E0,-2.220446049250E-14));
#4175=VECTOR('',#4174,1.E-2);
#4176=CARTESIAN_POINT('',(1.097916579247E0,7.94E0,1.004255348444E0));
#4177=LINE('',#4176,#4175);
#4178=DIRECTION('',(-2.220446049250E-14,1.E0,-4.440892098500E-14));
#4179=VECTOR('',#4178,1.E-2);
#4180=CARTESIAN_POINT('',(1.14375E0,7.94E0,8.872340202331E-1));
#4181=LINE('',#4180,#4179);
#4182=DIRECTION('',(-2.220446049250E-14,1.E0,5.551115123125E-14));
#4183=VECTOR('',#4182,1.E-2);
#4184=CARTESIAN_POINT('',(1.2125E0,7.94E0,7.936170101166E-1));
#4185=LINE('',#4184,#4183);
#4186=DIRECTION('',(2.220446049250E-14,1.E0,1.110223024625E-14));
#4187=VECTOR('',#4186,1.E-2);
#4188=CARTESIAN_POINT('',(1.327083420753E0,7.94E0,7.234042525292E-1));
#4189=LINE('',#4188,#4187);
#4190=DIRECTION('',(1.E0,0.E0,0.E0));
#4191=VECTOR('',#4190,9.166684150601E-2);
#4192=CARTESIAN_POINT('',(1.441666579247E0,7.95E0,7.E-1));
#4193=LINE('',#4192,#4191);
#4194=DIRECTION('',(-1.E0,0.E0,0.E0));
#4195=VECTOR('',#4194,9.166684150601E-2);
#4196=CARTESIAN_POINT('',(1.533333420753E0,7.94E0,7.E-1));
#4197=LINE('',#4196,#4195);
#4198=DIRECTION('',(0.E0,1.E0,4.440892098500E-14));
#4199=VECTOR('',#4198,1.E-2);
#4200=CARTESIAN_POINT('',(1.441666579247E0,7.94E0,7.E-1));
#4201=LINE('',#4200,#4199);
#4202=DIRECTION('',(-6.661338147750E-14,1.E0,7.771561172375E-14));
#4203=VECTOR('',#4202,1.E-2);
#4204=CARTESIAN_POINT('',(1.533333420753E0,7.94E0,7.E-1));
#4205=LINE('',#4204,#4203);
#4206=DIRECTION('',(-6.661338147750E-14,1.E0,6.661338147750E-14));
#4207=VECTOR('',#4206,1.E-2);
#4208=CARTESIAN_POINT('',(1.647916579247E0,7.94E0,7.234042525292E-1));
#4209=LINE('',#4208,#4207);
#4210=DIRECTION('',(0.E0,1.E0,5.551115123125E-14));
#4211=VECTOR('',#4210,1.E-2);
#4212=CARTESIAN_POINT('',(1.7625E0,7.94E0,7.936170101166E-1));
#4213=LINE('',#4212,#4211);
#4214=DIRECTION('',(4.440892098500E-14,1.E0,-5.551115123125E-14));
#4215=VECTOR('',#4214,1.E-2);
#4216=CARTESIAN_POINT('',(1.83125E0,7.94E0,8.872340202331E-1));
#4217=LINE('',#4216,#4215);
#4218=DIRECTION('',(-1.E0,0.E0,-5.348457117509E-13));
#4219=VECTOR('',#4218,1.145831584939E-1);
#4220=CARTESIAN_POINT('',(1.854166579247E0,7.95E0,9.574467778206E-1));
#4221=LINE('',#4220,#4219);
#4222=DIRECTION('',(1.E0,0.E0,5.329078649692E-13));
#4223=VECTOR('',#4222,1.145831584939E-1);
#4224=CARTESIAN_POINT('',(1.739583420753E0,7.94E0,9.574467778206E-1));
#4225=LINE('',#4224,#4223);
#4226=DIRECTION('',(4.440892098500E-14,1.E0,-3.330669073875E-14));
#4227=VECTOR('',#4226,1.E-2);
#4228=CARTESIAN_POINT('',(1.854166579247E0,7.94E0,9.574467778206E-1));
#4229=LINE('',#4228,#4227);
#4230=DIRECTION('',(-2.220446049250E-14,1.E0,-5.551115123125E-14));
#4231=VECTOR('',#4230,1.E-2);
#4232=CARTESIAN_POINT('',(1.739583420753E0,7.94E0,9.574467778206E-1));
#4233=LINE('',#4232,#4231);
#4234=DIRECTION('',(-2.220446049250E-14,1.E0,-5.551115123125E-14));
#4235=VECTOR('',#4234,1.E-2);
#4236=CARTESIAN_POINT('',(1.69375E0,7.94E0,8.872340202332E-1));
#4237=LINE('',#4236,#4235);
#4238=DIRECTION('',(0.E0,1.E0,4.440892098500E-14));
#4239=VECTOR('',#4238,1.E-2);
#4240=CARTESIAN_POINT('',(1.625E0,7.94E0,8.404255151749E-1));
#4241=LINE('',#4240,#4239);
#4242=DIRECTION('',(-1.E0,0.E0,0.E0));
#4243=VECTOR('',#4242,1.375E-1);
#4244=CARTESIAN_POINT('',(1.55625E0,7.95E0,8.170212626457E-1));
#4245=LINE('',#4244,#4243);
#4246=DIRECTION('',(1.E0,0.E0,0.E0));
#4247=VECTOR('',#4246,1.375E-1);
#4248=CARTESIAN_POINT('',(1.41875E0,7.94E0,8.170212626457E-1));
#4249=LINE('',#4248,#4247);
#4250=DIRECTION('',(-1.332267629550E-13,1.E0,-1.110223024625E-14));
#4251=VECTOR('',#4250,1.E-2);
#4252=CARTESIAN_POINT('',(1.55625E0,7.94E0,8.170212626457E-1));
#4253=LINE('',#4252,#4251);
#4254=DIRECTION('',(-2.220446049250E-14,1.E0,-8.881784197E-14));
#4255=VECTOR('',#4254,1.E-2);
#4256=CARTESIAN_POINT('',(1.41875E0,7.94E0,8.170212626457E-1));
#4257=LINE('',#4256,#4255);
#4258=DIRECTION('',(0.E0,1.E0,-1.221245327087E-13));
#4259=VECTOR('',#4258,1.E-2);
#4260=CARTESIAN_POINT('',(1.35E0,7.94E0,8.404255151749E-1));
#4261=LINE('',#4260,#4259);
#4262=DIRECTION('',(-4.440892098500E-14,1.E0,-4.440892098500E-14));
#4263=VECTOR('',#4262,1.E-2);
#4264=CARTESIAN_POINT('',(1.28125E0,7.94E0,8.872340202332E-1));
#4265=LINE('',#4264,#4263);
#4266=DIRECTION('',(6.661338147750E-14,1.E0,-4.440892098500E-14));
#4267=VECTOR('',#4266,1.E-2);
#4268=CARTESIAN_POINT('',(1.235416579247E0,7.94E0,9.574467778205E-1));
#4269=LINE('',#4268,#4267);
#4270=DIRECTION('',(0.E0,1.E0,-8.881784197E-14));
#4271=VECTOR('',#4270,1.E-2);
#4272=CARTESIAN_POINT('',(1.2125E0,7.94E0,1.027659600973E0));
#4273=LINE('',#4272,#4271);
#4274=DIRECTION('',(2.808259010881E-12,0.E0,1.E0));
#4275=VECTOR('',#4274,4.680850505822E-2);
#4276=CARTESIAN_POINT('',(1.189583420753E0,7.95E0,1.168085116148E0));
#4277=LINE('',#4276,#4275);
#4278=DIRECTION('',(-2.798771649358E-12,0.E0,-1.E0));
#4279=VECTOR('',#4278,4.680850505822E-2);
#4280=CARTESIAN_POINT('',(1.189583420753E0,7.94E0,1.214893621206E0));
#4281=LINE('',#4280,#4279);
#4282=DIRECTION('',(-4.440892098500E-14,1.E0,-4.440892098500E-14));
#4283=VECTOR('',#4282,1.E-2);
#4284=CARTESIAN_POINT('',(1.189583420753E0,7.94E0,1.168085116148E0));
#4285=LINE('',#4284,#4283);
#4286=DIRECTION('',(-2.220446049250E-14,1.E0,-1.110223024625E-13));
#4287=VECTOR('',#4286,1.E-2);
#4288=CARTESIAN_POINT('',(1.189583420753E0,7.94E0,1.214893621206E0));
#4289=LINE('',#4288,#4287);
#4290=DIRECTION('',(2.220446049250E-14,1.E0,4.440892098500E-14));
#4291=VECTOR('',#4290,1.E-2);
#4292=CARTESIAN_POINT('',(1.327083420753E0,7.94E0,1.121276611090E0));
#4293=LINE('',#4292,#4291);
#4294=DIRECTION('',(1.E0,0.E0,3.255575141869E-13));
#4295=VECTOR('',#4294,1.145834207531E-1);
#4296=CARTESIAN_POINT('',(1.441666579247E0,7.95E0,1.097872358561E0));
#4297=LINE('',#4296,#4295);
#4298=DIRECTION('',(-1.E0,0.E0,-3.313710412260E-13));
#4299=VECTOR('',#4298,1.145834207531E-1);
#4300=CARTESIAN_POINT('',(1.55625E0,7.94E0,1.097872358561E0));
#4301=LINE('',#4300,#4299);
#4302=DIRECTION('',(4.440892098500E-14,1.E0,-2.220446049250E-14));
#4303=VECTOR('',#4302,1.E-2);
#4304=CARTESIAN_POINT('',(1.441666579247E0,7.94E0,1.097872358561E0));
#4305=LINE('',#4304,#4303);
#4306=DIRECTION('',(-4.440892098500E-14,1.E0,-6.661338147750E-14));
#4307=VECTOR('',#4306,1.E-2);
#4308=CARTESIAN_POINT('',(1.55625E0,7.94E0,1.097872358561E0));
#4309=LINE('',#4308,#4307);
#4310=DIRECTION('',(-2.220446049250E-14,-1.E0,-6.661338147750E-14));
#4311=VECTOR('',#4310,1.E-2);
#4312=CARTESIAN_POINT('',(1.785416579247E0,7.95E0,1.191489368677E0));
#4313=LINE('',#4312,#4311);
#4314=DIRECTION('',(4.440892098500E-14,1.E0,2.220446049250E-14));
#4315=VECTOR('',#4314,1.E-2);
#4316=CARTESIAN_POINT('',(1.670833420753E0,7.94E0,1.121276611090E0));
#4317=LINE('',#4316,#4315);
#4318=DIRECTION('',(6.996248351853E-1,0.E0,7.145103848035E-1));
#4319=VECTOR('',#4318,9.826695186116E-2);
#4320=CARTESIAN_POINT('',(1.785416579247E0,7.94E0,1.191489368677E0));
#4321=LINE('',#4320,#4319);
#4322=DIRECTION('',(3.646925389884E-1,0.E0,9.311279997971E-1));
#4323=VECTOR('',#4322,1.256768808053E-1);
#4324=CARTESIAN_POINT('',(1.854166579247E0,7.94E0,1.261702126265E0));
#4325=LINE('',#4324,#4323);
#4326=DIRECTION('',(-3.646924946992E-1,0.E0,9.311280171438E-1));
#4327=VECTOR('',#4326,1.256768960683E-1);
#4328=CARTESIAN_POINT('',(1.9E0,7.94E0,1.495744684339E0));
#4329=LINE('',#4328,#4327);
#4330=DIRECTION('',(-5.919095150875E-1,0.E0,8.060044205517E-1));
#4331=VECTOR('',#4330,1.161495097606E-1);
#4332=CARTESIAN_POINT('',(1.854166579247E0,7.94E0,1.612765963376E0));
#4333=LINE('',#4332,#4331);
#4334=DIRECTION('',(-8.526530470711E-1,0.E0,5.224775414507E-1));
#4335=VECTOR('',#4334,1.343842714071E-1);
#4336=CARTESIAN_POINT('',(1.785416579247E0,7.94E0,1.706382981688E0));
#4337=LINE('',#4336,#4335);
#4338=DIRECTION('',(-9.797707357806E-1,0.E0,2.001232253086E-1));
#4339=VECTOR('',#4338,1.169492173715E-1);
#4340=CARTESIAN_POINT('',(1.670833420753E0,7.94E0,1.776595745422E0));
#4341=LINE('',#4340,#4339);
#4342=DIRECTION('',(-9.797706459691E-1,0.E0,-2.001236650106E-1));
#4343=VECTOR('',#4342,1.169489604178E-1);
#4344=CARTESIAN_POINT('',(1.441666579247E0,7.94E0,1.8E0));
#4345=LINE('',#4344,#4343);
#4346=DIRECTION('',(-8.526535798141E-1,0.E0,-5.224766720440E-1));
#4347=VECTOR('',#4346,1.343844950232E-1);
#4348=CARTESIAN_POINT('',(1.327083420753E0,7.94E0,1.776595745422E0));
#4349=LINE('',#4348,#4347);
#4350=DIRECTION('',(-5.919095150859E-1,0.E0,-8.060044205529E-1));
#4351=VECTOR('',#4350,1.161495097606E-1);
#4352=CARTESIAN_POINT('',(1.2125E0,7.94E0,1.706382981688E0));
#4353=LINE('',#4352,#4351);
#4354=DIRECTION('',(-3.646924946994E-1,0.E0,-9.311280171437E-1));
#4355=VECTOR('',#4354,1.256768960683E-1);
#4356=CARTESIAN_POINT('',(1.14375E0,7.94E0,1.612765963376E0));
#4357=LINE('',#4356,#4355);
#4358=DIRECTION('',(-1.385316809435E-1,0.E0,-9.903580026309E-1));
#4359=VECTOR('',#4358,1.654248262263E-1);
#4360=CARTESIAN_POINT('',(1.097916579247E0,7.94E0,1.495744684339E0));
#4361=LINE('',#4360,#4359);
#4362=DIRECTION('',(1.385317081303E-1,0.E0,-9.903579988279E-1));
#4363=VECTOR('',#4362,1.654247937594E-1);
#4364=CARTESIAN_POINT('',(1.075E0,7.94E0,1.168085116148E0));
#4365=LINE('',#4364,#4363);
#4366=DIRECTION('',(3.646923618327E-1,0.E0,-9.311280691832E-1));
#4367=VECTOR('',#4366,1.256769418555E-1);
#4368=CARTESIAN_POINT('',(1.097916579247E0,7.94E0,1.004255348444E0));
#4369=LINE('',#4368,#4367);
#4370=DIRECTION('',(5.919095487505E-1,0.E0,-8.060043958304E-1));
#4371=VECTOR('',#4370,1.161495031551E-1);
#4372=CARTESIAN_POINT('',(1.14375E0,7.94E0,8.872340202331E-1));
#4373=LINE('',#4372,#4371);
#4374=DIRECTION('',(8.526536001907E-1,0.E0,-5.224766387905E-1));
#4375=VECTOR('',#4374,1.343844918117E-1);
#4376=CARTESIAN_POINT('',(1.2125E0,7.94E0,7.936170101166E-1));
#4377=LINE('',#4376,#4375);
#4378=DIRECTION('',(9.797706494040E-1,0.E0,-2.001236481941E-1));
#4379=VECTOR('',#4378,1.169489600078E-1);
#4380=CARTESIAN_POINT('',(1.327083420753E0,7.94E0,7.234042525292E-1));
#4381=LINE('',#4380,#4379);
#4382=DIRECTION('',(9.797706494040E-1,0.E0,2.001236481941E-1));
#4383=VECTOR('',#4382,1.169489600078E-1);
#4384=CARTESIAN_POINT('',(1.533333420753E0,7.94E0,7.E-1));
#4385=LINE('',#4384,#4383);
#4386=DIRECTION('',(8.526536001907E-1,0.E0,5.224766387905E-1));
#4387=VECTOR('',#4386,1.343844918117E-1);
#4388=CARTESIAN_POINT('',(1.647916579247E0,7.94E0,7.234042525292E-1));
#4389=LINE('',#4388,#4387);
#4390=DIRECTION('',(5.919095487509E-1,0.E0,8.060043958301E-1));
#4391=VECTOR('',#4390,1.161495031551E-1);
#4392=CARTESIAN_POINT('',(1.7625E0,7.94E0,7.936170101166E-1));
#4393=LINE('',#4392,#4391);
#4394=DIRECTION('',(3.102789952976E-1,0.E0,9.506455412388E-1));
#4395=VECTOR('',#4394,7.385797812299E-2);
#4396=CARTESIAN_POINT('',(1.83125E0,7.94E0,8.872340202331E-1));
#4397=LINE('',#4396,#4395);
#4398=DIRECTION('',(-5.466232776984E-1,0.E0,-8.373786433139E-1));
#4399=VECTOR('',#4398,8.384827837201E-2);
#4400=CARTESIAN_POINT('',(1.739583420753E0,7.94E0,9.574467778206E-1));
#4401=LINE('',#4400,#4399);
#4402=DIRECTION('',(-8.265992787992E-1,0.E0,-5.627909312423E-1));
#4403=VECTOR('',#4402,8.317210256926E-2);
#4404=CARTESIAN_POINT('',(1.69375E0,7.94E0,8.872340202332E-1));
#4405=LINE('',#4404,#4403);
#4406=DIRECTION('',(-9.466499177700E-1,0.E0,-3.222637633772E-1));
#4407=VECTOR('',#4406,7.262452434578E-2);
#4408=CARTESIAN_POINT('',(1.625E0,7.94E0,8.404255151749E-1));
#4409=LINE('',#4408,#4407);
#4410=DIRECTION('',(-9.466499177700E-1,0.E0,3.222637633772E-1));
#4411=VECTOR('',#4410,7.262452434578E-2);
#4412=CARTESIAN_POINT('',(1.41875E0,7.94E0,8.170212626457E-1));
#4413=LINE('',#4412,#4411);
#4414=DIRECTION('',(-8.265992787992E-1,0.E0,5.627909312423E-1));
#4415=VECTOR('',#4414,8.317210256925E-2);
#4416=CARTESIAN_POINT('',(1.35E0,7.94E0,8.404255151749E-1));
#4417=LINE('',#4416,#4415);
#4418=DIRECTION('',(-5.466232777005E-1,0.E0,8.373786433125E-1));
#4419=VECTOR('',#4418,8.384827837207E-2);
#4420=CARTESIAN_POINT('',(1.28125E0,7.94E0,8.872340202332E-1));
#4421=LINE('',#4420,#4419);
#4422=DIRECTION('',(-3.102787334539E-1,0.E0,9.506456267013E-1));
#4423=VECTOR('',#4422,7.385804045205E-2);
#4424=CARTESIAN_POINT('',(1.235416579247E0,7.94E0,9.574467778205E-1));
#4425=LINE('',#4424,#4423);
#4426=DIRECTION('',(-1.610631980396E-1,0.E0,9.869440947882E-1));
#4427=VECTOR('',#4426,1.422831505012E-1);
#4428=CARTESIAN_POINT('',(1.2125E0,7.94E0,1.027659600973E0));
#4429=LINE('',#4428,#4427);
#4430=DIRECTION('',(8.265992787997E-1,0.E0,-5.627909312417E-1));
#4431=VECTOR('',#4430,1.663442051382E-1);
#4432=CARTESIAN_POINT('',(1.189583420753E0,7.94E0,1.214893621206E0));
#4433=LINE('',#4432,#4431);
#4434=DIRECTION('',(9.797706494044E-1,0.E0,-2.001236481918E-1));
#4435=VECTOR('',#4434,1.169489600078E-1);
#4436=CARTESIAN_POINT('',(1.327083420753E0,7.94E0,1.121276611090E0));
#4437=LINE('',#4436,#4435);
#4438=DIRECTION('',(9.797707392160E-1,0.E0,2.001232084895E-1));
#4439=VECTOR('',#4438,1.169492169616E-1);
#4440=CARTESIAN_POINT('',(1.55625E0,7.94E0,1.097872358561E0));
#4441=LINE('',#4440,#4439);
#4442=DIRECTION('',(8.526530674476E-1,0.E0,5.224775081975E-1));
#4443=VECTOR('',#4442,1.343842681955E-1);
#4444=CARTESIAN_POINT('',(1.670833420753E0,7.94E0,1.121276611090E0));
#4445=LINE('',#4444,#4443);
#4446=DIRECTION('',(-3.102788643787E-1,2.405097099875E-14,-9.506455839691E-1));
#4447=VECTOR('',#4446,7.385800928756E-2);
#4448=CARTESIAN_POINT('',(1.785416579247E0,7.94E0,1.402127674222E0));
#4449=LINE('',#4448,#4447);
#4450=DIRECTION('',(-6.996255164452E-1,-4.067287202447E-14,-7.145097177357E-1));
#4451=VECTOR('',#4450,6.551136240140E-2);
#4452=CARTESIAN_POINT('',(1.7625E0,7.94E0,1.331914883852E0));
#4453=LINE('',#4452,#4451);
#4454=DIRECTION('',(-8.265992787972E-1,0.E0,-5.627909312453E-1));
#4455=VECTOR('',#4454,8.317210256956E-2);
#4456=CARTESIAN_POINT('',(1.716666579247E0,7.94E0,1.285106378794E0));
#4457=LINE('',#4456,#4455);
#4458=DIRECTION('',(-9.466499177695E-1,0.E0,-3.222637633787E-1));
#4459=VECTOR('',#4458,7.262452434567E-2);
#4460=CARTESIAN_POINT('',(1.647916579247E0,7.94E0,1.238297873735E0));
#4461=LINE('',#4460,#4459);
#4462=DIRECTION('',(-9.466499177699E-1,-1.222973131600E-14,3.222637633774E-1));
#4463=VECTOR('',#4462,7.262452434568E-2);
#4464=CARTESIAN_POINT('',(1.41875E0,7.94E0,1.214893621206E0));
#4465=LINE('',#4464,#4463);
#4466=DIRECTION('',(-8.265992787990E-1,0.E0,5.627909312426E-1));
#4467=VECTOR('',#4466,8.317210256963E-2);
#4468=CARTESIAN_POINT('',(1.35E0,7.94E0,1.238297873735E0));
#4469=LINE('',#4468,#4467);
#4470=DIRECTION('',(-6.996255164436E-1,0.E0,7.145097177373E-1));
#4471=VECTOR('',#4470,6.551136240143E-2);
#4472=CARTESIAN_POINT('',(1.28125E0,7.94E0,1.285106378794E0));
#4473=LINE('',#4472,#4471);
#4474=DIRECTION('',(-3.102788643759E-1,0.E0,9.506455839700E-1));
#4475=VECTOR('',#4474,7.385800928767E-2);
#4476=CARTESIAN_POINT('',(1.235416579247E0,7.94E0,1.331914883852E0));
#4477=LINE('',#4476,#4475);
#4478=DIRECTION('',(3.102789952963E-1,0.E0,9.506455412392E-1));
#4479=VECTOR('',#4478,7.385797812356E-2);
#4480=CARTESIAN_POINT('',(1.2125E0,7.94E0,1.472340431809E0));
#4481=LINE('',#4480,#4479);
#4482=DIRECTION('',(5.466231882195E-1,1.059268349393E-14,8.373787017239E-1));
#4483=VECTOR('',#4482,8.384829209794E-2);
#4484=CARTESIAN_POINT('',(1.235416579247E0,7.94E0,1.542553189397E0));
#4485=LINE('',#4484,#4483);
#4486=DIRECTION('',(8.265992788016E-1,1.067880205341E-14,5.627909312388E-1));
#4487=VECTOR('',#4486,8.317210256901E-2);
#4488=CARTESIAN_POINT('',(1.28125E0,7.94E0,1.612765963376E0));
#4489=LINE('',#4488,#4487);
#4490=DIRECTION('',(9.466499177699E-1,0.E0,3.222637633774E-1));
#4491=VECTOR('',#4490,7.262452434568E-2);
#4492=CARTESIAN_POINT('',(1.35E0,7.94E0,1.659574468434E0));
#4493=LINE('',#4492,#4491);
#4494=DIRECTION('',(9.466499177695E-1,-1.222973131600E-14,-3.222637633787E-1));
#4495=VECTOR('',#4494,7.262452434567E-2);
#4496=CARTESIAN_POINT('',(1.579166579247E0,7.94E0,1.682978720963E0));
#4497=LINE('',#4496,#4495);
#4498=DIRECTION('',(8.265992788014E-1,0.E0,-5.627909312392E-1));
#4499=VECTOR('',#4498,8.317210256899E-2);
#4500=CARTESIAN_POINT('',(1.647916579247E0,7.94E0,1.659574468434E0));
#4501=LINE('',#4500,#4499);
#4502=DIRECTION('',(5.466231882209E-1,1.059268349394E-14,-8.373787017230E-1));
#4503=VECTOR('',#4502,8.384829209788E-2);
#4504=CARTESIAN_POINT('',(1.716666579247E0,7.94E0,1.612765963376E0));
#4505=LINE('',#4504,#4503);
#4506=DIRECTION('',(3.102789952963E-1,0.E0,-9.506455412392E-1));
#4507=VECTOR('',#4506,7.385797812356E-2);
#4508=CARTESIAN_POINT('',(1.7625E0,7.94E0,1.542553189397E0));
#4509=LINE('',#4508,#4507);
#4510=DIRECTION('',(3.102788643787E-1,-1.202548549937E-14,9.506455839691E-1));
#4511=VECTOR('',#4510,7.385800928756E-2);
#4512=CARTESIAN_POINT('',(1.7625E0,7.95E0,1.331914883852E0));
#4513=LINE('',#4512,#4511);
#4514=DIRECTION('',(-3.102789952963E-1,0.E0,9.506455412392E-1));
#4515=VECTOR('',#4514,7.385797812356E-2);
#4516=CARTESIAN_POINT('',(1.785416579247E0,7.95E0,1.472340431809E0));
#4517=LINE('',#4516,#4515);
#4518=DIRECTION('',(-5.466231882209E-1,0.E0,8.373787017230E-1));
#4519=VECTOR('',#4518,8.384829209788E-2);
#4520=CARTESIAN_POINT('',(1.7625E0,7.95E0,1.542553189397E0));
#4521=LINE('',#4520,#4519);
#4522=DIRECTION('',(-8.265992788014E-1,0.E0,5.627909312392E-1));
#4523=VECTOR('',#4522,8.317210256899E-2);
#4524=CARTESIAN_POINT('',(1.716666579247E0,7.95E0,1.612765963376E0));
#4525=LINE('',#4524,#4523);
#4526=DIRECTION('',(-9.466499177695E-1,0.E0,3.222637633787E-1));
#4527=VECTOR('',#4526,7.262452434567E-2);
#4528=CARTESIAN_POINT('',(1.647916579247E0,7.95E0,1.659574468434E0));
#4529=LINE('',#4528,#4527);
#4530=DIRECTION('',(-9.466499177699E-1,0.E0,-3.222637633774E-1));
#4531=VECTOR('',#4530,7.262452434568E-2);
#4532=CARTESIAN_POINT('',(1.41875E0,7.95E0,1.682978720963E0));
#4533=LINE('',#4532,#4531);
#4534=DIRECTION('',(-8.265992788016E-1,0.E0,-5.627909312388E-1));
#4535=VECTOR('',#4534,8.317210256901E-2);
#4536=CARTESIAN_POINT('',(1.35E0,7.95E0,1.659574468434E0));
#4537=LINE('',#4536,#4535);
#4538=DIRECTION('',(-5.466231882195E-1,-1.059268349393E-14,-8.373787017239E-1));
#4539=VECTOR('',#4538,8.384829209794E-2);
#4540=CARTESIAN_POINT('',(1.28125E0,7.95E0,1.612765963376E0));
#4541=LINE('',#4540,#4539);
#4542=DIRECTION('',(-3.102789952963E-1,-3.607647172040E-14,-9.506455412392E-1));
#4543=VECTOR('',#4542,7.385797812356E-2);
#4544=CARTESIAN_POINT('',(1.235416579247E0,7.95E0,1.542553189397E0));
#4545=LINE('',#4544,#4543);
#4546=DIRECTION('',(3.102788643759E-1,0.E0,-9.506455839700E-1));
#4547=VECTOR('',#4546,7.385800928767E-2);
#4548=CARTESIAN_POINT('',(1.2125E0,7.95E0,1.402127674222E0));
#4549=LINE('',#4548,#4547);
#4550=DIRECTION('',(6.996255164436E-1,0.E0,-7.145097177373E-1));
#4551=VECTOR('',#4550,6.551136240142E-2);
#4552=CARTESIAN_POINT('',(1.235416579247E0,7.95E0,1.331914883852E0));
#4553=LINE('',#4552,#4551);
#4554=DIRECTION('',(8.265992787990E-1,0.E0,-5.627909312426E-1));
#4555=VECTOR('',#4554,8.317210256963E-2);
#4556=CARTESIAN_POINT('',(1.28125E0,7.95E0,1.285106378794E0));
#4557=LINE('',#4556,#4555);
#4558=DIRECTION('',(9.466499177699E-1,0.E0,-3.222637633774E-1));
#4559=VECTOR('',#4558,7.262452434568E-2);
#4560=CARTESIAN_POINT('',(1.35E0,7.95E0,1.238297873735E0));
#4561=LINE('',#4560,#4559);
#4562=DIRECTION('',(9.466499177695E-1,-3.668919394801E-14,3.222637633787E-1));
#4563=VECTOR('',#4562,7.262452434567E-2);
#4564=CARTESIAN_POINT('',(1.579166579247E0,7.95E0,1.214893621206E0));
#4565=LINE('',#4564,#4563);
#4566=DIRECTION('',(8.265992787972E-1,-2.135760410667E-14,5.627909312453E-1));
#4567=VECTOR('',#4566,8.317210256956E-2);
#4568=CARTESIAN_POINT('',(1.647916579247E0,7.95E0,1.238297873735E0));
#4569=LINE('',#4568,#4567);
#4570=DIRECTION('',(6.996255164452E-1,1.355762400816E-14,7.145097177357E-1));
#4571=VECTOR('',#4570,6.551136240140E-2);
#4572=CARTESIAN_POINT('',(1.716666579247E0,7.95E0,1.285106378794E0));
#4573=LINE('',#4572,#4571);
#4574=DIRECTION('',(5.534294221922E-13,-1.264981536439E-14,-1.E0));
#4575=VECTOR('',#4574,7.021275758698E-2);
#4576=CARTESIAN_POINT('',(1.785416579247E0,7.95E0,1.472340431809E0));
#4577=LINE('',#4576,#4575);
#4578=DIRECTION('',(-6.661338147750E-14,-1.E0,-6.661338147750E-14));
#4579=VECTOR('',#4578,1.E-2);
#4580=CARTESIAN_POINT('',(1.785416579247E0,7.95E0,1.402127674222E0));
#4581=LINE('',#4580,#4579);
#4582=DIRECTION('',(-5.344546991456E-13,0.E0,1.E0));
#4583=VECTOR('',#4582,7.021275758698E-2);
#4584=CARTESIAN_POINT('',(1.785416579247E0,7.94E0,1.402127674222E0));
#4585=LINE('',#4584,#4583);
#4586=DIRECTION('',(-6.661338147750E-14,1.E0,2.220446049250E-14));
#4587=VECTOR('',#4586,1.E-2);
#4588=CARTESIAN_POINT('',(1.785416579247E0,7.94E0,1.472340431809E0));
#4589=LINE('',#4588,#4587);
#4590=DIRECTION('',(-2.220446049250E-14,1.E0,-2.220446049250E-14));
#4591=VECTOR('',#4590,1.E-2);
#4592=CARTESIAN_POINT('',(1.7625E0,7.94E0,1.542553189397E0));
#4593=LINE('',#4592,#4591);
#4594=DIRECTION('',(-2.220446049250E-14,1.E0,-4.440892098500E-14));
#4595=VECTOR('',#4594,1.E-2);
#4596=CARTESIAN_POINT('',(1.716666579247E0,7.94E0,1.612765963376E0));
#4597=LINE('',#4596,#4595);
#4598=DIRECTION('',(0.E0,1.E0,0.E0));
#4599=VECTOR('',#4598,1.E-2);
#4600=CARTESIAN_POINT('',(1.647916579247E0,7.94E0,1.659574468434E0));
#4601=LINE('',#4600,#4599);
#4602=DIRECTION('',(-6.661338147750E-14,1.E0,-4.440892098500E-14));
#4603=VECTOR('',#4602,1.E-2);
#4604=CARTESIAN_POINT('',(1.579166579247E0,7.94E0,1.682978720963E0));
#4605=LINE('',#4604,#4603);
#4606=DIRECTION('',(1.E0,0.E0,-1.218073925098E-13));
#4607=VECTOR('',#4606,1.604165792469E-1);
#4608=CARTESIAN_POINT('',(1.41875E0,7.95E0,1.682978720963E0));
#4609=LINE('',#4608,#4607);
#4610=DIRECTION('',(-1.E0,0.E0,1.259599172544E-13));
#4611=VECTOR('',#4610,1.604165792469E-1);
#4612=CARTESIAN_POINT('',(1.579166579247E0,7.94E0,1.682978720963E0));
#4613=LINE('',#4612,#4611);
#4614=DIRECTION('',(-6.661338147750E-14,1.E0,-1.110223024625E-13));
#4615=VECTOR('',#4614,1.E-2);
#4616=CARTESIAN_POINT('',(1.41875E0,7.94E0,1.682978720963E0));
#4617=LINE('',#4616,#4615);
#4618=DIRECTION('',(-4.440892098500E-14,1.E0,6.661338147750E-14));
#4619=VECTOR('',#4618,1.E-2);
#4620=CARTESIAN_POINT('',(1.35E0,7.94E0,1.659574468434E0));
#4621=LINE('',#4620,#4619);
#4622=DIRECTION('',(-6.661338147750E-14,1.E0,0.E0));
#4623=VECTOR('',#4622,1.E-2);
#4624=CARTESIAN_POINT('',(1.28125E0,7.94E0,1.612765963376E0));
#4625=LINE('',#4624,#4623);
#4626=DIRECTION('',(-2.220446049250E-14,1.E0,8.881784197001E-14));
#4627=VECTOR('',#4626,1.E-2);
#4628=CARTESIAN_POINT('',(1.235416579247E0,7.94E0,1.542553189397E0));
#4629=LINE('',#4628,#4627);
#4630=DIRECTION('',(4.440892098500E-14,1.E0,2.220446049250E-14));
#4631=VECTOR('',#4630,1.E-2);
#4632=CARTESIAN_POINT('',(1.2125E0,7.94E0,1.472340431809E0));
#4633=LINE('',#4632,#4631);
#4634=DIRECTION('',(5.471045145100E-13,-1.264981536439E-14,1.E0));
#4635=VECTOR('',#4634,7.021275758698E-2);
#4636=CARTESIAN_POINT('',(1.2125E0,7.95E0,1.402127674222E0));
#4637=LINE('',#4636,#4635);
#4638=DIRECTION('',(-5.471045145100E-13,0.E0,-1.E0));
#4639=VECTOR('',#4638,7.021275758698E-2);
#4640=CARTESIAN_POINT('',(1.2125E0,7.94E0,1.472340431809E0));
#4641=LINE('',#4640,#4639);
#4642=DIRECTION('',(0.E0,1.E0,2.220446049250E-14));
#4643=VECTOR('',#4642,1.E-2);
#4644=CARTESIAN_POINT('',(1.2125E0,7.94E0,1.402127674222E0));
#4645=LINE('',#4644,#4643);
#4646=DIRECTION('',(4.440892098500E-14,1.E0,-2.220446049250E-14));
#4647=VECTOR('',#4646,1.E-2);
#4648=CARTESIAN_POINT('',(1.235416579247E0,7.94E0,1.331914883852E0));
#4649=LINE('',#4648,#4647);
#4650=DIRECTION('',(-2.220446049250E-14,1.E0,4.440892098500E-14));
#4651=VECTOR('',#4650,1.E-2);
#4652=CARTESIAN_POINT('',(1.28125E0,7.94E0,1.285106378794E0));
#4653=LINE('',#4652,#4651);
#4654=DIRECTION('',(0.E0,1.E0,-4.440892098500E-14));
#4655=VECTOR('',#4654,1.E-2);
#4656=CARTESIAN_POINT('',(1.35E0,7.94E0,1.238297873735E0));
#4657=LINE('',#4656,#4655);
#4658=DIRECTION('',(-2.220446049250E-14,1.E0,-8.881784197E-14));
#4659=VECTOR('',#4658,1.E-2);
#4660=CARTESIAN_POINT('',(1.41875E0,7.94E0,1.214893621206E0));
#4661=LINE('',#4660,#4659);
#4662=DIRECTION('',(-1.E0,0.E0,-1.218073925098E-13));
#4663=VECTOR('',#4662,1.604165792469E-1);
#4664=CARTESIAN_POINT('',(1.579166579247E0,7.95E0,1.214893621206E0));
#4665=LINE('',#4664,#4663);
#4666=DIRECTION('',(1.E0,0.E0,1.218073925098E-13));
#4667=VECTOR('',#4666,1.604165792469E-1);
#4668=CARTESIAN_POINT('',(1.41875E0,7.94E0,1.214893621206E0));
#4669=LINE('',#4668,#4667);
#4670=DIRECTION('',(-1.332267629550E-13,1.E0,-8.881784197E-14));
#4671=VECTOR('',#4670,1.E-2);
#4672=CARTESIAN_POINT('',(1.579166579247E0,7.94E0,1.214893621206E0));
#4673=LINE('',#4672,#4671);
#4674=DIRECTION('',(-4.440892098500E-14,1.E0,4.440892098500E-14));
#4675=VECTOR('',#4674,1.E-2);
#4676=CARTESIAN_POINT('',(1.647916579247E0,7.94E0,1.238297873735E0));
#4677=LINE('',#4676,#4675);
#4678=DIRECTION('',(-2.220446049250E-14,1.E0,0.E0));
#4679=VECTOR('',#4678,1.E-2);
#4680=CARTESIAN_POINT('',(1.716666579247E0,7.94E0,1.285106378794E0));
#4681=LINE('',#4680,#4679);
#4682=DIRECTION('',(2.220446049250E-14,1.E0,6.661338147750E-14));
#4683=VECTOR('',#4682,1.E-2);
#4684=CARTESIAN_POINT('',(1.7625E0,7.94E0,1.331914883852E0));
#4685=LINE('',#4684,#4683);
#4686=DIRECTION('',(3.499782250798E-13,0.E0,-1.E0));
#4687=VECTOR('',#4686,2.106382727620E-1);
#4688=CARTESIAN_POINT('',(2.083333158493E0,7.95E0,1.355319136381E0));
#4689=LINE('',#4688,#4687);
#4690=DIRECTION('',(-3.520865276405E-13,0.E0,1.E0));
#4691=VECTOR('',#4690,2.106382727620E-1);
#4692=CARTESIAN_POINT('',(2.083333158493E0,7.94E0,1.144680863619E0));
#4693=LINE('',#4692,#4691);
#4694=DIRECTION('',(0.E0,1.E0,-2.220446049250E-14));
#4695=VECTOR('',#4694,1.E-2);
#4696=CARTESIAN_POINT('',(2.083333158493E0,7.94E0,1.144680863619E0));
#4697=LINE('',#4696,#4695);
#4698=DIRECTION('',(0.E0,1.E0,-2.220446049250E-14));
#4699=VECTOR('',#4698,1.E-2);
#4700=CARTESIAN_POINT('',(2.10625E0,7.94E0,1.027659600973E0));
#4701=LINE('',#4700,#4699);
#4702=DIRECTION('',(0.E0,1.E0,-2.220446049250E-14));
#4703=VECTOR('',#4702,1.E-2);
#4704=CARTESIAN_POINT('',(2.129166841507E0,7.94E0,9.574467778206E-1));
#4705=LINE('',#4704,#4703);
#4706=DIRECTION('',(4.440892098500E-14,1.E0,-4.440892098500E-14));
#4707=VECTOR('',#4706,1.E-2);
#4708=CARTESIAN_POINT('',(2.175E0,7.94E0,8.638297677040E-1));
#4709=LINE('',#4708,#4707);
#4710=DIRECTION('',(8.881784197E-14,1.E0,3.330669073875E-14));
#4711=VECTOR('',#4710,1.E-2);
#4712=CARTESIAN_POINT('',(2.24375E0,7.94E0,7.936170101166E-1));
#4713=LINE('',#4712,#4711);
#4714=DIRECTION('',(0.E0,1.E0,0.E0));
#4715=VECTOR('',#4714,1.E-2);
#4716=CARTESIAN_POINT('',(2.358333158493E0,7.94E0,7.234042525291E-1));
#4717=LINE('',#4716,#4715);
#4718=DIRECTION('',(-8.881784197001E-14,1.E0,3.330669073875E-14));
#4719=VECTOR('',#4718,1.E-2);
#4720=CARTESIAN_POINT('',(2.495833158493E0,7.94E0,7.E-1));
#4721=LINE('',#4720,#4719);
#4722=DIRECTION('',(0.E0,1.E0,4.440892098500E-14));
#4723=VECTOR('',#4722,1.E-2);
#4724=CARTESIAN_POINT('',(2.633333158493E0,7.94E0,7.234042525291E-1));
#4725=LINE('',#4724,#4723);
#4726=DIRECTION('',(0.E0,1.E0,-4.440892098500E-14));
#4727=VECTOR('',#4726,1.E-2);
#4728=CARTESIAN_POINT('',(2.747916841507E0,7.94E0,7.936170101166E-1));
#4729=LINE('',#4728,#4727);
#4730=DIRECTION('',(0.E0,1.E0,-4.440892098500E-14));
#4731=VECTOR('',#4730,1.E-2);
#4732=CARTESIAN_POINT('',(2.816666841507E0,7.94E0,8.638297677040E-1));
#4733=LINE('',#4732,#4731);
#4734=DIRECTION('',(0.E0,1.E0,2.220446049250E-14));
#4735=VECTOR('',#4734,1.E-2);
#4736=CARTESIAN_POINT('',(2.8625E0,7.94E0,9.574467778206E-1));
#4737=LINE('',#4736,#4735);
#4738=DIRECTION('',(-4.440892098500E-14,1.E0,-2.220446049250E-14));
#4739=VECTOR('',#4738,1.E-2);
#4740=CARTESIAN_POINT('',(2.885416841507E0,7.94E0,1.027659600973E0));
#4741=LINE('',#4740,#4739);
#4742=DIRECTION('',(3.647363430048E-13,0.E0,1.E0));
#4743=VECTOR('',#4742,2.106382727620E-1);
#4744=CARTESIAN_POINT('',(2.908333158493E0,7.95E0,1.144680863619E0));
#4745=LINE('',#4744,#4743);
#4746=DIRECTION('',(-3.647363430048E-13,0.E0,-1.E0));
#4747=VECTOR('',#4746,2.106382727620E-1);
#4748=CARTESIAN_POINT('',(2.908333158493E0,7.94E0,1.355319136381E0));
#4749=LINE('',#4748,#4747);
#4750=DIRECTION('',(-4.440892098500E-14,1.E0,-2.220446049250E-14));
#4751=VECTOR('',#4750,1.E-2);
#4752=CARTESIAN_POINT('',(2.908333158493E0,7.94E0,1.144680863619E0));
#4753=LINE('',#4752,#4751);
#4754=DIRECTION('',(0.E0,1.E0,0.E0));
#4755=VECTOR('',#4754,1.E-2);
#4756=CARTESIAN_POINT('',(2.908333158493E0,7.94E0,1.355319136381E0));
#4757=LINE('',#4756,#4755);
#4758=DIRECTION('',(0.E0,1.E0,0.E0));
#4759=VECTOR('',#4758,1.E-2);
#4760=CARTESIAN_POINT('',(2.885416841507E0,7.94E0,1.472340431809E0));
#4761=LINE('',#4760,#4759);
#4762=DIRECTION('',(4.440892098500E-14,1.E0,0.E0));
#4763=VECTOR('',#4762,1.E-2);
#4764=CARTESIAN_POINT('',(2.8625E0,7.94E0,1.542553189397E0));
#4765=LINE('',#4764,#4763);
#4766=DIRECTION('',(4.440892098500E-14,1.E0,-6.661338147750E-14));
#4767=VECTOR('',#4766,1.E-2);
#4768=CARTESIAN_POINT('',(2.816666841507E0,7.94E0,1.636170215905E0));
#4769=LINE('',#4768,#4767);
#4770=DIRECTION('',(4.440892098500E-14,1.E0,6.661338147750E-14));
#4771=VECTOR('',#4770,1.E-2);
#4772=CARTESIAN_POINT('',(2.747916841507E0,7.94E0,1.706382981688E0));
#4773=LINE('',#4772,#4771);
#4774=DIRECTION('',(4.440892098500E-14,1.E0,-6.661338147750E-14));
#4775=VECTOR('',#4774,1.E-2);
#4776=CARTESIAN_POINT('',(2.633333158493E0,7.94E0,1.776595745422E0));
#4777=LINE('',#4776,#4775);
#4778=DIRECTION('',(-8.881784197E-14,1.E0,-4.440892098500E-14));
#4779=VECTOR('',#4778,1.E-2);
#4780=CARTESIAN_POINT('',(2.495833158493E0,7.94E0,1.8E0));
#4781=LINE('',#4780,#4779);
#4782=DIRECTION('',(8.881784197E-14,1.E0,-8.881784197E-14));
#4783=VECTOR('',#4782,1.E-2);
#4784=CARTESIAN_POINT('',(2.358333158493E0,7.94E0,1.776595745422E0));
#4785=LINE('',#4784,#4783);
#4786=DIRECTION('',(8.881784197E-14,1.E0,6.661338147750E-14));
#4787=VECTOR('',#4786,1.E-2);
#4788=CARTESIAN_POINT('',(2.24375E0,7.94E0,1.706382981688E0));
#4789=LINE('',#4788,#4787);
#4790=DIRECTION('',(-4.440892098500E-14,1.E0,0.E0));
#4791=VECTOR('',#4790,1.E-2);
#4792=CARTESIAN_POINT('',(2.175E0,7.94E0,1.636170215905E0));
#4793=LINE('',#4792,#4791);
#4794=DIRECTION('',(-1.776356839400E-13,1.E0,1.332267629550E-13));
#4795=VECTOR('',#4794,1.E-2);
#4796=CARTESIAN_POINT('',(2.129166841507E0,7.94E0,1.542553189397E0));
#4797=LINE('',#4796,#4795);
#4798=DIRECTION('',(-4.440892098500E-14,-1.E0,-6.661338147750E-14));
#4799=VECTOR('',#4798,1.E-2);
#4800=CARTESIAN_POINT('',(2.083333158493E0,7.95E0,1.355319136381E0));
#4801=LINE('',#4800,#4799);
#4802=DIRECTION('',(8.881784197E-14,1.E0,4.440892098500E-14));
#4803=VECTOR('',#4802,1.E-2);
#4804=CARTESIAN_POINT('',(2.10625E0,7.94E0,1.472340431809E0));
#4805=LINE('',#4804,#4803);
#4806=DIRECTION('',(1.921842654980E-1,0.E0,-9.813588579592E-1));
#4807=VECTOR('',#4806,1.192441090198E-1);
#4808=CARTESIAN_POINT('',(2.083333158493E0,7.94E0,1.144680863619E0));
#4809=LINE('',#4808,#4807);
#4810=DIRECTION('',(3.102819424636E-1,0.E0,-9.506445793150E-1));
#4811=VECTOR('',#4810,7.385812182616E-2);
#4812=CARTESIAN_POINT('',(2.10625E0,7.94E0,1.027659600973E0));
#4813=LINE('',#4812,#4811);
#4814=DIRECTION('',(4.397121427656E-1,0.E0,-8.981387596048E-1));
#4815=VECTOR('',#4814,1.042344616747E-1);
#4816=CARTESIAN_POINT('',(2.129166841507E0,7.94E0,9.574467778206E-1));
#4817=LINE('',#4816,#4815);
#4818=DIRECTION('',(6.996248351878E-1,0.E0,-7.145103848010E-1));
#4819=VECTOR('',#4818,9.826695186088E-2);
#4820=CARTESIAN_POINT('',(2.175E0,7.94E0,8.638297677040E-1));
#4821=LINE('',#4820,#4819);
#4822=DIRECTION('',(8.526530674471E-1,0.E0,-5.224775081982E-1));
#4823=VECTOR('',#4822,1.343842681949E-1);
#4824=CARTESIAN_POINT('',(2.24375E0,7.94E0,7.936170101166E-1));
#4825=LINE('',#4824,#4823);
#4826=DIRECTION('',(9.858211730931E-1,0.E0,-1.677993286084E-1));
#4827=VECTOR('',#4826,1.394776291613E-1);
#4828=CARTESIAN_POINT('',(2.358333158493E0,7.94E0,7.234042525291E-1));
#4829=LINE('',#4828,#4827);
#4830=DIRECTION('',(9.858211730931E-1,0.E0,1.677993286082E-1));
#4831=VECTOR('',#4830,1.394776291613E-1);
#4832=CARTESIAN_POINT('',(2.495833158493E0,7.94E0,7.E-1));
#4833=LINE('',#4832,#4831);
#4834=DIRECTION('',(8.526541329323E-1,0.E0,5.224757693841E-1));
#4835=VECTOR('',#4834,1.343847154296E-1);
#4836=CARTESIAN_POINT('',(2.633333158493E0,7.94E0,7.234042525291E-1));
#4837=LINE('',#4836,#4835);
#4838=DIRECTION('',(6.996248351880E-1,0.E0,7.145103848008E-1));
#4839=VECTOR('',#4838,9.826695186087E-2);
#4840=CARTESIAN_POINT('',(2.747916841507E0,7.94E0,7.936170101166E-1));
#4841=LINE('',#4840,#4839);
#4842=DIRECTION('',(4.397121427656E-1,0.E0,8.981387596048E-1));
#4843=VECTOR('',#4842,1.042344616747E-1);
#4844=CARTESIAN_POINT('',(2.816666841507E0,7.94E0,8.638297677040E-1));
#4845=LINE('',#4844,#4843);
#4846=DIRECTION('',(3.102819424639E-1,0.E0,9.506445793149E-1));
#4847=VECTOR('',#4846,7.385812182617E-2);
#4848=CARTESIAN_POINT('',(2.8625E0,7.94E0,9.574467778206E-1));
#4849=LINE('',#4848,#4847);
#4850=DIRECTION('',(1.921800292417E-1,0.E0,9.813596875563E-1));
#4851=VECTOR('',#4850,1.192440082162E-1);
#4852=CARTESIAN_POINT('',(2.885416841507E0,7.94E0,1.027659600973E0));
#4853=LINE('',#4852,#4851);
#4854=DIRECTION('',(-1.921799773933E-1,0.E0,9.813596977098E-1));
#4855=VECTOR('',#4854,1.192440403871E-1);
#4856=CARTESIAN_POINT('',(2.908333158493E0,7.94E0,1.355319136381E0));
#4857=LINE('',#4856,#4855);
#4858=DIRECTION('',(-3.102822043115E-1,0.E0,9.506444938501E-1));
#4859=VECTOR('',#4858,7.385805949772E-2);
#4860=CARTESIAN_POINT('',(2.885416841507E0,7.94E0,1.472340431809E0));
#4861=LINE('',#4860,#4859);
#4862=DIRECTION('',(-4.397120806621E-1,0.E0,8.981387900096E-1));
#4863=VECTOR('',#4862,1.042344763964E-1);
#4864=CARTESIAN_POINT('',(2.8625E0,7.94E0,1.542553189397E0));
#4865=LINE('',#4864,#4863);
#4866=DIRECTION('',(-6.996247934965E-1,0.E0,7.145104256237E-1));
#4867=VECTOR('',#4866,9.826695771672E-2);
#4868=CARTESIAN_POINT('',(2.816666841507E0,7.94E0,1.636170215905E0));
#4869=LINE('',#4868,#4867);
#4870=DIRECTION('',(-8.526541125556E-1,0.E0,5.224758026379E-1));
#4871=VECTOR('',#4870,1.343847186410E-1);
#4872=CARTESIAN_POINT('',(2.747916841507E0,7.94E0,1.706382981688E0));
#4873=LINE('',#4872,#4871);
#4874=DIRECTION('',(-9.858211706635E-1,0.E0,1.677993428818E-1));
#4875=VECTOR('',#4874,1.394776295050E-1);
#4876=CARTESIAN_POINT('',(2.633333158493E0,7.94E0,1.776595745422E0));
#4877=LINE('',#4876,#4875);
#4878=DIRECTION('',(-9.858211706635E-1,0.E0,-1.677993428821E-1));
#4879=VECTOR('',#4878,1.394776295050E-1);
#4880=CARTESIAN_POINT('',(2.495833158493E0,7.94E0,1.8E0));
#4881=LINE('',#4880,#4879);
#4882=DIRECTION('',(-8.526530470705E-1,0.E0,-5.224775414517E-1));
#4883=VECTOR('',#4882,1.343842714063E-1);
#4884=CARTESIAN_POINT('',(2.358333158493E0,7.94E0,1.776595745422E0));
#4885=LINE('',#4884,#4883);
#4886=DIRECTION('',(-6.996247934961E-1,0.E0,-7.145104256241E-1));
#4887=VECTOR('',#4886,9.826695771673E-2);
#4888=CARTESIAN_POINT('',(2.24375E0,7.94E0,1.706382981688E0));
#4889=LINE('',#4888,#4887);
#4890=DIRECTION('',(-4.397120806621E-1,0.E0,-8.981387900096E-1));
#4891=VECTOR('',#4890,1.042344763964E-1);
#4892=CARTESIAN_POINT('',(2.175E0,7.94E0,1.636170215905E0));
#4893=LINE('',#4892,#4891);
#4894=DIRECTION('',(-3.102822043105E-1,0.E0,-9.506444938505E-1));
#4895=VECTOR('',#4894,7.385805949771E-2);
#4896=CARTESIAN_POINT('',(2.129166841507E0,7.94E0,1.542553189397E0));
#4897=LINE('',#4896,#4895);
#4898=DIRECTION('',(-1.921842136490E-1,0.E0,-9.813588681131E-1));
#4899=VECTOR('',#4898,1.192441411907E-1);
#4900=CARTESIAN_POINT('',(2.10625E0,7.94E0,1.472340431809E0));
#4901=LINE('',#4900,#4899);
#4902=DIRECTION('',(-1.610614026240E-1,0.E0,9.869443877873E-1));
#4903=VECTOR('',#4902,1.422831082608E-1);
#4904=CARTESIAN_POINT('',(2.220833158493E0,7.94E0,1.027659600973E0));
#4905=LINE('',#4904,#4903);
#4906=DIRECTION('',(1.610613659987E-1,0.E0,9.869443937642E-1));
#4907=VECTOR('',#4906,1.422831406148E-1);
#4908=CARTESIAN_POINT('',(2.197916841507E0,7.94E0,1.331914883852E0));
#4909=LINE('',#4908,#4907);
#4910=DIRECTION('',(5.466232329594E-1,0.E0,8.373786725186E-1));
#4911=VECTOR('',#4910,1.676965704710E-1);
#4912=CARTESIAN_POINT('',(2.220833158493E0,7.94E0,1.472340431809E0));
#4913=LINE('',#4912,#4911);
#4914=DIRECTION('',(8.265992788021E-1,1.067880205340E-14,5.627909312381E-1));
#4915=VECTOR('',#4914,8.317210256908E-2);
#4916=CARTESIAN_POINT('',(2.3125E0,7.94E0,1.612765963376E0));
#4917=LINE('',#4916,#4915);
#4918=DIRECTION('',(9.797706494034E-1,0.E0,2.001236481967E-1));
#4919=VECTOR('',#4918,1.169489600068E-1);
#4920=CARTESIAN_POINT('',(2.38125E0,7.94E0,1.659574468434E0));
#4921=LINE('',#4920,#4919);
#4922=DIRECTION('',(9.797708290259E-1,0.E0,-2.001227687944E-1));
#4923=VECTOR('',#4922,1.169494739171E-1);
#4924=CARTESIAN_POINT('',(2.495833158493E0,7.94E0,1.682978720963E0));
#4925=LINE('',#4924,#4923);
#4926=DIRECTION('',(8.265992788007E-1,0.E0,-5.627909312402E-1));
#4927=VECTOR('',#4926,8.317210256901E-2);
#4928=CARTESIAN_POINT('',(2.610416841507E0,7.94E0,1.659574468434E0));
#4929=LINE('',#4928,#4927);
#4930=DIRECTION('',(5.466210397344E-1,0.E0,-8.373801042058E-1));
#4931=VECTOR('',#4930,1.676962837562E-1);
#4932=CARTESIAN_POINT('',(2.679166841507E0,7.94E0,1.612765963376E0));
#4933=LINE('',#4932,#4931);
#4934=DIRECTION('',(1.610649568234E-1,0.E0,-9.869438077639E-1));
#4935=VECTOR('',#4934,1.422832250959E-1);
#4936=CARTESIAN_POINT('',(2.770833158493E0,7.94E0,1.472340431809E0));
#4937=LINE('',#4936,#4935);
#4938=DIRECTION('',(-1.610649934496E-1,0.E0,-9.869438017866E-1));
#4939=VECTOR('',#4938,1.422831927419E-1);
#4940=CARTESIAN_POINT('',(2.79375E0,7.94E0,1.168085116148E0));
#4941=LINE('',#4940,#4939);
#4942=DIRECTION('',(-5.466209055143E-1,0.E0,-8.373801918214E-1));
#4943=VECTOR('',#4942,1.676963249326E-1);
#4944=CARTESIAN_POINT('',(2.770833158493E0,7.94E0,1.027659600973E0));
#4945=LINE('',#4944,#4943);
#4946=DIRECTION('',(-8.265992787995E-1,0.E0,-5.627909312419E-1));
#4947=VECTOR('',#4946,8.317210256925E-2);
#4948=CARTESIAN_POINT('',(2.679166841507E0,7.94E0,8.872340202332E-1));
#4949=LINE('',#4948,#4947);
#4950=DIRECTION('',(-9.797708290262E-1,0.E0,-2.001227687930E-1));
#4951=VECTOR('',#4950,1.169494739172E-1);
#4952=CARTESIAN_POINT('',(2.610416841507E0,7.94E0,8.404255151749E-1));
#4953=LINE('',#4952,#4951);
#4954=DIRECTION('',(-9.797706494038E-1,0.E0,2.001236481947E-1));
#4955=VECTOR('',#4954,1.169489600068E-1);
#4956=CARTESIAN_POINT('',(2.495833158493E0,7.94E0,8.170212626457E-1));
#4957=LINE('',#4956,#4955);
#4958=DIRECTION('',(-8.265992788001E-1,0.E0,5.627909312411E-1));
#4959=VECTOR('',#4958,8.317210256931E-2);
#4960=CARTESIAN_POINT('',(2.38125E0,7.94E0,8.404255151749E-1));
#4961=LINE('',#4960,#4959);
#4962=DIRECTION('',(-5.466230987394E-1,0.E0,8.373787601346E-1));
#4963=VECTOR('',#4962,1.676966116473E-1);
#4964=CARTESIAN_POINT('',(2.3125E0,7.94E0,8.872340202331E-1));
#4965=LINE('',#4964,#4963);
#4966=DIRECTION('',(1.610614026240E-1,0.E0,-9.869443877873E-1));
#4967=VECTOR('',#4966,1.422831082608E-1);
#4968=CARTESIAN_POINT('',(2.197916841507E0,7.95E0,1.168085116148E0));
#4969=LINE('',#4968,#4967);
#4970=DIRECTION('',(5.466230987394E-1,0.E0,-8.373787601346E-1));
#4971=VECTOR('',#4970,1.676966116473E-1);
#4972=CARTESIAN_POINT('',(2.220833158493E0,7.95E0,1.027659600973E0));
#4973=LINE('',#4972,#4971);
#4974=DIRECTION('',(8.265992788001E-1,-3.203640616010E-14,-5.627909312411E-1));
#4975=VECTOR('',#4974,8.317210256931E-2);
#4976=CARTESIAN_POINT('',(2.3125E0,7.95E0,8.872340202331E-1));
#4977=LINE('',#4976,#4975);
#4978=DIRECTION('',(9.797706494038E-1,0.E0,-2.001236481947E-1));
#4979=VECTOR('',#4978,1.169489600068E-1);
#4980=CARTESIAN_POINT('',(2.38125E0,7.95E0,8.404255151749E-1));
#4981=LINE('',#4980,#4979);
#4982=DIRECTION('',(9.797708290262E-1,0.E0,2.001227687930E-1));
#4983=VECTOR('',#4982,1.169494739172E-1);
#4984=CARTESIAN_POINT('',(2.495833158493E0,7.95E0,8.170212626457E-1));
#4985=LINE('',#4984,#4983);
#4986=DIRECTION('',(8.265992787995E-1,-3.203640616013E-14,5.627909312419E-1));
#4987=VECTOR('',#4986,8.317210256925E-2);
#4988=CARTESIAN_POINT('',(2.610416841507E0,7.95E0,8.404255151749E-1));
#4989=LINE('',#4988,#4987);
#4990=DIRECTION('',(5.466209055143E-1,0.E0,8.373801918214E-1));
#4991=VECTOR('',#4990,1.676963249326E-1);
#4992=CARTESIAN_POINT('',(2.679166841507E0,7.95E0,8.872340202332E-1));
#4993=LINE('',#4992,#4991);
#4994=DIRECTION('',(1.610649934496E-1,-1.872698530131E-14,9.869438017866E-1));
#4995=VECTOR('',#4994,1.422831927419E-1);
#4996=CARTESIAN_POINT('',(2.770833158493E0,7.95E0,1.027659600973E0));
#4997=LINE('',#4996,#4995);
#4998=DIRECTION('',(-1.610649568234E-1,0.E0,9.869438077639E-1));
#4999=VECTOR('',#4998,1.422832250959E-1);
#5000=CARTESIAN_POINT('',(2.79375E0,7.95E0,1.331914883852E0));
#5001=LINE('',#5000,#4999);
#5002=DIRECTION('',(-5.466210397344E-1,0.E0,8.373801042058E-1));
#5003=VECTOR('',#5002,1.676962837562E-1);
#5004=CARTESIAN_POINT('',(2.770833158493E0,7.95E0,1.472340431809E0));
#5005=LINE('',#5004,#5003);
#5006=DIRECTION('',(-8.265992788007E-1,0.E0,5.627909312402E-1));
#5007=VECTOR('',#5006,8.317210256901E-2);
#5008=CARTESIAN_POINT('',(2.679166841507E0,7.95E0,1.612765963376E0));
#5009=LINE('',#5008,#5007);
#5010=DIRECTION('',(-9.797708290259E-1,0.E0,2.001227687944E-1));
#5011=VECTOR('',#5010,1.169494739171E-1);
#5012=CARTESIAN_POINT('',(2.610416841507E0,7.95E0,1.659574468434E0));
#5013=LINE('',#5012,#5011);
#5014=DIRECTION('',(-9.797706494034E-1,0.E0,-2.001236481967E-1));
#5015=VECTOR('',#5014,1.169489600068E-1);
#5016=CARTESIAN_POINT('',(2.495833158493E0,7.95E0,1.682978720963E0));
#5017=LINE('',#5016,#5015);
#5018=DIRECTION('',(-8.265992788021E-1,0.E0,-5.627909312381E-1));
#5019=VECTOR('',#5018,8.317210256908E-2);
#5020=CARTESIAN_POINT('',(2.38125E0,7.95E0,1.659574468434E0));
#5021=LINE('',#5020,#5019);
#5022=DIRECTION('',(-5.466232329594E-1,0.E0,-8.373786725186E-1));
#5023=VECTOR('',#5022,1.676965704710E-1);
#5024=CARTESIAN_POINT('',(2.3125E0,7.95E0,1.612765963376E0));
#5025=LINE('',#5024,#5023);
#5026=DIRECTION('',(-1.610613659987E-1,-1.872699216215E-14,-9.869443937642E-1));
#5027=VECTOR('',#5026,1.422831406148E-1);
#5028=CARTESIAN_POINT('',(2.220833158493E0,7.95E0,1.472340431809E0));
#5029=LINE('',#5028,#5027);
#5030=DIRECTION('',(8.881784197E-14,-1.E0,6.661338147750E-14));
#5031=VECTOR('',#5030,1.E-2);
#5032=CARTESIAN_POINT('',(2.220833158493E0,7.95E0,1.027659600973E0));
#5033=LINE('',#5032,#5031);
#5034=DIRECTION('',(4.440892098500E-14,1.E0,7.771561172375E-14));
#5035=VECTOR('',#5034,1.E-2);
#5036=CARTESIAN_POINT('',(2.3125E0,7.94E0,8.872340202331E-1));
#5037=LINE('',#5036,#5035);
#5038=DIRECTION('',(-4.440892098500E-14,1.E0,6.661338147750E-14));
#5039=VECTOR('',#5038,1.E-2);
#5040=CARTESIAN_POINT('',(2.38125E0,7.94E0,8.404255151749E-1));
#5041=LINE('',#5040,#5039);
#5042=DIRECTION('',(-8.881784197E-14,1.E0,-3.330669073875E-14));
#5043=VECTOR('',#5042,1.E-2);
#5044=CARTESIAN_POINT('',(2.495833158493E0,7.94E0,8.170212626457E-1));
#5045=LINE('',#5044,#5043);
#5046=DIRECTION('',(4.440892098500E-14,1.E0,1.665334536937E-13));
#5047=VECTOR('',#5046,1.E-2);
#5048=CARTESIAN_POINT('',(2.610416841507E0,7.94E0,8.404255151749E-1));
#5049=LINE('',#5048,#5047);
#5050=DIRECTION('',(8.881784197001E-14,1.E0,-4.440892098500E-14));
#5051=VECTOR('',#5050,1.E-2);
#5052=CARTESIAN_POINT('',(2.679166841507E0,7.94E0,8.872340202332E-1));
#5053=LINE('',#5052,#5051);
#5054=DIRECTION('',(0.E0,1.E0,8.881784197E-14));
#5055=VECTOR('',#5054,1.E-2);
#5056=CARTESIAN_POINT('',(2.770833158493E0,7.94E0,1.027659600973E0));
#5057=LINE('',#5056,#5055);
#5058=DIRECTION('',(0.E0,1.E0,0.E0));
#5059=VECTOR('',#5058,1.E-2);
#5060=CARTESIAN_POINT('',(2.79375E0,7.94E0,1.168085116148E0));
#5061=LINE('',#5060,#5059);
#5062=DIRECTION('',(1.138483382788E-13,0.E0,-1.E0));
#5063=VECTOR('',#5062,1.638297677040E-1);
#5064=CARTESIAN_POINT('',(2.79375E0,7.95E0,1.331914883852E0));
#5065=LINE('',#5064,#5063);
#5066=DIRECTION('',(-1.246910371625E-13,0.E0,1.E0));
#5067=VECTOR('',#5066,1.638297677040E-1);
#5068=CARTESIAN_POINT('',(2.79375E0,7.94E0,1.168085116148E0));
#5069=LINE('',#5068,#5067);
#5070=DIRECTION('',(-8.881784197001E-14,1.E0,-1.554312234475E-13));
#5071=VECTOR('',#5070,1.E-2);
#5072=CARTESIAN_POINT('',(2.79375E0,7.94E0,1.331914883852E0));
#5073=LINE('',#5072,#5071);
#5074=DIRECTION('',(0.E0,1.E0,2.220446049250E-14));
#5075=VECTOR('',#5074,1.E-2);
#5076=CARTESIAN_POINT('',(2.770833158493E0,7.94E0,1.472340431809E0));
#5077=LINE('',#5076,#5075);
#5078=DIRECTION('',(4.440892098500E-14,1.E0,-4.440892098500E-14));
#5079=VECTOR('',#5078,1.E-2);
#5080=CARTESIAN_POINT('',(2.679166841507E0,7.94E0,1.612765963376E0));
#5081=LINE('',#5080,#5079);
#5082=DIRECTION('',(4.440892098500E-14,1.E0,6.661338147750E-14));
#5083=VECTOR('',#5082,1.E-2);
#5084=CARTESIAN_POINT('',(2.610416841507E0,7.94E0,1.659574468434E0));
#5085=LINE('',#5084,#5083);
#5086=DIRECTION('',(8.881784197001E-14,1.E0,8.881784197001E-14));
#5087=VECTOR('',#5086,1.E-2);
#5088=CARTESIAN_POINT('',(2.495833158493E0,7.94E0,1.682978720963E0));
#5089=LINE('',#5088,#5087);
#5090=DIRECTION('',(-8.881784197E-14,1.E0,0.E0));
#5091=VECTOR('',#5090,1.E-2);
#5092=CARTESIAN_POINT('',(2.38125E0,7.94E0,1.659574468434E0));
#5093=LINE('',#5092,#5091);
#5094=DIRECTION('',(-4.440892098500E-14,1.E0,0.E0));
#5095=VECTOR('',#5094,1.E-2);
#5096=CARTESIAN_POINT('',(2.3125E0,7.94E0,1.612765963376E0));
#5097=LINE('',#5096,#5095);
#5098=DIRECTION('',(0.E0,1.E0,4.440892098500E-14));
#5099=VECTOR('',#5098,1.E-2);
#5100=CARTESIAN_POINT('',(2.220833158493E0,7.94E0,1.472340431809E0));
#5101=LINE('',#5100,#5099);
#5102=DIRECTION('',(4.440892098500E-14,1.E0,6.661338147750E-14));
#5103=VECTOR('',#5102,1.E-2);
#5104=CARTESIAN_POINT('',(2.197916841507E0,7.94E0,1.331914883852E0));
#5105=LINE('',#5104,#5103);
#5106=DIRECTION('',(-1.355337360462E-13,0.E0,1.E0));
#5107=VECTOR('',#5106,1.638297677040E-1);
#5108=CARTESIAN_POINT('',(2.197916841507E0,7.95E0,1.168085116148E0));
#5109=LINE('',#5108,#5107);
#5110=DIRECTION('',(1.382444107671E-13,0.E0,-1.E0));
#5111=VECTOR('',#5110,1.638297677040E-1);
#5112=CARTESIAN_POINT('',(2.197916841507E0,7.94E0,1.331914883852E0));
#5113=LINE('',#5112,#5111);
#5114=DIRECTION('',(0.E0,1.E0,1.332267629550E-13));
#5115=VECTOR('',#5114,1.E-2);
#5116=CARTESIAN_POINT('',(2.197916841507E0,7.94E0,1.168085116148E0));
#5117=LINE('',#5116,#5115);
#5118=DIRECTION('',(8.881784197001E-14,-1.E0,0.E0));
#5119=VECTOR('',#5118,1.E-2);
#5120=CARTESIAN_POINT('',(-2.35E0,7.95E0,2.6E0));
#5121=LINE('',#5120,#5119);
#5122=DIRECTION('',(6.661338147750E-14,1.E0,-4.440892098500E-14));
#5123=VECTOR('',#5122,1.E-2);
#5124=CARTESIAN_POINT('',(-1.25E0,7.94E0,2.6E0));
#5125=LINE('',#5124,#5123);
#5126=CARTESIAN_POINT('',(-1.8E0,7.94E0,2.6E0));
#5127=DIRECTION('',(0.E0,-1.E0,0.E0));
#5128=DIRECTION('',(-1.E0,0.E0,0.E0));
#5129=AXIS2_PLACEMENT_3D('',#5126,#5127,#5128);
#5131=CARTESIAN_POINT('',(-1.8E0,7.94E0,2.6E0));
#5132=DIRECTION('',(0.E0,-1.E0,0.E0));
#5133=DIRECTION('',(1.E0,0.E0,0.E0));
#5134=AXIS2_PLACEMENT_3D('',#5131,#5132,#5133);
#5136=DIRECTION('',(7.596123441592E-3,-1.227878039642E-1,9.924038765071E-1));
#5137=VECTOR('',#5136,4.435860294538E-3);
#5138=CARTESIAN_POINT('',(4.304402164952E0,6.417075410701E-1,
-6.104402164952E0));
#5139=LINE('',#5138,#5137);
#5140=DIRECTION('',(9.924038765061E-1,1.227878039689E-1,7.596123493342E-3));
#5141=VECTOR('',#5140,7.E-1);
#5142=CARTESIAN_POINT('',(3.609719451397E0,5.557560782919E-1,
-6.109719451397E0));
#5143=LINE('',#5142,#5141);
#5144=DIRECTION('',(-1.227878039742E-1,9.848077530112E-1,1.227878039715E-1));
#5145=VECTOR('',#5144,3.585180945956E-2);
#5146=CARTESIAN_POINT('',(4.304402164952E0,6.417075410701E-1,
-6.104402164952E0));
#5147=LINE('',#5146,#5145);
#5148=DIRECTION('',(-7.596123527777E-3,1.227878039703E-1,-9.924038765057E-1));
#5149=VECTOR('',#5148,9.793846666042E-3);
#5150=CARTESIAN_POINT('',(3.609793846666E0,5.545535133673E-1,-6.1E0));
#5151=LINE('',#5150,#5149);
#5152=DIRECTION('',(-1.227878039653E-1,9.848077530122E-1,1.227878039724E-1));
#5153=VECTOR('',#5152,7.915648853423E-2);
#5154=CARTESIAN_POINT('',(3.609719451397E0,5.557560782919E-1,
-6.109719451397E0));
#5155=LINE('',#5154,#5153);
#5156=DIRECTION('',(9.924038765077E-1,-1.227878039526E-1,-7.596123548102E-3));
#5157=VECTOR('',#5156,4.498804229358E-3);
#5158=CARTESIAN_POINT('',(-6.104464630757E0,6.409517871993E-1,
-4.304464630757E0));
#5159=LINE('',#5158,#5157);
#5160=DIRECTION('',(7.596123493545E-3,1.227878039689E-1,-9.924038765061E-1));
#5161=VECTOR('',#5160,7.000000000005E-1);
#5162=CARTESIAN_POINT('',(-6.109781917202E0,5.550003244210E-1,
-3.609781917202E0));
#5163=LINE('',#5162,#5161);
#5164=DIRECTION('',(1.227878039740E-1,9.848077530124E-1,1.227878039625E-1));
#5165=VECTOR('',#5164,3.636053917710E-2);
#5166=CARTESIAN_POINT('',(-6.104464630757E0,6.409517871993E-1,
-4.304464630757E0));
#5167=LINE('',#5166,#5165);
#5168=DIRECTION('',(-9.924038765057E-1,1.227878039695E-1,7.596123533509E-3));
#5169=VECTOR('',#5168,9.856790601011E-3);
#5170=CARTESIAN_POINT('',(-6.1E0,5.537900307490E-1,-3.609856790601E0));
#5171=LINE('',#5170,#5169);
#5172=DIRECTION('',(1.227878039683E-1,9.848077530128E-1,1.227878039646E-1));
#5173=VECTOR('',#5172,7.966521825631E-2);
#5174=CARTESIAN_POINT('',(-6.109781917202E0,5.550003244210E-1,
-3.609781917202E0));
#5175=LINE('',#5174,#5173);
#5176=DIRECTION('',(-1.227878039691E-1,-9.848077530118E-1,1.227878039722E-1));
#5177=VECTOR('',#5176,7.930910745381E-2);
#5178=CARTESIAN_POINT('',(-6.1E0,6.336335760355E-1,3.6E0));
#5179=LINE('',#5178,#5177);
#5180=DIRECTION('',(9.924038765062E-1,-1.227878039698E-1,7.596123472661E-3));
#5181=VECTOR('',#5180,9.812729846728E-3);
#5182=CARTESIAN_POINT('',(-6.109738191139E0,5.555293521306E-1,
3.609738191139E0));
#5183=LINE('',#5182,#5181);
#5184=DIRECTION('',(-1.227878039726E-1,-9.848077530122E-1,1.227878039658E-1));
#5185=VECTOR('',#5184,3.600442837127E-2);
#5186=CARTESIAN_POINT('',(-6.1E0,6.769382551116E-1,4.3E0));
#5187=LINE('',#5186,#5185);
#5188=DIRECTION('',(-7.596123494293E-3,-1.227878039689E-1,-9.924038765061E-1));
#5189=VECTOR('',#5188,6.999999999999E-1);
#5190=CARTESIAN_POINT('',(-6.104420904693E0,6.414808149088E-1,
4.304420904693E0));
#5191=LINE('',#5190,#5189);
#5192=DIRECTION('',(-9.924038765066E-1,1.227878039635E-1,-7.596123522355E-3));
#5193=VECTOR('',#5192,4.454743474560E-3);
#5194=CARTESIAN_POINT('',(-6.1E0,6.409338267403E-1,4.304454743475E0));
#5195=LINE('',#5194,#5193);
#5196=DIRECTION('',(1.E0,0.E0,0.E0));
#5197=VECTOR('',#5196,1.75E0);
#5198=CARTESIAN_POINT('',(7.5E-1,9.E-1,6.065E0));
#5199=LINE('',#5198,#5197);
#5200=DIRECTION('',(-1.E0,0.E0,0.E0));
#5201=VECTOR('',#5200,1.75E0);
#5202=CARTESIAN_POINT('',(2.5E0,4.15E-1,6.065E0));
#5203=LINE('',#5202,#5201);
#5204=DIRECTION('',(7.596123484835E-3,-1.227878039678E-1,-9.924038765063E-1));
#5205=VECTOR('',#5204,9.812729846728E-3);
#5206=CARTESIAN_POINT('',(3.609738191139E0,5.555293521306E-1,6.109738191139E0));
#5207=LINE('',#5206,#5205);
#5208=DIRECTION('',(-9.924038765061E-1,-1.227878039690E-1,7.596123494329E-3));
#5209=VECTOR('',#5208,7.E-1);
#5210=CARTESIAN_POINT('',(4.304420904693E0,6.414808149089E-1,6.104420904693E0));
#5211=LINE('',#5210,#5209);
#5212=DIRECTION('',(-1.227878039706E-1,9.848077530120E-1,-1.227878039691E-1));
#5213=VECTOR('',#5212,7.930910745382E-2);
#5214=CARTESIAN_POINT('',(3.609738191139E0,5.555293521306E-1,6.109738191139E0));
#5215=LINE('',#5214,#5213);
#5216=DIRECTION('',(-7.596123522187E-3,1.227878039756E-1,9.924038765051E-1));
#5217=VECTOR('',#5216,4.454743474542E-3);
#5218=CARTESIAN_POINT('',(4.304454743475E0,6.409338267404E-1,6.1E0));
#5219=LINE('',#5218,#5217);
#5220=DIRECTION('',(-1.227878039660E-1,9.848077530122E-1,-1.227878039719E-1));
#5221=VECTOR('',#5220,3.600442837127E-2);
#5222=CARTESIAN_POINT('',(4.304420904693E0,6.414808149089E-1,6.104420904693E0));
#5223=LINE('',#5222,#5221);
#5224=DIRECTION('',(0.E0,0.E0,-1.E0));
#5225=VECTOR('',#5224,5.638633777856E-1);
#5226=CARTESIAN_POINT('',(2.5E0,0.E0,5.854959013640E0));
#5227=LINE('',#5226,#5225);
#5228=DIRECTION('',(0.E0,0.E0,1.E0));
#5229=VECTOR('',#5228,2.589043641460E-1);
#5230=CARTESIAN_POINT('',(2.5E0,-9.999999999998E-2,5.291095635854E0));
#5231=LINE('',#5230,#5229);
#5232=CARTESIAN_POINT('',(2.5E0,4.15E-1,5.55E0));
#5233=DIRECTION('',(-1.E0,0.E0,0.E0));
#5234=DIRECTION('',(0.E0,-1.E0,0.E0));
#5235=AXIS2_PLACEMENT_3D('',#5232,#5233,#5234);
#5237=DIRECTION('',(0.E0,1.E0,-2.220446049251E-13));
#5238=VECTOR('',#5237,9.999999999998E-2);
#5239=CARTESIAN_POINT('',(2.5E0,-9.999999999998E-2,5.291095635854E0));
#5240=LINE('',#5239,#5238);
#5241=CARTESIAN_POINT('',(2.716794833887E0,0.E0,4.879634249940E0));
#5242=CARTESIAN_POINT('',(2.703475215719E0,-1.560878058487E-2,
4.880588939433E0));
#5243=CARTESIAN_POINT('',(2.673459473613E0,-4.394727137565E-2,
4.882498190600E0));
#5244=CARTESIAN_POINT('',(2.620180067797E0,-7.587136968693E-2,
4.885371218817E0));
#5245=CARTESIAN_POINT('',(2.561680582493E0,-9.551412334225E-2,
4.888225722653E0));
#5246=CARTESIAN_POINT('',(2.520571209301E0,-9.999999999998E-2,
4.890138538225E0));
#5247=CARTESIAN_POINT('',(2.5E0,-9.999999999998E-2,4.891095635854E0));
#5249=DIRECTION('',(2.775557561563E-14,0.E0,1.E0));
#5250=VECTOR('',#5249,4.E-1);
#5251=CARTESIAN_POINT('',(2.5E0,-9.999999999998E-2,4.891095635854E0));
#5252=LINE('',#5251,#5250);
#5253=CARTESIAN_POINT('',(2.5E0,-9.999999999998E-2,5.291095635854E0));
#5254=CARTESIAN_POINT('',(2.520568100882E0,-9.999999999998E-2,
5.292052588860E0));
#5255=CARTESIAN_POINT('',(2.561672864852E0,-9.551547511543E-2,
5.293965188231E0));
#5256=CARTESIAN_POINT('',(2.620170872870E0,-7.587561651050E-2,
5.296819585885E0));
#5257=CARTESIAN_POINT('',(2.673453593212E0,-4.395215389723E-2,
5.299692729143E0));
#5258=CARTESIAN_POINT('',(2.703473255812E0,-1.561107732894E-2,
5.301602191797E0));
#5259=CARTESIAN_POINT('',(2.716794833887E0,0.E0,5.302557021767E0));
#5261=DIRECTION('',(0.E0,0.E0,-1.E0));
#5262=VECTOR('',#5261,1.541891831054E0);
#5263=CARTESIAN_POINT('',(2.5E0,0.E0,4.891095635854E0));
#5264=LINE('',#5263,#5262);
#5265=CARTESIAN_POINT('',(2.5E0,2.65E-1,3.600201812760E0));
#5266=DIRECTION('',(-1.E0,0.E0,0.E0));
#5267=DIRECTION('',(0.E0,-7.260273972608E-1,-6.876657752329E-1));
#5268=AXIS2_PLACEMENT_3D('',#5265,#5266,#5267);
#5270=DIRECTION('',(0.E0,-6.619098953306E-14,1.E0));
#5271=VECTOR('',#5270,1.290893823094E0);
#5272=CARTESIAN_POINT('',(2.5E0,-9.999999999989E-2,3.600201812760E0));
#5273=LINE('',#5272,#5271);
#5274=DIRECTION('',(1.065814103640E-13,1.E0,2.220446049251E-13));
#5275=VECTOR('',#5274,9.999999999998E-2);
#5276=CARTESIAN_POINT('',(2.5E0,-9.999999999998E-2,4.891095635854E0));
#5277=LINE('',#5276,#5275);
#5278=DIRECTION('',(0.E0,0.E0,1.E0));
#5279=VECTOR('',#5278,1.541891831054E0);
#5280=CARTESIAN_POINT('',(7.5E-1,0.E0,3.349203804800E0));
#5281=LINE('',#5280,#5279);
#5282=DIRECTION('',(0.E0,-1.E0,-2.398081733191E-13));
#5283=VECTOR('',#5282,9.999999999998E-2);
#5284=CARTESIAN_POINT('',(7.5E-1,0.E0,4.891095635854E0));
#5285=LINE('',#5284,#5283);
#5286=DIRECTION('',(0.E0,6.523419270532E-14,-1.E0));
#5287=VECTOR('',#5286,1.290893823094E0);
#5288=CARTESIAN_POINT('',(7.5E-1,-9.999999999998E-2,4.891095635854E0));
#5289=LINE('',#5288,#5287);
#5290=CARTESIAN_POINT('',(7.5E-1,2.65E-1,3.600201812760E0));
#5291=DIRECTION('',(1.E0,0.E0,0.E0));
#5292=DIRECTION('',(0.E0,-1.E0,0.E0));
#5293=AXIS2_PLACEMENT_3D('',#5290,#5291,#5292);
#5295=CARTESIAN_POINT('',(5.332051661132E-1,0.E0,5.302557021767E0));
#5296=CARTESIAN_POINT('',(5.465247842814E-1,-1.560878058489E-2,
5.301602332274E0));
#5297=CARTESIAN_POINT('',(5.765405263870E-1,-4.394727137567E-2,
5.299693081108E0));
#5298=CARTESIAN_POINT('',(6.298199322029E-1,-7.587136968688E-2,
5.296820052891E0));
#5299=CARTESIAN_POINT('',(6.883194175067E-1,-9.551412334214E-2,
5.293965549055E0));
#5300=CARTESIAN_POINT('',(7.294287906984E-1,-9.999999999998E-2,
5.292052733483E0));
#5301=CARTESIAN_POINT('',(7.5E-1,-9.999999999998E-2,5.291095635854E0));
#5303=DIRECTION('',(1.665334536938E-14,0.E0,-1.E0));
#5304=VECTOR('',#5303,4.E-1);
#5305=CARTESIAN_POINT('',(7.5E-1,-9.999999999998E-2,5.291095635854E0));
#5306=LINE('',#5305,#5304);
#5307=CARTESIAN_POINT('',(7.5E-1,-9.999999999998E-2,4.891095635854E0));
#5308=CARTESIAN_POINT('',(7.294318991176E-1,-9.999999999998E-2,
4.890138682848E0));
#5309=CARTESIAN_POINT('',(6.883271351471E-1,-9.551547511531E-2,
4.888226083477E0));
#5310=CARTESIAN_POINT('',(6.298291271298E-1,-7.587561651038E-2,
4.885371685823E0));
#5311=CARTESIAN_POINT('',(5.765464067885E-1,-4.395215389721E-2,
4.882498542565E0));
#5312=CARTESIAN_POINT('',(5.465267441881E-1,-1.561107732896E-2,
4.880589079910E0));
#5313=CARTESIAN_POINT('',(5.332051661132E-1,0.E0,4.879634249940E0));
#5315=DIRECTION('',(-7.105427357603E-14,-1.E0,2.664535259101E-13));
#5316=VECTOR('',#5315,9.999999999998E-2);
#5317=CARTESIAN_POINT('',(7.5E-1,0.E0,5.291095635854E0));
#5318=LINE('',#5317,#5316);
#5319=CARTESIAN_POINT('',(7.5E-1,4.15E-1,5.55E0));
#5320=DIRECTION('',(1.E0,0.E0,0.E0));
#5321=DIRECTION('',(0.E0,-8.058252427184E-1,5.921534245428E-1));
#5322=AXIS2_PLACEMENT_3D('',#5319,#5320,#5321);
#5324=DIRECTION('',(-2.744421624964E-14,0.E0,-1.E0));
#5325=VECTOR('',#5324,2.589043641461E-1);
#5326=CARTESIAN_POINT('',(7.5E-1,-9.999999999998E-2,5.55E0));
#5327=LINE('',#5326,#5325);
#5328=DIRECTION('',(0.E0,0.E0,1.E0));
#5329=VECTOR('',#5328,5.638633777856E-1);
#5330=CARTESIAN_POINT('',(7.5E-1,0.E0,5.291095635854E0));
#5331=LINE('',#5330,#5329);
#5332=DIRECTION('',(-1.E0,0.E0,0.E0));
#5333=VECTOR('',#5332,1.75E0);
#5334=CARTESIAN_POINT('',(2.5E0,-9.999999999989E-2,3.600201812760E0));
#5335=LINE('',#5334,#5333);
#5336=DIRECTION('',(0.E0,0.E0,1.E0));
#5337=VECTOR('',#5336,5.638633777856E-1);
#5338=CARTESIAN_POINT('',(7.5E-1,0.E0,-5.854959013640E0));
#5339=LINE('',#5338,#5337);
#5340=CARTESIAN_POINT('',(7.5E-1,4.15E-1,-5.55E0));
#5341=DIRECTION('',(1.E0,0.E0,0.E0));
#5342=DIRECTION('',(0.E0,-1.E0,0.E0));
#5343=AXIS2_PLACEMENT_3D('',#5340,#5341,#5342);
#5345=DIRECTION('',(0.E0,1.E0,2.575717417131E-13));
#5346=VECTOR('',#5345,9.999999999998E-2);
#5347=CARTESIAN_POINT('',(7.5E-1,-9.999999999998E-2,-5.291095635854E0));
#5348=LINE('',#5347,#5346);
#5349=CARTESIAN_POINT('',(5.332051661132E-1,0.E0,-4.879634249940E0));
#5350=CARTESIAN_POINT('',(5.465247842814E-1,-1.560878058489E-2,
-4.880588939433E0));
#5351=CARTESIAN_POINT('',(5.765405263870E-1,-4.394727137565E-2,
-4.882498190600E0));
#5352=CARTESIAN_POINT('',(6.298199322029E-1,-7.587136968685E-2,
-4.885371218817E0));
#5353=CARTESIAN_POINT('',(6.883194175067E-1,-9.551412334214E-2,
-4.888225722653E0));
#5354=CARTESIAN_POINT('',(7.294287906984E-1,-9.999999999998E-2,
-4.890138538225E0));
#5355=CARTESIAN_POINT('',(7.5E-1,-9.999999999998E-2,-4.891095635854E0));
#5357=CARTESIAN_POINT('',(7.5E-1,-9.999999999998E-2,-5.291095635854E0));
#5358=CARTESIAN_POINT('',(7.294318991176E-1,-9.999999999998E-2,
-5.292052588860E0));
#5359=CARTESIAN_POINT('',(6.883271351471E-1,-9.551547511531E-2,
-5.293965188231E0));
#5360=CARTESIAN_POINT('',(6.298291271299E-1,-7.587561651042E-2,
-5.296819585885E0));
#5361=CARTESIAN_POINT('',(5.765464067885E-1,-4.395215389723E-2,
-5.299692729143E0));
#5362=CARTESIAN_POINT('',(5.465267441881E-1,-1.561107732896E-2,
-5.301602191797E0));
#5363=CARTESIAN_POINT('',(5.332051661132E-1,0.E0,-5.302557021767E0));
#5365=CARTESIAN_POINT('',(7.5E-1,2.65E-1,-3.600201812760E0));
#5366=DIRECTION('',(1.E0,0.E0,0.E0));
#5367=DIRECTION('',(0.E0,-7.260273972608E-1,6.876657752329E-1));
#5368=AXIS2_PLACEMENT_3D('',#5365,#5366,#5367);
#5370=DIRECTION('',(0.E0,-6.618023900691E-14,-1.E0));
#5371=VECTOR('',#5370,1.290893823094E0);
#5372=CARTESIAN_POINT('',(7.5E-1,-9.999999999989E-2,-3.600201812760E0));
#5373=LINE('',#5372,#5371);
#5374=DIRECTION('',(6.994405055140E-14,1.E0,-2.486899575161E-13));
#5375=VECTOR('',#5374,9.999999999998E-2);
#5376=CARTESIAN_POINT('',(7.5E-1,-9.999999999998E-2,-4.891095635854E0));
#5377=LINE('',#5376,#5375);
#5378=DIRECTION('',(0.E0,0.E0,1.E0));
#5379=VECTOR('',#5378,1.541891831054E0);
#5380=CARTESIAN_POINT('',(7.5E-1,0.E0,-4.891095635854E0));
#5381=LINE('',#5380,#5379);
#5382=DIRECTION('',(-1.E0,0.E0,0.E0));
#5383=VECTOR('',#5382,1.75E0);
#5384=CARTESIAN_POINT('',(2.5E0,-9.999999999989E-2,-3.600201812760E0));
#5385=LINE('',#5384,#5383);
#5386=DIRECTION('',(0.E0,6.521269165301E-14,1.E0));
#5387=VECTOR('',#5386,1.290893823094E0);
#5388=CARTESIAN_POINT('',(2.5E0,-9.999999999998E-2,-4.891095635854E0));
#5389=LINE('',#5388,#5387);
#5390=CARTESIAN_POINT('',(2.5E0,2.65E-1,-3.600201812760E0));
#5391=DIRECTION('',(-1.E0,0.E0,0.E0));
#5392=DIRECTION('',(0.E0,-1.E0,0.E0));
#5393=AXIS2_PLACEMENT_3D('',#5390,#5391,#5392);
#5395=DIRECTION('',(0.E0,0.E0,-1.E0));
#5396=VECTOR('',#5395,1.541891831054E0);
#5397=CARTESIAN_POINT('',(2.5E0,0.E0,-3.349203804800E0));
#5398=LINE('',#5397,#5396);
#5399=DIRECTION('',(0.E0,-1.E0,2.309263891221E-13));
#5400=VECTOR('',#5399,9.999999999998E-2);
#5401=CARTESIAN_POINT('',(2.5E0,0.E0,-4.891095635854E0));
#5402=LINE('',#5401,#5400);
#5403=DIRECTION('',(0.E0,0.E0,1.E0));
#5404=VECTOR('',#5403,2.589043641460E-1);
#5405=CARTESIAN_POINT('',(7.5E-1,-9.999999999998E-2,-5.55E0));
#5406=LINE('',#5405,#5404);
#5407=DIRECTION('',(-1.665334536938E-14,0.E0,1.E0));
#5408=VECTOR('',#5407,4.E-1);
#5409=CARTESIAN_POINT('',(7.5E-1,-9.999999999998E-2,-5.291095635854E0));
#5410=LINE('',#5409,#5408);
#5411=CARTESIAN_POINT('',(2.716794833887E0,0.E0,-5.302557021768E0));
#5412=CARTESIAN_POINT('',(2.703475215719E0,-1.560878058487E-2,
-5.301602332275E0));
#5413=CARTESIAN_POINT('',(2.673459473613E0,-4.394727137566E-2,
-5.299693081108E0));
#5414=CARTESIAN_POINT('',(2.620180067797E0,-7.587136968695E-2,
-5.296820052891E0));
#5415=CARTESIAN_POINT('',(2.561680582493E0,-9.551412334225E-2,
-5.293965549055E0));
#5416=CARTESIAN_POINT('',(2.520571209301E0,-9.999999999998E-2,
-5.292052733483E0));
#5417=CARTESIAN_POINT('',(2.5E0,-9.999999999998E-2,-5.291095635854E0));
#5419=DIRECTION('',(2.775557561563E-14,0.E0,1.E0));
#5420=VECTOR('',#5419,4.E-1);
#5421=CARTESIAN_POINT('',(2.5E0,-9.999999999998E-2,-5.291095635854E0));
#5422=LINE('',#5421,#5420);
#5423=CARTESIAN_POINT('',(2.5E0,-9.999999999998E-2,-4.891095635854E0));
#5424=CARTESIAN_POINT('',(2.520568100882E0,-9.999999999998E-2,
-4.890138682848E0));
#5425=CARTESIAN_POINT('',(2.561672864852E0,-9.551547511543E-2,
-4.888226083477E0));
#5426=CARTESIAN_POINT('',(2.620170872870E0,-7.587561651047E-2,
-4.885371685823E0));
#5427=CARTESIAN_POINT('',(2.673453593212E0,-4.395215389721E-2,
-4.882498542565E0));
#5428=CARTESIAN_POINT('',(2.703473255812E0,-1.561107732894E-2,
-4.880589079910E0));
#5429=CARTESIAN_POINT('',(2.716794833887E0,0.E0,-4.879634249940E0));
#5431=DIRECTION('',(-1.065814103640E-13,-1.E0,-2.220446049251E-13));
#5432=VECTOR('',#5431,9.999999999998E-2);
#5433=CARTESIAN_POINT('',(2.5E0,0.E0,-5.291095635854E0));
#5434=LINE('',#5433,#5432);
#5435=CARTESIAN_POINT('',(2.5E0,4.15E-1,-5.55E0));
#5436=DIRECTION('',(-1.E0,0.E0,0.E0));
#5437=DIRECTION('',(0.E0,-8.058252427184E-1,-5.921534245428E-1));
#5438=AXIS2_PLACEMENT_3D('',#5435,#5436,#5437);
#5440=DIRECTION('',(-4.116632437446E-14,0.E0,1.E0));
#5441=VECTOR('',#5440,2.589043641461E-1);
#5442=CARTESIAN_POINT('',(2.5E0,-9.999999999998E-2,-5.55E0));
#5443=LINE('',#5442,#5441);
#5444=DIRECTION('',(0.E0,0.E0,-1.E0));
#5445=VECTOR('',#5444,5.638633777856E-1);
#5446=CARTESIAN_POINT('',(2.5E0,0.E0,-5.291095635854E0));
#5447=LINE('',#5446,#5445);
#5448=DIRECTION('',(0.E0,0.E0,-1.E0));
#5449=VECTOR('',#5448,1.713863377786E0);
#5450=CARTESIAN_POINT('',(-7.5E-1,0.E0,5.854959013640E0));
#5451=LINE('',#5450,#5449);
#5452=DIRECTION('',(0.E0,0.E0,1.E0));
#5453=VECTOR('',#5452,1.408904364146E0);
#5454=CARTESIAN_POINT('',(-7.5E-1,-9.999999999998E-2,4.141095635854E0));
#5455=LINE('',#5454,#5453);
#5456=CARTESIAN_POINT('',(-7.5E-1,4.15E-1,5.55E0));
#5457=DIRECTION('',(-1.E0,0.E0,0.E0));
#5458=DIRECTION('',(0.E0,-1.E0,0.E0));
#5459=AXIS2_PLACEMENT_3D('',#5456,#5457,#5458);
#5461=DIRECTION('',(-6.439293542827E-14,1.E0,-4.183320356788E-12));
#5462=VECTOR('',#5461,9.999999999998E-2);
#5463=CARTESIAN_POINT('',(-7.5E-1,-9.999999999998E-2,4.141095635854E0));
#5464=LINE('',#5463,#5462);
#5465=CARTESIAN_POINT('',(-5.332051661132E-1,0.E0,3.729640191222E0));
#5466=CARTESIAN_POINT('',(-5.465247842685E-1,-1.560878056974E-2,
3.730594385828E0));
#5467=CARTESIAN_POINT('',(-5.765405263224E-1,-4.394727135514E-2,
3.732502647287E0));
#5468=CARTESIAN_POINT('',(-6.298199324831E-1,-7.587136980775E-2,
3.735374186219E0));
#5469=CARTESIAN_POINT('',(-6.883194173004E-1,-9.551412327097E-2,
3.738227210330E0));
#5470=CARTESIAN_POINT('',(-7.294287906040E-1,-9.999999999998E-2,
3.740139034355E0));
#5471=CARTESIAN_POINT('',(-7.5E-1,-9.999999999998E-2,3.741095635854E0));
#5473=DIRECTION('',(4.996003610814E-14,0.E0,1.E0));
#5474=VECTOR('',#5473,4.E-1);
#5475=CARTESIAN_POINT('',(-7.5E-1,-9.999999999998E-2,3.741095635854E0));
#5476=LINE('',#5475,#5474);
#5477=CARTESIAN_POINT('',(-7.5E-1,-9.999999999998E-2,4.141095635854E0));
#5478=CARTESIAN_POINT('',(-7.294318990303E-1,-9.999999999998E-2,
4.142052092805E0));
#5479=CARTESIAN_POINT('',(-6.883271349583E-1,-9.551547504721E-2,
4.143963700739E0));
#5480=CARTESIAN_POINT('',(-6.298291274308E-1,-7.587561664087E-2,
4.146816618724E0));
#5481=CARTESIAN_POINT('',(-5.765464067368E-1,-4.395215388751E-2,
4.149688272637E0));
#5482=CARTESIAN_POINT('',(-5.465267441795E-1,-1.561107731887E-2,
4.151596745474E0));
#5483=CARTESIAN_POINT('',(-5.332051661132E-1,0.E0,4.152551080485E0));
#5485=DIRECTION('',(0.E0,0.E0,-1.E0));
#5486=VECTOR('',#5485,3.918918310534E-1);
#5487=CARTESIAN_POINT('',(-7.5E-1,0.E0,3.741095635854E0));
#5488=LINE('',#5487,#5486);
#5489=CARTESIAN_POINT('',(-7.5E-1,2.65E-1,3.600201812760E0));
#5490=DIRECTION('',(-1.E0,0.E0,0.E0));
#5491=DIRECTION('',(0.E0,-7.260273972608E-1,-6.876657752329E-1));
#5492=AXIS2_PLACEMENT_3D('',#5489,#5490,#5491);
#5494=DIRECTION('',(-9.692222769617E-14,-6.428977440781E-13,1.E0));
#5495=VECTOR('',#5494,1.408938230939E-1);
#5496=CARTESIAN_POINT('',(-7.5E-1,-9.999999999989E-2,3.600201812760E0));
#5497=LINE('',#5496,#5495);
#5498=DIRECTION('',(1.365574320289E-13,1.E0,-3.326228181777E-12));
#5499=VECTOR('',#5498,9.999999999998E-2);
#5500=CARTESIAN_POINT('',(-7.5E-1,-9.999999999998E-2,3.741095635854E0));
#5501=LINE('',#5500,#5499);
#5502=CARTESIAN_POINT('',(-2.5E0,2.65E-1,3.600201812760E0));
#5503=DIRECTION('',(1.E0,0.E0,0.E0));
#5504=DIRECTION('',(0.E0,-1.E0,0.E0));
#5505=AXIS2_PLACEMENT_3D('',#5502,#5503,#5504);
#5507=DIRECTION('',(0.E0,0.E0,1.E0));
#5508=VECTOR('',#5507,1.541891831053E0);
#5509=CARTESIAN_POINT('',(-2.5E0,0.E0,3.349203804800E0));
#5510=LINE('',#5509,#5508);
#5511=DIRECTION('',(3.552713678801E-14,-1.E0,2.469136006767E-12));
#5512=VECTOR('',#5511,9.999999999998E-2);
#5513=CARTESIAN_POINT('',(-2.5E0,0.E0,4.891095635854E0));
#5514=LINE('',#5513,#5512);
#5515=DIRECTION('',(-1.E0,0.E0,0.E0));
#5516=VECTOR('',#5515,1.75E0);
#5517=CARTESIAN_POINT('',(-7.5E-1,-9.999999999989E-2,3.600201812760E0));
#5518=LINE('',#5517,#5516);
#5519=DIRECTION('',(0.E0,-6.523419270532E-14,1.E0));
#5520=VECTOR('',#5519,1.290893823094E0);
#5521=CARTESIAN_POINT('',(-2.5E0,-9.999999999989E-2,3.600201812760E0));
#5522=LINE('',#5521,#5520);
#5523=DIRECTION('',(0.E0,0.E0,1.E0));
#5524=VECTOR('',#5523,4.E-1);
#5525=CARTESIAN_POINT('',(-2.5E0,-9.999999999998E-2,4.891095635854E0));
#5526=LINE('',#5525,#5524);
#5527=DIRECTION('',(-1.029158109361E-14,0.E0,1.E0));
#5528=VECTOR('',#5527,2.589043641462E-1);
#5529=CARTESIAN_POINT('',(-2.5E0,-9.999999999998E-2,5.291095635854E0));
#5530=LINE('',#5529,#5528);
#5531=CARTESIAN_POINT('',(-5.6E0,0.E0,-5.95E0));
#5532=CARTESIAN_POINT('',(-2.5E0,0.E0,-5.95E0));
#5533=VERTEX_POINT('',#5531);
#5534=VERTEX_POINT('',#5532);
#5535=CARTESIAN_POINT('',(-5.95E0,0.E0,-5.6E0));
#5536=VERTEX_POINT('',#5535);
#5537=CARTESIAN_POINT('',(-5.95E0,0.E0,8.675444679663E-1));
#5538=VERTEX_POINT('',#5537);
#5539=CARTESIAN_POINT('',(-5.95E0,0.E0,5.6E0));
#5540=CARTESIAN_POINT('',(-5.95E0,0.E0,2.132455532034E0));
#5541=VERTEX_POINT('',#5539);
#5542=VERTEX_POINT('',#5540);
#5543=CARTESIAN_POINT('',(-5.6E0,0.E0,5.95E0));
#5544=VERTEX_POINT('',#5543);
#5545=CARTESIAN_POINT('',(-2.5E0,0.E0,5.95E0));
#5546=VERTEX_POINT('',#5545);
#5547=CARTESIAN_POINT('',(7.5E-1,0.E0,5.95E0));
#5548=CARTESIAN_POINT('',(-7.5E-1,0.E0,5.95E0));
#5549=VERTEX_POINT('',#5547);
#5550=VERTEX_POINT('',#5548);
#5551=CARTESIAN_POINT('',(5.6E0,0.E0,5.95E0));
#5552=CARTESIAN_POINT('',(2.5E0,0.E0,5.95E0));
#5553=VERTEX_POINT('',#5551);
#5554=VERTEX_POINT('',#5552);
#5555=CARTESIAN_POINT('',(5.95E0,0.E0,5.6E0));
#5556=VERTEX_POINT('',#5555);
#5557=CARTESIAN_POINT('',(5.95E0,0.E0,-5.6E0));
#5558=VERTEX_POINT('',#5557);
#5559=CARTESIAN_POINT('',(5.6E0,0.E0,-5.95E0));
#5560=VERTEX_POINT('',#5559);
#5561=CARTESIAN_POINT('',(2.5E0,0.E0,-5.95E0));
#5562=VERTEX_POINT('',#5561);
#5563=CARTESIAN_POINT('',(-7.5E-1,0.E0,-5.95E0));
#5564=CARTESIAN_POINT('',(7.5E-1,0.E0,-5.95E0));
#5565=VERTEX_POINT('',#5563);
#5566=VERTEX_POINT('',#5564);
#5567=CARTESIAN_POINT('',(-6.1E0,1.5E-1,2.E0));
#5568=CARTESIAN_POINT('',(-6.1E0,1.5E-1,5.599999999820E0));
#5569=VERTEX_POINT('',#5567);
#5570=VERTEX_POINT('',#5568);
#5571=CARTESIAN_POINT('',(-6.1E0,1.7E0,2.E0));
#5572=VERTEX_POINT('',#5571);
#5573=CARTESIAN_POINT('',(-6.1E0,1.7E0,1.E0));
#5574=VERTEX_POINT('',#5573);
#5575=CARTESIAN_POINT('',(-6.1E0,1.5E-1,1.E0));
#5576=VERTEX_POINT('',#5575);
#5577=CARTESIAN_POINT('',(-6.1E0,1.5E-1,-5.599999999842E0));
#5578=VERTEX_POINT('',#5577);
#5579=CARTESIAN_POINT('',(-6.1E0,7.95E0,-5.599999999895E0));
#5580=VERTEX_POINT('',#5579);
#5581=CARTESIAN_POINT('',(-6.1E0,7.95E0,5.599999999940E0));
#5582=VERTEX_POINT('',#5581);
#5583=CARTESIAN_POINT('',(-2.5E0,1.5E-1,-6.1E0));
#5584=VERTEX_POINT('',#5583);
#5585=CARTESIAN_POINT('',(-5.6E0,1.5E-1,-6.1E0));
#5586=VERTEX_POINT('',#5585);
#5587=CARTESIAN_POINT('',(-7.5E-1,1.5E-1,-6.1E0));
#5588=VERTEX_POINT('',#5587);
#5589=CARTESIAN_POINT('',(7.5E-1,1.5E-1,-6.1E0));
#5590=VERTEX_POINT('',#5589);
#5591=CARTESIAN_POINT('',(2.5E0,1.5E-1,-6.1E0));
#5592=VERTEX_POINT('',#5591);
#5593=CARTESIAN_POINT('',(-7.5E-1,9.E-1,-6.1E0));
#5594=CARTESIAN_POINT('',(-2.5E0,9.E-1,-6.1E0));
#5595=VERTEX_POINT('',#5593);
#5596=VERTEX_POINT('',#5594);
#5597=CARTESIAN_POINT('',(7.5E-1,9.E-1,-6.1E0));
#5598=VERTEX_POINT('',#5597);
#5599=CARTESIAN_POINT('',(2.5E0,9.E-1,-6.1E0));
#5600=VERTEX_POINT('',#5599);
#5601=CARTESIAN_POINT('',(5.599999999921E0,1.5E-1,-6.1E0));
#5602=VERTEX_POINT('',#5601);
#5603=CARTESIAN_POINT('',(5.599999999947E0,7.95E0,-6.1E0));
#5604=VERTEX_POINT('',#5603);
#5605=CARTESIAN_POINT('',(-5.599999999940E0,7.95E0,-6.1E0));
#5606=VERTEX_POINT('',#5605);
#5607=CARTESIAN_POINT('',(2.5E0,1.5E-1,6.1E0));
#5608=VERTEX_POINT('',#5607);
#5609=CARTESIAN_POINT('',(5.6E0,1.5E-1,6.1E0));
#5610=VERTEX_POINT('',#5609);
#5611=CARTESIAN_POINT('',(7.5E-1,1.5E-1,6.1E0));
#5612=VERTEX_POINT('',#5611);
#5613=CARTESIAN_POINT('',(-7.5E-1,1.5E-1,6.1E0));
#5614=VERTEX_POINT('',#5613);
#5615=CARTESIAN_POINT('',(-2.5E0,1.5E-1,6.1E0));
#5616=VERTEX_POINT('',#5615);
#5617=CARTESIAN_POINT('',(-7.5E-1,9.E-1,6.1E0));
#5618=CARTESIAN_POINT('',(-2.5E0,9.E-1,6.1E0));
#5619=VERTEX_POINT('',#5617);
#5620=VERTEX_POINT('',#5618);
#5621=CARTESIAN_POINT('',(-5.599999999921E0,1.5E-1,6.1E0));
#5622=VERTEX_POINT('',#5621);
#5623=CARTESIAN_POINT('',(-5.599999999947E0,7.95E0,6.1E0));
#5624=VERTEX_POINT('',#5623);
#5625=CARTESIAN_POINT('',(5.599999999940E0,7.95E0,6.1E0));
#5626=VERTEX_POINT('',#5625);
#5627=CARTESIAN_POINT('',(2.5E0,9.E-1,6.1E0));
#5628=VERTEX_POINT('',#5627);
#5629=CARTESIAN_POINT('',(7.5E-1,9.E-1,6.1E0));
#5630=VERTEX_POINT('',#5629);
#5631=CARTESIAN_POINT('',(6.1E0,7.95E0,-5.6E0));
#5632=VERTEX_POINT('',#5631);
#5633=CARTESIAN_POINT('',(6.1E0,7.95E0,5.599999999947E0));
#5634=VERTEX_POINT('',#5633);
#5635=CARTESIAN_POINT('',(-1.096965511460E0,7.95E0,-1.580483961442E0));
#5636=CARTESIAN_POINT('',(9.237604307034E-1,7.95E0,-1.880483961442E0));
#5637=VERTEX_POINT('',#5635);
#5638=VERTEX_POINT('',#5636);
#5639=CARTESIAN_POINT('',(0.E0,7.95E0,-3.480483961442E0));
#5640=VERTEX_POINT('',#5639);
#5641=CARTESIAN_POINT('',(8.802218213570E-14,7.95E0,-3.280483961442E0));
#5642=CARTESIAN_POINT('',(7.134122241795E-1,7.95E0,-2.044817742423E0));
#5643=VERTEX_POINT('',#5641);
#5644=VERTEX_POINT('',#5642);
#5645=CARTESIAN_POINT('',(-8.164848444233E-1,7.95E0,-1.866290727291E0));
#5646=VERTEX_POINT('',#5645);
#5647=CARTESIAN_POINT('',(-9.25E-1,7.95E0,-1.1E0));
#5648=CARTESIAN_POINT('',(-9.25E-1,7.95E0,0.E0));
#5649=VERTEX_POINT('',#5647);
#5650=VERTEX_POINT('',#5648);
#5651=CARTESIAN_POINT('',(-1.0625E0,7.95E0,-1.1E0));
#5652=VERTEX_POINT('',#5651);
#5653=CARTESIAN_POINT('',(-1.2E0,7.95E0,-9.361702322960E-1));
#5654=VERTEX_POINT('',#5653);
#5655=CARTESIAN_POINT('',(-1.2E0,7.95E0,-7.489361464977E-1));
#5656=VERTEX_POINT('',#5655);
#5657=CARTESIAN_POINT('',(-1.0625E0,7.95E0,-9.127659797668E-1));
#5658=VERTEX_POINT('',#5657);
#5659=CARTESIAN_POINT('',(-1.0625E0,7.95E0,0.E0));
#5660=VERTEX_POINT('',#5659);
#5661=CARTESIAN_POINT('',(-5.8125E-1,7.95E0,-4.914893686771E-1));
#5662=CARTESIAN_POINT('',(-4.895833551884E-1,7.95E0,-5.617021262646E-1));
#5663=VERTEX_POINT('',#5661);
#5664=VERTEX_POINT('',#5662);
#5665=CARTESIAN_POINT('',(-3.979166448116E-1,7.95E0,-5.851063787937E-1));
#5666=VERTEX_POINT('',#5665);
#5667=CARTESIAN_POINT('',(-2.604166448116E-1,7.95E0,-5.851063787937E-1));
#5668=VERTEX_POINT('',#5667);
#5669=CARTESIAN_POINT('',(-1.6875E-1,7.95E0,-5.617021262646E-1));
#5670=VERTEX_POINT('',#5669);
#5671=CARTESIAN_POINT('',(-1.E-1,7.95E0,-5.148936212063E-1));
#5672=VERTEX_POINT('',#5671);
#5673=CARTESIAN_POINT('',(-5.416671037676E-2,7.95E0,-4.446808636189E-1));
#5674=VERTEX_POINT('',#5673);
#5675=CARTESIAN_POINT('',(-3.125E-2,7.95E0,-3.744680732489E-1));
#5676=VERTEX_POINT('',#5675);
#5677=CARTESIAN_POINT('',(-3.125E-2,7.95E0,-3.276595681906E-1));
#5678=VERTEX_POINT('',#5677);
#5679=CARTESIAN_POINT('',(-5.416671037674E-2,7.95E0,-2.574468106031E-1));
#5680=VERTEX_POINT('',#5679);
#5681=CARTESIAN_POINT('',(-1.E-1,7.95E0,-1.872340366244E-1));
#5682=VERTEX_POINT('',#5681);
#5683=CARTESIAN_POINT('',(-1.6875E-1,7.95E0,-1.404255315661E-1));
#5684=VERTEX_POINT('',#5683);
#5685=CARTESIAN_POINT('',(-2.604166448116E-1,7.95E0,-1.170212790370E-1));
#5686=VERTEX_POINT('',#5685);
#5687=CARTESIAN_POINT('',(-3.979166448116E-1,7.95E0,-1.170212790370E-1));
#5688=VERTEX_POINT('',#5687);
#5689=CARTESIAN_POINT('',(-4.895833551884E-1,7.95E0,-1.404255315661E-1));
#5690=VERTEX_POINT('',#5689);
#5691=CARTESIAN_POINT('',(-5.583333551884E-1,7.95E0,-1.872340366244E-1));
#5692=VERTEX_POINT('',#5691);
#5693=CARTESIAN_POINT('',(-6.041666448116E-1,7.95E0,-2.808510631323E-1));
#5694=VERTEX_POINT('',#5693);
#5695=CARTESIAN_POINT('',(-7.416666775942E-1,7.95E0,-2.808510631323E-1));
#5696=VERTEX_POINT('',#5695);
#5697=CARTESIAN_POINT('',(-6.958333224058E-1,7.95E0,-1.872340366244E-1));
#5698=VERTEX_POINT('',#5697);
#5699=CARTESIAN_POINT('',(-6.270833551884E-1,7.95E0,-9.361701831223E-2));
#5700=VERTEX_POINT('',#5699);
#5701=CARTESIAN_POINT('',(-5.125E-1,7.95E0,-2.340425457806E-2));
#5702=VERTEX_POINT('',#5701);
#5703=CARTESIAN_POINT('',(-3.979166448116E-1,7.95E0,0.E0));
#5704=VERTEX_POINT('',#5703);
#5705=CARTESIAN_POINT('',(-2.604166448116E-1,7.95E0,0.E0));
#5706=VERTEX_POINT('',#5705);
#5707=CARTESIAN_POINT('',(-1.458333551884E-1,7.95E0,-2.340425457805E-2));
#5708=VERTEX_POINT('',#5707);
#5709=CARTESIAN_POINT('',(-3.125E-2,7.95E0,-9.361701831223E-2));
#5710=VERTEX_POINT('',#5709);
#5711=CARTESIAN_POINT('',(3.749999999998E-2,7.95E0,-1.872340366244E-1));
#5712=VERTEX_POINT('',#5711);
#5713=CARTESIAN_POINT('',(8.333328962326E-2,7.95E0,-3.042553156614E-1));
#5714=VERTEX_POINT('',#5713);
#5715=CARTESIAN_POINT('',(8.333328962326E-2,7.95E0,-3.978723257780E-1));
#5716=VERTEX_POINT('',#5715);
#5717=CARTESIAN_POINT('',(3.75E-2,7.95E0,-5.148936212063E-1));
#5718=VERTEX_POINT('',#5717);
#5719=CARTESIAN_POINT('',(-3.125000000001E-2,7.95E0,-6.085106313229E-1));
#5720=VERTEX_POINT('',#5719);
#5721=CARTESIAN_POINT('',(-1.458333551884E-1,7.95E0,-6.787233889103E-1));
#5722=VERTEX_POINT('',#5721);
#5723=CARTESIAN_POINT('',(-2.604166448116E-1,7.95E0,-7.021276414394E-1));
#5724=VERTEX_POINT('',#5723);
#5725=CARTESIAN_POINT('',(-3.979166448116E-1,7.95E0,-7.021276414394E-1));
#5726=VERTEX_POINT('',#5725);
#5727=CARTESIAN_POINT('',(-5.125E-1,7.95E0,-6.787233889103E-1));
#5728=VERTEX_POINT('',#5727);
#5729=CARTESIAN_POINT('',(-6.270833551884E-1,7.95E0,-6.085106313229E-1));
#5730=VERTEX_POINT('',#5729);
#5731=CARTESIAN_POINT('',(-6.270833551884E-1,7.95E0,-9.829787373543E-1));
#5732=VERTEX_POINT('',#5731);
#5733=CARTESIAN_POINT('',(3.75E-2,7.95E0,-9.829787373543E-1));
#5734=VERTEX_POINT('',#5733);
#5735=CARTESIAN_POINT('',(3.75E-2,7.95E0,-1.1E0));
#5736=VERTEX_POINT('',#5735);
#5737=CARTESIAN_POINT('',(-7.416666775942E-1,7.95E0,-1.1E0));
#5738=VERTEX_POINT('',#5737);
#5739=CARTESIAN_POINT('',(-7.416666775942E-1,7.95E0,-4.914893686771E-1));
#5740=VERTEX_POINT('',#5739);
#5741=CARTESIAN_POINT('',(2.666667103767E-1,7.95E0,-4.446808636189E-1));
#5742=CARTESIAN_POINT('',(2.666667103767E-1,7.95E0,-6.553191363811E-1));
#5743=VERTEX_POINT('',#5741);
#5744=VERTEX_POINT('',#5742);
#5745=CARTESIAN_POINT('',(2.895832896233E-1,7.95E0,-3.276595681906E-1));
#5746=VERTEX_POINT('',#5745);
#5747=CARTESIAN_POINT('',(3.125E-1,7.95E0,-2.574468106031E-1));
#5748=VERTEX_POINT('',#5747);
#5749=CARTESIAN_POINT('',(3.583332896233E-1,7.95E0,-1.638297840953E-1));
#5750=VERTEX_POINT('',#5749);
#5751=CARTESIAN_POINT('',(4.270832896233E-1,7.95E0,-9.361701831221E-2));
#5752=VERTEX_POINT('',#5751);
#5753=CARTESIAN_POINT('',(5.416667103767E-1,7.95E0,-2.340425457806E-2));
#5754=VERTEX_POINT('',#5753);
#5755=CARTESIAN_POINT('',(6.791667103767E-1,7.95E0,0.E0));
#5756=VERTEX_POINT('',#5755);
#5757=CARTESIAN_POINT('',(8.166667103767E-1,7.95E0,-2.340425457804E-2));
#5758=VERTEX_POINT('',#5757);
#5759=CARTESIAN_POINT('',(9.3125E-1,7.95E0,-9.361701831220E-2));
#5760=VERTEX_POINT('',#5759);
#5761=CARTESIAN_POINT('',(1.E0,7.95E0,-1.638297840953E-1));
#5762=VERTEX_POINT('',#5761);
#5763=CARTESIAN_POINT('',(1.045833420753E0,7.95E0,-2.574468106031E-1));
#5764=VERTEX_POINT('',#5763);
#5765=CARTESIAN_POINT('',(1.06875E0,7.95E0,-3.276595681907E-1));
#5766=VERTEX_POINT('',#5765);
#5767=CARTESIAN_POINT('',(1.091666579247E0,7.95E0,-4.446808636189E-1));
#5768=VERTEX_POINT('',#5767);
#5769=CARTESIAN_POINT('',(1.091666579247E0,7.95E0,-6.553191363810E-1));
#5770=VERTEX_POINT('',#5769);
#5771=CARTESIAN_POINT('',(1.06875E0,7.95E0,-7.723403990269E-1));
#5772=VERTEX_POINT('',#5771);
#5773=CARTESIAN_POINT('',(1.045833420753E0,7.95E0,-8.425532221795E-1));
#5774=VERTEX_POINT('',#5773);
#5775=CARTESIAN_POINT('',(1.E0,7.95E0,-9.361702322960E-1));
#5776=VERTEX_POINT('',#5775);
#5777=CARTESIAN_POINT('',(9.312500000001E-1,7.95E0,-1.006382989883E0));
#5778=VERTEX_POINT('',#5777);
#5779=CARTESIAN_POINT('',(8.166667103767E-1,7.95E0,-1.076595747471E0));
#5780=VERTEX_POINT('',#5779);
#5781=CARTESIAN_POINT('',(6.791667103767E-1,7.95E0,-1.1E0));
#5782=VERTEX_POINT('',#5781);
#5783=CARTESIAN_POINT('',(5.416667103768E-1,7.95E0,-1.076595747471E0));
#5784=VERTEX_POINT('',#5783);
#5785=CARTESIAN_POINT('',(4.270832896232E-1,7.95E0,-1.006382989883E0));
#5786=VERTEX_POINT('',#5785);
#5787=CARTESIAN_POINT('',(3.583332896233E-1,7.95E0,-9.361702322960E-1));
#5788=VERTEX_POINT('',#5787);
#5789=CARTESIAN_POINT('',(3.125E-1,7.95E0,-8.425532221794E-1));
#5790=VERTEX_POINT('',#5789);
#5791=CARTESIAN_POINT('',(2.895832896233E-1,7.95E0,-7.723403990269E-1));
#5792=VERTEX_POINT('',#5791);
#5793=CARTESIAN_POINT('',(3.8125E-1,7.95E0,-6.319148838520E-1));
#5794=CARTESIAN_POINT('',(4.041667103767E-1,7.95E0,-7.723403990269E-1));
#5795=VERTEX_POINT('',#5793);
#5796=VERTEX_POINT('',#5794);
#5797=CARTESIAN_POINT('',(4.958332896233E-1,7.95E0,-9.127659797668E-1));
#5798=VERTEX_POINT('',#5797);
#5799=CARTESIAN_POINT('',(5.645832896233E-1,7.95E0,-9.595744848251E-1));
#5800=VERTEX_POINT('',#5799);
#5801=CARTESIAN_POINT('',(6.791667103767E-1,7.95E0,-9.829787373543E-1));
#5802=VERTEX_POINT('',#5801);
#5803=CARTESIAN_POINT('',(7.9375E-1,7.95E0,-9.595744848251E-1));
#5804=VERTEX_POINT('',#5803);
#5805=CARTESIAN_POINT('',(8.625E-1,7.95E0,-9.127659797668E-1));
#5806=VERTEX_POINT('',#5805);
#5807=CARTESIAN_POINT('',(9.541667103767E-1,7.95E0,-7.723403990269E-1));
#5808=VERTEX_POINT('',#5807);
#5809=CARTESIAN_POINT('',(9.770832896233E-1,7.95E0,-6.319148838520E-1));
#5810=VERTEX_POINT('',#5809);
#5811=CARTESIAN_POINT('',(9.770832896233E-1,7.95E0,-4.680851161480E-1));
#5812=VERTEX_POINT('',#5811);
#5813=CARTESIAN_POINT('',(9.541667103767E-1,7.95E0,-3.276595681906E-1));
#5814=VERTEX_POINT('',#5813);
#5815=CARTESIAN_POINT('',(8.625E-1,7.95E0,-1.872340366244E-1));
#5816=VERTEX_POINT('',#5815);
#5817=CARTESIAN_POINT('',(7.9375E-1,7.95E0,-1.404255315661E-1));
#5818=VERTEX_POINT('',#5817);
#5819=CARTESIAN_POINT('',(6.791667103767E-1,7.95E0,-1.170212790370E-1));
#5820=VERTEX_POINT('',#5819);
#5821=CARTESIAN_POINT('',(5.645832896233E-1,7.95E0,-1.404255315661E-1));
#5822=VERTEX_POINT('',#5821);
#5823=CARTESIAN_POINT('',(4.958332896233E-1,7.95E0,-1.872340366244E-1));
#5824=VERTEX_POINT('',#5823);
#5825=CARTESIAN_POINT('',(4.041667103767E-1,7.95E0,-3.276595681906E-1));
#5826=VERTEX_POINT('',#5825);
#5827=CARTESIAN_POINT('',(3.8125E-1,7.95E0,-4.680851161480E-1));
#5828=VERTEX_POINT('',#5827);
#5829=CARTESIAN_POINT('',(-2.316666661203E0,7.95E0,1.238297873735E0));
#5830=CARTESIAN_POINT('',(-2.3625E0,7.95E0,1.261702126265E0));
#5831=VERTEX_POINT('',#5829);
#5832=VERTEX_POINT('',#5830);
#5833=CARTESIAN_POINT('',(-2.454166665301E0,7.95E0,1.331914883852E0));
#5834=VERTEX_POINT('',#5833);
#5835=CARTESIAN_POINT('',(-2.5E0,7.95E0,1.448936179280E0));
#5836=VERTEX_POINT('',#5835);
#5837=CARTESIAN_POINT('',(-2.5E0,7.95E0,1.519148936868E0));
#5838=VERTEX_POINT('',#5837);
#5839=CARTESIAN_POINT('',(-2.454166665301E0,7.95E0,1.636170215905E0));
#5840=VERTEX_POINT('',#5839);
#5841=CARTESIAN_POINT('',(-2.385416669399E0,7.95E0,1.706382981688E0));
#5842=VERTEX_POINT('',#5841);
#5843=CARTESIAN_POINT('',(-2.270833338797E0,7.95E0,1.776595745422E0));
#5844=VERTEX_POINT('',#5843);
#5845=CARTESIAN_POINT('',(-2.15625E0,7.95E0,1.8E0));
#5846=VERTEX_POINT('',#5845);
#5847=CARTESIAN_POINT('',(-2.01875E0,7.95E0,1.8E0));
#5848=VERTEX_POINT('',#5847);
#5849=CARTESIAN_POINT('',(-1.904166644812E0,7.95E0,1.776595745422E0));
#5850=VERTEX_POINT('',#5849);
#5851=CARTESIAN_POINT('',(-1.789583355188E0,7.95E0,1.706382981688E0));
#5852=VERTEX_POINT('',#5851);
#5853=CARTESIAN_POINT('',(-1.720833355188E0,7.95E0,1.636170215905E0));
#5854=VERTEX_POINT('',#5853);
#5855=CARTESIAN_POINT('',(-1.675E0,7.95E0,1.519148936868E0));
#5856=VERTEX_POINT('',#5855);
#5857=CARTESIAN_POINT('',(-1.675E0,7.95E0,1.448936179280E0));
#5858=VERTEX_POINT('',#5857);
#5859=CARTESIAN_POINT('',(-1.720833355188E0,7.95E0,1.331914883852E0));
#5860=VERTEX_POINT('',#5859);
#5861=CARTESIAN_POINT('',(-1.8125E0,7.95E0,1.261702126265E0));
#5862=VERTEX_POINT('',#5861);
#5863=CARTESIAN_POINT('',(-1.858333355188E0,7.95E0,1.238297873735E0));
#5864=VERTEX_POINT('',#5863);
#5865=CARTESIAN_POINT('',(-1.8125E0,7.95E0,1.214893621206E0));
#5866=VERTEX_POINT('',#5865);
#5867=CARTESIAN_POINT('',(-1.74375E0,7.95E0,1.144680863619E0));
#5868=VERTEX_POINT('',#5867);
#5869=CARTESIAN_POINT('',(-1.697916644812E0,7.95E0,1.051063853502E0));
#5870=VERTEX_POINT('',#5869);
#5871=CARTESIAN_POINT('',(-1.697916644812E0,7.95E0,9.808510959148E-1));
#5872=VERTEX_POINT('',#5871);
#5873=CARTESIAN_POINT('',(-1.74375E0,7.95E0,8.638297677040E-1));
#5874=VERTEX_POINT('',#5873);
#5875=CARTESIAN_POINT('',(-1.8125E0,7.95E0,7.936170101167E-1));
#5876=VERTEX_POINT('',#5875);
#5877=CARTESIAN_POINT('',(-1.927083355188E0,7.95E0,7.234042525292E-1));
#5878=VERTEX_POINT('',#5877);
#5879=CARTESIAN_POINT('',(-2.041666677594E0,7.95E0,7.E-1));
#5880=VERTEX_POINT('',#5879);
#5881=CARTESIAN_POINT('',(-2.133333322406E0,7.95E0,7.E-1));
#5882=VERTEX_POINT('',#5881);
#5883=CARTESIAN_POINT('',(-2.247916661203E0,7.95E0,7.234042525292E-1));
#5884=VERTEX_POINT('',#5883);
#5885=CARTESIAN_POINT('',(-2.3625E0,7.95E0,7.936170101166E-1));
#5886=VERTEX_POINT('',#5885);
#5887=CARTESIAN_POINT('',(-2.43125E0,7.95E0,8.638297677040E-1));
#5888=VERTEX_POINT('',#5887);
#5889=CARTESIAN_POINT('',(-2.477083332650E0,7.95E0,9.808510959147E-1));
#5890=VERTEX_POINT('',#5889);
#5891=CARTESIAN_POINT('',(-2.477083332650E0,7.95E0,1.051063853502E0));
#5892=VERTEX_POINT('',#5891);
#5893=CARTESIAN_POINT('',(-2.43125E0,7.95E0,1.144680863619E0));
#5894=VERTEX_POINT('',#5893);
#5895=CARTESIAN_POINT('',(-2.3625E0,7.95E0,1.214893621206E0));
#5896=VERTEX_POINT('',#5895);
#5897=CARTESIAN_POINT('',(-2.133333322406E0,7.95E0,1.682978720963E0));
#5898=CARTESIAN_POINT('',(-2.225E0,7.95E0,1.659574468434E0));
#5899=VERTEX_POINT('',#5897);
#5900=VERTEX_POINT('',#5898);
#5901=CARTESIAN_POINT('',(-2.316666661203E0,7.95E0,1.612765963376E0));
#5902=VERTEX_POINT('',#5901);
#5903=CARTESIAN_POINT('',(-2.385416669399E0,7.95E0,1.519148936868E0));
#5904=VERTEX_POINT('',#5903);
#5905=CARTESIAN_POINT('',(-2.385416669399E0,7.95E0,1.448936179280E0));
#5906=VERTEX_POINT('',#5905);
#5907=CARTESIAN_POINT('',(-2.316666661203E0,7.95E0,1.355319136381E0));
#5908=VERTEX_POINT('',#5907);
#5909=CARTESIAN_POINT('',(-2.225E0,7.95E0,1.308510631323E0));
#5910=VERTEX_POINT('',#5909);
#5911=CARTESIAN_POINT('',(-2.133333322406E0,7.95E0,1.285106378794E0));
#5912=VERTEX_POINT('',#5911);
#5913=CARTESIAN_POINT('',(-2.041666677594E0,7.95E0,1.285106378794E0));
#5914=VERTEX_POINT('',#5913);
#5915=CARTESIAN_POINT('',(-1.95E0,7.95E0,1.308510631323E0));
#5916=VERTEX_POINT('',#5915);
#5917=CARTESIAN_POINT('',(-1.858333355188E0,7.95E0,1.355319136381E0));
#5918=VERTEX_POINT('',#5917);
#5919=CARTESIAN_POINT('',(-1.789583355188E0,7.95E0,1.448936179280E0));
#5920=VERTEX_POINT('',#5919);
#5921=CARTESIAN_POINT('',(-1.789583355188E0,7.95E0,1.519148936868E0));
#5922=VERTEX_POINT('',#5921);
#5923=CARTESIAN_POINT('',(-1.858333355188E0,7.95E0,1.612765963376E0));
#5924=VERTEX_POINT('',#5923);
#5925=CARTESIAN_POINT('',(-1.95E0,7.95E0,1.659574468434E0));
#5926=VERTEX_POINT('',#5925);
#5927=CARTESIAN_POINT('',(-2.041666677594E0,7.95E0,1.682978720963E0));
#5928=VERTEX_POINT('',#5927);
#5929=CARTESIAN_POINT('',(-2.041666677594E0,7.95E0,8.170212626457E-1));
#5930=CARTESIAN_POINT('',(-1.95E0,7.95E0,8.404255151749E-1));
#5931=VERTEX_POINT('',#5929);
#5932=VERTEX_POINT('',#5930);
#5933=CARTESIAN_POINT('',(-1.858333355188E0,7.95E0,9.106382727624E-1));
#5934=VERTEX_POINT('',#5933);
#5935=CARTESIAN_POINT('',(-1.8125E0,7.95E0,9.808510959149E-1));
#5936=VERTEX_POINT('',#5935);
#5937=CARTESIAN_POINT('',(-1.8125E0,7.95E0,1.027659600973E0));
#5938=VERTEX_POINT('',#5937);
#5939=CARTESIAN_POINT('',(-1.858333355188E0,7.95E0,1.097872358561E0));
#5940=VERTEX_POINT('',#5939);
#5941=CARTESIAN_POINT('',(-1.95E0,7.95E0,1.168085116148E0));
#5942=VERTEX_POINT('',#5941);
#5943=CARTESIAN_POINT('',(-2.041666677594E0,7.95E0,1.191489368677E0));
#5944=VERTEX_POINT('',#5943);
#5945=CARTESIAN_POINT('',(-2.133333322406E0,7.95E0,1.191489368677E0));
#5946=VERTEX_POINT('',#5945);
#5947=CARTESIAN_POINT('',(-2.225E0,7.95E0,1.168085116148E0));
#5948=VERTEX_POINT('',#5947);
#5949=CARTESIAN_POINT('',(-2.316666661203E0,7.95E0,1.097872358561E0));
#5950=VERTEX_POINT('',#5949);
#5951=CARTESIAN_POINT('',(-2.3625E0,7.95E0,1.027659600973E0));
#5952=VERTEX_POINT('',#5951);
#5953=CARTESIAN_POINT('',(-2.3625E0,7.95E0,9.808510959148E-1));
#5954=VERTEX_POINT('',#5953);
#5955=CARTESIAN_POINT('',(-2.316666661203E0,7.95E0,9.106382727623E-1));
#5956=VERTEX_POINT('',#5955);
#5957=CARTESIAN_POINT('',(-2.225E0,7.95E0,8.404255151749E-1));
#5958=VERTEX_POINT('',#5957);
#5959=CARTESIAN_POINT('',(-2.133333322406E0,7.95E0,8.170212626457E-1));
#5960=VERTEX_POINT('',#5959);
#5961=CARTESIAN_POINT('',(-1.216666710377E0,7.95E0,7.E-1));
#5962=CARTESIAN_POINT('',(-1.216666710377E0,7.95E0,1.8E0));
#5963=VERTEX_POINT('',#5961);
#5964=VERTEX_POINT('',#5962);
#5965=CARTESIAN_POINT('',(-1.354166710377E0,7.95E0,7.000000000001E-1));
#5966=VERTEX_POINT('',#5965);
#5967=CARTESIAN_POINT('',(-1.491666644812E0,7.95E0,8.638297677041E-1));
#5968=VERTEX_POINT('',#5967);
#5969=CARTESIAN_POINT('',(-1.491666644812E0,7.95E0,1.051063853502E0));
#5970=VERTEX_POINT('',#5969);
#5971=CARTESIAN_POINT('',(-1.354166710377E0,7.95E0,8.872340202332E-1));
#5972=VERTEX_POINT('',#5971);
#5973=CARTESIAN_POINT('',(-1.354166710377E0,7.95E0,1.8E0));
#5974=VERTEX_POINT('',#5973);
#5975=CARTESIAN_POINT('',(-2.770834207534E-1,7.95E0,1.682978720963E0));
#5976=CARTESIAN_POINT('',(-2.312500000001E-1,7.95E0,1.612765963376E0));
#5977=VERTEX_POINT('',#5975);
#5978=VERTEX_POINT('',#5976);
#5979=CARTESIAN_POINT('',(-2.083334207535E-1,7.95E0,1.542553189397E0));
#5980=VERTEX_POINT('',#5979);
#5981=CARTESIAN_POINT('',(-2.083334207535E-1,7.95E0,1.448936179280E0));
#5982=VERTEX_POINT('',#5981);
#5983=CARTESIAN_POINT('',(-2.3125E-1,7.95E0,1.355319136381E0));
#5984=VERTEX_POINT('',#5983);
#5985=CARTESIAN_POINT('',(-2.770834207534E-1,7.95E0,1.285106378794E0));
#5986=VERTEX_POINT('',#5985);
#5987=CARTESIAN_POINT('',(-3.916667103767E-1,7.95E0,1.238297873735E0));
#5988=VERTEX_POINT('',#5987);
#5989=CARTESIAN_POINT('',(-3.E-1,7.95E0,1.168085116148E0));
#5990=VERTEX_POINT('',#5989);
#5991=CARTESIAN_POINT('',(-2.541665792466E-1,7.95E0,1.097872358561E0));
#5992=VERTEX_POINT('',#5991);
#5993=CARTESIAN_POINT('',(-2.3125E-1,7.95E0,1.004255348444E0));
#5994=VERTEX_POINT('',#5993);
#5995=CARTESIAN_POINT('',(-2.3125E-1,7.95E0,9.574467778206E-1));
#5996=VERTEX_POINT('',#5995);
#5997=CARTESIAN_POINT('',(-2.541665792465E-1,7.95E0,8.638297677040E-1));
#5998=VERTEX_POINT('',#5997);
#5999=CARTESIAN_POINT('',(-3.458332896233E-1,7.95E0,7.702127575874E-1));
#6000=VERTEX_POINT('',#5999);
#6001=CARTESIAN_POINT('',(-4.375E-1,7.95E0,7.234042525291E-1));
#6002=VERTEX_POINT('',#6001);
#6003=CARTESIAN_POINT('',(-5.979167103767E-1,7.95E0,7.E-1));
#6004=VERTEX_POINT('',#6003);
#6005=CARTESIAN_POINT('',(-6.4375E-1,7.95E0,7.E-1));
#6006=VERTEX_POINT('',#6005);
#6007=CARTESIAN_POINT('',(-8.041667103767E-1,7.95E0,7.234042525291E-1));
#6008=VERTEX_POINT('',#6007);
#6009=CARTESIAN_POINT('',(-8.958332896233E-1,7.95E0,7.702127575874E-1));
#6010=VERTEX_POINT('',#6009);
#6011=CARTESIAN_POINT('',(-9.874999999999E-1,7.95E0,8.638297677041E-1));
#6012=VERTEX_POINT('',#6011);
#6013=CARTESIAN_POINT('',(-1.010416710377E0,7.95E0,9.574467778206E-1));
#6014=VERTEX_POINT('',#6013);
#6015=CARTESIAN_POINT('',(-8.958332896233E-1,7.95E0,9.574467778206E-1));
#6016=VERTEX_POINT('',#6015);
#6017=CARTESIAN_POINT('',(-8.5E-1,7.95E0,8.872340202332E-1));
#6018=VERTEX_POINT('',#6017);
#6019=CARTESIAN_POINT('',(-7.8125E-1,7.95E0,8.404255151749E-1));
#6020=VERTEX_POINT('',#6019);
#6021=CARTESIAN_POINT('',(-6.666667103767E-1,7.95E0,8.170212626457E-1));
#6022=VERTEX_POINT('',#6021);
#6023=CARTESIAN_POINT('',(-5.75E-1,7.95E0,8.170212626457E-1));
#6024=VERTEX_POINT('',#6023);
#6025=CARTESIAN_POINT('',(-4.604167103767E-1,7.95E0,8.404255151749E-1));
#6026=VERTEX_POINT('',#6025);
#6027=CARTESIAN_POINT('',(-3.916667103767E-1,7.95E0,8.872340202332E-1));
#6028=VERTEX_POINT('',#6027);
#6029=CARTESIAN_POINT('',(-3.458332896233E-1,7.95E0,9.574467778206E-1));
#6030=VERTEX_POINT('',#6029);
#6031=CARTESIAN_POINT('',(-3.458332896233E-1,7.95E0,1.004255348444E0));
#6032=VERTEX_POINT('',#6031);
#6033=CARTESIAN_POINT('',(-3.916667103768E-1,7.95E0,1.097872358561E0));
#6034=VERTEX_POINT('',#6033);
#6035=CARTESIAN_POINT('',(-4.375000000001E-1,7.95E0,1.144680863619E0));
#6036=VERTEX_POINT('',#6035);
#6037=CARTESIAN_POINT('',(-5.75E-1,7.95E0,1.191489368677E0));
#6038=VERTEX_POINT('',#6037);
#6039=CARTESIAN_POINT('',(-6.666667103767E-1,7.95E0,1.191489368677E0));
#6040=VERTEX_POINT('',#6039);
#6041=CARTESIAN_POINT('',(-6.666667103767E-1,7.95E0,1.285106378794E0));
#6042=VERTEX_POINT('',#6041);
#6043=CARTESIAN_POINT('',(-5.75E-1,7.95E0,1.285106378794E0));
#6044=VERTEX_POINT('',#6043);
#6045=CARTESIAN_POINT('',(-4.375E-1,7.95E0,1.308510631323E0));
#6046=VERTEX_POINT('',#6045);
#6047=CARTESIAN_POINT('',(-3.687500000001E-1,7.95E0,1.355319136381E0));
#6048=VERTEX_POINT('',#6047);
#6049=CARTESIAN_POINT('',(-3.229167103767E-1,7.95E0,1.448936179280E0));
#6050=VERTEX_POINT('',#6049);
#6051=CARTESIAN_POINT('',(-3.229167103768E-1,7.95E0,1.542553189397E0));
#6052=VERTEX_POINT('',#6051);
#6053=CARTESIAN_POINT('',(-3.458332896232E-1,7.95E0,1.589361694455E0));
#6054=VERTEX_POINT('',#6053);
#6055=CARTESIAN_POINT('',(-3.916667103767E-1,7.95E0,1.636170215905E0));
#6056=VERTEX_POINT('',#6055);
#6057=CARTESIAN_POINT('',(-4.375E-1,7.95E0,1.659574468434E0));
#6058=VERTEX_POINT('',#6057);
#6059=CARTESIAN_POINT('',(-5.520832896233E-1,7.95E0,1.682978720963E0));
#6060=VERTEX_POINT('',#6059);
#6061=CARTESIAN_POINT('',(-6.895832896233E-1,7.95E0,1.682978720963E0));
#6062=VERTEX_POINT('',#6061);
#6063=CARTESIAN_POINT('',(-8.041667103767E-1,7.95E0,1.659574468434E0));
#6064=VERTEX_POINT('',#6063);
#6065=CARTESIAN_POINT('',(-8.499999999999E-1,7.95E0,1.636170215905E0));
#6066=VERTEX_POINT('',#6065);
#6067=CARTESIAN_POINT('',(-8.958332896234E-1,7.95E0,1.589361694455E0));
#6068=VERTEX_POINT('',#6067);
#6069=CARTESIAN_POINT('',(-9.1875E-1,7.95E0,1.542553189397E0));
#6070=VERTEX_POINT('',#6069);
#6071=CARTESIAN_POINT('',(-1.033333289623E0,7.95E0,1.542553189397E0));
#6072=VERTEX_POINT('',#6071);
#6073=CARTESIAN_POINT('',(-1.010416710377E0,7.95E0,1.612765963376E0));
#6074=VERTEX_POINT('',#6073);
#6075=CARTESIAN_POINT('',(-9.645832896233E-1,7.95E0,1.682978720963E0));
#6076=VERTEX_POINT('',#6075);
#6077=CARTESIAN_POINT('',(-8.958332896233E-1,7.95E0,1.729787234217E0));
#6078=VERTEX_POINT('',#6077);
#6079=CARTESIAN_POINT('',(-8.041667103767E-1,7.95E0,1.776595745422E0));
#6080=VERTEX_POINT('',#6079);
#6081=CARTESIAN_POINT('',(-7.125E-1,7.95E0,1.8E0));
#6082=VERTEX_POINT('',#6081);
#6083=CARTESIAN_POINT('',(-5.291667103767E-1,7.95E0,1.8E0));
#6084=VERTEX_POINT('',#6083);
#6085=CARTESIAN_POINT('',(-4.375E-1,7.95E0,1.776595745422E0));
#6086=VERTEX_POINT('',#6085);
#6087=CARTESIAN_POINT('',(-3.458332896233E-1,7.95E0,1.729787234217E0));
#6088=VERTEX_POINT('',#6087);
#6089=CARTESIAN_POINT('',(5.25E-1,7.95E0,7.E-1));
#6090=CARTESIAN_POINT('',(-2.499999999993E-2,7.95E0,1.331914883852E0));
#6091=VERTEX_POINT('',#6089);
#6092=VERTEX_POINT('',#6090);
#6093=CARTESIAN_POINT('',(-2.5E-2,7.95E0,1.472340431809E0));
#6094=VERTEX_POINT('',#6093);
#6095=CARTESIAN_POINT('',(5.25E-1,7.95E0,1.472340431809E0));
#6096=VERTEX_POINT('',#6095);
#6097=CARTESIAN_POINT('',(5.25E-1,7.95E0,1.8E0));
#6098=VERTEX_POINT('',#6097);
#6099=CARTESIAN_POINT('',(6.625E-1,7.95E0,1.8E0));
#6100=VERTEX_POINT('',#6099);
#6101=CARTESIAN_POINT('',(6.625E-1,7.95E0,1.472340431809E0));
#6102=VERTEX_POINT('',#6101);
#6103=CARTESIAN_POINT('',(8.916665792465E-1,7.95E0,1.472340431809E0));
#6104=VERTEX_POINT('',#6103);
#6105=CARTESIAN_POINT('',(8.916665792465E-1,7.95E0,1.331914883852E0));
#6106=VERTEX_POINT('',#6105);
#6107=CARTESIAN_POINT('',(6.625E-1,7.95E0,1.331914883852E0));
#6108=VERTEX_POINT('',#6107);
#6109=CARTESIAN_POINT('',(6.625E-1,7.95E0,7.E-1));
#6110=VERTEX_POINT('',#6109);
#6111=CARTESIAN_POINT('',(1.354165792465E-1,7.95E0,1.331914883852E0));
#6112=CARTESIAN_POINT('',(5.25E-1,7.95E0,8.872340202332E-1));
#6113=VERTEX_POINT('',#6111);
#6114=VERTEX_POINT('',#6112);
#6115=CARTESIAN_POINT('',(5.25E-1,7.95E0,1.331914883852E0));
#6116=VERTEX_POINT('',#6115);
#6117=CARTESIAN_POINT('',(1.854166579247E0,7.95E0,1.261702126265E0));
#6118=CARTESIAN_POINT('',(1.785416579247E0,7.95E0,1.191489368677E0));
#6119=VERTEX_POINT('',#6117);
#6120=VERTEX_POINT('',#6118);
#6121=CARTESIAN_POINT('',(1.670833420753E0,7.95E0,1.121276611090E0));
#6122=VERTEX_POINT('',#6121);
#6123=CARTESIAN_POINT('',(1.55625E0,7.95E0,1.097872358561E0));
#6124=VERTEX_POINT('',#6123);
#6125=CARTESIAN_POINT('',(1.441666579247E0,7.95E0,1.097872358561E0));
#6126=VERTEX_POINT('',#6125);
#6127=CARTESIAN_POINT('',(1.327083420753E0,7.95E0,1.121276611090E0));
#6128=VERTEX_POINT('',#6127);
#6129=CARTESIAN_POINT('',(1.189583420753E0,7.95E0,1.214893621206E0));
#6130=VERTEX_POINT('',#6129);
#6131=CARTESIAN_POINT('',(1.189583420753E0,7.95E0,1.168085116148E0));
#6132=VERTEX_POINT('',#6131);
#6133=CARTESIAN_POINT('',(1.2125E0,7.95E0,1.027659600973E0));
#6134=VERTEX_POINT('',#6133);
#6135=CARTESIAN_POINT('',(1.235416579247E0,7.95E0,9.574467778205E-1));
#6136=VERTEX_POINT('',#6135);
#6137=CARTESIAN_POINT('',(1.28125E0,7.95E0,8.872340202332E-1));
#6138=VERTEX_POINT('',#6137);
#6139=CARTESIAN_POINT('',(1.35E0,7.95E0,8.404255151749E-1));
#6140=VERTEX_POINT('',#6139);
#6141=CARTESIAN_POINT('',(1.41875E0,7.95E0,8.170212626457E-1));
#6142=VERTEX_POINT('',#6141);
#6143=CARTESIAN_POINT('',(1.55625E0,7.95E0,8.170212626457E-1));
#6144=VERTEX_POINT('',#6143);
#6145=CARTESIAN_POINT('',(1.625E0,7.95E0,8.404255151749E-1));
#6146=VERTEX_POINT('',#6145);
#6147=CARTESIAN_POINT('',(1.69375E0,7.95E0,8.872340202332E-1));
#6148=VERTEX_POINT('',#6147);
#6149=CARTESIAN_POINT('',(1.739583420753E0,7.95E0,9.574467778206E-1));
#6150=VERTEX_POINT('',#6149);
#6151=CARTESIAN_POINT('',(1.854166579247E0,7.95E0,9.574467778206E-1));
#6152=VERTEX_POINT('',#6151);
#6153=CARTESIAN_POINT('',(1.83125E0,7.95E0,8.872340202331E-1));
#6154=VERTEX_POINT('',#6153);
#6155=CARTESIAN_POINT('',(1.7625E0,7.95E0,7.936170101166E-1));
#6156=VERTEX_POINT('',#6155);
#6157=CARTESIAN_POINT('',(1.647916579247E0,7.95E0,7.234042525292E-1));
#6158=VERTEX_POINT('',#6157);
#6159=CARTESIAN_POINT('',(1.533333420753E0,7.95E0,7.E-1));
#6160=VERTEX_POINT('',#6159);
#6161=CARTESIAN_POINT('',(1.441666579247E0,7.95E0,7.E-1));
#6162=VERTEX_POINT('',#6161);
#6163=CARTESIAN_POINT('',(1.327083420753E0,7.95E0,7.234042525292E-1));
#6164=VERTEX_POINT('',#6163);
#6165=CARTESIAN_POINT('',(1.2125E0,7.95E0,7.936170101166E-1));
#6166=VERTEX_POINT('',#6165);
#6167=CARTESIAN_POINT('',(1.14375E0,7.95E0,8.872340202331E-1));
#6168=VERTEX_POINT('',#6167);
#6169=CARTESIAN_POINT('',(1.097916579247E0,7.95E0,1.004255348444E0));
#6170=VERTEX_POINT('',#6169);
#6171=CARTESIAN_POINT('',(1.075E0,7.95E0,1.168085116148E0));
#6172=VERTEX_POINT('',#6171);
#6173=CARTESIAN_POINT('',(1.075E0,7.95E0,1.331914883852E0));
#6174=VERTEX_POINT('',#6173);
#6175=CARTESIAN_POINT('',(1.097916579247E0,7.95E0,1.495744684339E0));
#6176=VERTEX_POINT('',#6175);
#6177=CARTESIAN_POINT('',(1.14375E0,7.95E0,1.612765963376E0));
#6178=VERTEX_POINT('',#6177);
#6179=CARTESIAN_POINT('',(1.2125E0,7.95E0,1.706382981688E0));
#6180=VERTEX_POINT('',#6179);
#6181=CARTESIAN_POINT('',(1.327083420753E0,7.95E0,1.776595745422E0));
#6182=VERTEX_POINT('',#6181);
#6183=CARTESIAN_POINT('',(1.441666579247E0,7.95E0,1.8E0));
#6184=VERTEX_POINT('',#6183);
#6185=CARTESIAN_POINT('',(1.55625E0,7.95E0,1.8E0));
#6186=VERTEX_POINT('',#6185);
#6187=CARTESIAN_POINT('',(1.670833420753E0,7.95E0,1.776595745422E0));
#6188=VERTEX_POINT('',#6187);
#6189=CARTESIAN_POINT('',(1.785416579247E0,7.95E0,1.706382981688E0));
#6190=VERTEX_POINT('',#6189);
#6191=CARTESIAN_POINT('',(1.854166579247E0,7.95E0,1.612765963376E0));
#6192=VERTEX_POINT('',#6191);
#6193=CARTESIAN_POINT('',(1.9E0,7.95E0,1.495744684339E0));
#6194=VERTEX_POINT('',#6193);
#6195=CARTESIAN_POINT('',(1.9E0,7.95E0,1.378723388910E0));
#6196=VERTEX_POINT('',#6195);
#6197=CARTESIAN_POINT('',(1.7625E0,7.95E0,1.331914883852E0));
#6198=CARTESIAN_POINT('',(1.785416579247E0,7.95E0,1.402127674222E0));
#6199=VERTEX_POINT('',#6197);
#6200=VERTEX_POINT('',#6198);
#6201=CARTESIAN_POINT('',(1.785416579247E0,7.95E0,1.472340431809E0));
#6202=VERTEX_POINT('',#6201);
#6203=CARTESIAN_POINT('',(1.7625E0,7.95E0,1.542553189397E0));
#6204=VERTEX_POINT('',#6203);
#6205=CARTESIAN_POINT('',(1.716666579247E0,7.95E0,1.612765963376E0));
#6206=VERTEX_POINT('',#6205);
#6207=CARTESIAN_POINT('',(1.647916579247E0,7.95E0,1.659574468434E0));
#6208=VERTEX_POINT('',#6207);
#6209=CARTESIAN_POINT('',(1.579166579247E0,7.95E0,1.682978720963E0));
#6210=VERTEX_POINT('',#6209);
#6211=CARTESIAN_POINT('',(1.41875E0,7.95E0,1.682978720963E0));
#6212=VERTEX_POINT('',#6211);
#6213=CARTESIAN_POINT('',(1.35E0,7.95E0,1.659574468434E0));
#6214=VERTEX_POINT('',#6213);
#6215=CARTESIAN_POINT('',(1.28125E0,7.95E0,1.612765963376E0));
#6216=VERTEX_POINT('',#6215);
#6217=CARTESIAN_POINT('',(1.235416579247E0,7.95E0,1.542553189397E0));
#6218=VERTEX_POINT('',#6217);
#6219=CARTESIAN_POINT('',(1.2125E0,7.95E0,1.472340431809E0));
#6220=VERTEX_POINT('',#6219);
#6221=CARTESIAN_POINT('',(1.2125E0,7.95E0,1.402127674222E0));
#6222=VERTEX_POINT('',#6221);
#6223=CARTESIAN_POINT('',(1.235416579247E0,7.95E0,1.331914883852E0));
#6224=VERTEX_POINT('',#6223);
#6225=CARTESIAN_POINT('',(1.28125E0,7.95E0,1.285106378794E0));
#6226=VERTEX_POINT('',#6225);
#6227=CARTESIAN_POINT('',(1.35E0,7.95E0,1.238297873735E0));
#6228=VERTEX_POINT('',#6227);
#6229=CARTESIAN_POINT('',(1.41875E0,7.95E0,1.214893621206E0));
#6230=VERTEX_POINT('',#6229);
#6231=CARTESIAN_POINT('',(1.579166579247E0,7.95E0,1.214893621206E0));
#6232=VERTEX_POINT('',#6231);
#6233=CARTESIAN_POINT('',(1.647916579247E0,7.95E0,1.238297873735E0));
#6234=VERTEX_POINT('',#6233);
#6235=CARTESIAN_POINT('',(1.716666579247E0,7.95E0,1.285106378794E0));
#6236=VERTEX_POINT('',#6235);
#6237=CARTESIAN_POINT('',(2.083333158493E0,7.95E0,1.355319136381E0));
#6238=CARTESIAN_POINT('',(2.083333158493E0,7.95E0,1.144680863619E0));
#6239=VERTEX_POINT('',#6237);
#6240=VERTEX_POINT('',#6238);
#6241=CARTESIAN_POINT('',(2.10625E0,7.95E0,1.472340431809E0));
#6242=VERTEX_POINT('',#6241);
#6243=CARTESIAN_POINT('',(2.129166841507E0,7.95E0,1.542553189397E0));
#6244=VERTEX_POINT('',#6243);
#6245=CARTESIAN_POINT('',(2.175E0,7.95E0,1.636170215905E0));
#6246=VERTEX_POINT('',#6245);
#6247=CARTESIAN_POINT('',(2.24375E0,7.95E0,1.706382981688E0));
#6248=VERTEX_POINT('',#6247);
#6249=CARTESIAN_POINT('',(2.358333158493E0,7.95E0,1.776595745422E0));
#6250=VERTEX_POINT('',#6249);
#6251=CARTESIAN_POINT('',(2.495833158493E0,7.95E0,1.8E0));
#6252=VERTEX_POINT('',#6251);
#6253=CARTESIAN_POINT('',(2.633333158493E0,7.95E0,1.776595745422E0));
#6254=VERTEX_POINT('',#6253);
#6255=CARTESIAN_POINT('',(2.747916841507E0,7.95E0,1.706382981688E0));
#6256=VERTEX_POINT('',#6255);
#6257=CARTESIAN_POINT('',(2.816666841507E0,7.95E0,1.636170215905E0));
#6258=VERTEX_POINT('',#6257);
#6259=CARTESIAN_POINT('',(2.8625E0,7.95E0,1.542553189397E0));
#6260=VERTEX_POINT('',#6259);
#6261=CARTESIAN_POINT('',(2.885416841507E0,7.95E0,1.472340431809E0));
#6262=VERTEX_POINT('',#6261);
#6263=CARTESIAN_POINT('',(2.908333158493E0,7.95E0,1.355319136381E0));
#6264=VERTEX_POINT('',#6263);
#6265=CARTESIAN_POINT('',(2.908333158493E0,7.95E0,1.144680863619E0));
#6266=VERTEX_POINT('',#6265);
#6267=CARTESIAN_POINT('',(2.885416841507E0,7.95E0,1.027659600973E0));
#6268=VERTEX_POINT('',#6267);
#6269=CARTESIAN_POINT('',(2.8625E0,7.95E0,9.574467778206E-1));
#6270=VERTEX_POINT('',#6269);
#6271=CARTESIAN_POINT('',(2.816666841507E0,7.95E0,8.638297677040E-1));
#6272=VERTEX_POINT('',#6271);
#6273=CARTESIAN_POINT('',(2.747916841507E0,7.95E0,7.936170101166E-1));
#6274=VERTEX_POINT('',#6273);
#6275=CARTESIAN_POINT('',(2.633333158493E0,7.95E0,7.234042525291E-1));
#6276=VERTEX_POINT('',#6275);
#6277=CARTESIAN_POINT('',(2.495833158493E0,7.95E0,7.E-1));
#6278=VERTEX_POINT('',#6277);
#6279=CARTESIAN_POINT('',(2.358333158493E0,7.95E0,7.234042525291E-1));
#6280=VERTEX_POINT('',#6279);
#6281=CARTESIAN_POINT('',(2.24375E0,7.95E0,7.936170101166E-1));
#6282=VERTEX_POINT('',#6281);
#6283=CARTESIAN_POINT('',(2.175E0,7.95E0,8.638297677040E-1));
#6284=VERTEX_POINT('',#6283);
#6285=CARTESIAN_POINT('',(2.129166841507E0,7.95E0,9.574467778206E-1));
#6286=VERTEX_POINT('',#6285);
#6287=CARTESIAN_POINT('',(2.10625E0,7.95E0,1.027659600973E0));
#6288=VERTEX_POINT('',#6287);
#6289=CARTESIAN_POINT('',(2.197916841507E0,7.95E0,1.168085116148E0));
#6290=CARTESIAN_POINT('',(2.220833158493E0,7.95E0,1.027659600973E0));
#6291=VERTEX_POINT('',#6289);
#6292=VERTEX_POINT('',#6290);
#6293=CARTESIAN_POINT('',(2.3125E0,7.95E0,8.872340202331E-1));
#6294=VERTEX_POINT('',#6293);
#6295=CARTESIAN_POINT('',(2.38125E0,7.95E0,8.404255151749E-1));
#6296=VERTEX_POINT('',#6295);
#6297=CARTESIAN_POINT('',(2.495833158493E0,7.95E0,8.170212626457E-1));
#6298=VERTEX_POINT('',#6297);
#6299=CARTESIAN_POINT('',(2.610416841507E0,7.95E0,8.404255151749E-1));
#6300=VERTEX_POINT('',#6299);
#6301=CARTESIAN_POINT('',(2.679166841507E0,7.95E0,8.872340202332E-1));
#6302=VERTEX_POINT('',#6301);
#6303=CARTESIAN_POINT('',(2.770833158493E0,7.95E0,1.027659600973E0));
#6304=VERTEX_POINT('',#6303);
#6305=CARTESIAN_POINT('',(2.79375E0,7.95E0,1.168085116148E0));
#6306=VERTEX_POINT('',#6305);
#6307=CARTESIAN_POINT('',(2.79375E0,7.95E0,1.331914883852E0));
#6308=VERTEX_POINT('',#6307);
#6309=CARTESIAN_POINT('',(2.770833158493E0,7.95E0,1.472340431809E0));
#6310=VERTEX_POINT('',#6309);
#6311=CARTESIAN_POINT('',(2.679166841507E0,7.95E0,1.612765963376E0));
#6312=VERTEX_POINT('',#6311);
#6313=CARTESIAN_POINT('',(2.610416841507E0,7.95E0,1.659574468434E0));
#6314=VERTEX_POINT('',#6313);
#6315=CARTESIAN_POINT('',(2.495833158493E0,7.95E0,1.682978720963E0));
#6316=VERTEX_POINT('',#6315);
#6317=CARTESIAN_POINT('',(2.38125E0,7.95E0,1.659574468434E0));
#6318=VERTEX_POINT('',#6317);
#6319=CARTESIAN_POINT('',(2.3125E0,7.95E0,1.612765963376E0));
#6320=VERTEX_POINT('',#6319);
#6321=CARTESIAN_POINT('',(2.220833158493E0,7.95E0,1.472340431809E0));
#6322=VERTEX_POINT('',#6321);
#6323=CARTESIAN_POINT('',(2.197916841507E0,7.95E0,1.331914883852E0));
#6324=VERTEX_POINT('',#6323);
#6325=CARTESIAN_POINT('',(-1.25E0,7.95E0,2.6E0));
#6326=CARTESIAN_POINT('',(-2.35E0,7.95E0,2.6E0));
#6327=VERTEX_POINT('',#6325);
#6328=VERTEX_POINT('',#6326);
#6329=CARTESIAN_POINT('',(6.1E0,1.5E-1,-5.6E0));
#6330=VERTEX_POINT('',#6329);
#6331=CARTESIAN_POINT('',(6.1E0,1.5E-1,5.6E0));
#6332=VERTEX_POINT('',#6331);
#6333=CARTESIAN_POINT('',(-1.096965511460E0,7.94E0,-1.580483961442E0));
#6334=VERTEX_POINT('',#6333);
#6335=CARTESIAN_POINT('',(0.E0,7.94E0,-3.480483961442E0));
#6336=VERTEX_POINT('',#6335);
#6337=CARTESIAN_POINT('',(9.237604307033E-1,7.94E0,-1.880483961442E0));
#6338=VERTEX_POINT('',#6337);
#6339=CARTESIAN_POINT('',(-2.35E0,7.94E0,2.6E0));
#6340=CARTESIAN_POINT('',(-1.25E0,7.94E0,2.6E0));
#6341=VERTEX_POINT('',#6339);
#6342=VERTEX_POINT('',#6340);
#6343=CARTESIAN_POINT('',(7.134122241795E-1,7.94E0,-2.044817742423E0));
#6344=CARTESIAN_POINT('',(8.781864124785E-14,7.94E0,-3.280483961442E0));
#6345=VERTEX_POINT('',#6343);
#6346=VERTEX_POINT('',#6344);
#6347=CARTESIAN_POINT('',(-8.164848444232E-1,7.94E0,-1.866290727291E0));
#6348=VERTEX_POINT('',#6347);
#6349=CARTESIAN_POINT('',(-9.25E-1,7.94E0,0.E0));
#6350=CARTESIAN_POINT('',(-9.25E-1,7.94E0,-1.1E0));
#6351=VERTEX_POINT('',#6349);
#6352=VERTEX_POINT('',#6350);
#6353=CARTESIAN_POINT('',(-1.0625E0,7.94E0,0.E0));
#6354=VERTEX_POINT('',#6353);
#6355=CARTESIAN_POINT('',(-1.0625E0,7.94E0,-9.127659797668E-1));
#6356=VERTEX_POINT('',#6355);
#6357=CARTESIAN_POINT('',(-1.2E0,7.94E0,-7.489361464977E-1));
#6358=VERTEX_POINT('',#6357);
#6359=CARTESIAN_POINT('',(-1.2E0,7.94E0,-9.361702322960E-1));
#6360=VERTEX_POINT('',#6359);
#6361=CARTESIAN_POINT('',(-1.0625E0,7.94E0,-1.1E0));
#6362=VERTEX_POINT('',#6361);
#6363=CARTESIAN_POINT('',(-4.895833551884E-1,7.94E0,-5.617021262646E-1));
#6364=CARTESIAN_POINT('',(-5.8125E-1,7.94E0,-4.914893686771E-1));
#6365=VERTEX_POINT('',#6363);
#6366=VERTEX_POINT('',#6364);
#6367=CARTESIAN_POINT('',(-7.416666775942E-1,7.94E0,-4.914893686771E-1));
#6368=VERTEX_POINT('',#6367);
#6369=CARTESIAN_POINT('',(-7.416666775942E-1,7.94E0,-1.1E0));
#6370=VERTEX_POINT('',#6369);
#6371=CARTESIAN_POINT('',(3.75E-2,7.94E0,-1.1E0));
#6372=VERTEX_POINT('',#6371);
#6373=CARTESIAN_POINT('',(3.75E-2,7.94E0,-9.829787373543E-1));
#6374=VERTEX_POINT('',#6373);
#6375=CARTESIAN_POINT('',(-6.270833551884E-1,7.94E0,-9.829787373543E-1));
#6376=VERTEX_POINT('',#6375);
#6377=CARTESIAN_POINT('',(-6.270833551884E-1,7.94E0,-6.085106313229E-1));
#6378=VERTEX_POINT('',#6377);
#6379=CARTESIAN_POINT('',(-5.125E-1,7.94E0,-6.787233889103E-1));
#6380=VERTEX_POINT('',#6379);
#6381=CARTESIAN_POINT('',(-3.979166448116E-1,7.94E0,-7.021276414394E-1));
#6382=VERTEX_POINT('',#6381);
#6383=CARTESIAN_POINT('',(-2.604166448116E-1,7.94E0,-7.021276414394E-1));
#6384=VERTEX_POINT('',#6383);
#6385=CARTESIAN_POINT('',(-1.458333551884E-1,7.94E0,-6.787233889103E-1));
#6386=VERTEX_POINT('',#6385);
#6387=CARTESIAN_POINT('',(-3.125000000001E-2,7.94E0,-6.085106313229E-1));
#6388=VERTEX_POINT('',#6387);
#6389=CARTESIAN_POINT('',(3.75E-2,7.94E0,-5.148936212063E-1));
#6390=VERTEX_POINT('',#6389);
#6391=CARTESIAN_POINT('',(8.333328962326E-2,7.94E0,-3.978723257780E-1));
#6392=VERTEX_POINT('',#6391);
#6393=CARTESIAN_POINT('',(8.333328962326E-2,7.94E0,-3.042553156614E-1));
#6394=VERTEX_POINT('',#6393);
#6395=CARTESIAN_POINT('',(3.749999999998E-2,7.94E0,-1.872340366244E-1));
#6396=VERTEX_POINT('',#6395);
#6397=CARTESIAN_POINT('',(-3.125E-2,7.94E0,-9.361701831223E-2));
#6398=VERTEX_POINT('',#6397);
#6399=CARTESIAN_POINT('',(-1.458333551884E-1,7.94E0,-2.340425457805E-2));
#6400=VERTEX_POINT('',#6399);
#6401=CARTESIAN_POINT('',(-2.604166448116E-1,7.94E0,0.E0));
#6402=VERTEX_POINT('',#6401);
#6403=CARTESIAN_POINT('',(-3.979166448116E-1,7.94E0,0.E0));
#6404=VERTEX_POINT('',#6403);
#6405=CARTESIAN_POINT('',(-5.125E-1,7.94E0,-2.340425457806E-2));
#6406=VERTEX_POINT('',#6405);
#6407=CARTESIAN_POINT('',(-6.270833551884E-1,7.94E0,-9.361701831223E-2));
#6408=VERTEX_POINT('',#6407);
#6409=CARTESIAN_POINT('',(-6.958333224058E-1,7.94E0,-1.872340366244E-1));
#6410=VERTEX_POINT('',#6409);
#6411=CARTESIAN_POINT('',(-7.416666775942E-1,7.94E0,-2.808510631323E-1));
#6412=VERTEX_POINT('',#6411);
#6413=CARTESIAN_POINT('',(-6.041666448116E-1,7.94E0,-2.808510631323E-1));
#6414=VERTEX_POINT('',#6413);
#6415=CARTESIAN_POINT('',(-5.583333551884E-1,7.94E0,-1.872340366244E-1));
#6416=VERTEX_POINT('',#6415);
#6417=CARTESIAN_POINT('',(-4.895833551884E-1,7.94E0,-1.404255315661E-1));
#6418=VERTEX_POINT('',#6417);
#6419=CARTESIAN_POINT('',(-3.979166448116E-1,7.94E0,-1.170212790370E-1));
#6420=VERTEX_POINT('',#6419);
#6421=CARTESIAN_POINT('',(-2.604166448116E-1,7.94E0,-1.170212790370E-1));
#6422=VERTEX_POINT('',#6421);
#6423=CARTESIAN_POINT('',(-1.6875E-1,7.94E0,-1.404255315661E-1));
#6424=VERTEX_POINT('',#6423);
#6425=CARTESIAN_POINT('',(-1.E-1,7.94E0,-1.872340366244E-1));
#6426=VERTEX_POINT('',#6425);
#6427=CARTESIAN_POINT('',(-5.416671037674E-2,7.94E0,-2.574468106031E-1));
#6428=VERTEX_POINT('',#6427);
#6429=CARTESIAN_POINT('',(-3.125E-2,7.94E0,-3.276595681906E-1));
#6430=VERTEX_POINT('',#6429);
#6431=CARTESIAN_POINT('',(-3.125E-2,7.94E0,-3.744680732489E-1));
#6432=VERTEX_POINT('',#6431);
#6433=CARTESIAN_POINT('',(-5.416671037676E-2,7.94E0,-4.446808636189E-1));
#6434=VERTEX_POINT('',#6433);
#6435=CARTESIAN_POINT('',(-1.E-1,7.94E0,-5.148936212063E-1));
#6436=VERTEX_POINT('',#6435);
#6437=CARTESIAN_POINT('',(-1.6875E-1,7.94E0,-5.617021262646E-1));
#6438=VERTEX_POINT('',#6437);
#6439=CARTESIAN_POINT('',(-2.604166448116E-1,7.94E0,-5.851063787937E-1));
#6440=VERTEX_POINT('',#6439);
#6441=CARTESIAN_POINT('',(-3.979166448116E-1,7.94E0,-5.851063787937E-1));
#6442=VERTEX_POINT('',#6441);
#6443=CARTESIAN_POINT('',(2.666667103767E-1,7.94E0,-6.553191363811E-1));
#6444=CARTESIAN_POINT('',(2.666667103767E-1,7.94E0,-4.446808636189E-1));
#6445=VERTEX_POINT('',#6443);
#6446=VERTEX_POINT('',#6444);
#6447=CARTESIAN_POINT('',(2.895832896233E-1,7.94E0,-7.723403990269E-1));
#6448=VERTEX_POINT('',#6447);
#6449=CARTESIAN_POINT('',(3.125E-1,7.94E0,-8.425532221794E-1));
#6450=VERTEX_POINT('',#6449);
#6451=CARTESIAN_POINT('',(3.583332896233E-1,7.94E0,-9.361702322960E-1));
#6452=VERTEX_POINT('',#6451);
#6453=CARTESIAN_POINT('',(4.270832896232E-1,7.94E0,-1.006382989883E0));
#6454=VERTEX_POINT('',#6453);
#6455=CARTESIAN_POINT('',(5.416667103768E-1,7.94E0,-1.076595747471E0));
#6456=VERTEX_POINT('',#6455);
#6457=CARTESIAN_POINT('',(6.791667103767E-1,7.94E0,-1.1E0));
#6458=VERTEX_POINT('',#6457);
#6459=CARTESIAN_POINT('',(8.166667103767E-1,7.94E0,-1.076595747471E0));
#6460=VERTEX_POINT('',#6459);
#6461=CARTESIAN_POINT('',(9.312500000001E-1,7.94E0,-1.006382989883E0));
#6462=VERTEX_POINT('',#6461);
#6463=CARTESIAN_POINT('',(1.E0,7.94E0,-9.361702322960E-1));
#6464=VERTEX_POINT('',#6463);
#6465=CARTESIAN_POINT('',(1.045833420753E0,7.94E0,-8.425532221795E-1));
#6466=VERTEX_POINT('',#6465);
#6467=CARTESIAN_POINT('',(1.06875E0,7.94E0,-7.723403990269E-1));
#6468=VERTEX_POINT('',#6467);
#6469=CARTESIAN_POINT('',(1.091666579247E0,7.94E0,-6.553191363810E-1));
#6470=VERTEX_POINT('',#6469);
#6471=CARTESIAN_POINT('',(1.091666579247E0,7.94E0,-4.446808636189E-1));
#6472=VERTEX_POINT('',#6471);
#6473=CARTESIAN_POINT('',(1.06875E0,7.94E0,-3.276595681907E-1));
#6474=VERTEX_POINT('',#6473);
#6475=CARTESIAN_POINT('',(1.045833420753E0,7.94E0,-2.574468106031E-1));
#6476=VERTEX_POINT('',#6475);
#6477=CARTESIAN_POINT('',(1.E0,7.94E0,-1.638297840953E-1));
#6478=VERTEX_POINT('',#6477);
#6479=CARTESIAN_POINT('',(9.3125E-1,7.94E0,-9.361701831220E-2));
#6480=VERTEX_POINT('',#6479);
#6481=CARTESIAN_POINT('',(8.166667103767E-1,7.94E0,-2.340425457804E-2));
#6482=VERTEX_POINT('',#6481);
#6483=CARTESIAN_POINT('',(6.791667103767E-1,7.94E0,0.E0));
#6484=VERTEX_POINT('',#6483);
#6485=CARTESIAN_POINT('',(5.416667103767E-1,7.94E0,-2.340425457806E-2));
#6486=VERTEX_POINT('',#6485);
#6487=CARTESIAN_POINT('',(4.270832896233E-1,7.94E0,-9.361701831221E-2));
#6488=VERTEX_POINT('',#6487);
#6489=CARTESIAN_POINT('',(3.583332896233E-1,7.94E0,-1.638297840953E-1));
#6490=VERTEX_POINT('',#6489);
#6491=CARTESIAN_POINT('',(3.125E-1,7.94E0,-2.574468106031E-1));
#6492=VERTEX_POINT('',#6491);
#6493=CARTESIAN_POINT('',(2.895832896233E-1,7.94E0,-3.276595681906E-1));
#6494=VERTEX_POINT('',#6493);
#6495=CARTESIAN_POINT('',(4.041667103767E-1,7.94E0,-7.723403990269E-1));
#6496=CARTESIAN_POINT('',(3.8125E-1,7.94E0,-6.319148838520E-1));
#6497=VERTEX_POINT('',#6495);
#6498=VERTEX_POINT('',#6496);
#6499=CARTESIAN_POINT('',(3.8125E-1,7.94E0,-4.680851161480E-1));
#6500=VERTEX_POINT('',#6499);
#6501=CARTESIAN_POINT('',(4.041667103767E-1,7.94E0,-3.276595681906E-1));
#6502=VERTEX_POINT('',#6501);
#6503=CARTESIAN_POINT('',(4.958332896233E-1,7.94E0,-1.872340366244E-1));
#6504=VERTEX_POINT('',#6503);
#6505=CARTESIAN_POINT('',(5.645832896233E-1,7.94E0,-1.404255315661E-1));
#6506=VERTEX_POINT('',#6505);
#6507=CARTESIAN_POINT('',(6.791667103767E-1,7.94E0,-1.170212790370E-1));
#6508=VERTEX_POINT('',#6507);
#6509=CARTESIAN_POINT('',(7.9375E-1,7.94E0,-1.404255315661E-1));
#6510=VERTEX_POINT('',#6509);
#6511=CARTESIAN_POINT('',(8.625E-1,7.94E0,-1.872340366244E-1));
#6512=VERTEX_POINT('',#6511);
#6513=CARTESIAN_POINT('',(9.541667103767E-1,7.94E0,-3.276595681906E-1));
#6514=VERTEX_POINT('',#6513);
#6515=CARTESIAN_POINT('',(9.770832896233E-1,7.94E0,-4.680851161480E-1));
#6516=VERTEX_POINT('',#6515);
#6517=CARTESIAN_POINT('',(9.770832896233E-1,7.94E0,-6.319148838520E-1));
#6518=VERTEX_POINT('',#6517);
#6519=CARTESIAN_POINT('',(9.541667103767E-1,7.94E0,-7.723403990269E-1));
#6520=VERTEX_POINT('',#6519);
#6521=CARTESIAN_POINT('',(8.625E-1,7.94E0,-9.127659797668E-1));
#6522=VERTEX_POINT('',#6521);
#6523=CARTESIAN_POINT('',(7.9375E-1,7.94E0,-9.595744848251E-1));
#6524=VERTEX_POINT('',#6523);
#6525=CARTESIAN_POINT('',(6.791667103767E-1,7.94E0,-9.829787373543E-1));
#6526=VERTEX_POINT('',#6525);
#6527=CARTESIAN_POINT('',(5.645832896233E-1,7.94E0,-9.595744848251E-1));
#6528=VERTEX_POINT('',#6527);
#6529=CARTESIAN_POINT('',(4.958332896233E-1,7.94E0,-9.127659797668E-1));
#6530=VERTEX_POINT('',#6529);
#6531=CARTESIAN_POINT('',(-2.3625E0,7.94E0,1.261702126265E0));
#6532=CARTESIAN_POINT('',(-2.316666661203E0,7.94E0,1.238297873735E0));
#6533=VERTEX_POINT('',#6531);
#6534=VERTEX_POINT('',#6532);
#6535=CARTESIAN_POINT('',(-2.3625E0,7.94E0,1.214893621206E0));
#6536=VERTEX_POINT('',#6535);
#6537=CARTESIAN_POINT('',(-2.43125E0,7.94E0,1.144680863619E0));
#6538=VERTEX_POINT('',#6537);
#6539=CARTESIAN_POINT('',(-2.477083332650E0,7.94E0,1.051063853502E0));
#6540=VERTEX_POINT('',#6539);
#6541=CARTESIAN_POINT('',(-2.477083332650E0,7.94E0,9.808510959147E-1));
#6542=VERTEX_POINT('',#6541);
#6543=CARTESIAN_POINT('',(-2.43125E0,7.94E0,8.638297677040E-1));
#6544=VERTEX_POINT('',#6543);
#6545=CARTESIAN_POINT('',(-2.3625E0,7.94E0,7.936170101166E-1));
#6546=VERTEX_POINT('',#6545);
#6547=CARTESIAN_POINT('',(-2.247916661203E0,7.94E0,7.234042525292E-1));
#6548=VERTEX_POINT('',#6547);
#6549=CARTESIAN_POINT('',(-2.133333322406E0,7.94E0,7.E-1));
#6550=VERTEX_POINT('',#6549);
#6551=CARTESIAN_POINT('',(-2.041666677594E0,7.94E0,7.E-1));
#6552=VERTEX_POINT('',#6551);
#6553=CARTESIAN_POINT('',(-1.927083355188E0,7.94E0,7.234042525292E-1));
#6554=VERTEX_POINT('',#6553);
#6555=CARTESIAN_POINT('',(-1.8125E0,7.94E0,7.936170101167E-1));
#6556=VERTEX_POINT('',#6555);
#6557=CARTESIAN_POINT('',(-1.74375E0,7.94E0,8.638297677040E-1));
#6558=VERTEX_POINT('',#6557);
#6559=CARTESIAN_POINT('',(-1.697916644812E0,7.94E0,9.808510959148E-1));
#6560=VERTEX_POINT('',#6559);
#6561=CARTESIAN_POINT('',(-1.697916644812E0,7.94E0,1.051063853502E0));
#6562=VERTEX_POINT('',#6561);
#6563=CARTESIAN_POINT('',(-1.74375E0,7.94E0,1.144680863619E0));
#6564=VERTEX_POINT('',#6563);
#6565=CARTESIAN_POINT('',(-1.8125E0,7.94E0,1.214893621206E0));
#6566=VERTEX_POINT('',#6565);
#6567=CARTESIAN_POINT('',(-1.858333355188E0,7.94E0,1.238297873735E0));
#6568=VERTEX_POINT('',#6567);
#6569=CARTESIAN_POINT('',(-1.8125E0,7.94E0,1.261702126265E0));
#6570=VERTEX_POINT('',#6569);
#6571=CARTESIAN_POINT('',(-1.720833355188E0,7.94E0,1.331914883852E0));
#6572=VERTEX_POINT('',#6571);
#6573=CARTESIAN_POINT('',(-1.675E0,7.94E0,1.448936179280E0));
#6574=VERTEX_POINT('',#6573);
#6575=CARTESIAN_POINT('',(-1.675E0,7.94E0,1.519148936868E0));
#6576=VERTEX_POINT('',#6575);
#6577=CARTESIAN_POINT('',(-1.720833355188E0,7.94E0,1.636170215905E0));
#6578=VERTEX_POINT('',#6577);
#6579=CARTESIAN_POINT('',(-1.789583355188E0,7.94E0,1.706382981688E0));
#6580=VERTEX_POINT('',#6579);
#6581=CARTESIAN_POINT('',(-1.904166644812E0,7.94E0,1.776595745422E0));
#6582=VERTEX_POINT('',#6581);
#6583=CARTESIAN_POINT('',(-2.01875E0,7.94E0,1.8E0));
#6584=VERTEX_POINT('',#6583);
#6585=CARTESIAN_POINT('',(-2.15625E0,7.94E0,1.8E0));
#6586=VERTEX_POINT('',#6585);
#6587=CARTESIAN_POINT('',(-2.270833338797E0,7.94E0,1.776595745422E0));
#6588=VERTEX_POINT('',#6587);
#6589=CARTESIAN_POINT('',(-2.385416669399E0,7.94E0,1.706382981688E0));
#6590=VERTEX_POINT('',#6589);
#6591=CARTESIAN_POINT('',(-2.454166665301E0,7.94E0,1.636170215905E0));
#6592=VERTEX_POINT('',#6591);
#6593=CARTESIAN_POINT('',(-2.5E0,7.94E0,1.519148936868E0));
#6594=VERTEX_POINT('',#6593);
#6595=CARTESIAN_POINT('',(-2.5E0,7.94E0,1.448936179280E0));
#6596=VERTEX_POINT('',#6595);
#6597=CARTESIAN_POINT('',(-2.454166665301E0,7.94E0,1.331914883852E0));
#6598=VERTEX_POINT('',#6597);
#6599=CARTESIAN_POINT('',(-2.225E0,7.94E0,1.659574468434E0));
#6600=CARTESIAN_POINT('',(-2.133333322406E0,7.94E0,1.682978720963E0));
#6601=VERTEX_POINT('',#6599);
#6602=VERTEX_POINT('',#6600);
#6603=CARTESIAN_POINT('',(-2.041666677594E0,7.94E0,1.682978720963E0));
#6604=VERTEX_POINT('',#6603);
#6605=CARTESIAN_POINT('',(-1.95E0,7.94E0,1.659574468434E0));
#6606=VERTEX_POINT('',#6605);
#6607=CARTESIAN_POINT('',(-1.858333355188E0,7.94E0,1.612765963376E0));
#6608=VERTEX_POINT('',#6607);
#6609=CARTESIAN_POINT('',(-1.789583355188E0,7.94E0,1.519148936868E0));
#6610=VERTEX_POINT('',#6609);
#6611=CARTESIAN_POINT('',(-1.789583355188E0,7.94E0,1.448936179280E0));
#6612=VERTEX_POINT('',#6611);
#6613=CARTESIAN_POINT('',(-1.858333355188E0,7.94E0,1.355319136381E0));
#6614=VERTEX_POINT('',#6613);
#6615=CARTESIAN_POINT('',(-1.95E0,7.94E0,1.308510631323E0));
#6616=VERTEX_POINT('',#6615);
#6617=CARTESIAN_POINT('',(-2.041666677594E0,7.94E0,1.285106378794E0));
#6618=VERTEX_POINT('',#6617);
#6619=CARTESIAN_POINT('',(-2.133333322406E0,7.94E0,1.285106378794E0));
#6620=VERTEX_POINT('',#6619);
#6621=CARTESIAN_POINT('',(-2.225E0,7.94E0,1.308510631323E0));
#6622=VERTEX_POINT('',#6621);
#6623=CARTESIAN_POINT('',(-2.316666661203E0,7.94E0,1.355319136381E0));
#6624=VERTEX_POINT('',#6623);
#6625=CARTESIAN_POINT('',(-2.385416669399E0,7.94E0,1.448936179280E0));
#6626=VERTEX_POINT('',#6625);
#6627=CARTESIAN_POINT('',(-2.385416669399E0,7.94E0,1.519148936868E0));
#6628=VERTEX_POINT('',#6627);
#6629=CARTESIAN_POINT('',(-2.316666661203E0,7.94E0,1.612765963376E0));
#6630=VERTEX_POINT('',#6629);
#6631=CARTESIAN_POINT('',(-1.95E0,7.94E0,8.404255151749E-1));
#6632=CARTESIAN_POINT('',(-2.041666677594E0,7.94E0,8.170212626457E-1));
#6633=VERTEX_POINT('',#6631);
#6634=VERTEX_POINT('',#6632);
#6635=CARTESIAN_POINT('',(-2.133333322406E0,7.94E0,8.170212626457E-1));
#6636=VERTEX_POINT('',#6635);
#6637=CARTESIAN_POINT('',(-2.225E0,7.94E0,8.404255151749E-1));
#6638=VERTEX_POINT('',#6637);
#6639=CARTESIAN_POINT('',(-2.316666661203E0,7.94E0,9.106382727623E-1));
#6640=VERTEX_POINT('',#6639);
#6641=CARTESIAN_POINT('',(-2.3625E0,7.94E0,9.808510959148E-1));
#6642=VERTEX_POINT('',#6641);
#6643=CARTESIAN_POINT('',(-2.3625E0,7.94E0,1.027659600973E0));
#6644=VERTEX_POINT('',#6643);
#6645=CARTESIAN_POINT('',(-2.316666661203E0,7.94E0,1.097872358561E0));
#6646=VERTEX_POINT('',#6645);
#6647=CARTESIAN_POINT('',(-2.225E0,7.94E0,1.168085116148E0));
#6648=VERTEX_POINT('',#6647);
#6649=CARTESIAN_POINT('',(-2.133333322406E0,7.94E0,1.191489368677E0));
#6650=VERTEX_POINT('',#6649);
#6651=CARTESIAN_POINT('',(-2.041666677594E0,7.94E0,1.191489368677E0));
#6652=VERTEX_POINT('',#6651);
#6653=CARTESIAN_POINT('',(-1.95E0,7.94E0,1.168085116148E0));
#6654=VERTEX_POINT('',#6653);
#6655=CARTESIAN_POINT('',(-1.858333355188E0,7.94E0,1.097872358561E0));
#6656=VERTEX_POINT('',#6655);
#6657=CARTESIAN_POINT('',(-1.8125E0,7.94E0,1.027659600973E0));
#6658=VERTEX_POINT('',#6657);
#6659=CARTESIAN_POINT('',(-1.8125E0,7.94E0,9.808510959149E-1));
#6660=VERTEX_POINT('',#6659);
#6661=CARTESIAN_POINT('',(-1.858333355188E0,7.94E0,9.106382727624E-1));
#6662=VERTEX_POINT('',#6661);
#6663=CARTESIAN_POINT('',(-1.216666710377E0,7.94E0,1.8E0));
#6664=CARTESIAN_POINT('',(-1.216666710377E0,7.94E0,7.E-1));
#6665=VERTEX_POINT('',#6663);
#6666=VERTEX_POINT('',#6664);
#6667=CARTESIAN_POINT('',(-1.354166710377E0,7.94E0,1.8E0));
#6668=VERTEX_POINT('',#6667);
#6669=CARTESIAN_POINT('',(-1.354166710377E0,7.94E0,8.872340202332E-1));
#6670=VERTEX_POINT('',#6669);
#6671=CARTESIAN_POINT('',(-1.491666644812E0,7.94E0,1.051063853502E0));
#6672=VERTEX_POINT('',#6671);
#6673=CARTESIAN_POINT('',(-1.491666644812E0,7.94E0,8.638297677041E-1));
#6674=VERTEX_POINT('',#6673);
#6675=CARTESIAN_POINT('',(-1.354166710377E0,7.94E0,7.000000000001E-1));
#6676=VERTEX_POINT('',#6675);
#6677=CARTESIAN_POINT('',(-2.312500000001E-1,7.94E0,1.612765963376E0));
#6678=CARTESIAN_POINT('',(-2.770834207534E-1,7.94E0,1.682978720963E0));
#6679=VERTEX_POINT('',#6677);
#6680=VERTEX_POINT('',#6678);
#6681=CARTESIAN_POINT('',(-3.458332896233E-1,7.94E0,1.729787234217E0));
#6682=VERTEX_POINT('',#6681);
#6683=CARTESIAN_POINT('',(-4.375E-1,7.94E0,1.776595745422E0));
#6684=VERTEX_POINT('',#6683);
#6685=CARTESIAN_POINT('',(-5.291667103767E-1,7.94E0,1.8E0));
#6686=VERTEX_POINT('',#6685);
#6687=CARTESIAN_POINT('',(-7.125E-1,7.94E0,1.8E0));
#6688=VERTEX_POINT('',#6687);
#6689=CARTESIAN_POINT('',(-8.041667103767E-1,7.94E0,1.776595745422E0));
#6690=VERTEX_POINT('',#6689);
#6691=CARTESIAN_POINT('',(-8.958332896233E-1,7.94E0,1.729787234217E0));
#6692=VERTEX_POINT('',#6691);
#6693=CARTESIAN_POINT('',(-9.645832896233E-1,7.94E0,1.682978720963E0));
#6694=VERTEX_POINT('',#6693);
#6695=CARTESIAN_POINT('',(-1.010416710377E0,7.94E0,1.612765963376E0));
#6696=VERTEX_POINT('',#6695);
#6697=CARTESIAN_POINT('',(-1.033333289623E0,7.94E0,1.542553189397E0));
#6698=VERTEX_POINT('',#6697);
#6699=CARTESIAN_POINT('',(-9.1875E-1,7.94E0,1.542553189397E0));
#6700=VERTEX_POINT('',#6699);
#6701=CARTESIAN_POINT('',(-8.958332896234E-1,7.94E0,1.589361694455E0));
#6702=VERTEX_POINT('',#6701);
#6703=CARTESIAN_POINT('',(-8.499999999999E-1,7.94E0,1.636170215905E0));
#6704=VERTEX_POINT('',#6703);
#6705=CARTESIAN_POINT('',(-8.041667103767E-1,7.94E0,1.659574468434E0));
#6706=VERTEX_POINT('',#6705);
#6707=CARTESIAN_POINT('',(-6.895832896233E-1,7.94E0,1.682978720963E0));
#6708=VERTEX_POINT('',#6707);
#6709=CARTESIAN_POINT('',(-5.520832896233E-1,7.94E0,1.682978720963E0));
#6710=VERTEX_POINT('',#6709);
#6711=CARTESIAN_POINT('',(-4.375E-1,7.94E0,1.659574468434E0));
#6712=VERTEX_POINT('',#6711);
#6713=CARTESIAN_POINT('',(-3.916667103767E-1,7.94E0,1.636170215905E0));
#6714=VERTEX_POINT('',#6713);
#6715=CARTESIAN_POINT('',(-3.458332896232E-1,7.94E0,1.589361694455E0));
#6716=VERTEX_POINT('',#6715);
#6717=CARTESIAN_POINT('',(-3.229167103768E-1,7.94E0,1.542553189397E0));
#6718=VERTEX_POINT('',#6717);
#6719=CARTESIAN_POINT('',(-3.229167103767E-1,7.94E0,1.448936179280E0));
#6720=VERTEX_POINT('',#6719);
#6721=CARTESIAN_POINT('',(-3.687500000001E-1,7.94E0,1.355319136381E0));
#6722=VERTEX_POINT('',#6721);
#6723=CARTESIAN_POINT('',(-4.375E-1,7.94E0,1.308510631323E0));
#6724=VERTEX_POINT('',#6723);
#6725=CARTESIAN_POINT('',(-5.75E-1,7.94E0,1.285106378794E0));
#6726=VERTEX_POINT('',#6725);
#6727=CARTESIAN_POINT('',(-6.666667103767E-1,7.94E0,1.285106378794E0));
#6728=VERTEX_POINT('',#6727);
#6729=CARTESIAN_POINT('',(-6.666667103767E-1,7.94E0,1.191489368677E0));
#6730=VERTEX_POINT('',#6729);
#6731=CARTESIAN_POINT('',(-5.75E-1,7.94E0,1.191489368677E0));
#6732=VERTEX_POINT('',#6731);
#6733=CARTESIAN_POINT('',(-4.375000000001E-1,7.94E0,1.144680863619E0));
#6734=VERTEX_POINT('',#6733);
#6735=CARTESIAN_POINT('',(-3.916667103768E-1,7.94E0,1.097872358561E0));
#6736=VERTEX_POINT('',#6735);
#6737=CARTESIAN_POINT('',(-3.458332896233E-1,7.94E0,1.004255348444E0));
#6738=VERTEX_POINT('',#6737);
#6739=CARTESIAN_POINT('',(-3.458332896233E-1,7.94E0,9.574467778206E-1));
#6740=VERTEX_POINT('',#6739);
#6741=CARTESIAN_POINT('',(-3.916667103767E-1,7.94E0,8.872340202332E-1));
#6742=VERTEX_POINT('',#6741);
#6743=CARTESIAN_POINT('',(-4.604167103767E-1,7.94E0,8.404255151749E-1));
#6744=VERTEX_POINT('',#6743);
#6745=CARTESIAN_POINT('',(-5.75E-1,7.94E0,8.170212626457E-1));
#6746=VERTEX_POINT('',#6745);
#6747=CARTESIAN_POINT('',(-6.666667103767E-1,7.94E0,8.170212626457E-1));
#6748=VERTEX_POINT('',#6747);
#6749=CARTESIAN_POINT('',(-7.8125E-1,7.94E0,8.404255151749E-1));
#6750=VERTEX_POINT('',#6749);
#6751=CARTESIAN_POINT('',(-8.5E-1,7.94E0,8.872340202332E-1));
#6752=VERTEX_POINT('',#6751);
#6753=CARTESIAN_POINT('',(-8.958332896233E-1,7.94E0,9.574467778206E-1));
#6754=VERTEX_POINT('',#6753);
#6755=CARTESIAN_POINT('',(-1.010416710377E0,7.94E0,9.574467778206E-1));
#6756=VERTEX_POINT('',#6755);
#6757=CARTESIAN_POINT('',(-9.874999999999E-1,7.94E0,8.638297677041E-1));
#6758=VERTEX_POINT('',#6757);
#6759=CARTESIAN_POINT('',(-8.958332896233E-1,7.94E0,7.702127575874E-1));
#6760=VERTEX_POINT('',#6759);
#6761=CARTESIAN_POINT('',(-8.041667103767E-1,7.94E0,7.234042525291E-1));
#6762=VERTEX_POINT('',#6761);
#6763=CARTESIAN_POINT('',(-6.4375E-1,7.94E0,7.E-1));
#6764=VERTEX_POINT('',#6763);
#6765=CARTESIAN_POINT('',(-5.979167103767E-1,7.94E0,7.E-1));
#6766=VERTEX_POINT('',#6765);
#6767=CARTESIAN_POINT('',(-4.375E-1,7.94E0,7.234042525291E-1));
#6768=VERTEX_POINT('',#6767);
#6769=CARTESIAN_POINT('',(-3.458332896233E-1,7.94E0,7.702127575874E-1));
#6770=VERTEX_POINT('',#6769);
#6771=CARTESIAN_POINT('',(-2.541665792465E-1,7.94E0,8.638297677040E-1));
#6772=VERTEX_POINT('',#6771);
#6773=CARTESIAN_POINT('',(-2.3125E-1,7.94E0,9.574467778206E-1));
#6774=VERTEX_POINT('',#6773);
#6775=CARTESIAN_POINT('',(-2.3125E-1,7.94E0,1.004255348444E0));
#6776=VERTEX_POINT('',#6775);
#6777=CARTESIAN_POINT('',(-2.541665792466E-1,7.94E0,1.097872358561E0));
#6778=VERTEX_POINT('',#6777);
#6779=CARTESIAN_POINT('',(-3.E-1,7.94E0,1.168085116148E0));
#6780=VERTEX_POINT('',#6779);
#6781=CARTESIAN_POINT('',(-3.916667103767E-1,7.94E0,1.238297873735E0));
#6782=VERTEX_POINT('',#6781);
#6783=CARTESIAN_POINT('',(-2.770834207534E-1,7.94E0,1.285106378794E0));
#6784=VERTEX_POINT('',#6783);
#6785=CARTESIAN_POINT('',(-2.3125E-1,7.94E0,1.355319136381E0));
#6786=VERTEX_POINT('',#6785);
#6787=CARTESIAN_POINT('',(-2.083334207535E-1,7.94E0,1.448936179280E0));
#6788=VERTEX_POINT('',#6787);
#6789=CARTESIAN_POINT('',(-2.083334207535E-1,7.94E0,1.542553189397E0));
#6790=VERTEX_POINT('',#6789);
#6791=CARTESIAN_POINT('',(-2.499999999993E-2,7.94E0,1.331914883852E0));
#6792=CARTESIAN_POINT('',(5.25E-1,7.94E0,7.E-1));
#6793=VERTEX_POINT('',#6791);
#6794=VERTEX_POINT('',#6792);
#6795=CARTESIAN_POINT('',(6.625E-1,7.94E0,7.E-1));
#6796=VERTEX_POINT('',#6795);
#6797=CARTESIAN_POINT('',(6.625E-1,7.94E0,1.331914883852E0));
#6798=VERTEX_POINT('',#6797);
#6799=CARTESIAN_POINT('',(8.916665792465E-1,7.94E0,1.331914883852E0));
#6800=VERTEX_POINT('',#6799);
#6801=CARTESIAN_POINT('',(8.916665792465E-1,7.94E0,1.472340431809E0));
#6802=VERTEX_POINT('',#6801);
#6803=CARTESIAN_POINT('',(6.625E-1,7.94E0,1.472340431809E0));
#6804=VERTEX_POINT('',#6803);
#6805=CARTESIAN_POINT('',(6.625E-1,7.94E0,1.8E0));
#6806=VERTEX_POINT('',#6805);
#6807=CARTESIAN_POINT('',(5.25E-1,7.94E0,1.8E0));
#6808=VERTEX_POINT('',#6807);
#6809=CARTESIAN_POINT('',(5.25E-1,7.94E0,1.472340431809E0));
#6810=VERTEX_POINT('',#6809);
#6811=CARTESIAN_POINT('',(-2.5E-2,7.94E0,1.472340431809E0));
#6812=VERTEX_POINT('',#6811);
#6813=CARTESIAN_POINT('',(5.25E-1,7.94E0,8.872340202332E-1));
#6814=CARTESIAN_POINT('',(1.354165792465E-1,7.94E0,1.331914883852E0));
#6815=VERTEX_POINT('',#6813);
#6816=VERTEX_POINT('',#6814);
#6817=CARTESIAN_POINT('',(5.25E-1,7.94E0,1.331914883852E0));
#6818=VERTEX_POINT('',#6817);
#6819=CARTESIAN_POINT('',(1.785416579247E0,7.94E0,1.191489368677E0));
#6820=CARTESIAN_POINT('',(1.854166579247E0,7.94E0,1.261702126265E0));
#6821=VERTEX_POINT('',#6819);
#6822=VERTEX_POINT('',#6820);
#6823=CARTESIAN_POINT('',(1.9E0,7.94E0,1.378723388910E0));
#6824=VERTEX_POINT('',#6823);
#6825=CARTESIAN_POINT('',(1.9E0,7.94E0,1.495744684339E0));
#6826=VERTEX_POINT('',#6825);
#6827=CARTESIAN_POINT('',(1.854166579247E0,7.94E0,1.612765963376E0));
#6828=VERTEX_POINT('',#6827);
#6829=CARTESIAN_POINT('',(1.785416579247E0,7.94E0,1.706382981688E0));
#6830=VERTEX_POINT('',#6829);
#6831=CARTESIAN_POINT('',(1.670833420753E0,7.94E0,1.776595745422E0));
#6832=VERTEX_POINT('',#6831);
#6833=CARTESIAN_POINT('',(1.55625E0,7.94E0,1.8E0));
#6834=VERTEX_POINT('',#6833);
#6835=CARTESIAN_POINT('',(1.441666579247E0,7.94E0,1.8E0));
#6836=VERTEX_POINT('',#6835);
#6837=CARTESIAN_POINT('',(1.327083420753E0,7.94E0,1.776595745422E0));
#6838=VERTEX_POINT('',#6837);
#6839=CARTESIAN_POINT('',(1.2125E0,7.94E0,1.706382981688E0));
#6840=VERTEX_POINT('',#6839);
#6841=CARTESIAN_POINT('',(1.14375E0,7.94E0,1.612765963376E0));
#6842=VERTEX_POINT('',#6841);
#6843=CARTESIAN_POINT('',(1.097916579247E0,7.94E0,1.495744684339E0));
#6844=VERTEX_POINT('',#6843);
#6845=CARTESIAN_POINT('',(1.075E0,7.94E0,1.331914883852E0));
#6846=VERTEX_POINT('',#6845);
#6847=CARTESIAN_POINT('',(1.075E0,7.94E0,1.168085116148E0));
#6848=VERTEX_POINT('',#6847);
#6849=CARTESIAN_POINT('',(1.097916579247E0,7.94E0,1.004255348444E0));
#6850=VERTEX_POINT('',#6849);
#6851=CARTESIAN_POINT('',(1.14375E0,7.94E0,8.872340202331E-1));
#6852=VERTEX_POINT('',#6851);
#6853=CARTESIAN_POINT('',(1.2125E0,7.94E0,7.936170101166E-1));
#6854=VERTEX_POINT('',#6853);
#6855=CARTESIAN_POINT('',(1.327083420753E0,7.94E0,7.234042525292E-1));
#6856=VERTEX_POINT('',#6855);
#6857=CARTESIAN_POINT('',(1.441666579247E0,7.94E0,7.E-1));
#6858=VERTEX_POINT('',#6857);
#6859=CARTESIAN_POINT('',(1.533333420753E0,7.94E0,7.E-1));
#6860=VERTEX_POINT('',#6859);
#6861=CARTESIAN_POINT('',(1.647916579247E0,7.94E0,7.234042525292E-1));
#6862=VERTEX_POINT('',#6861);
#6863=CARTESIAN_POINT('',(1.7625E0,7.94E0,7.936170101166E-1));
#6864=VERTEX_POINT('',#6863);
#6865=CARTESIAN_POINT('',(1.83125E0,7.94E0,8.872340202331E-1));
#6866=VERTEX_POINT('',#6865);
#6867=CARTESIAN_POINT('',(1.854166579247E0,7.94E0,9.574467778206E-1));
#6868=VERTEX_POINT('',#6867);
#6869=CARTESIAN_POINT('',(1.739583420753E0,7.94E0,9.574467778206E-1));
#6870=VERTEX_POINT('',#6869);
#6871=CARTESIAN_POINT('',(1.69375E0,7.94E0,8.872340202332E-1));
#6872=VERTEX_POINT('',#6871);
#6873=CARTESIAN_POINT('',(1.625E0,7.94E0,8.404255151749E-1));
#6874=VERTEX_POINT('',#6873);
#6875=CARTESIAN_POINT('',(1.55625E0,7.94E0,8.170212626457E-1));
#6876=VERTEX_POINT('',#6875);
#6877=CARTESIAN_POINT('',(1.41875E0,7.94E0,8.170212626457E-1));
#6878=VERTEX_POINT('',#6877);
#6879=CARTESIAN_POINT('',(1.35E0,7.94E0,8.404255151749E-1));
#6880=VERTEX_POINT('',#6879);
#6881=CARTESIAN_POINT('',(1.28125E0,7.94E0,8.872340202332E-1));
#6882=VERTEX_POINT('',#6881);
#6883=CARTESIAN_POINT('',(1.235416579247E0,7.94E0,9.574467778205E-1));
#6884=VERTEX_POINT('',#6883);
#6885=CARTESIAN_POINT('',(1.2125E0,7.94E0,1.027659600973E0));
#6886=VERTEX_POINT('',#6885);
#6887=CARTESIAN_POINT('',(1.189583420753E0,7.94E0,1.168085116148E0));
#6888=VERTEX_POINT('',#6887);
#6889=CARTESIAN_POINT('',(1.189583420753E0,7.94E0,1.214893621206E0));
#6890=VERTEX_POINT('',#6889);
#6891=CARTESIAN_POINT('',(1.327083420753E0,7.94E0,1.121276611090E0));
#6892=VERTEX_POINT('',#6891);
#6893=CARTESIAN_POINT('',(1.441666579247E0,7.94E0,1.097872358561E0));
#6894=VERTEX_POINT('',#6893);
#6895=CARTESIAN_POINT('',(1.55625E0,7.94E0,1.097872358561E0));
#6896=VERTEX_POINT('',#6895);
#6897=CARTESIAN_POINT('',(1.670833420753E0,7.94E0,1.121276611090E0));
#6898=VERTEX_POINT('',#6897);
#6899=CARTESIAN_POINT('',(1.785416579247E0,7.94E0,1.402127674222E0));
#6900=CARTESIAN_POINT('',(1.7625E0,7.94E0,1.331914883852E0));
#6901=VERTEX_POINT('',#6899);
#6902=VERTEX_POINT('',#6900);
#6903=CARTESIAN_POINT('',(1.716666579247E0,7.94E0,1.285106378794E0));
#6904=VERTEX_POINT('',#6903);
#6905=CARTESIAN_POINT('',(1.647916579247E0,7.94E0,1.238297873735E0));
#6906=VERTEX_POINT('',#6905);
#6907=CARTESIAN_POINT('',(1.579166579247E0,7.94E0,1.214893621206E0));
#6908=VERTEX_POINT('',#6907);
#6909=CARTESIAN_POINT('',(1.41875E0,7.94E0,1.214893621206E0));
#6910=VERTEX_POINT('',#6909);
#6911=CARTESIAN_POINT('',(1.35E0,7.94E0,1.238297873735E0));
#6912=VERTEX_POINT('',#6911);
#6913=CARTESIAN_POINT('',(1.28125E0,7.94E0,1.285106378794E0));
#6914=VERTEX_POINT('',#6913);
#6915=CARTESIAN_POINT('',(1.235416579247E0,7.94E0,1.331914883852E0));
#6916=VERTEX_POINT('',#6915);
#6917=CARTESIAN_POINT('',(1.2125E0,7.94E0,1.402127674222E0));
#6918=VERTEX_POINT('',#6917);
#6919=CARTESIAN_POINT('',(1.2125E0,7.94E0,1.472340431809E0));
#6920=VERTEX_POINT('',#6919);
#6921=CARTESIAN_POINT('',(1.235416579247E0,7.94E0,1.542553189397E0));
#6922=VERTEX_POINT('',#6921);
#6923=CARTESIAN_POINT('',(1.28125E0,7.94E0,1.612765963376E0));
#6924=VERTEX_POINT('',#6923);
#6925=CARTESIAN_POINT('',(1.35E0,7.94E0,1.659574468434E0));
#6926=VERTEX_POINT('',#6925);
#6927=CARTESIAN_POINT('',(1.41875E0,7.94E0,1.682978720963E0));
#6928=VERTEX_POINT('',#6927);
#6929=CARTESIAN_POINT('',(1.579166579247E0,7.94E0,1.682978720963E0));
#6930=VERTEX_POINT('',#6929);
#6931=CARTESIAN_POINT('',(1.647916579247E0,7.94E0,1.659574468434E0));
#6932=VERTEX_POINT('',#6931);
#6933=CARTESIAN_POINT('',(1.716666579247E0,7.94E0,1.612765963376E0));
#6934=VERTEX_POINT('',#6933);
#6935=CARTESIAN_POINT('',(1.7625E0,7.94E0,1.542553189397E0));
#6936=VERTEX_POINT('',#6935);
#6937=CARTESIAN_POINT('',(1.785416579247E0,7.94E0,1.472340431809E0));
#6938=VERTEX_POINT('',#6937);
#6939=CARTESIAN_POINT('',(2.083333158493E0,7.94E0,1.144680863619E0));
#6940=CARTESIAN_POINT('',(2.083333158493E0,7.94E0,1.355319136381E0));
#6941=VERTEX_POINT('',#6939);
#6942=VERTEX_POINT('',#6940);
#6943=CARTESIAN_POINT('',(2.10625E0,7.94E0,1.027659600973E0));
#6944=VERTEX_POINT('',#6943);
#6945=CARTESIAN_POINT('',(2.129166841507E0,7.94E0,9.574467778206E-1));
#6946=VERTEX_POINT('',#6945);
#6947=CARTESIAN_POINT('',(2.175E0,7.94E0,8.638297677040E-1));
#6948=VERTEX_POINT('',#6947);
#6949=CARTESIAN_POINT('',(2.24375E0,7.94E0,7.936170101166E-1));
#6950=VERTEX_POINT('',#6949);
#6951=CARTESIAN_POINT('',(2.358333158493E0,7.94E0,7.234042525291E-1));
#6952=VERTEX_POINT('',#6951);
#6953=CARTESIAN_POINT('',(2.495833158493E0,7.94E0,7.E-1));
#6954=VERTEX_POINT('',#6953);
#6955=CARTESIAN_POINT('',(2.633333158493E0,7.94E0,7.234042525291E-1));
#6956=VERTEX_POINT('',#6955);
#6957=CARTESIAN_POINT('',(2.747916841507E0,7.94E0,7.936170101166E-1));
#6958=VERTEX_POINT('',#6957);
#6959=CARTESIAN_POINT('',(2.816666841507E0,7.94E0,8.638297677040E-1));
#6960=VERTEX_POINT('',#6959);
#6961=CARTESIAN_POINT('',(2.8625E0,7.94E0,9.574467778206E-1));
#6962=VERTEX_POINT('',#6961);
#6963=CARTESIAN_POINT('',(2.885416841507E0,7.94E0,1.027659600973E0));
#6964=VERTEX_POINT('',#6963);
#6965=CARTESIAN_POINT('',(2.908333158493E0,7.94E0,1.144680863619E0));
#6966=VERTEX_POINT('',#6965);
#6967=CARTESIAN_POINT('',(2.908333158493E0,7.94E0,1.355319136381E0));
#6968=VERTEX_POINT('',#6967);
#6969=CARTESIAN_POINT('',(2.885416841507E0,7.94E0,1.472340431809E0));
#6970=VERTEX_POINT('',#6969);
#6971=CARTESIAN_POINT('',(2.8625E0,7.94E0,1.542553189397E0));
#6972=VERTEX_POINT('',#6971);
#6973=CARTESIAN_POINT('',(2.816666841507E0,7.94E0,1.636170215905E0));
#6974=VERTEX_POINT('',#6973);
#6975=CARTESIAN_POINT('',(2.747916841507E0,7.94E0,1.706382981688E0));
#6976=VERTEX_POINT('',#6975);
#6977=CARTESIAN_POINT('',(2.633333158493E0,7.94E0,1.776595745422E0));
#6978=VERTEX_POINT('',#6977);
#6979=CARTESIAN_POINT('',(2.495833158493E0,7.94E0,1.8E0));
#6980=VERTEX_POINT('',#6979);
#6981=CARTESIAN_POINT('',(2.358333158493E0,7.94E0,1.776595745422E0));
#6982=VERTEX_POINT('',#6981);
#6983=CARTESIAN_POINT('',(2.24375E0,7.94E0,1.706382981688E0));
#6984=VERTEX_POINT('',#6983);
#6985=CARTESIAN_POINT('',(2.175E0,7.94E0,1.636170215905E0));
#6986=VERTEX_POINT('',#6985);
#6987=CARTESIAN_POINT('',(2.129166841507E0,7.94E0,1.542553189397E0));
#6988=VERTEX_POINT('',#6987);
#6989=CARTESIAN_POINT('',(2.10625E0,7.94E0,1.472340431809E0));
#6990=VERTEX_POINT('',#6989);
#6991=CARTESIAN_POINT('',(2.220833158493E0,7.94E0,1.027659600973E0));
#6992=CARTESIAN_POINT('',(2.197916841507E0,7.94E0,1.168085116148E0));
#6993=VERTEX_POINT('',#6991);
#6994=VERTEX_POINT('',#6992);
#6995=CARTESIAN_POINT('',(2.197916841507E0,7.94E0,1.331914883852E0));
#6996=VERTEX_POINT('',#6995);
#6997=CARTESIAN_POINT('',(2.220833158493E0,7.94E0,1.472340431809E0));
#6998=VERTEX_POINT('',#6997);
#6999=CARTESIAN_POINT('',(2.3125E0,7.94E0,1.612765963376E0));
#7000=VERTEX_POINT('',#6999);
#7001=CARTESIAN_POINT('',(2.38125E0,7.94E0,1.659574468434E0));
#7002=VERTEX_POINT('',#7001);
#7003=CARTESIAN_POINT('',(2.495833158493E0,7.94E0,1.682978720963E0));
#7004=VERTEX_POINT('',#7003);
#7005=CARTESIAN_POINT('',(2.610416841507E0,7.94E0,1.659574468434E0));
#7006=VERTEX_POINT('',#7005);
#7007=CARTESIAN_POINT('',(2.679166841507E0,7.94E0,1.612765963376E0));
#7008=VERTEX_POINT('',#7007);
#7009=CARTESIAN_POINT('',(2.770833158493E0,7.94E0,1.472340431809E0));
#7010=VERTEX_POINT('',#7009);
#7011=CARTESIAN_POINT('',(2.79375E0,7.94E0,1.331914883852E0));
#7012=VERTEX_POINT('',#7011);
#7013=CARTESIAN_POINT('',(2.79375E0,7.94E0,1.168085116148E0));
#7014=VERTEX_POINT('',#7013);
#7015=CARTESIAN_POINT('',(2.770833158493E0,7.94E0,1.027659600973E0));
#7016=VERTEX_POINT('',#7015);
#7017=CARTESIAN_POINT('',(2.679166841507E0,7.94E0,8.872340202332E-1));
#7018=VERTEX_POINT('',#7017);
#7019=CARTESIAN_POINT('',(2.610416841507E0,7.94E0,8.404255151749E-1));
#7020=VERTEX_POINT('',#7019);
#7021=CARTESIAN_POINT('',(2.495833158493E0,7.94E0,8.170212626457E-1));
#7022=VERTEX_POINT('',#7021);
#7023=CARTESIAN_POINT('',(2.38125E0,7.94E0,8.404255151749E-1));
#7024=VERTEX_POINT('',#7023);
#7025=CARTESIAN_POINT('',(2.3125E0,7.94E0,8.872340202331E-1));
#7026=VERTEX_POINT('',#7025);
#7027=CARTESIAN_POINT('',(3.609719451397E0,5.557560782919E-1,
-6.109719451397E0));
#7028=CARTESIAN_POINT('',(4.304402164952E0,6.417075410701E-1,
-6.104402164952E0));
#7029=VERTEX_POINT('',#7027);
#7030=VERTEX_POINT('',#7028);
#7031=CARTESIAN_POINT('',(7.5E-1,-9.999999999998E-2,-5.55E0));
#7032=CARTESIAN_POINT('',(2.5E0,-9.999999999998E-2,-5.55E0));
#7033=VERTEX_POINT('',#7031);
#7034=VERTEX_POINT('',#7032);
#7035=CARTESIAN_POINT('',(7.5E-1,-9.999999999998E-2,-5.291095635854E0));
#7036=VERTEX_POINT('',#7035);
#7037=CARTESIAN_POINT('',(7.5E-1,-9.999999999998E-2,-4.891095635854E0));
#7038=VERTEX_POINT('',#7037);
#7039=CARTESIAN_POINT('',(7.5E-1,-9.999999999989E-2,-3.600201812760E0));
#7040=VERTEX_POINT('',#7039);
#7041=CARTESIAN_POINT('',(2.5E0,-9.999999999998E-2,-4.891095635854E0));
#7042=CARTESIAN_POINT('',(2.5E0,-9.999999999989E-2,-3.600201812760E0));
#7043=VERTEX_POINT('',#7041);
#7044=VERTEX_POINT('',#7042);
#7045=CARTESIAN_POINT('',(2.5E0,-9.999999999998E-2,-5.291095635854E0));
#7046=VERTEX_POINT('',#7045);
#7047=CARTESIAN_POINT('',(-6.109781917202E0,5.550003244210E-1,
-3.609781917202E0));
#7048=CARTESIAN_POINT('',(-6.104464630757E0,6.409517871993E-1,
-4.304464630757E0));
#7049=VERTEX_POINT('',#7047);
#7050=VERTEX_POINT('',#7048);
#7051=CARTESIAN_POINT('',(-2.5E0,-9.999999999989E-2,-3.600201812760E0));
#7052=CARTESIAN_POINT('',(-7.5E-1,-9.999999999989E-2,-3.600201812760E0));
#7053=VERTEX_POINT('',#7051);
#7054=VERTEX_POINT('',#7052);
#7055=CARTESIAN_POINT('',(-2.5E0,-9.999999999999E-2,-5.55E0));
#7056=CARTESIAN_POINT('',(-7.5E-1,-9.999999999999E-2,-5.55E0));
#7057=VERTEX_POINT('',#7055);
#7058=VERTEX_POINT('',#7056);
#7059=CARTESIAN_POINT('',(-2.5E0,-9.999999999998E-2,-5.291095635854E0));
#7060=VERTEX_POINT('',#7059);
#7061=CARTESIAN_POINT('',(-2.5E0,-9.999999999998E-2,-4.891095635854E0));
#7062=VERTEX_POINT('',#7061);
#7063=CARTESIAN_POINT('',(-7.5E-1,-9.999999999999E-2,-3.741095635854E0));
#7064=VERTEX_POINT('',#7063);
#7065=CARTESIAN_POINT('',(-7.5E-1,-9.999999999998E-2,-4.141095635854E0));
#7066=VERTEX_POINT('',#7065);
#7067=CARTESIAN_POINT('',(4.304420904693E0,6.414808149089E-1,6.104420904693E0));
#7068=CARTESIAN_POINT('',(3.609738191139E0,5.555293521306E-1,6.109738191139E0));
#7069=VERTEX_POINT('',#7067);
#7070=VERTEX_POINT('',#7068);
#7071=CARTESIAN_POINT('',(2.5E0,-9.999999999989E-2,3.600201812760E0));
#7072=CARTESIAN_POINT('',(7.5E-1,-9.999999999989E-2,3.600201812760E0));
#7073=VERTEX_POINT('',#7071);
#7074=VERTEX_POINT('',#7072);
#7075=CARTESIAN_POINT('',(2.5E0,-9.999999999998E-2,5.55E0));
#7076=CARTESIAN_POINT('',(7.5E-1,-9.999999999998E-2,5.55E0));
#7077=VERTEX_POINT('',#7075);
#7078=VERTEX_POINT('',#7076);
#7079=CARTESIAN_POINT('',(2.5E0,-9.999999999998E-2,5.291095635854E0));
#7080=VERTEX_POINT('',#7079);
#7081=CARTESIAN_POINT('',(2.5E0,-9.999999999998E-2,4.891095635854E0));
#7082=VERTEX_POINT('',#7081);
#7083=CARTESIAN_POINT('',(7.5E-1,-9.999999999998E-2,4.891095635854E0));
#7084=VERTEX_POINT('',#7083);
#7085=CARTESIAN_POINT('',(7.5E-1,-9.999999999998E-2,5.291095635854E0));
#7086=VERTEX_POINT('',#7085);
#7087=CARTESIAN_POINT('',(-7.5E-1,-9.999999999989E-2,3.600201812760E0));
#7088=CARTESIAN_POINT('',(-2.5E0,-9.999999999989E-2,3.600201812760E0));
#7089=VERTEX_POINT('',#7087);
#7090=VERTEX_POINT('',#7088);
#7091=CARTESIAN_POINT('',(-7.5E-1,-9.999999999998E-2,5.55E0));
#7092=CARTESIAN_POINT('',(-2.5E0,-9.999999999998E-2,5.55E0));
#7093=VERTEX_POINT('',#7091);
#7094=VERTEX_POINT('',#7092);
#7095=CARTESIAN_POINT('',(-7.5E-1,-9.999999999998E-2,4.141095635854E0));
#7096=VERTEX_POINT('',#7095);
#7097=CARTESIAN_POINT('',(-7.5E-1,-9.999999999998E-2,3.741095635854E0));
#7098=VERTEX_POINT('',#7097);
#7099=CARTESIAN_POINT('',(-2.5E0,-9.999999999998E-2,4.891095635854E0));
#7100=VERTEX_POINT('',#7099);
#7101=CARTESIAN_POINT('',(-2.5E0,-9.999999999998E-2,5.291095635854E0));
#7102=VERTEX_POINT('',#7101);
#7103=CARTESIAN_POINT('',(-6.104420904693E0,6.414808149088E-1,
4.304420904693E0));
#7104=CARTESIAN_POINT('',(-6.109738191139E0,5.555293521306E-1,
3.609738191139E0));
#7105=VERTEX_POINT('',#7103);
#7106=VERTEX_POINT('',#7104);
#7107=VERTEX_POINT('',#151);
#7108=VERTEX_POINT('',#160);
#7109=VERTEX_POINT('',#137);
#7110=VERTEX_POINT('',#145);
#7111=VERTEX_POINT('',#108);
#7112=VERTEX_POINT('',#116);
#7113=CARTESIAN_POINT('',(2.716794833887E0,0.E0,-4.879634249940E0));
#7114=VERTEX_POINT('',#7113);
#7115=VERTEX_POINT('',#131);
#7116=CARTESIAN_POINT('',(2.5E0,0.E0,-3.349203804800E0));
#7117=CARTESIAN_POINT('',(7.5E-1,0.E0,-3.349203804800E0));
#7118=VERTEX_POINT('',#7116);
#7119=VERTEX_POINT('',#7117);
#7120=CARTESIAN_POINT('',(4.304435860294E0,6.411628715258E-1,-6.1E0));
#7121=CARTESIAN_POINT('',(3.609793846666E0,5.545535133673E-1,-6.1E0));
#7122=VERTEX_POINT('',#7120);
#7123=VERTEX_POINT('',#7121);
#7124=CARTESIAN_POINT('',(4.3E0,6.770146809853E-1,-6.1E0));
#7125=VERTEX_POINT('',#7124);
#7126=CARTESIAN_POINT('',(3.600000000001E0,6.337100019016E-1,-6.1E0));
#7127=VERTEX_POINT('',#7126);
#7128=CARTESIAN_POINT('',(2.5E0,4.15E-1,-6.065E0));
#7129=CARTESIAN_POINT('',(2.5E0,0.E0,-5.854959013640E0));
#7130=VERTEX_POINT('',#7128);
#7131=VERTEX_POINT('',#7129);
#7132=CARTESIAN_POINT('',(2.5E0,9.E-1,-6.065E0));
#7133=VERTEX_POINT('',#7132);
#7134=CARTESIAN_POINT('',(7.5E-1,4.15E-1,-6.065E0));
#7135=CARTESIAN_POINT('',(7.5E-1,0.E0,-5.854959013640E0));
#7136=VERTEX_POINT('',#7134);
#7137=VERTEX_POINT('',#7135);
#7138=CARTESIAN_POINT('',(7.5E-1,9.E-1,-6.065E0));
#7139=VERTEX_POINT('',#7138);
#7140=CARTESIAN_POINT('',(-7.5E-1,0.E0,-3.349203804800E0));
#7141=CARTESIAN_POINT('',(-2.5E0,0.E0,-3.349203804800E0));
#7142=VERTEX_POINT('',#7140);
#7143=VERTEX_POINT('',#7141);
#7144=VERTEX_POINT('',#162);
#7145=VERTEX_POINT('',#170);
#7146=CARTESIAN_POINT('',(-5.332051661132E-1,0.E0,-3.729640191222E0));
#7147=VERTEX_POINT('',#7146);
#7148=VERTEX_POINT('',#185);
#7149=VERTEX_POINT('',#205);
#7150=VERTEX_POINT('',#214);
#7151=VERTEX_POINT('',#191);
#7152=VERTEX_POINT('',#199);
#7153=CARTESIAN_POINT('',(-2.5E0,4.15E-1,-6.065E0));
#7154=CARTESIAN_POINT('',(-2.5E0,0.E0,-5.854959013640E0));
#7155=VERTEX_POINT('',#7153);
#7156=VERTEX_POINT('',#7154);
#7157=CARTESIAN_POINT('',(-2.5E0,9.E-1,-6.065E0));
#7158=VERTEX_POINT('',#7157);
#7159=CARTESIAN_POINT('',(-7.5E-1,4.15E-1,-6.065E0));
#7160=CARTESIAN_POINT('',(-7.5E-1,0.E0,-5.854959013640E0));
#7161=VERTEX_POINT('',#7159);
#7162=VERTEX_POINT('',#7160);
#7163=CARTESIAN_POINT('',(-7.5E-1,9.E-1,-6.065E0));
#7164=VERTEX_POINT('',#7163);
#7165=CARTESIAN_POINT('',(-6.1E0,6.403993889076E-1,-4.304498804230E0));
#7166=CARTESIAN_POINT('',(-6.1E0,5.537900307490E-1,-3.609856790601E0));
#7167=VERTEX_POINT('',#7165);
#7168=VERTEX_POINT('',#7166);
#7169=CARTESIAN_POINT('',(-6.1E0,6.767599280846E-1,-4.3E0));
#7170=VERTEX_POINT('',#7169);
#7171=CARTESIAN_POINT('',(-6.1E0,6.334552490053E-1,-3.6E0));
#7172=VERTEX_POINT('',#7171);
#7173=CARTESIAN_POINT('',(7.5E-1,0.E0,3.349203804800E0));
#7174=CARTESIAN_POINT('',(2.5E0,0.E0,3.349203804800E0));
#7175=VERTEX_POINT('',#7173);
#7176=VERTEX_POINT('',#7174);
#7177=VERTEX_POINT('',#44);
#7178=VERTEX_POINT('',#52);
#7179=CARTESIAN_POINT('',(5.332051661132E-1,0.E0,4.879634249940E0));
#7180=VERTEX_POINT('',#7179);
#7181=VERTEX_POINT('',#67);
#7182=VERTEX_POINT('',#87);
#7183=VERTEX_POINT('',#96);
#7184=VERTEX_POINT('',#73);
#7185=VERTEX_POINT('',#81);
#7186=CARTESIAN_POINT('',(7.5E-1,9.E-1,6.065E0));
#7187=CARTESIAN_POINT('',(2.5E0,9.E-1,6.065E0));
#7188=VERTEX_POINT('',#7186);
#7189=VERTEX_POINT('',#7187);
#7190=CARTESIAN_POINT('',(7.5E-1,4.15E-1,6.065E0));
#7191=CARTESIAN_POINT('',(7.5E-1,0.E0,5.854959013640E0));
#7192=VERTEX_POINT('',#7190);
#7193=VERTEX_POINT('',#7191);
#7194=CARTESIAN_POINT('',(2.5E0,4.15E-1,6.065E0));
#7195=CARTESIAN_POINT('',(2.5E0,0.E0,5.854959013640E0));
#7196=VERTEX_POINT('',#7194);
#7197=VERTEX_POINT('',#7195);
#7198=CARTESIAN_POINT('',(4.304454743475E0,6.409338267404E-1,6.1E0));
#7199=CARTESIAN_POINT('',(3.609812729846E0,5.543244685818E-1,6.1E0));
#7200=VERTEX_POINT('',#7198);
#7201=VERTEX_POINT('',#7199);
#7202=CARTESIAN_POINT('',(3.6E0,6.336335760355E-1,6.1E0));
#7203=VERTEX_POINT('',#7202);
#7204=CARTESIAN_POINT('',(4.3E0,6.769382551117E-1,6.1E0));
#7205=VERTEX_POINT('',#7204);
#7206=VERTEX_POINT('',#4);
#7207=VERTEX_POINT('',#13);
#7208=CARTESIAN_POINT('',(-2.716794833887E0,0.E0,5.302551538504E0));
#7209=VERTEX_POINT('',#7208);
#7210=VERTEX_POINT('',#231);
#7211=CARTESIAN_POINT('',(-2.5E0,0.E0,3.349203804800E0));
#7212=CARTESIAN_POINT('',(-7.5E-1,0.E0,3.349203804800E0));
#7213=VERTEX_POINT('',#7211);
#7214=VERTEX_POINT('',#7212);
#7215=VERTEX_POINT('',#33);
#7216=VERTEX_POINT('',#42);
#7217=VERTEX_POINT('',#19);
#7218=VERTEX_POINT('',#27);
#7219=CARTESIAN_POINT('',(-6.1E0,6.409338267403E-1,4.304454743475E0));
#7220=CARTESIAN_POINT('',(-6.1E0,5.543244685817E-1,3.609812729846E0));
#7221=VERTEX_POINT('',#7219);
#7222=VERTEX_POINT('',#7220);
#7223=CARTESIAN_POINT('',(-6.1E0,6.769382551116E-1,4.3E0));
#7224=VERTEX_POINT('',#7223);
#7225=CARTESIAN_POINT('',(-6.1E0,6.336335760355E-1,3.6E0));
#7226=VERTEX_POINT('',#7225);
#7227=CARTESIAN_POINT('',(-2.5E0,9.E-1,6.065E0));
#7228=CARTESIAN_POINT('',(-7.5E-1,9.E-1,6.065E0));
#7229=VERTEX_POINT('',#7227);
#7230=VERTEX_POINT('',#7228);
#7231=CARTESIAN_POINT('',(-7.5E-1,4.15E-1,6.065E0));
#7232=CARTESIAN_POINT('',(-7.5E-1,0.E0,5.854959013640E0));
#7233=VERTEX_POINT('',#7231);
#7234=VERTEX_POINT('',#7232);
#7235=CARTESIAN_POINT('',(-2.5E0,4.15E-1,6.065E0));
#7236=CARTESIAN_POINT('',(-2.5E0,0.E0,5.854959013640E0));
#7237=VERTEX_POINT('',#7235);
#7238=VERTEX_POINT('',#7236);
#7239=CARTESIAN_POINT('',(-1.154631945610E-14,0.E0,0.E0));
#7240=DIRECTION('',(0.E0,1.E0,0.E0));
#7241=DIRECTION('',(1.E0,0.E0,0.E0));
#7242=AXIS2_PLACEMENT_3D('',#7239,#7240,#7241);
#7243=PLANE('',#7242);
#7245=ORIENTED_EDGE('',*,*,#7244,.T.);
#7247=ORIENTED_EDGE('',*,*,#7246,.F.);
#7249=ORIENTED_EDGE('',*,*,#7248,.T.);
#7251=ORIENTED_EDGE('',*,*,#7250,.F.);
#7253=ORIENTED_EDGE('',*,*,#7252,.T.);
#7255=ORIENTED_EDGE('',*,*,#7254,.F.);
#7257=ORIENTED_EDGE('',*,*,#7256,.T.);
#7259=ORIENTED_EDGE('',*,*,#7258,.F.);
#7261=ORIENTED_EDGE('',*,*,#7260,.F.);
#7263=ORIENTED_EDGE('',*,*,#7262,.F.);
#7265=ORIENTED_EDGE('',*,*,#7264,.F.);
#7267=ORIENTED_EDGE('',*,*,#7266,.F.);
#7269=ORIENTED_EDGE('',*,*,#7268,.T.);
#7271=ORIENTED_EDGE('',*,*,#7270,.F.);
#7273=ORIENTED_EDGE('',*,*,#7272,.T.);
#7275=ORIENTED_EDGE('',*,*,#7274,.F.);
#7277=ORIENTED_EDGE('',*,*,#7276,.T.);
#7279=ORIENTED_EDGE('',*,*,#7278,.F.);
#7281=ORIENTED_EDGE('',*,*,#7280,.T.);
#7283=ORIENTED_EDGE('',*,*,#7282,.F.);
#7285=ORIENTED_EDGE('',*,*,#7284,.T.);
#7287=ORIENTED_EDGE('',*,*,#7286,.F.);
#7289=ORIENTED_EDGE('',*,*,#7288,.F.);
#7291=ORIENTED_EDGE('',*,*,#7290,.F.);
#7293=ORIENTED_EDGE('',*,*,#7292,.T.);
#7295=ORIENTED_EDGE('',*,*,#7294,.F.);
#7297=ORIENTED_EDGE('',*,*,#7296,.T.);
#7299=ORIENTED_EDGE('',*,*,#7298,.F.);
#7301=ORIENTED_EDGE('',*,*,#7300,.F.);
#7303=ORIENTED_EDGE('',*,*,#7302,.F.);
#7305=ORIENTED_EDGE('',*,*,#7304,.T.);
#7307=ORIENTED_EDGE('',*,*,#7306,.F.);
#7309=ORIENTED_EDGE('',*,*,#7308,.T.);
#7311=ORIENTED_EDGE('',*,*,#7310,.F.);
#7313=ORIENTED_EDGE('',*,*,#7312,.T.);
#7315=ORIENTED_EDGE('',*,*,#7314,.F.);
#7317=ORIENTED_EDGE('',*,*,#7316,.T.);
#7319=ORIENTED_EDGE('',*,*,#7318,.F.);
#7321=ORIENTED_EDGE('',*,*,#7320,.T.);
#7323=ORIENTED_EDGE('',*,*,#7322,.F.);
#7325=ORIENTED_EDGE('',*,*,#7324,.F.);
#7327=ORIENTED_EDGE('',*,*,#7326,.F.);
#7329=ORIENTED_EDGE('',*,*,#7328,.F.);
#7331=ORIENTED_EDGE('',*,*,#7330,.F.);
#7333=ORIENTED_EDGE('',*,*,#7332,.T.);
#7335=ORIENTED_EDGE('',*,*,#7334,.F.);
#7337=ORIENTED_EDGE('',*,*,#7336,.T.);
#7339=ORIENTED_EDGE('',*,*,#7338,.F.);
#7341=ORIENTED_EDGE('',*,*,#7340,.T.);
#7343=ORIENTED_EDGE('',*,*,#7342,.F.);
#7345=ORIENTED_EDGE('',*,*,#7344,.T.);
#7347=ORIENTED_EDGE('',*,*,#7346,.F.);
#7349=ORIENTED_EDGE('',*,*,#7348,.T.);
#7351=ORIENTED_EDGE('',*,*,#7350,.F.);
#7353=ORIENTED_EDGE('',*,*,#7352,.F.);
#7355=ORIENTED_EDGE('',*,*,#7354,.F.);
#7357=ORIENTED_EDGE('',*,*,#7356,.T.);
#7359=ORIENTED_EDGE('',*,*,#7358,.F.);
#7361=ORIENTED_EDGE('',*,*,#7360,.T.);
#7363=ORIENTED_EDGE('',*,*,#7362,.F.);
#7365=ORIENTED_EDGE('',*,*,#7364,.T.);
#7367=ORIENTED_EDGE('',*,*,#7366,.F.);
#7369=ORIENTED_EDGE('',*,*,#7368,.F.);
#7371=ORIENTED_EDGE('',*,*,#7370,.F.);
#7373=ORIENTED_EDGE('',*,*,#7372,.T.);
#7375=ORIENTED_EDGE('',*,*,#7374,.F.);
#7376=EDGE_LOOP('',(#7245,#7247,#7249,#7251,#7253,#7255,#7257,#7259,#7261,#7263,
#7265,#7267,#7269,#7271,#7273,#7275,#7277,#7279,#7281,#7283,#7285,#7287,#7289,
#7291,#7293,#7295,#7297,#7299,#7301,#7303,#7305,#7307,#7309,#7311,#7313,#7315,
#7317,#7319,#7321,#7323,#7325,#7327,#7329,#7331,#7333,#7335,#7337,#7339,#7341,
#7343,#7345,#7347,#7349,#7351,#7353,#7355,#7357,#7359,#7361,#7363,#7365,#7367,
#7369,#7371,#7373,#7375));
#7377=FACE_OUTER_BOUND('',#7376,.F.);
#7379=FILL_AREA_STYLE_COLOUR('',#2);
#7380=FILL_AREA_STYLE('',(#7379));
#7381=SURFACE_STYLE_FILL_AREA(#7380);
#7382=SURFACE_SIDE_STYLE('',(#7381));
#7383=SURFACE_STYLE_USAGE(.BOTH.,#7382);
#7384=PRESENTATION_STYLE_ASSIGNMENT((#7383));
#7385=STYLED_ITEM('',(#7384),#7378);
#7386=CARTESIAN_POINT('',(-2.462040557777E0,-1.205423158908E-1,
4.892733522794E0));
#7387=CARTESIAN_POINT('',(-2.468033526322E0,-7.230184755633E-2,
4.892733522794E0));
#7388=CARTESIAN_POINT('',(-2.474026494867E0,-2.406137922190E-2,
4.892733522794E0));
#7389=CARTESIAN_POINT('',(-2.480019463412E0,2.417908911252E-2,
4.892733522794E0));
#7390=CARTESIAN_POINT('',(-2.474630261719E0,-1.221377424719E-1,
4.892187560481E0));
#7391=CARTESIAN_POINT('',(-2.478635649984E0,-7.364600120188E-2,
4.892187560481E0));
#7392=CARTESIAN_POINT('',(-2.482641038249E0,-2.515425993190E-2,
4.892187560481E0));
#7393=CARTESIAN_POINT('',(-2.486646426514E0,2.333748133808E-2,
4.892187560481E0));
#7394=CARTESIAN_POINT('',(-2.519562642450E0,-1.249365528593E-1,
4.890253685710E0));
#7395=CARTESIAN_POINT('',(-2.516474146433E0,-7.600371800923E-2,
4.890253685710E0));
#7396=CARTESIAN_POINT('',(-2.513385650416E0,-2.707088315914E-2,
4.890253685710E0));
#7397=CARTESIAN_POINT('',(-2.510297154398E0,2.186195169095E-2,
4.890253685710E0));
#7398=CARTESIAN_POINT('',(-2.596732543033E0,-1.127152825796E-1,
4.886931898481E0));
#7399=CARTESIAN_POINT('',(-2.581459743808E0,-6.570852456746E-2,
4.886931898481E0));
#7400=CARTESIAN_POINT('',(-2.566186944583E0,-1.870176655532E-2,
4.886931898481E0));
#7401=CARTESIAN_POINT('',(-2.550914145359E0,2.830499145682E-2,
4.886931898481E0));
#7402=CARTESIAN_POINT('',(-2.683997057434E0,-6.825022327196E-2,
4.882768161108E0));
#7403=CARTESIAN_POINT('',(-2.654948000839E0,-2.826762696791E-2,
4.882768161108E0));
#7404=CARTESIAN_POINT('',(-2.625898944244E0,1.171496933614E-2,
4.882768161108E0));
#7405=CARTESIAN_POINT('',(-2.596849887649E0,5.169756564019E-2,
4.882768161108E0));
#7406=CARTESIAN_POINT('',(-2.733507928078E0,-1.874076548180E-2,
4.879791477035E0));
#7407=CARTESIAN_POINT('',(-2.696639598315E0,1.342688885067E-2,
4.879791477035E0));
#7408=CARTESIAN_POINT('',(-2.659771268552E0,4.559454318314E-2,
4.879791477035E0));
#7409=CARTESIAN_POINT('',(-2.622902938789E0,7.776219751561E-2,
4.879791477035E0));
#7410=CARTESIAN_POINT('',(-2.754518686169E0,1.161736079003E-2,
4.878202705420E0));
#7411=CARTESIAN_POINT('',(-2.714333436868E0,3.899196554587E-2,
4.878202705420E0));
#7412=CARTESIAN_POINT('',(-2.674148187568E0,6.636657030171E-2,
4.878202705420E0));
#7413=CARTESIAN_POINT('',(-2.633962938268E0,9.374117505754E-2,
4.878202705420E0));
#7414=CARTESIAN_POINT('',(-2.757086212528E0,1.551391761586E-2,
4.878001846263E0));
#7415=CARTESIAN_POINT('',(-2.716495652767E0,4.227330902836E-2,
4.878001846263E0));
#7416=CARTESIAN_POINT('',(-2.675905093005E0,6.903270044086E-2,
4.878001846263E0));
#7417=CARTESIAN_POINT('',(-2.635314533244E0,9.579209185336E-2,
4.878001846263E0));
#7418=B_SPLINE_SURFACE_WITH_KNOTS('',3,3,((#7386,#7387,#7388,#7389),(#7390,
#7391,#7392,#7393),(#7394,#7395,#7396,#7397),(#7398,#7399,#7400,#7401),(#7402,
#7403,#7404,#7405),(#7406,#7407,#7408,#7409),(#7410,#7411,#7412,#7413),(#7414,
#7415,#7416,#7417)),.UNSPECIFIED.,.F.,.F.,.F.,(4,1,1,1,1,4),(4,4),(
-9.834235410572E-2,0.E0,2.500000000049E-1,5.000000000033E-1,7.500000000016E-1,
7.861800840206E-1),(-6.392728010733E-2,4.652598689771E-1),.UNSPECIFIED.);
#7419=ORIENTED_EDGE('',*,*,#7244,.F.);
#7421=ORIENTED_EDGE('',*,*,#7420,.F.);
#7423=ORIENTED_EDGE('',*,*,#7422,.F.);
#7424=EDGE_LOOP('',(#7419,#7421,#7423));
#7425=FACE_OUTER_BOUND('',#7424,.F.);
#7427=CARTESIAN_POINT('',(-2.5E0,1.85E-1,4.865774488382E0));
#7428=DIRECTION('',(0.E0,0.E0,1.E0));
#7429=DIRECTION('',(0.E0,1.E0,0.E0));
#7430=AXIS2_PLACEMENT_3D('',#7427,#7428,#7429);
#7431=CYLINDRICAL_SURFACE('',#7430,2.85E-1);
#7432=ORIENTED_EDGE('',*,*,#7374,.T.);
#7434=ORIENTED_EDGE('',*,*,#7433,.T.);
#7436=ORIENTED_EDGE('',*,*,#7435,.F.);
#7437=ORIENTED_EDGE('',*,*,#7420,.T.);
#7438=EDGE_LOOP('',(#7432,#7434,#7436,#7437));
#7439=FACE_OUTER_BOUND('',#7438,.F.);
#7441=CARTESIAN_POINT('',(-2.480019463412E0,2.417908911255E-2,
5.289457748912E0));
#7442=CARTESIAN_POINT('',(-2.474026494842E0,-2.406137942273E-2,
5.289457748912E0));
#7443=CARTESIAN_POINT('',(-2.468033526272E0,-7.230184795801E-2,
5.289457748912E0));
#7444=CARTESIAN_POINT('',(-2.462040557702E0,-1.205423164933E-1,
5.289457748912E0));
#7445=CARTESIAN_POINT('',(-2.486646426514E0,2.333748133806E-2,
5.290003711226E0));
#7446=CARTESIAN_POINT('',(-2.482641038232E0,-2.515426013383E-2,
5.290003711226E0));
#7447=CARTESIAN_POINT('',(-2.478635649951E0,-7.364600160573E-2,
5.290003711226E0));
#7448=CARTESIAN_POINT('',(-2.474630261669E0,-1.221377430776E-1,
5.290003711226E0));
#7449=CARTESIAN_POINT('',(-2.510297154399E0,2.186195169098E-2,
5.291937585998E0));
#7450=CARTESIAN_POINT('',(-2.513385650429E0,-2.707088336285E-2,
5.291937585998E0));
#7451=CARTESIAN_POINT('',(-2.516474146459E0,-7.600371841669E-2,
5.291937585998E0));
#7452=CARTESIAN_POINT('',(-2.519562642489E0,-1.249365534705E-1,
5.291937585998E0));
#7453=CARTESIAN_POINT('',(-2.550914145359E0,2.830499145682E-2,
5.295259373227E0));
#7454=CARTESIAN_POINT('',(-2.566186944647E0,-1.870176675104E-2,
5.295259373227E0));
#7455=CARTESIAN_POINT('',(-2.581459743935E0,-6.570852495890E-2,
5.295259373227E0));
#7456=CARTESIAN_POINT('',(-2.596732543224E0,-1.127152831668E-1,
5.295259373227E0));
#7457=CARTESIAN_POINT('',(-2.596849887649E0,5.169756564019E-2,
5.299423110600E0));
#7458=CARTESIAN_POINT('',(-2.625898944365E0,1.171496916966E-2,
5.299423110600E0));
#7459=CARTESIAN_POINT('',(-2.654948001081E0,-2.826762730087E-2,
5.299423110600E0));
#7460=CARTESIAN_POINT('',(-2.683997057797E0,-6.825022377141E-2,
5.299423110600E0));
#7461=CARTESIAN_POINT('',(-2.622902938789E0,7.776219751561E-2,
5.302399794673E0));
#7462=CARTESIAN_POINT('',(-2.659771268706E0,4.559454304920E-2,
5.302399794673E0));
#7463=CARTESIAN_POINT('',(-2.696639598622E0,1.342688858280E-2,
5.302399794673E0));
#7464=CARTESIAN_POINT('',(-2.733507928539E0,-1.874076588361E-2,
5.302399794673E0));
#7465=CARTESIAN_POINT('',(-2.633962938268E0,9.374117505757E-2,
5.303988566288E0));
#7466=CARTESIAN_POINT('',(-2.674148187735E0,6.636657018776E-2,
5.303988566288E0));
#7467=CARTESIAN_POINT('',(-2.714333437203E0,3.899196531795E-2,
5.303988566288E0));
#7468=CARTESIAN_POINT('',(-2.754518686671E0,1.161736044813E-2,
5.303988566288E0));
#7469=CARTESIAN_POINT('',(-2.635314533244E0,9.579209185342E-2,
5.304189425445E0));
#7470=CARTESIAN_POINT('',(-2.675905093175E0,6.903270032951E-2,
5.304189425445E0));
#7471=CARTESIAN_POINT('',(-2.716495653105E0,4.227330880561E-2,
5.304189425445E0));
#7472=CARTESIAN_POINT('',(-2.757086213035E0,1.551391728170E-2,
5.304189425445E0));
#7473=B_SPLINE_SURFACE_WITH_KNOTS('',3,3,((#7441,#7442,#7443,#7444),(#7445,
#7446,#7447,#7448),(#7449,#7450,#7451,#7452),(#7453,#7454,#7455,#7456),(#7457,
#7458,#7459,#7460),(#7461,#7462,#7463,#7464),(#7465,#7466,#7467,#7468),(#7469,
#7470,#7471,#7472)),.UNSPECIFIED.,.F.,.F.,.F.,(4,1,1,1,1,4),(4,4),(
-9.834235411149E-2,0.E0,2.499999999992E-1,4.999999999993E-1,7.499999999993E-1,
7.861800840190E-1),(5.347401310229E-1,1.063927282311E0),.UNSPECIFIED.);
#7474=ORIENTED_EDGE('',*,*,#7372,.F.);
#7476=ORIENTED_EDGE('',*,*,#7475,.F.);
#7477=ORIENTED_EDGE('',*,*,#7433,.F.);
#7478=EDGE_LOOP('',(#7474,#7476,#7477));
#7479=FACE_OUTER_BOUND('',#7478,.F.);
#7481=CARTESIAN_POINT('',(-2.5E0,3.250000000002E-2,5.420547817927E0));
#7482=DIRECTION('',(1.E0,0.E0,0.E0));
#7483=DIRECTION('',(0.E0,0.E0,1.E0));
#7484=AXIS2_PLACEMENT_3D('',#7481,#7482,#7483);
#7485=PLANE('',#7484);
#7486=ORIENTED_EDGE('',*,*,#7370,.T.);
#7488=ORIENTED_EDGE('',*,*,#7487,.T.);
#7490=ORIENTED_EDGE('',*,*,#7489,.F.);
#7491=ORIENTED_EDGE('',*,*,#7475,.T.);
#7492=EDGE_LOOP('',(#7486,#7488,#7490,#7491));
#7493=FACE_OUTER_BOUND('',#7492,.F.);
#7495=CARTESIAN_POINT('',(-2.535E0,4.15E-1,5.55E0));
#7496=DIRECTION('',(1.E0,0.E0,0.E0));
#7497=DIRECTION('',(0.E0,1.E0,0.E0));
#7498=AXIS2_PLACEMENT_3D('',#7495,#7496,#7497);
#7499=CYLINDRICAL_SURFACE('',#7498,5.15E-1);
#7501=ORIENTED_EDGE('',*,*,#7500,.T.);
#7503=ORIENTED_EDGE('',*,*,#7502,.F.);
#7505=ORIENTED_EDGE('',*,*,#7504,.T.);
#7506=ORIENTED_EDGE('',*,*,#7487,.F.);
#7508=ORIENTED_EDGE('',*,*,#7507,.F.);
#7510=ORIENTED_EDGE('',*,*,#7509,.F.);
#7511=EDGE_LOOP('',(#7501,#7503,#7505,#7506,#7508,#7510));
#7512=FACE_OUTER_BOUND('',#7511,.F.);
#7514=CARTESIAN_POINT('',(-7.5E-1,4.502988513850E-1,5.825E0));
#7515=DIRECTION('',(1.E0,0.E0,0.E0));
#7516=DIRECTION('',(0.E0,0.E0,-1.E0));
#7517=AXIS2_PLACEMENT_3D('',#7514,#7515,#7516);
#7518=PLANE('',#7517);
#7519=ORIENTED_EDGE('',*,*,#7500,.F.);
#7521=ORIENTED_EDGE('',*,*,#7520,.F.);
#7523=ORIENTED_EDGE('',*,*,#7522,.T.);
#7525=ORIENTED_EDGE('',*,*,#7524,.F.);
#7527=ORIENTED_EDGE('',*,*,#7526,.T.);
#7528=ORIENTED_EDGE('',*,*,#7260,.T.);
#7529=EDGE_LOOP('',(#7519,#7521,#7523,#7525,#7527,#7528));
#7530=FACE_OUTER_BOUND('',#7529,.F.);
#7532=FILL_AREA_STYLE_COLOUR('',#2);
#7533=FILL_AREA_STYLE('',(#7532));
#7534=SURFACE_STYLE_FILL_AREA(#7533);
#7535=SURFACE_SIDE_STYLE('',(#7534));
#7536=SURFACE_STYLE_USAGE(.BOTH.,#7535);
#7537=PRESENTATION_STYLE_ASSIGNMENT((#7536));
#7538=STYLED_ITEM('',(#7537),#7531);
#7539=CARTESIAN_POINT('',(-1.625E0,6.579482770775E-1,6.065E0));
#7540=DIRECTION('',(0.E0,0.E0,1.E0));
#7541=DIRECTION('',(1.E0,0.E0,0.E0));
#7542=AXIS2_PLACEMENT_3D('',#7539,#7540,#7541);
#7543=PLANE('',#7542);
#7545=ORIENTED_EDGE('',*,*,#7544,.T.);
#7546=ORIENTED_EDGE('',*,*,#7520,.T.);
#7547=ORIENTED_EDGE('',*,*,#7509,.T.);
#7549=ORIENTED_EDGE('',*,*,#7548,.F.);
#7550=EDGE_LOOP('',(#7545,#7546,#7547,#7549));
#7551=FACE_OUTER_BOUND('',#7550,.F.);
#7553=CARTESIAN_POINT('',(-1.625E0,9.E-1,5.95E0));
#7554=DIRECTION('',(0.E0,1.E0,0.E0));
#7555=DIRECTION('',(1.E0,0.E0,0.E0));
#7556=AXIS2_PLACEMENT_3D('',#7553,#7554,#7555);
#7557=PLANE('',#7556);
#7558=ORIENTED_EDGE('',*,*,#7544,.F.);
#7560=ORIENTED_EDGE('',*,*,#7559,.F.);
#7562=ORIENTED_EDGE('',*,*,#7561,.F.);
#7563=ORIENTED_EDGE('',*,*,#7522,.F.);
#7564=EDGE_LOOP('',(#7558,#7560,#7562,#7563));
#7565=FACE_OUTER_BOUND('',#7564,.F.);
#7567=FILL_AREA_STYLE_COLOUR('',#2);
#7568=FILL_AREA_STYLE('',(#7567));
#7569=SURFACE_STYLE_FILL_AREA(#7568);
#7570=SURFACE_SIDE_STYLE('',(#7569));
#7571=SURFACE_STYLE_USAGE(.BOTH.,#7570);
#7572=PRESENTATION_STYLE_ASSIGNMENT((#7571));
#7573=STYLED_ITEM('',(#7572),#7566);
#7574=CARTESIAN_POINT('',(-2.5E0,4.502988513850E-1,5.825E0));
#7575=DIRECTION('',(1.E0,0.E0,0.E0));
#7576=DIRECTION('',(0.E0,0.E0,1.E0));
#7577=AXIS2_PLACEMENT_3D('',#7574,#7575,#7576);
#7578=PLANE('',#7577);
#7579=ORIENTED_EDGE('',*,*,#7507,.T.);
#7580=ORIENTED_EDGE('',*,*,#7368,.T.);
#7582=ORIENTED_EDGE('',*,*,#7581,.T.);
#7584=ORIENTED_EDGE('',*,*,#7583,.F.);
#7585=ORIENTED_EDGE('',*,*,#7559,.T.);
#7586=ORIENTED_EDGE('',*,*,#7548,.T.);
#7587=EDGE_LOOP('',(#7579,#7580,#7582,#7584,#7585,#7586));
#7588=FACE_OUTER_BOUND('',#7587,.F.);
#7590=FILL_AREA_STYLE_COLOUR('',#2);
#7591=FILL_AREA_STYLE('',(#7590));
#7592=SURFACE_STYLE_FILL_AREA(#7591);
#7593=SURFACE_SIDE_STYLE('',(#7592));
#7594=SURFACE_STYLE_USAGE(.BOTH.,#7593);
#7595=PRESENTATION_STYLE_ASSIGNMENT((#7594));
#7596=STYLED_ITEM('',(#7595),#7589);
#7597=CARTESIAN_POINT('',(5.824E0,1.5E-1,5.95E0));
#7598=DIRECTION('',(-1.E0,0.E0,0.E0));
#7599=DIRECTION('',(0.E0,-1.E0,0.E0));
#7600=AXIS2_PLACEMENT_3D('',#7597,#7598,#7599);
#7601=CYLINDRICAL_SURFACE('',#7600,1.5E-1);
#7602=ORIENTED_EDGE('',*,*,#7581,.F.);
#7603=ORIENTED_EDGE('',*,*,#7366,.T.);
#7605=ORIENTED_EDGE('',*,*,#7604,.F.);
#7607=ORIENTED_EDGE('',*,*,#7606,.F.);
#7608=EDGE_LOOP('',(#7602,#7603,#7605,#7607));
#7609=FACE_OUTER_BOUND('',#7608,.F.);
#7611=FILL_AREA_STYLE_COLOUR('',#2);
#7612=FILL_AREA_STYLE('',(#7611));
#7613=SURFACE_STYLE_FILL_AREA(#7612);
#7614=SURFACE_SIDE_STYLE('',(#7613));
#7615=SURFACE_STYLE_USAGE(.BOTH.,#7614);
#7616=PRESENTATION_STYLE_ASSIGNMENT((#7615));
#7617=STYLED_ITEM('',(#7616),#7610);
#7618=CARTESIAN_POINT('',(-5.6E0,1.5E-1,5.6E0));
#7619=DIRECTION('',(0.E0,-1.E0,0.E0));
#7620=DIRECTION('',(5.838676844310E-2,0.E0,9.982940374813E-1));
#7621=AXIS2_PLACEMENT_3D('',#7618,#7619,#7620);
#7622=TOROIDAL_SURFACE('',#7621,3.499999999995E-1,1.5E-1);
#7623=ORIENTED_EDGE('',*,*,#7364,.F.);
#7625=ORIENTED_EDGE('',*,*,#7624,.T.);
#7627=ORIENTED_EDGE('',*,*,#7626,.T.);
#7628=ORIENTED_EDGE('',*,*,#7604,.T.);
#7629=EDGE_LOOP('',(#7623,#7625,#7627,#7628));
#7630=FACE_OUTER_BOUND('',#7629,.F.);
#7632=FILL_AREA_STYLE_COLOUR('',#2);
#7633=FILL_AREA_STYLE('',(#7632));
#7634=SURFACE_STYLE_FILL_AREA(#7633);
#7635=SURFACE_SIDE_STYLE('',(#7634));
#7636=SURFACE_STYLE_USAGE(.BOTH.,#7635);
#7637=PRESENTATION_STYLE_ASSIGNMENT((#7636));
#7638=STYLED_ITEM('',(#7637),#7631);
#7639=CARTESIAN_POINT('',(-5.95E0,1.5E-1,5.672E0));
#7640=DIRECTION('',(0.E0,0.E0,-1.E0));
#7641=DIRECTION('',(0.E0,-1.E0,0.E0));
#7642=AXIS2_PLACEMENT_3D('',#7639,#7640,#7641);
#7643=CYLINDRICAL_SURFACE('',#7642,1.5E-1);
#7644=ORIENTED_EDGE('',*,*,#7362,.T.);
#7646=ORIENTED_EDGE('',*,*,#7645,.F.);
#7648=ORIENTED_EDGE('',*,*,#7647,.T.);
#7649=ORIENTED_EDGE('',*,*,#7624,.F.);
#7650=EDGE_LOOP('',(#7644,#7646,#7648,#7649));
#7651=FACE_OUTER_BOUND('',#7650,.F.);
#7653=FILL_AREA_STYLE_COLOUR('',#2);
#7654=FILL_AREA_STYLE('',(#7653));
#7655=SURFACE_STYLE_FILL_AREA(#7654);
#7656=SURFACE_SIDE_STYLE('',(#7655));
#7657=SURFACE_STYLE_USAGE(.BOTH.,#7656);
#7658=PRESENTATION_STYLE_ASSIGNMENT((#7657));
#7659=STYLED_ITEM('',(#7658),#7652);
#7660=CARTESIAN_POINT('',(-6.1E0,1.5E-1,1.5E0));
#7661=DIRECTION('',(0.E0,1.E0,0.E0));
#7662=DIRECTION('',(-9.999988959614E-1,0.E0,1.485959643141E-3));
#7663=AXIS2_PLACEMENT_3D('',#7660,#7661,#7662);
#7664=TOROIDAL_SURFACE('',#7663,6.500000000001E-1,1.5E-1);
#7665=ORIENTED_EDGE('',*,*,#7360,.F.);
#7667=ORIENTED_EDGE('',*,*,#7666,.F.);
#7669=ORIENTED_EDGE('',*,*,#7668,.F.);
#7670=ORIENTED_EDGE('',*,*,#7645,.T.);
#7671=EDGE_LOOP('',(#7665,#7667,#7669,#7670));
#7672=FACE_OUTER_BOUND('',#7671,.F.);
#7674=FILL_AREA_STYLE_COLOUR('',#2);
#7675=FILL_AREA_STYLE('',(#7674));
#7676=SURFACE_STYLE_FILL_AREA(#7675);
#7677=SURFACE_SIDE_STYLE('',(#7676));
#7678=SURFACE_STYLE_USAGE(.BOTH.,#7677);
#7679=PRESENTATION_STYLE_ASSIGNMENT((#7678));
#7680=STYLED_ITEM('',(#7679),#7673);
#7681=CARTESIAN_POINT('',(-5.95E0,1.5E-1,1.132000000002E0));
#7682=DIRECTION('',(0.E0,0.E0,-1.E0));
#7683=DIRECTION('',(0.E0,-1.E0,0.E0));
#7684=AXIS2_PLACEMENT_3D('',#7681,#7682,#7683);
#7685=CYLINDRICAL_SURFACE('',#7684,1.5E-1);
#7687=ORIENTED_EDGE('',*,*,#7686,.F.);
#7689=ORIENTED_EDGE('',*,*,#7688,.T.);
#7690=ORIENTED_EDGE('',*,*,#7666,.T.);
#7691=ORIENTED_EDGE('',*,*,#7358,.T.);
#7692=EDGE_LOOP('',(#7687,#7689,#7690,#7691));
#7693=FACE_OUTER_BOUND('',#7692,.F.);
#7695=FILL_AREA_STYLE_COLOUR('',#2);
#7696=FILL_AREA_STYLE('',(#7695));
#7697=SURFACE_STYLE_FILL_AREA(#7696);
#7698=SURFACE_SIDE_STYLE('',(#7697));
#7699=SURFACE_STYLE_USAGE(.BOTH.,#7698);
#7700=PRESENTATION_STYLE_ASSIGNMENT((#7699));
#7701=STYLED_ITEM('',(#7700),#7694);
#7702=CARTESIAN_POINT('',(-5.6E0,1.5E-1,-5.6E0));
#7703=DIRECTION('',(0.E0,-1.E0,0.E0));
#7704=DIRECTION('',(-9.982940374813E-1,0.E0,5.838676844310E-2));
#7705=AXIS2_PLACEMENT_3D('',#7702,#7703,#7704);
#7706=TOROIDAL_SURFACE('',#7705,3.499999999996E-1,1.5E-1);
#7707=ORIENTED_EDGE('',*,*,#7356,.F.);
#7709=ORIENTED_EDGE('',*,*,#7708,.F.);
#7711=ORIENTED_EDGE('',*,*,#7710,.F.);
#7712=ORIENTED_EDGE('',*,*,#7686,.T.);
#7713=EDGE_LOOP('',(#7707,#7709,#7711,#7712));
#7714=FACE_OUTER_BOUND('',#7713,.F.);
#7716=FILL_AREA_STYLE_COLOUR('',#2);
#7717=FILL_AREA_STYLE('',(#7716));
#7718=SURFACE_STYLE_FILL_AREA(#7717);
#7719=SURFACE_SIDE_STYLE('',(#7718));
#7720=SURFACE_STYLE_USAGE(.BOTH.,#7719);
#7721=PRESENTATION_STYLE_ASSIGNMENT((#7720));
#7722=STYLED_ITEM('',(#7721),#7715);
#7723=CARTESIAN_POINT('',(-5.824E0,1.5E-1,-5.95E0));
#7724=DIRECTION('',(1.E0,0.E0,0.E0));
#7725=DIRECTION('',(0.E0,-1.E0,0.E0));
#7726=AXIS2_PLACEMENT_3D('',#7723,#7724,#7725);
#7727=CYLINDRICAL_SURFACE('',#7726,1.5E-1);
#7729=ORIENTED_EDGE('',*,*,#7728,.F.);
#7731=ORIENTED_EDGE('',*,*,#7730,.F.);
#7732=ORIENTED_EDGE('',*,*,#7708,.T.);
#7733=ORIENTED_EDGE('',*,*,#7354,.T.);
#7734=EDGE_LOOP('',(#7729,#7731,#7732,#7733));
#7735=FACE_OUTER_BOUND('',#7734,.F.);
#7737=FILL_AREA_STYLE_COLOUR('',#2);
#7738=FILL_AREA_STYLE('',(#7737));
#7739=SURFACE_STYLE_FILL_AREA(#7738);
#7740=SURFACE_SIDE_STYLE('',(#7739));
#7741=SURFACE_STYLE_USAGE(.BOTH.,#7740);
#7742=PRESENTATION_STYLE_ASSIGNMENT((#7741));
#7743=STYLED_ITEM('',(#7742),#7736);
#7744=CARTESIAN_POINT('',(-2.5E0,4.502988513850E-1,-5.825E0));
#7745=DIRECTION('',(1.E0,0.E0,0.E0));
#7746=DIRECTION('',(0.E0,0.E0,1.E0));
#7747=AXIS2_PLACEMENT_3D('',#7744,#7745,#7746);
#7748=PLANE('',#7747);
#7750=ORIENTED_EDGE('',*,*,#7749,.F.);
#7752=ORIENTED_EDGE('',*,*,#7751,.F.);
#7754=ORIENTED_EDGE('',*,*,#7753,.F.);
#7756=ORIENTED_EDGE('',*,*,#7755,.F.);
#7757=ORIENTED_EDGE('',*,*,#7728,.T.);
#7758=ORIENTED_EDGE('',*,*,#7352,.T.);
#7759=EDGE_LOOP('',(#7750,#7752,#7754,#7756,#7757,#7758));
#7760=FACE_OUTER_BOUND('',#7759,.F.);
#7762=FILL_AREA_STYLE_COLOUR('',#2);
#7763=FILL_AREA_STYLE('',(#7762));
#7764=SURFACE_STYLE_FILL_AREA(#7763);
#7765=SURFACE_SIDE_STYLE('',(#7764));
#7766=SURFACE_STYLE_USAGE(.BOTH.,#7765);
#7767=PRESENTATION_STYLE_ASSIGNMENT((#7766));
#7768=STYLED_ITEM('',(#7767),#7761);
#7769=CARTESIAN_POINT('',(-7.15E-1,4.15E-1,-5.55E0));
#7770=DIRECTION('',(-1.E0,0.E0,0.E0));
#7771=DIRECTION('',(0.E0,1.E0,0.E0));
#7772=AXIS2_PLACEMENT_3D('',#7769,#7770,#7771);
#7773=CYLINDRICAL_SURFACE('',#7772,5.15E-1);
#7774=ORIENTED_EDGE('',*,*,#7749,.T.);
#7776=ORIENTED_EDGE('',*,*,#7775,.F.);
#7778=ORIENTED_EDGE('',*,*,#7777,.T.);
#7780=ORIENTED_EDGE('',*,*,#7779,.F.);
#7782=ORIENTED_EDGE('',*,*,#7781,.F.);
#7784=ORIENTED_EDGE('',*,*,#7783,.F.);
#7785=EDGE_LOOP('',(#7774,#7776,#7778,#7780,#7782,#7784));
#7786=FACE_OUTER_BOUND('',#7785,.F.);
#7788=CARTESIAN_POINT('',(-2.5E0,1.575E-1,-5.8075E0));
#7789=DIRECTION('',(1.E0,0.E0,0.E0));
#7790=DIRECTION('',(0.E0,0.E0,1.E0));
#7791=AXIS2_PLACEMENT_3D('',#7788,#7789,#7790);
#7792=PLANE('',#7791);
#7793=ORIENTED_EDGE('',*,*,#7350,.T.);
#7795=ORIENTED_EDGE('',*,*,#7794,.F.);
#7797=ORIENTED_EDGE('',*,*,#7796,.T.);
#7798=ORIENTED_EDGE('',*,*,#7775,.T.);
#7799=EDGE_LOOP('',(#7793,#7795,#7797,#7798));
#7800=FACE_OUTER_BOUND('',#7799,.F.);
#7802=CARTESIAN_POINT('',(-2.462040557777E0,-1.205423158907E-1,
-5.289457748912E0));
#7803=CARTESIAN_POINT('',(-2.468033526322E0,-7.230184755626E-2,
-5.289457748912E0));
#7804=CARTESIAN_POINT('',(-2.474026494867E0,-2.406137922185E-2,
-5.289457748912E0));
#7805=CARTESIAN_POINT('',(-2.480019463412E0,2.417908911255E-2,
-5.289457748912E0));
#7806=CARTESIAN_POINT('',(-2.474630261719E0,-1.221377424719E-1,
-5.290003711226E0));
#7807=CARTESIAN_POINT('',(-2.478635649984E0,-7.364600120189E-2,
-5.290003711226E0));
#7808=CARTESIAN_POINT('',(-2.482641038249E0,-2.515425993191E-2,
-5.290003711226E0));
#7809=CARTESIAN_POINT('',(-2.486646426514E0,2.333748133806E-2,
-5.290003711226E0));
#7810=CARTESIAN_POINT('',(-2.519562642451E0,-1.249365528592E-1,
-5.291937585998E0));
#7811=CARTESIAN_POINT('',(-2.516474146433E0,-7.600371800917E-2,
-5.291937585998E0));
#7812=CARTESIAN_POINT('',(-2.513385650416E0,-2.707088315909E-2,
-5.291937585998E0));
#7813=CARTESIAN_POINT('',(-2.510297154399E0,2.186195169098E-2,
-5.291937585998E0));
#7814=CARTESIAN_POINT('',(-2.596732543033E0,-1.127152825796E-1,
-5.295259373227E0));
#7815=CARTESIAN_POINT('',(-2.581459743808E0,-6.570852456745E-2,
-5.295259373227E0));
#7816=CARTESIAN_POINT('',(-2.566186944583E0,-1.870176655532E-2,
-5.295259373227E0));
#7817=CARTESIAN_POINT('',(-2.550914145359E0,2.830499145681E-2,
-5.295259373227E0));
#7818=CARTESIAN_POINT('',(-2.683997057434E0,-6.825022327195E-2,
-5.299423110600E0));
#7819=CARTESIAN_POINT('',(-2.654948000839E0,-2.826762696790E-2,
-5.299423110600E0));
#7820=CARTESIAN_POINT('',(-2.625898944244E0,1.171496933614E-2,
-5.299423110600E0));
#7821=CARTESIAN_POINT('',(-2.596849887649E0,5.169756564019E-2,
-5.299423110600E0));
#7822=CARTESIAN_POINT('',(-2.733507928078E0,-1.874076548179E-2,
-5.302399794673E0));
#7823=CARTESIAN_POINT('',(-2.696639598315E0,1.342688885067E-2,
-5.302399794673E0));
#7824=CARTESIAN_POINT('',(-2.659771268552E0,4.559454318314E-2,
-5.302399794673E0));
#7825=CARTESIAN_POINT('',(-2.622902938789E0,7.776219751560E-2,
-5.302399794673E0));
#7826=CARTESIAN_POINT('',(-2.754518686169E0,1.161736079008E-2,
-5.303988566288E0));
#7827=CARTESIAN_POINT('',(-2.714333436868E0,3.899196554591E-2,
-5.303988566288E0));
#7828=CARTESIAN_POINT('',(-2.674148187568E0,6.636657030173E-2,
-5.303988566288E0));
#7829=CARTESIAN_POINT('',(-2.633962938268E0,9.374117505756E-2,
-5.303988566288E0));
#7830=CARTESIAN_POINT('',(-2.757086212528E0,1.551391761597E-2,
-5.304189425445E0));
#7831=CARTESIAN_POINT('',(-2.716495652767E0,4.227330902845E-2,
-5.304189425445E0));
#7832=CARTESIAN_POINT('',(-2.675905093005E0,6.903270044093E-2,
-5.304189425445E0));
#7833=CARTESIAN_POINT('',(-2.635314533244E0,9.579209185341E-2,
-5.304189425445E0));
#7834=B_SPLINE_SURFACE_WITH_KNOTS('',3,3,((#7802,#7803,#7804,#7805),(#7806,
#7807,#7808,#7809),(#7810,#7811,#7812,#7813),(#7814,#7815,#7816,#7817),(#7818,
#7819,#7820,#7821),(#7822,#7823,#7824,#7825),(#7826,#7827,#7828,#7829),(#7830,
#7831,#7832,#7833)),.UNSPECIFIED.,.F.,.F.,.F.,(4,1,1,1,1,4),(4,4),(
-9.834235411148E-2,0.E0,2.499999999992E-1,4.999999999992E-1,7.499999999993E-1,
7.861800840190E-1),(-6.392728010721E-2,4.652598689771E-1),.UNSPECIFIED.);
#7835=ORIENTED_EDGE('',*,*,#7348,.F.);
#7837=ORIENTED_EDGE('',*,*,#7836,.F.);
#7838=ORIENTED_EDGE('',*,*,#7794,.T.);
#7839=EDGE_LOOP('',(#7835,#7837,#7838));
#7840=FACE_OUTER_BOUND('',#7839,.F.);
#7842=CARTESIAN_POINT('',(-2.5E0,1.85E-1,-5.316416783326E0));
#7843=DIRECTION('',(0.E0,0.E0,1.E0));
#7844=DIRECTION('',(0.E0,1.E0,0.E0));
#7845=AXIS2_PLACEMENT_3D('',#7842,#7843,#7844);
#7846=CYLINDRICAL_SURFACE('',#7845,2.85E-1);
#7847=ORIENTED_EDGE('',*,*,#7346,.T.);
#7849=ORIENTED_EDGE('',*,*,#7848,.T.);
#7851=ORIENTED_EDGE('',*,*,#7850,.T.);
#7852=ORIENTED_EDGE('',*,*,#7836,.T.);
#7853=EDGE_LOOP('',(#7847,#7849,#7851,#7852));
#7854=FACE_OUTER_BOUND('',#7853,.F.);
#7856=CARTESIAN_POINT('',(-2.480019463412E0,2.417908911253E-2,
-4.892733522794E0));
#7857=CARTESIAN_POINT('',(-2.474026494842E0,-2.406137942276E-2,
-4.892733522794E0));
#7858=CARTESIAN_POINT('',(-2.468033526272E0,-7.230184795806E-2,
-4.892733522794E0));
#7859=CARTESIAN_POINT('',(-2.462040557702E0,-1.205423164933E-1,
-4.892733522794E0));
#7860=CARTESIAN_POINT('',(-2.486646426514E0,2.333748133809E-2,
-4.892187560481E0));
#7861=CARTESIAN_POINT('',(-2.482641038232E0,-2.515426013381E-2,
-4.892187560481E0));
#7862=CARTESIAN_POINT('',(-2.478635649950E0,-7.364600160570E-2,
-4.892187560481E0));
#7863=CARTESIAN_POINT('',(-2.474630261669E0,-1.221377430776E-1,
-4.892187560481E0));
#7864=CARTESIAN_POINT('',(-2.510297154398E0,2.186195169095E-2,
-4.890253685710E0));
#7865=CARTESIAN_POINT('',(-2.513385650429E0,-2.707088336289E-2,
-4.890253685710E0));
#7866=CARTESIAN_POINT('',(-2.516474146459E0,-7.600371841674E-2,
-4.890253685710E0));
#7867=CARTESIAN_POINT('',(-2.519562642489E0,-1.249365534706E-1,
-4.890253685710E0));
#7868=CARTESIAN_POINT('',(-2.550914145359E0,2.830499145681E-2,
-4.886931898481E0));
#7869=CARTESIAN_POINT('',(-2.566186944647E0,-1.870176675106E-2,
-4.886931898481E0));
#7870=CARTESIAN_POINT('',(-2.581459743935E0,-6.570852495893E-2,
-4.886931898481E0));
#7871=CARTESIAN_POINT('',(-2.596732543224E0,-1.127152831668E-1,
-4.886931898481E0));
#7872=CARTESIAN_POINT('',(-2.596849887649E0,5.169756564019E-2,
-4.882768161108E0));
#7873=CARTESIAN_POINT('',(-2.625898944365E0,1.171496916965E-2,
-4.882768161108E0));
#7874=CARTESIAN_POINT('',(-2.654948001081E0,-2.826762730089E-2,
-4.882768161108E0));
#7875=CARTESIAN_POINT('',(-2.683997057797E0,-6.825022377143E-2,
-4.882768161108E0));
#7876=CARTESIAN_POINT('',(-2.622902938789E0,7.776219751560E-2,
-4.879791477035E0));
#7877=CARTESIAN_POINT('',(-2.659771268706E0,4.559454304919E-2,
-4.879791477035E0));
#7878=CARTESIAN_POINT('',(-2.696639598622E0,1.342688858277E-2,
-4.879791477035E0));
#7879=CARTESIAN_POINT('',(-2.733507928539E0,-1.874076588364E-2,
-4.879791477035E0));
#7880=CARTESIAN_POINT('',(-2.633962938268E0,9.374117505754E-2,
-4.878202705420E0));
#7881=CARTESIAN_POINT('',(-2.674148187735E0,6.636657018771E-2,
-4.878202705420E0));
#7882=CARTESIAN_POINT('',(-2.714333437203E0,3.899196531789E-2,
-4.878202705420E0));
#7883=CARTESIAN_POINT('',(-2.754518686671E0,1.161736044806E-2,
-4.878202705420E0));
#7884=CARTESIAN_POINT('',(-2.635314533244E0,9.579209185336E-2,
-4.878001846263E0));
#7885=CARTESIAN_POINT('',(-2.675905093174E0,6.903270032943E-2,
-4.878001846263E0));
#7886=CARTESIAN_POINT('',(-2.716495653105E0,4.227330880551E-2,
-4.878001846263E0));
#7887=CARTESIAN_POINT('',(-2.757086213035E0,1.551391728158E-2,
-4.878001846263E0));
#7888=B_SPLINE_SURFACE_WITH_KNOTS('',3,3,((#7856,#7857,#7858,#7859),(#7860,
#7861,#7862,#7863),(#7864,#7865,#7866,#7867),(#7868,#7869,#7870,#7871),(#7872,
#7873,#7874,#7875),(#7876,#7877,#7878,#7879),(#7880,#7881,#7882,#7883),(#7884,
#7885,#7886,#7887)),.UNSPECIFIED.,.F.,.F.,.F.,(4,1,1,1,1,4),(4,4),(
-9.834235410598E-2,0.E0,2.500000000049E-1,5.000000000033E-1,7.500000000016E-1,
7.861800840206E-1),(5.347401310229E-1,1.063927282311E0),.UNSPECIFIED.);
#7889=ORIENTED_EDGE('',*,*,#7344,.F.);
#7891=ORIENTED_EDGE('',*,*,#7890,.F.);
#7892=ORIENTED_EDGE('',*,*,#7848,.F.);
#7893=EDGE_LOOP('',(#7889,#7891,#7892));
#7894=FACE_OUTER_BOUND('',#7893,.F.);
#7896=CARTESIAN_POINT('',(-2.5E0,3.250000000001E-2,-4.245648724307E0));
#7897=DIRECTION('',(1.E0,0.E0,0.E0));
#7898=DIRECTION('',(0.E0,0.E0,1.E0));
#7899=AXIS2_PLACEMENT_3D('',#7896,#7897,#7898);
#7900=PLANE('',#7899);
#7901=ORIENTED_EDGE('',*,*,#7342,.T.);
#7903=ORIENTED_EDGE('',*,*,#7902,.T.);
#7905=ORIENTED_EDGE('',*,*,#7904,.T.);
#7906=ORIENTED_EDGE('',*,*,#7890,.T.);
#7907=EDGE_LOOP('',(#7901,#7903,#7905,#7906));
#7908=FACE_OUTER_BOUND('',#7907,.F.);
#7910=CARTESIAN_POINT('',(-7.15E-1,2.65E-1,-3.600201812760E0));
#7911=DIRECTION('',(-1.E0,0.E0,0.E0));
#7912=DIRECTION('',(0.E0,5.000000000004E-1,-8.660254037842E-1));
#7913=AXIS2_PLACEMENT_3D('',#7910,#7911,#7912);
#7914=CYLINDRICAL_SURFACE('',#7913,3.649999999997E-1);
#7915=ORIENTED_EDGE('',*,*,#7340,.F.);
#7917=ORIENTED_EDGE('',*,*,#7916,.F.);
#7919=ORIENTED_EDGE('',*,*,#7918,.F.);
#7920=ORIENTED_EDGE('',*,*,#7902,.F.);
#7921=EDGE_LOOP('',(#7915,#7917,#7919,#7920));
#7922=FACE_OUTER_BOUND('',#7921,.F.);
#7924=CARTESIAN_POINT('',(-7.5E-1,2.437499999995E-2,-3.499526359570E0));
#7925=DIRECTION('',(1.E0,0.E0,0.E0));
#7926=DIRECTION('',(0.E0,-8.660254037848E-1,-4.999999999993E-1));
#7927=AXIS2_PLACEMENT_3D('',#7924,#7925,#7926);
#7928=PLANE('',#7927);
#7929=ORIENTED_EDGE('',*,*,#7338,.T.);
#7931=ORIENTED_EDGE('',*,*,#7930,.T.);
#7933=ORIENTED_EDGE('',*,*,#7932,.T.);
#7934=ORIENTED_EDGE('',*,*,#7916,.T.);
#7935=EDGE_LOOP('',(#7929,#7931,#7933,#7934));
#7936=FACE_OUTER_BOUND('',#7935,.F.);
#7938=CARTESIAN_POINT('',(-7.879594499338E-1,-1.205423149136E-1,
-3.742733457644E0));
#7939=CARTESIAN_POINT('',(-7.819664801714E-1,-7.230184673309E-2,
-3.742733457644E0));
#7940=CARTESIAN_POINT('',(-7.759735104089E-1,-2.406137855255E-2,
-3.742733457644E0));
#7941=CARTESIAN_POINT('',(-7.699805406465E-1,2.417908962799E-2,
-3.742733457644E0));
#7942=CARTESIAN_POINT('',(-7.753697434605E-1,-1.221377421492E-1,
-3.742187517047E0));
#7943=CARTESIAN_POINT('',(-7.713643543779E-1,-7.364600093010E-2,
-3.742187517047E0));
#7944=CARTESIAN_POINT('',(-7.673589652952E-1,-2.515425971096E-2,
-3.742187517047E0));
#7945=CARTESIAN_POINT('',(-7.633535762126E-1,2.333748150818E-2,
-3.742187517047E0));
#7946=CARTESIAN_POINT('',(-7.304373601389E-1,-1.249365532694E-1,
-3.740253719483E0));
#7947=CARTESIAN_POINT('',(-7.335258557474E-1,-7.600371835469E-2,
-3.740253719483E0));
#7948=CARTESIAN_POINT('',(-7.366143513560E-1,-2.707088343997E-2,
-3.740253719483E0));
#7949=CARTESIAN_POINT('',(-7.397028469645E-1,2.186195147475E-2,
-3.740253719483E0));
#7950=CARTESIAN_POINT('',(-6.532674569675E-1,-1.127152825796E-1,
-3.736932064951E0));
#7951=CARTESIAN_POINT('',(-6.685402561921E-1,-6.570852456746E-2,
-3.736932064951E0));
#7952=CARTESIAN_POINT('',(-6.838130554167E-1,-1.870176655532E-2,
-3.736932064951E0));
#7953=CARTESIAN_POINT('',(-6.990858546413E-1,2.830499145683E-2,
-3.736932064951E0));
#7954=CARTESIAN_POINT('',(-5.660029425661E-1,-6.825022327198E-2,
-3.732768494049E0));
#7955=CARTESIAN_POINT('',(-5.950519991610E-1,-2.826762696792E-2,
-3.732768494049E0));
#7956=CARTESIAN_POINT('',(-6.241010557560E-1,1.171496933614E-2,
-3.732768494049E0));
#7957=CARTESIAN_POINT('',(-6.531501123509E-1,5.169756564020E-2,
-3.732768494049E0));
#7958=CARTESIAN_POINT('',(-5.164920700682E-1,-1.874076362798E-2,
-3.729791928875E0));
#7959=CARTESIAN_POINT('',(-5.533604001238E-1,1.342689041187E-2,
-3.729791928875E0));
#7960=CARTESIAN_POINT('',(-5.902287301795E-1,4.559454445172E-2,
-3.729791928875E0));
#7961=CARTESIAN_POINT('',(-6.270970602351E-1,7.776219849158E-2,
-3.729791928875E0));
#7962=CARTESIAN_POINT('',(-4.954813108832E-1,1.161736504951E-2,
-3.728203220670E0));
#7963=CARTESIAN_POINT('',(-5.356665606489E-1,3.899196913285E-2,
-3.728203220670E0));
#7964=CARTESIAN_POINT('',(-5.758518104146E-1,6.636657321619E-2,
-3.728203220670E0));
#7965=CARTESIAN_POINT('',(-6.160370601803E-1,9.374117729953E-2,
-3.728203220670E0));
#7966=CARTESIAN_POINT('',(-4.929137831979E-1,1.551392410257E-2,
-3.728002369432E0));
#7967=CARTESIAN_POINT('',(-5.335043436338E-1,4.227331449091E-2,
-3.728002369432E0));
#7968=CARTESIAN_POINT('',(-5.740949040697E-1,6.903270487926E-2,
-3.728002369432E0));
#7969=CARTESIAN_POINT('',(-6.146854645056E-1,9.579209526760E-2,
-3.728002369432E0));
#7970=B_SPLINE_SURFACE_WITH_KNOTS('',3,3,((#7938,#7939,#7940,#7941),(#7942,
#7943,#7944,#7945),(#7946,#7947,#7948,#7949),(#7950,#7951,#7952,#7953),(#7954,
#7955,#7956,#7957),(#7958,#7959,#7960,#7961),(#7962,#7963,#7964,#7965),(#7966,
#7967,#7968,#7969)),.UNSPECIFIED.,.F.,.F.,.F.,(4,1,1,1,1,4),(4,4),(
-9.834237418266E-2,0.E0,2.500000000061E-1,5.000000000040E-1,7.500000000020E-1,
7.861801040976E-1),(-6.392728010737E-2,4.652598689772E-1),.UNSPECIFIED.);
#7971=ORIENTED_EDGE('',*,*,#7336,.F.);
#7973=ORIENTED_EDGE('',*,*,#7972,.F.);
#7974=ORIENTED_EDGE('',*,*,#7930,.F.);
#7975=EDGE_LOOP('',(#7971,#7973,#7974));
#7976=FACE_OUTER_BOUND('',#7975,.F.);
#7978=CARTESIAN_POINT('',(-7.5E-1,1.85E-1,-3.715775180899E0));
#7979=DIRECTION('',(0.E0,0.E0,-1.E0));
#7980=DIRECTION('',(0.E0,1.E0,0.E0));
#7981=AXIS2_PLACEMENT_3D('',#7978,#7979,#7980);
#7982=CYLINDRICAL_SURFACE('',#7981,2.85E-1);
#7983=ORIENTED_EDGE('',*,*,#7334,.T.);
#7985=ORIENTED_EDGE('',*,*,#7984,.T.);
#7987=ORIENTED_EDGE('',*,*,#7986,.T.);
#7988=ORIENTED_EDGE('',*,*,#7972,.T.);
#7989=EDGE_LOOP('',(#7983,#7985,#7987,#7988));
#7990=FACE_OUTER_BOUND('',#7989,.F.);
#7992=CARTESIAN_POINT('',(-7.699805406466E-1,2.417908962805E-2,
-4.139457814063E0));
#7993=CARTESIAN_POINT('',(-7.759735104341E-1,-2.406137875334E-2,
-4.139457814063E0));
#7994=CARTESIAN_POINT('',(-7.819664802215E-1,-7.230184713473E-2,
-4.139457814063E0));
#7995=CARTESIAN_POINT('',(-7.879594500090E-1,-1.205423155161E-1,
-4.139457814063E0));
#7996=CARTESIAN_POINT('',(-7.633535762124E-1,2.333748150817E-2,
-4.140003754660E0));
#7997=CARTESIAN_POINT('',(-7.673589653116E-1,-2.515425991289E-2,
-4.140003754660E0));
#7998=CARTESIAN_POINT('',(-7.713643544108E-1,-7.364600133395E-2,
-4.140003754660E0));
#7999=CARTESIAN_POINT('',(-7.753697435100E-1,-1.221377427550E-1,
-4.140003754660E0));
#8000=CARTESIAN_POINT('',(-7.397028469644E-1,2.186195147477E-2,
-4.141937552224E0));
#8001=CARTESIAN_POINT('',(-7.366143513429E-1,-2.707088364369E-2,
-4.141937552224E0));
#8002=CARTESIAN_POINT('',(-7.335258557215E-1,-7.600371876215E-2,
-4.141937552224E0));
#8003=CARTESIAN_POINT('',(-7.304373601001E-1,-1.249365538806E-1,
-4.141937552224E0));
#8004=CARTESIAN_POINT('',(-6.990858546413E-1,2.830499145683E-2,
-4.145259206756E0));
#8005=CARTESIAN_POINT('',(-6.838130553531E-1,-1.870176675104E-2,
-4.145259206756E0));
#8006=CARTESIAN_POINT('',(-6.685402560649E-1,-6.570852495891E-2,
-4.145259206756E0));
#8007=CARTESIAN_POINT('',(-6.532674567767E-1,-1.127152831668E-1,
-4.145259206756E0));
#8008=CARTESIAN_POINT('',(-6.531501123509E-1,5.169756564020E-2,
-4.149422777659E0));
#8009=CARTESIAN_POINT('',(-6.241010556350E-1,1.171496916966E-2,
-4.149422777659E0));
#8010=CARTESIAN_POINT('',(-5.950519989191E-1,-2.826762730088E-2,
-4.149422777659E0));
#8011=CARTESIAN_POINT('',(-5.660029422032E-1,-6.825022377142E-2,
-4.149422777659E0));
#8012=CARTESIAN_POINT('',(-6.270970602353E-1,7.776219849137E-2,
-4.152399342832E0));
#8013=CARTESIAN_POINT('',(-5.902287300262E-1,4.559454431752E-2,
-4.152399342832E0));
#8014=CARTESIAN_POINT('',(-5.533603998171E-1,1.342689014366E-2,
-4.152399342832E0));
#8015=CARTESIAN_POINT('',(-5.164920696080E-1,-1.874076403019E-2,
-4.152399342832E0));
#8016=CARTESIAN_POINT('',(-6.160370601805E-1,9.374117729940E-2,
-4.153988051038E0));
#8017=CARTESIAN_POINT('',(-5.758518102475E-1,6.636657310205E-2,
-4.153988051038E0));
#8018=CARTESIAN_POINT('',(-5.356665603144E-1,3.899196890469E-2,
-4.153988051038E0));
#8019=CARTESIAN_POINT('',(-4.954813103814E-1,1.161736470734E-2,
-4.153988051038E0));
#8020=CARTESIAN_POINT('',(-6.146854645056E-1,9.579209526765E-2,
-4.154188902276E0));
#8021=CARTESIAN_POINT('',(-5.740949039007E-1,6.903270476791E-2,
-4.154188902276E0));
#8022=CARTESIAN_POINT('',(-5.335043432958E-1,4.227331426818E-2,
-4.154188902276E0));
#8023=CARTESIAN_POINT('',(-4.929137826909E-1,1.551392376844E-2,
-4.154188902276E0));
#8024=B_SPLINE_SURFACE_WITH_KNOTS('',3,3,((#7992,#7993,#7994,#7995),(#7996,
#7997,#7998,#7999),(#8000,#8001,#8002,#8003),(#8004,#8005,#8006,#8007),(#8008,
#8009,#8010,#8011),(#8012,#8013,#8014,#8015),(#8016,#8017,#8018,#8019),(#8020,
#8021,#8022,#8023)),.UNSPECIFIED.,.F.,.F.,.F.,(4,1,1,1,1,4),(4,4),(
-9.834237418871E-2,0.E0,2.499999999973E-1,4.999999999946E-1,7.499999999919E-1,
7.861801040909E-1),(5.347401310228E-1,1.063927282311E0),.UNSPECIFIED.);
#8025=ORIENTED_EDGE('',*,*,#7332,.F.);
#8027=ORIENTED_EDGE('',*,*,#8026,.T.);
#8028=ORIENTED_EDGE('',*,*,#7984,.F.);
#8029=EDGE_LOOP('',(#8025,#8027,#8028));
#8030=FACE_OUTER_BOUND('',#8029,.F.);
#8032=CARTESIAN_POINT('',(-7.5E-1,1.575E-1,-5.8075E0));
#8033=DIRECTION('',(1.E0,0.E0,0.E0));
#8034=DIRECTION('',(0.E0,0.E0,-1.E0));
#8035=AXIS2_PLACEMENT_3D('',#8032,#8033,#8034);
#8036=PLANE('',#8035);
#8037=ORIENTED_EDGE('',*,*,#7779,.T.);
#8039=ORIENTED_EDGE('',*,*,#8038,.T.);
#8040=ORIENTED_EDGE('',*,*,#8026,.F.);
#8041=ORIENTED_EDGE('',*,*,#7330,.T.);
#8042=EDGE_LOOP('',(#8037,#8039,#8040,#8041));
#8043=FACE_OUTER_BOUND('',#8042,.F.);
#8045=CARTESIAN_POINT('',(-1.625E0,-9.999999999998E-2,-4.575100906380E0));
#8046=DIRECTION('',(0.E0,1.E0,0.E0));
#8047=DIRECTION('',(1.E0,0.E0,0.E0));
#8048=AXIS2_PLACEMENT_3D('',#8045,#8046,#8047);
#8049=PLANE('',#8048);
#8050=ORIENTED_EDGE('',*,*,#7777,.F.);
#8051=ORIENTED_EDGE('',*,*,#7796,.F.);
#8052=ORIENTED_EDGE('',*,*,#7850,.F.);
#8053=ORIENTED_EDGE('',*,*,#7904,.F.);
#8054=ORIENTED_EDGE('',*,*,#7918,.T.);
#8055=ORIENTED_EDGE('',*,*,#7932,.F.);
#8056=ORIENTED_EDGE('',*,*,#7986,.F.);
#8057=ORIENTED_EDGE('',*,*,#8038,.F.);
#8058=EDGE_LOOP('',(#8050,#8051,#8052,#8053,#8054,#8055,#8056,#8057));
#8059=FACE_OUTER_BOUND('',#8058,.F.);
#8061=CARTESIAN_POINT('',(-7.5E-1,4.502988513850E-1,-5.825E0));
#8062=DIRECTION('',(1.E0,0.E0,0.E0));
#8063=DIRECTION('',(0.E0,0.E0,-1.E0));
#8064=AXIS2_PLACEMENT_3D('',#8061,#8062,#8063);
#8065=PLANE('',#8064);
#8066=ORIENTED_EDGE('',*,*,#7781,.T.);
#8067=ORIENTED_EDGE('',*,*,#7328,.T.);
#8069=ORIENTED_EDGE('',*,*,#8068,.T.);
#8071=ORIENTED_EDGE('',*,*,#8070,.F.);
#8073=ORIENTED_EDGE('',*,*,#8072,.F.);
#8075=ORIENTED_EDGE('',*,*,#8074,.T.);
#8076=EDGE_LOOP('',(#8066,#8067,#8069,#8071,#8073,#8075));
#8077=FACE_OUTER_BOUND('',#8076,.F.);
#8079=FILL_AREA_STYLE_COLOUR('',#2);
#8080=FILL_AREA_STYLE('',(#8079));
#8081=SURFACE_STYLE_FILL_AREA(#8080);
#8082=SURFACE_SIDE_STYLE('',(#8081));
#8083=SURFACE_STYLE_USAGE(.BOTH.,#8082);
#8084=PRESENTATION_STYLE_ASSIGNMENT((#8083));
#8085=STYLED_ITEM('',(#8084),#8078);
#8086=CARTESIAN_POINT('',(-5.824E0,1.5E-1,-5.95E0));
#8087=DIRECTION('',(1.E0,0.E0,0.E0));
#8088=DIRECTION('',(0.E0,-1.E0,0.E0));
#8089=AXIS2_PLACEMENT_3D('',#8086,#8087,#8088);
#8090=CYLINDRICAL_SURFACE('',#8089,1.5E-1);
#8091=ORIENTED_EDGE('',*,*,#8068,.F.);
#8092=ORIENTED_EDGE('',*,*,#7326,.T.);
#8094=ORIENTED_EDGE('',*,*,#8093,.F.);
#8096=ORIENTED_EDGE('',*,*,#8095,.F.);
#8097=EDGE_LOOP('',(#8091,#8092,#8094,#8096));
#8098=FACE_OUTER_BOUND('',#8097,.F.);
#8100=FILL_AREA_STYLE_COLOUR('',#2);
#8101=FILL_AREA_STYLE('',(#8100));
#8102=SURFACE_STYLE_FILL_AREA(#8101);
#8103=SURFACE_SIDE_STYLE('',(#8102));
#8104=SURFACE_STYLE_USAGE(.BOTH.,#8103);
#8105=PRESENTATION_STYLE_ASSIGNMENT((#8104));
#8106=STYLED_ITEM('',(#8105),#8099);
#8107=CARTESIAN_POINT('',(7.5E-1,4.502988513850E-1,-5.825E0));
#8108=DIRECTION('',(1.E0,0.E0,0.E0));
#8109=DIRECTION('',(0.E0,0.E0,1.E0));
#8110=AXIS2_PLACEMENT_3D('',#8107,#8108,#8109);
#8111=PLANE('',#8110);
#8113=ORIENTED_EDGE('',*,*,#8112,.F.);
#8115=ORIENTED_EDGE('',*,*,#8114,.F.);
#8117=ORIENTED_EDGE('',*,*,#8116,.F.);
#8119=ORIENTED_EDGE('',*,*,#8118,.T.);
#8120=ORIENTED_EDGE('',*,*,#8093,.T.);
#8121=ORIENTED_EDGE('',*,*,#7324,.T.);
#8122=EDGE_LOOP('',(#8113,#8115,#8117,#8119,#8120,#8121));
#8123=FACE_OUTER_BOUND('',#8122,.F.);
#8125=FILL_AREA_STYLE_COLOUR('',#2);
#8126=FILL_AREA_STYLE('',(#8125));
#8127=SURFACE_STYLE_FILL_AREA(#8126);
#8128=SURFACE_SIDE_STYLE('',(#8127));
#8129=SURFACE_STYLE_USAGE(.BOTH.,#8128);
#8130=PRESENTATION_STYLE_ASSIGNMENT((#8129));
#8131=STYLED_ITEM('',(#8130),#8124);
#8132=CARTESIAN_POINT('',(2.535E0,4.15E-1,-5.55E0));
#8133=DIRECTION('',(-1.E0,0.E0,0.E0));
#8134=DIRECTION('',(0.E0,1.E0,0.E0));
#8135=AXIS2_PLACEMENT_3D('',#8132,#8133,#8134);
#8136=CYLINDRICAL_SURFACE('',#8135,5.15E-1);
#8138=ORIENTED_EDGE('',*,*,#8137,.F.);
#8140=ORIENTED_EDGE('',*,*,#8139,.F.);
#8141=ORIENTED_EDGE('',*,*,#8112,.T.);
#8143=ORIENTED_EDGE('',*,*,#8142,.F.);
#8145=ORIENTED_EDGE('',*,*,#8144,.T.);
#8147=ORIENTED_EDGE('',*,*,#8146,.F.);
#8148=EDGE_LOOP('',(#8138,#8140,#8141,#8143,#8145,#8147));
#8149=FACE_OUTER_BOUND('',#8148,.F.);
#8151=CARTESIAN_POINT('',(2.5E0,4.502988513850E-1,-5.825E0));
#8152=DIRECTION('',(1.E0,0.E0,0.E0));
#8153=DIRECTION('',(0.E0,0.E0,-1.E0));
#8154=AXIS2_PLACEMENT_3D('',#8151,#8152,#8153);
#8155=PLANE('',#8154);
#8156=ORIENTED_EDGE('',*,*,#8137,.T.);
#8157=ORIENTED_EDGE('',*,*,#7300,.T.);
#8159=ORIENTED_EDGE('',*,*,#8158,.T.);
#8161=ORIENTED_EDGE('',*,*,#8160,.T.);
#8163=ORIENTED_EDGE('',*,*,#8162,.F.);
#8165=ORIENTED_EDGE('',*,*,#8164,.T.);
#8166=EDGE_LOOP('',(#8156,#8157,#8159,#8161,#8163,#8165));
#8167=FACE_OUTER_BOUND('',#8166,.F.);
#8169=FILL_AREA_STYLE_COLOUR('',#2);
#8170=FILL_AREA_STYLE('',(#8169));
#8171=SURFACE_STYLE_FILL_AREA(#8170);
#8172=SURFACE_SIDE_STYLE('',(#8171));
#8173=SURFACE_STYLE_USAGE(.BOTH.,#8172);
#8174=PRESENTATION_STYLE_ASSIGNMENT((#8173));
#8175=STYLED_ITEM('',(#8174),#8168);
#8176=CARTESIAN_POINT('',(-5.824E0,1.5E-1,-5.95E0));
#8177=DIRECTION('',(1.E0,0.E0,0.E0));
#8178=DIRECTION('',(0.E0,-1.E0,0.E0));
#8179=AXIS2_PLACEMENT_3D('',#8176,#8177,#8178);
#8180=CYLINDRICAL_SURFACE('',#8179,1.5E-1);
#8181=ORIENTED_EDGE('',*,*,#8158,.F.);
#8182=ORIENTED_EDGE('',*,*,#7298,.T.);
#8184=ORIENTED_EDGE('',*,*,#8183,.F.);
#8186=ORIENTED_EDGE('',*,*,#8185,.F.);
#8187=EDGE_LOOP('',(#8181,#8182,#8184,#8186));
#8188=FACE_OUTER_BOUND('',#8187,.F.);
#8190=FILL_AREA_STYLE_COLOUR('',#2);
#8191=FILL_AREA_STYLE('',(#8190));
#8192=SURFACE_STYLE_FILL_AREA(#8191);
#8193=SURFACE_SIDE_STYLE('',(#8192));
#8194=SURFACE_STYLE_USAGE(.BOTH.,#8193);
#8195=PRESENTATION_STYLE_ASSIGNMENT((#8194));
#8196=STYLED_ITEM('',(#8195),#8189);
#8197=CARTESIAN_POINT('',(5.6E0,1.5E-1,-5.6E0));
#8198=DIRECTION('',(0.E0,-1.E0,0.E0));
#8199=DIRECTION('',(-5.838676844310E-2,0.E0,-9.982940374813E-1));
#8200=AXIS2_PLACEMENT_3D('',#8197,#8198,#8199);
#8201=TOROIDAL_SURFACE('',#8200,3.499999999995E-1,1.5E-1);
#8202=ORIENTED_EDGE('',*,*,#7296,.F.);
#8204=ORIENTED_EDGE('',*,*,#8203,.F.);
#8206=ORIENTED_EDGE('',*,*,#8205,.T.);
#8207=ORIENTED_EDGE('',*,*,#8183,.T.);
#8208=EDGE_LOOP('',(#8202,#8204,#8206,#8207));
#8209=FACE_OUTER_BOUND('',#8208,.F.);
#8211=FILL_AREA_STYLE_COLOUR('',#2);
#8212=FILL_AREA_STYLE('',(#8211));
#8213=SURFACE_STYLE_FILL_AREA(#8212);
#8214=SURFACE_SIDE_STYLE('',(#8213));
#8215=SURFACE_STYLE_USAGE(.BOTH.,#8214);
#8216=PRESENTATION_STYLE_ASSIGNMENT((#8215));
#8217=STYLED_ITEM('',(#8216),#8210);
#8218=CARTESIAN_POINT('',(5.95E0,1.5E-1,-5.824E0));
#8219=DIRECTION('',(0.E0,0.E0,1.E0));
#8220=DIRECTION('',(0.E0,-1.E0,0.E0));
#8221=AXIS2_PLACEMENT_3D('',#8218,#8219,#8220);
#8222=CYLINDRICAL_SURFACE('',#8221,1.5E-1);
#8223=ORIENTED_EDGE('',*,*,#7294,.T.);
#8225=ORIENTED_EDGE('',*,*,#8224,.F.);
#8227=ORIENTED_EDGE('',*,*,#8226,.F.);
#8228=ORIENTED_EDGE('',*,*,#8203,.T.);
#8229=EDGE_LOOP('',(#8223,#8225,#8227,#8228));
#8230=FACE_OUTER_BOUND('',#8229,.F.);
#8232=FILL_AREA_STYLE_COLOUR('',#2);
#8233=FILL_AREA_STYLE('',(#8232));
#8234=SURFACE_STYLE_FILL_AREA(#8233);
#8235=SURFACE_SIDE_STYLE('',(#8234));
#8236=SURFACE_STYLE_USAGE(.BOTH.,#8235);
#8237=PRESENTATION_STYLE_ASSIGNMENT((#8236));
#8238=STYLED_ITEM('',(#8237),#8231);
#8239=CARTESIAN_POINT('',(5.6E0,1.5E-1,5.6E0));
#8240=DIRECTION('',(0.E0,-1.E0,0.E0));
#8241=DIRECTION('',(9.982940374813E-1,0.E0,-5.838676844310E-2));
#8242=AXIS2_PLACEMENT_3D('',#8239,#8240,#8241);
#8243=TOROIDAL_SURFACE('',#8242,3.499999999996E-1,1.5E-1);
#8244=ORIENTED_EDGE('',*,*,#7292,.F.);
#8246=ORIENTED_EDGE('',*,*,#8245,.T.);
#8248=ORIENTED_EDGE('',*,*,#8247,.F.);
#8249=ORIENTED_EDGE('',*,*,#8224,.T.);
#8250=EDGE_LOOP('',(#8244,#8246,#8248,#8249));
#8251=FACE_OUTER_BOUND('',#8250,.F.);
#8253=FILL_AREA_STYLE_COLOUR('',#2);
#8254=FILL_AREA_STYLE('',(#8253));
#8255=SURFACE_STYLE_FILL_AREA(#8254);
#8256=SURFACE_SIDE_STYLE('',(#8255));
#8257=SURFACE_STYLE_USAGE(.BOTH.,#8256);
#8258=PRESENTATION_STYLE_ASSIGNMENT((#8257));
#8259=STYLED_ITEM('',(#8258),#8252);
#8260=CARTESIAN_POINT('',(5.824E0,1.5E-1,5.95E0));
#8261=DIRECTION('',(-1.E0,0.E0,0.E0));
#8262=DIRECTION('',(0.E0,-1.E0,0.E0));
#8263=AXIS2_PLACEMENT_3D('',#8260,#8261,#8262);
#8264=CYLINDRICAL_SURFACE('',#8263,1.5E-1);
#8266=ORIENTED_EDGE('',*,*,#8265,.F.);
#8268=ORIENTED_EDGE('',*,*,#8267,.F.);
#8269=ORIENTED_EDGE('',*,*,#8245,.F.);
#8270=ORIENTED_EDGE('',*,*,#7290,.T.);
#8271=EDGE_LOOP('',(#8266,#8268,#8269,#8270));
#8272=FACE_OUTER_BOUND('',#8271,.F.);
#8274=FILL_AREA_STYLE_COLOUR('',#2);
#8275=FILL_AREA_STYLE('',(#8274));
#8276=SURFACE_STYLE_FILL_AREA(#8275);
#8277=SURFACE_SIDE_STYLE('',(#8276));
#8278=SURFACE_STYLE_USAGE(.BOTH.,#8277);
#8279=PRESENTATION_STYLE_ASSIGNMENT((#8278));
#8280=STYLED_ITEM('',(#8279),#8273);
#8281=CARTESIAN_POINT('',(2.5E0,4.502988513850E-1,5.825E0));
#8282=DIRECTION('',(1.E0,0.E0,0.E0));
#8283=DIRECTION('',(0.E0,0.E0,-1.E0));
#8284=AXIS2_PLACEMENT_3D('',#8281,#8282,#8283);
#8285=PLANE('',#8284);
#8287=ORIENTED_EDGE('',*,*,#8286,.F.);
#8289=ORIENTED_EDGE('',*,*,#8288,.F.);
#8291=ORIENTED_EDGE('',*,*,#8290,.T.);
#8293=ORIENTED_EDGE('',*,*,#8292,.F.);
#8294=ORIENTED_EDGE('',*,*,#8265,.T.);
#8295=ORIENTED_EDGE('',*,*,#7288,.T.);
#8296=EDGE_LOOP('',(#8287,#8289,#8291,#8293,#8294,#8295));
#8297=FACE_OUTER_BOUND('',#8296,.F.);
#8299=FILL_AREA_STYLE_COLOUR('',#2);
#8300=FILL_AREA_STYLE('',(#8299));
#8301=SURFACE_STYLE_FILL_AREA(#8300);
#8302=SURFACE_SIDE_STYLE('',(#8301));
#8303=SURFACE_STYLE_USAGE(.BOTH.,#8302);
#8304=PRESENTATION_STYLE_ASSIGNMENT((#8303));
#8305=STYLED_ITEM('',(#8304),#8298);
#8306=CARTESIAN_POINT('',(7.15E-1,4.15E-1,5.55E0));
#8307=DIRECTION('',(1.E0,0.E0,0.E0));
#8308=DIRECTION('',(0.E0,1.E0,0.E0));
#8309=AXIS2_PLACEMENT_3D('',#8306,#8307,#8308);
#8310=CYLINDRICAL_SURFACE('',#8309,5.15E-1);
#8312=ORIENTED_EDGE('',*,*,#8311,.F.);
#8314=ORIENTED_EDGE('',*,*,#8313,.F.);
#8315=ORIENTED_EDGE('',*,*,#8286,.T.);
#8317=ORIENTED_EDGE('',*,*,#8316,.F.);
#8319=ORIENTED_EDGE('',*,*,#8318,.T.);
#8321=ORIENTED_EDGE('',*,*,#8320,.F.);
#8322=EDGE_LOOP('',(#8312,#8314,#8315,#8317,#8319,#8321));
#8323=FACE_OUTER_BOUND('',#8322,.F.);
#8325=CARTESIAN_POINT('',(7.5E-1,4.502988513850E-1,5.825E0));
#8326=DIRECTION('',(1.E0,0.E0,0.E0));
#8327=DIRECTION('',(0.E0,0.E0,1.E0));
#8328=AXIS2_PLACEMENT_3D('',#8325,#8326,#8327);
#8329=PLANE('',#8328);
#8330=ORIENTED_EDGE('',*,*,#8311,.T.);
#8331=ORIENTED_EDGE('',*,*,#7264,.T.);
#8333=ORIENTED_EDGE('',*,*,#8332,.T.);
#8335=ORIENTED_EDGE('',*,*,#8334,.F.);
#8337=ORIENTED_EDGE('',*,*,#8336,.T.);
#8339=ORIENTED_EDGE('',*,*,#8338,.T.);
#8340=EDGE_LOOP('',(#8330,#8331,#8333,#8335,#8337,#8339));
#8341=FACE_OUTER_BOUND('',#8340,.F.);
#8343=FILL_AREA_STYLE_COLOUR('',#2);
#8344=FILL_AREA_STYLE('',(#8343));
#8345=SURFACE_STYLE_FILL_AREA(#8344);
#8346=SURFACE_SIDE_STYLE('',(#8345));
#8347=SURFACE_STYLE_USAGE(.BOTH.,#8346);
#8348=PRESENTATION_STYLE_ASSIGNMENT((#8347));
#8349=STYLED_ITEM('',(#8348),#8342);
#8350=CARTESIAN_POINT('',(5.824E0,1.5E-1,5.95E0));
#8351=DIRECTION('',(-1.E0,0.E0,0.E0));
#8352=DIRECTION('',(0.E0,-1.E0,0.E0));
#8353=AXIS2_PLACEMENT_3D('',#8350,#8351,#8352);
#8354=CYLINDRICAL_SURFACE('',#8353,1.5E-1);
#8355=ORIENTED_EDGE('',*,*,#8332,.F.);
#8356=ORIENTED_EDGE('',*,*,#7262,.T.);
#8357=ORIENTED_EDGE('',*,*,#7526,.F.);
#8359=ORIENTED_EDGE('',*,*,#8358,.F.);
#8360=EDGE_LOOP('',(#8355,#8356,#8357,#8359));
#8361=FACE_OUTER_BOUND('',#8360,.F.);
#8363=FILL_AREA_STYLE_COLOUR('',#2);
#8364=FILL_AREA_STYLE('',(#8363));
#8365=SURFACE_STYLE_FILL_AREA(#8364);
#8366=SURFACE_SIDE_STYLE('',(#8365));
#8367=SURFACE_STYLE_USAGE(.BOTH.,#8366);
#8368=PRESENTATION_STYLE_ASSIGNMENT((#8367));
#8369=STYLED_ITEM('',(#8368),#8362);
#8370=CARTESIAN_POINT('',(0.E0,4.05E0,6.1E0));
#8371=DIRECTION('',(0.E0,0.E0,1.E0));
#8372=DIRECTION('',(1.E0,0.E0,0.E0));
#8373=AXIS2_PLACEMENT_3D('',#8370,#8371,#8372);
#8374=PLANE('',#8373);
#8375=ORIENTED_EDGE('',*,*,#7561,.T.);
#8376=ORIENTED_EDGE('',*,*,#7583,.T.);
#8377=ORIENTED_EDGE('',*,*,#7606,.T.);
#8379=ORIENTED_EDGE('',*,*,#8378,.F.);
#8381=ORIENTED_EDGE('',*,*,#8380,.F.);
#8383=ORIENTED_EDGE('',*,*,#8382,.F.);
#8384=ORIENTED_EDGE('',*,*,#8267,.T.);
#8385=ORIENTED_EDGE('',*,*,#8292,.T.);
#8387=ORIENTED_EDGE('',*,*,#8386,.T.);
#8388=ORIENTED_EDGE('',*,*,#8334,.T.);
#8389=ORIENTED_EDGE('',*,*,#8358,.T.);
#8390=ORIENTED_EDGE('',*,*,#7524,.T.);
#8391=EDGE_LOOP('',(#8375,#8376,#8377,#8379,#8381,#8383,#8384,#8385,#8387,#8388,
#8389,#8390));
#8392=FACE_OUTER_BOUND('',#8391,.F.);
#8394=ORIENTED_EDGE('',*,*,#8393,.F.);
#8396=ORIENTED_EDGE('',*,*,#8395,.T.);
#8398=ORIENTED_EDGE('',*,*,#8397,.T.);
#8400=ORIENTED_EDGE('',*,*,#8399,.T.);
#8401=EDGE_LOOP('',(#8394,#8396,#8398,#8400));
#8402=FACE_BOUND('',#8401,.F.);
#8404=FILL_AREA_STYLE_COLOUR('',#2);
#8405=FILL_AREA_STYLE('',(#8404));
#8406=SURFACE_STYLE_FILL_AREA(#8405);
#8407=SURFACE_SIDE_STYLE('',(#8406));
#8408=SURFACE_STYLE_USAGE(.BOTH.,#8407);
#8409=PRESENTATION_STYLE_ASSIGNMENT((#8408));
#8410=STYLED_ITEM('',(#8409),#8403);
#8411=CARTESIAN_POINT('',(-5.6E0,8.106E0,5.6E0));
#8412=DIRECTION('',(0.E0,-1.E0,0.E0));
#8413=DIRECTION('',(0.E0,0.E0,1.E0));
#8414=AXIS2_PLACEMENT_3D('',#8411,#8412,#8413);
#8415=CYLINDRICAL_SURFACE('',#8414,5.E-1);
#8416=ORIENTED_EDGE('',*,*,#7626,.F.);
#8418=ORIENTED_EDGE('',*,*,#8417,.T.);
#8420=ORIENTED_EDGE('',*,*,#8419,.F.);
#8421=ORIENTED_EDGE('',*,*,#8378,.T.);
#8422=EDGE_LOOP('',(#8416,#8418,#8420,#8421));
#8423=FACE_OUTER_BOUND('',#8422,.F.);
#8425=FILL_AREA_STYLE_COLOUR('',#2);
#8426=FILL_AREA_STYLE('',(#8425));
#8427=SURFACE_STYLE_FILL_AREA(#8426);
#8428=SURFACE_SIDE_STYLE('',(#8427));
#8429=SURFACE_STYLE_USAGE(.BOTH.,#8428);
#8430=PRESENTATION_STYLE_ASSIGNMENT((#8429));
#8431=STYLED_ITEM('',(#8430),#8424);
#8432=CARTESIAN_POINT('',(-6.1E0,4.05E0,0.E0));
#8433=DIRECTION('',(1.E0,0.E0,0.E0));
#8434=DIRECTION('',(0.E0,0.E0,1.E0));
#8435=AXIS2_PLACEMENT_3D('',#8432,#8433,#8434);
#8436=PLANE('',#8435);
#8437=ORIENTED_EDGE('',*,*,#7647,.F.);
#8439=ORIENTED_EDGE('',*,*,#8438,.F.);
#8441=ORIENTED_EDGE('',*,*,#8440,.F.);
#8443=ORIENTED_EDGE('',*,*,#8442,.F.);
#8444=ORIENTED_EDGE('',*,*,#7688,.F.);
#8446=ORIENTED_EDGE('',*,*,#8445,.F.);
#8448=ORIENTED_EDGE('',*,*,#8447,.F.);
#8449=ORIENTED_EDGE('',*,*,#8417,.F.);
#8450=EDGE_LOOP('',(#8437,#8439,#8441,#8443,#8444,#8446,#8448,#8449));
#8451=FACE_OUTER_BOUND('',#8450,.F.);
#8453=ORIENTED_EDGE('',*,*,#8452,.T.);
#8455=ORIENTED_EDGE('',*,*,#8454,.T.);
#8457=ORIENTED_EDGE('',*,*,#8456,.T.);
#8459=ORIENTED_EDGE('',*,*,#8458,.T.);
#8460=EDGE_LOOP('',(#8453,#8455,#8457,#8459));
#8461=FACE_BOUND('',#8460,.F.);
#8463=ORIENTED_EDGE('',*,*,#8462,.F.);
#8465=ORIENTED_EDGE('',*,*,#8464,.T.);
#8467=ORIENTED_EDGE('',*,*,#8466,.T.);
#8469=ORIENTED_EDGE('',*,*,#8468,.T.);
#8470=EDGE_LOOP('',(#8463,#8465,#8467,#8469));
#8471=FACE_BOUND('',#8470,.F.);
#8473=FILL_AREA_STYLE_COLOUR('',#2);
#8474=FILL_AREA_STYLE('',(#8473));
#8475=SURFACE_STYLE_FILL_AREA(#8474);
#8476=SURFACE_SIDE_STYLE('',(#8475));
#8477=SURFACE_STYLE_USAGE(.BOTH.,#8476);
#8478=PRESENTATION_STYLE_ASSIGNMENT((#8477));
#8479=STYLED_ITEM('',(#8478),#8472);
#8480=CARTESIAN_POINT('',(-6.1E0,1.19E-1,1.5E0));
#8481=DIRECTION('',(0.E0,1.E0,0.E0));
#8482=DIRECTION('',(0.E0,0.E0,-1.E0));
#8483=AXIS2_PLACEMENT_3D('',#8480,#8481,#8482);
#8484=CYLINDRICAL_SURFACE('',#8483,5.E-1);
#8485=ORIENTED_EDGE('',*,*,#7668,.T.);
#8486=ORIENTED_EDGE('',*,*,#8442,.T.);
#8488=ORIENTED_EDGE('',*,*,#8487,.F.);
#8489=ORIENTED_EDGE('',*,*,#8438,.T.);
#8490=EDGE_LOOP('',(#8485,#8486,#8488,#8489));
#8491=FACE_OUTER_BOUND('',#8490,.F.);
#8493=FILL_AREA_STYLE_COLOUR('',#2);
#8494=FILL_AREA_STYLE('',(#8493));
#8495=SURFACE_STYLE_FILL_AREA(#8494);
#8496=SURFACE_SIDE_STYLE('',(#8495));
#8497=SURFACE_STYLE_USAGE(.BOTH.,#8496);
#8498=PRESENTATION_STYLE_ASSIGNMENT((#8497));
#8499=STYLED_ITEM('',(#8498),#8492);
#8500=CARTESIAN_POINT('',(-5.850000846922E0,1.7E0,1.5E0));
#8501=DIRECTION('',(0.E0,1.E0,0.E0));
#8502=DIRECTION('',(0.E0,0.E0,-1.E0));
#8503=AXIS2_PLACEMENT_3D('',#8500,#8501,#8502);
#8504=PLANE('',#8503);
#8505=ORIENTED_EDGE('',*,*,#8487,.T.);
#8506=ORIENTED_EDGE('',*,*,#8440,.T.);
#8507=EDGE_LOOP('',(#8505,#8506));
#8508=FACE_OUTER_BOUND('',#8507,.F.);
#8510=FILL_AREA_STYLE_COLOUR('',#2);
#8511=FILL_AREA_STYLE('',(#8510));
#8512=SURFACE_STYLE_FILL_AREA(#8511);
#8513=SURFACE_SIDE_STYLE('',(#8512));
#8514=SURFACE_STYLE_USAGE(.BOTH.,#8513);
#8515=PRESENTATION_STYLE_ASSIGNMENT((#8514));
#8516=STYLED_ITEM('',(#8515),#8509);
#8517=CARTESIAN_POINT('',(-5.6E0,8.106E0,-5.6E0));
#8518=DIRECTION('',(0.E0,-1.E0,0.E0));
#8519=DIRECTION('',(-1.E0,0.E0,0.E0));
#8520=AXIS2_PLACEMENT_3D('',#8517,#8518,#8519);
#8521=CYLINDRICAL_SURFACE('',#8520,5.E-1);
#8522=ORIENTED_EDGE('',*,*,#7710,.T.);
#8524=ORIENTED_EDGE('',*,*,#8523,.T.);
#8526=ORIENTED_EDGE('',*,*,#8525,.F.);
#8527=ORIENTED_EDGE('',*,*,#8445,.T.);
#8528=EDGE_LOOP('',(#8522,#8524,#8526,#8527));
#8529=FACE_OUTER_BOUND('',#8528,.F.);
#8531=FILL_AREA_STYLE_COLOUR('',#2);
#8532=FILL_AREA_STYLE('',(#8531));
#8533=SURFACE_STYLE_FILL_AREA(#8532);
#8534=SURFACE_SIDE_STYLE('',(#8533));
#8535=SURFACE_STYLE_USAGE(.BOTH.,#8534);
#8536=PRESENTATION_STYLE_ASSIGNMENT((#8535));
#8537=STYLED_ITEM('',(#8536),#8530);
#8538=CARTESIAN_POINT('',(0.E0,4.05E0,-6.1E0));
#8539=DIRECTION('',(0.E0,0.E0,1.E0));
#8540=DIRECTION('',(-1.E0,0.E0,0.E0));
#8541=AXIS2_PLACEMENT_3D('',#8538,#8539,#8540);
#8542=PLANE('',#8541);
#8544=ORIENTED_EDGE('',*,*,#8543,.F.);
#8545=ORIENTED_EDGE('',*,*,#8070,.T.);
#8546=ORIENTED_EDGE('',*,*,#8095,.T.);
#8547=ORIENTED_EDGE('',*,*,#8118,.F.);
#8549=ORIENTED_EDGE('',*,*,#8548,.F.);
#8550=ORIENTED_EDGE('',*,*,#8160,.F.);
#8551=ORIENTED_EDGE('',*,*,#8185,.T.);
#8553=ORIENTED_EDGE('',*,*,#8552,.F.);
#8555=ORIENTED_EDGE('',*,*,#8554,.F.);
#8556=ORIENTED_EDGE('',*,*,#8523,.F.);
#8557=ORIENTED_EDGE('',*,*,#7730,.T.);
#8558=ORIENTED_EDGE('',*,*,#7755,.T.);
#8559=EDGE_LOOP('',(#8544,#8545,#8546,#8547,#8549,#8550,#8551,#8553,#8555,#8556,
#8557,#8558));
#8560=FACE_OUTER_BOUND('',#8559,.F.);
#8562=ORIENTED_EDGE('',*,*,#8561,.T.);
#8564=ORIENTED_EDGE('',*,*,#8563,.F.);
#8566=ORIENTED_EDGE('',*,*,#8565,.T.);
#8568=ORIENTED_EDGE('',*,*,#8567,.F.);
#8569=EDGE_LOOP('',(#8562,#8564,#8566,#8568));
#8570=FACE_BOUND('',#8569,.F.);
#8572=FILL_AREA_STYLE_COLOUR('',#2);
#8573=FILL_AREA_STYLE('',(#8572));
#8574=SURFACE_STYLE_FILL_AREA(#8573);
#8575=SURFACE_SIDE_STYLE('',(#8574));
#8576=SURFACE_STYLE_USAGE(.BOTH.,#8575);
#8577=PRESENTATION_STYLE_ASSIGNMENT((#8576));
#8578=STYLED_ITEM('',(#8577),#8571);
#8579=CARTESIAN_POINT('',(-1.625E0,9.E-1,-5.95E0));
#8580=DIRECTION('',(0.E0,1.E0,0.E0));
#8581=DIRECTION('',(1.E0,0.E0,0.E0));
#8582=AXIS2_PLACEMENT_3D('',#8579,#8580,#8581);
#8583=PLANE('',#8582);
#8585=ORIENTED_EDGE('',*,*,#8584,.T.);
#8586=ORIENTED_EDGE('',*,*,#8072,.T.);
#8587=ORIENTED_EDGE('',*,*,#8543,.T.);
#8588=ORIENTED_EDGE('',*,*,#7753,.T.);
#8589=EDGE_LOOP('',(#8585,#8586,#8587,#8588));
#8590=FACE_OUTER_BOUND('',#8589,.F.);
#8592=FILL_AREA_STYLE_COLOUR('',#2);
#8593=FILL_AREA_STYLE('',(#8592));
#8594=SURFACE_STYLE_FILL_AREA(#8593);
#8595=SURFACE_SIDE_STYLE('',(#8594));
#8596=SURFACE_STYLE_USAGE(.BOTH.,#8595);
#8597=PRESENTATION_STYLE_ASSIGNMENT((#8596));
#8598=STYLED_ITEM('',(#8597),#8591);
#8599=CARTESIAN_POINT('',(-1.625E0,6.579482770775E-1,-6.065E0));
#8600=DIRECTION('',(0.E0,0.E0,1.E0));
#8601=DIRECTION('',(1.E0,0.E0,0.E0));
#8602=AXIS2_PLACEMENT_3D('',#8599,#8600,#8601);
#8603=PLANE('',#8602);
#8604=ORIENTED_EDGE('',*,*,#7751,.T.);
#8605=ORIENTED_EDGE('',*,*,#7783,.T.);
#8606=ORIENTED_EDGE('',*,*,#8074,.F.);
#8607=ORIENTED_EDGE('',*,*,#8584,.F.);
#8608=EDGE_LOOP('',(#8604,#8605,#8606,#8607));
#8609=FACE_OUTER_BOUND('',#8608,.F.);
#8611=CARTESIAN_POINT('',(1.625E0,9.E-1,-5.95E0));
#8612=DIRECTION('',(0.E0,1.E0,0.E0));
#8613=DIRECTION('',(1.E0,0.E0,0.E0));
#8614=AXIS2_PLACEMENT_3D('',#8611,#8612,#8613);
#8615=PLANE('',#8614);
#8617=ORIENTED_EDGE('',*,*,#8616,.T.);
#8618=ORIENTED_EDGE('',*,*,#8162,.T.);
#8619=ORIENTED_EDGE('',*,*,#8548,.T.);
#8620=ORIENTED_EDGE('',*,*,#8116,.T.);
#8621=EDGE_LOOP('',(#8617,#8618,#8619,#8620));
#8622=FACE_OUTER_BOUND('',#8621,.F.);
#8624=FILL_AREA_STYLE_COLOUR('',#2);
#8625=FILL_AREA_STYLE('',(#8624));
#8626=SURFACE_STYLE_FILL_AREA(#8625);
#8627=SURFACE_SIDE_STYLE('',(#8626));
#8628=SURFACE_STYLE_USAGE(.BOTH.,#8627);
#8629=PRESENTATION_STYLE_ASSIGNMENT((#8628));
#8630=STYLED_ITEM('',(#8629),#8623);
#8631=CARTESIAN_POINT('',(1.625E0,6.579482770775E-1,-6.065E0));
#8632=DIRECTION('',(0.E0,0.E0,1.E0));
#8633=DIRECTION('',(1.E0,0.E0,0.E0));
#8634=AXIS2_PLACEMENT_3D('',#8631,#8632,#8633);
#8635=PLANE('',#8634);
#8636=ORIENTED_EDGE('',*,*,#8164,.F.);
#8637=ORIENTED_EDGE('',*,*,#8616,.F.);
#8638=ORIENTED_EDGE('',*,*,#8114,.T.);
#8639=ORIENTED_EDGE('',*,*,#8139,.T.);
#8640=EDGE_LOOP('',(#8636,#8637,#8638,#8639));
#8641=FACE_OUTER_BOUND('',#8640,.F.);
#8643=CARTESIAN_POINT('',(5.6E0,8.106E0,-5.6E0));
#8644=DIRECTION('',(0.E0,-1.E0,0.E0));
#8645=DIRECTION('',(0.E0,0.E0,-1.E0));
#8646=AXIS2_PLACEMENT_3D('',#8643,#8644,#8645);
#8647=CYLINDRICAL_SURFACE('',#8646,5.E-1);
#8648=ORIENTED_EDGE('',*,*,#8205,.F.);
#8650=ORIENTED_EDGE('',*,*,#8649,.F.);
#8652=ORIENTED_EDGE('',*,*,#8651,.F.);
#8653=ORIENTED_EDGE('',*,*,#8552,.T.);
#8654=EDGE_LOOP('',(#8648,#8650,#8652,#8653));
#8655=FACE_OUTER_BOUND('',#8654,.F.);
#8657=FILL_AREA_STYLE_COLOUR('',#2);
#8658=FILL_AREA_STYLE('',(#8657));
#8659=SURFACE_STYLE_FILL_AREA(#8658);
#8660=SURFACE_SIDE_STYLE('',(#8659));
#8661=SURFACE_STYLE_USAGE(.BOTH.,#8660);
#8662=PRESENTATION_STYLE_ASSIGNMENT((#8661));
#8663=STYLED_ITEM('',(#8662),#8656);
#8664=CARTESIAN_POINT('',(6.1E0,4.05E0,0.E0));
#8665=DIRECTION('',(1.E0,0.E0,0.E0));
#8666=DIRECTION('',(0.E0,0.E0,-1.E0));
#8667=AXIS2_PLACEMENT_3D('',#8664,#8665,#8666);
#8668=PLANE('',#8667);
#8669=ORIENTED_EDGE('',*,*,#8226,.T.);
#8671=ORIENTED_EDGE('',*,*,#8670,.T.);
#8673=ORIENTED_EDGE('',*,*,#8672,.T.);
#8674=ORIENTED_EDGE('',*,*,#8649,.T.);
#8675=EDGE_LOOP('',(#8669,#8671,#8673,#8674));
#8676=FACE_OUTER_BOUND('',#8675,.F.);
#8678=FILL_AREA_STYLE_COLOUR('',#2);
#8679=FILL_AREA_STYLE('',(#8678));
#8680=SURFACE_STYLE_FILL_AREA(#8679);
#8681=SURFACE_SIDE_STYLE('',(#8680));
#8682=SURFACE_STYLE_USAGE(.BOTH.,#8681);
#8683=PRESENTATION_STYLE_ASSIGNMENT((#8682));
#8684=STYLED_ITEM('',(#8683),#8677);
#8685=CARTESIAN_POINT('',(5.6E0,8.106E0,5.6E0));
#8686=DIRECTION('',(0.E0,-1.E0,0.E0));
#8687=DIRECTION('',(1.E0,0.E0,0.E0));
#8688=AXIS2_PLACEMENT_3D('',#8685,#8686,#8687);
#8689=CYLINDRICAL_SURFACE('',#8688,5.E-1);
#8690=ORIENTED_EDGE('',*,*,#8247,.T.);
#8691=ORIENTED_EDGE('',*,*,#8382,.T.);
#8693=ORIENTED_EDGE('',*,*,#8692,.F.);
#8694=ORIENTED_EDGE('',*,*,#8670,.F.);
#8695=EDGE_LOOP('',(#8690,#8691,#8693,#8694));
#8696=FACE_OUTER_BOUND('',#8695,.F.);
#8698=FILL_AREA_STYLE_COLOUR('',#2);
#8699=FILL_AREA_STYLE('',(#8698));
#8700=SURFACE_STYLE_FILL_AREA(#8699);
#8701=SURFACE_SIDE_STYLE('',(#8700));
#8702=SURFACE_STYLE_USAGE(.BOTH.,#8701);
#8703=PRESENTATION_STYLE_ASSIGNMENT((#8702));
#8704=STYLED_ITEM('',(#8703),#8697);
#8705=CARTESIAN_POINT('',(0.E0,7.95E0,0.E0));
#8706=DIRECTION('',(0.E0,1.E0,0.E0));
#8707=DIRECTION('',(1.E0,0.E0,0.E0));
#8708=AXIS2_PLACEMENT_3D('',#8705,#8706,#8707);
#8709=PLANE('',#8708);
#8710=ORIENTED_EDGE('',*,*,#8419,.T.);
#8711=ORIENTED_EDGE('',*,*,#8447,.T.);
#8712=ORIENTED_EDGE('',*,*,#8525,.T.);
#8713=ORIENTED_EDGE('',*,*,#8554,.T.);
#8714=ORIENTED_EDGE('',*,*,#8651,.T.);
#8715=ORIENTED_EDGE('',*,*,#8672,.F.);
#8716=ORIENTED_EDGE('',*,*,#8692,.T.);
#8717=ORIENTED_EDGE('',*,*,#8380,.T.);
#8718=EDGE_LOOP('',(#8710,#8711,#8712,#8713,#8714,#8715,#8716,#8717));
#8719=FACE_OUTER_BOUND('',#8718,.F.);
#8721=ORIENTED_EDGE('',*,*,#8720,.T.);
#8723=ORIENTED_EDGE('',*,*,#8722,.T.);
#8725=ORIENTED_EDGE('',*,*,#8724,.T.);
#8726=EDGE_LOOP('',(#8721,#8723,#8725));
#8727=FACE_BOUND('',#8726,.F.);
#8729=ORIENTED_EDGE('',*,*,#8728,.F.);
#8731=ORIENTED_EDGE('',*,*,#8730,.F.);
#8733=ORIENTED_EDGE('',*,*,#8732,.T.);
#8735=ORIENTED_EDGE('',*,*,#8734,.F.);
#8737=ORIENTED_EDGE('',*,*,#8736,.T.);
#8739=ORIENTED_EDGE('',*,*,#8738,.F.);
#8741=ORIENTED_EDGE('',*,*,#8740,.F.);
#8742=EDGE_LOOP('',(#8729,#8731,#8733,#8735,#8737,#8739,#8741));
#8743=FACE_BOUND('',#8742,.F.);
#8745=ORIENTED_EDGE('',*,*,#8744,.T.);
#8747=ORIENTED_EDGE('',*,*,#8746,.T.);
#8749=ORIENTED_EDGE('',*,*,#8748,.F.);
#8751=ORIENTED_EDGE('',*,*,#8750,.T.);
#8753=ORIENTED_EDGE('',*,*,#8752,.T.);
#8755=ORIENTED_EDGE('',*,*,#8754,.T.);
#8757=ORIENTED_EDGE('',*,*,#8756,.T.);
#8759=ORIENTED_EDGE('',*,*,#8758,.F.);
#8761=ORIENTED_EDGE('',*,*,#8760,.T.);
#8763=ORIENTED_EDGE('',*,*,#8762,.T.);
#8765=ORIENTED_EDGE('',*,*,#8764,.T.);
#8767=ORIENTED_EDGE('',*,*,#8766,.T.);
#8769=ORIENTED_EDGE('',*,*,#8768,.F.);
#8771=ORIENTED_EDGE('',*,*,#8770,.T.);
#8773=ORIENTED_EDGE('',*,*,#8772,.T.);
#8775=ORIENTED_EDGE('',*,*,#8774,.T.);
#8777=ORIENTED_EDGE('',*,*,#8776,.F.);
#8779=ORIENTED_EDGE('',*,*,#8778,.T.);
#8781=ORIENTED_EDGE('',*,*,#8780,.T.);
#8783=ORIENTED_EDGE('',*,*,#8782,.T.);
#8785=ORIENTED_EDGE('',*,*,#8784,.T.);
#8787=ORIENTED_EDGE('',*,*,#8786,.F.);
#8789=ORIENTED_EDGE('',*,*,#8788,.T.);
#8791=ORIENTED_EDGE('',*,*,#8790,.T.);
#8793=ORIENTED_EDGE('',*,*,#8792,.T.);
#8795=ORIENTED_EDGE('',*,*,#8794,.T.);
#8797=ORIENTED_EDGE('',*,*,#8796,.F.);
#8799=ORIENTED_EDGE('',*,*,#8798,.T.);
#8801=ORIENTED_EDGE('',*,*,#8800,.T.);
#8803=ORIENTED_EDGE('',*,*,#8802,.T.);
#8805=ORIENTED_EDGE('',*,*,#8804,.T.);
#8807=ORIENTED_EDGE('',*,*,#8806,.F.);
#8809=ORIENTED_EDGE('',*,*,#8808,.T.);
#8811=ORIENTED_EDGE('',*,*,#8810,.T.);
#8813=ORIENTED_EDGE('',*,*,#8812,.F.);
#8815=ORIENTED_EDGE('',*,*,#8814,.F.);
#8817=ORIENTED_EDGE('',*,*,#8816,.F.);
#8819=ORIENTED_EDGE('',*,*,#8818,.F.);
#8821=ORIENTED_EDGE('',*,*,#8820,.F.);
#8823=ORIENTED_EDGE('',*,*,#8822,.F.);
#8824=EDGE_LOOP('',(#8745,#8747,#8749,#8751,#8753,#8755,#8757,#8759,#8761,#8763,
#8765,#8767,#8769,#8771,#8773,#8775,#8777,#8779,#8781,#8783,#8785,#8787,#8789,
#8791,#8793,#8795,#8797,#8799,#8801,#8803,#8805,#8807,#8809,#8811,#8813,#8815,
#8817,#8819,#8821,#8823));
#8825=FACE_BOUND('',#8824,.F.);
#8827=ORIENTED_EDGE('',*,*,#8826,.F.);
#8829=ORIENTED_EDGE('',*,*,#8828,.T.);
#8831=ORIENTED_EDGE('',*,*,#8830,.T.);
#8833=ORIENTED_EDGE('',*,*,#8832,.T.);
#8835=ORIENTED_EDGE('',*,*,#8834,.T.);
#8837=ORIENTED_EDGE('',*,*,#8836,.T.);
#8839=ORIENTED_EDGE('',*,*,#8838,.T.);
#8841=ORIENTED_EDGE('',*,*,#8840,.T.);
#8843=ORIENTED_EDGE('',*,*,#8842,.T.);
#8845=ORIENTED_EDGE('',*,*,#8844,.T.);
#8847=ORIENTED_EDGE('',*,*,#8846,.T.);
#8849=ORIENTED_EDGE('',*,*,#8848,.T.);
#8851=ORIENTED_EDGE('',*,*,#8850,.T.);
#8853=ORIENTED_EDGE('',*,*,#8852,.F.);
#8855=ORIENTED_EDGE('',*,*,#8854,.T.);
#8857=ORIENTED_EDGE('',*,*,#8856,.T.);
#8859=ORIENTED_EDGE('',*,*,#8858,.T.);
#8861=ORIENTED_EDGE('',*,*,#8860,.T.);
#8863=ORIENTED_EDGE('',*,*,#8862,.T.);
#8865=ORIENTED_EDGE('',*,*,#8864,.T.);
#8867=ORIENTED_EDGE('',*,*,#8866,.T.);
#8869=ORIENTED_EDGE('',*,*,#8868,.T.);
#8871=ORIENTED_EDGE('',*,*,#8870,.T.);
#8873=ORIENTED_EDGE('',*,*,#8872,.T.);
#8875=ORIENTED_EDGE('',*,*,#8874,.T.);
#8877=ORIENTED_EDGE('',*,*,#8876,.T.);
#8878=EDGE_LOOP('',(#8827,#8829,#8831,#8833,#8835,#8837,#8839,#8841,#8843,#8845,
#8847,#8849,#8851,#8853,#8855,#8857,#8859,#8861,#8863,#8865,#8867,#8869,#8871,
#8873,#8875,#8877));
#8879=FACE_BOUND('',#8878,.F.);
#8881=ORIENTED_EDGE('',*,*,#8880,.T.);
#8883=ORIENTED_EDGE('',*,*,#8882,.T.);
#8885=ORIENTED_EDGE('',*,*,#8884,.T.);
#8887=ORIENTED_EDGE('',*,*,#8886,.F.);
#8889=ORIENTED_EDGE('',*,*,#8888,.T.);
#8891=ORIENTED_EDGE('',*,*,#8890,.T.);
#8893=ORIENTED_EDGE('',*,*,#8892,.T.);
#8895=ORIENTED_EDGE('',*,*,#8894,.T.);
#8897=ORIENTED_EDGE('',*,*,#8896,.F.);
#8899=ORIENTED_EDGE('',*,*,#8898,.T.);
#8901=ORIENTED_EDGE('',*,*,#8900,.T.);
#8903=ORIENTED_EDGE('',*,*,#8902,.T.);
#8905=ORIENTED_EDGE('',*,*,#8904,.T.);
#8907=ORIENTED_EDGE('',*,*,#8906,.F.);
#8909=ORIENTED_EDGE('',*,*,#8908,.T.);
#8911=ORIENTED_EDGE('',*,*,#8910,.T.);
#8913=ORIENTED_EDGE('',*,*,#8912,.T.);
#8915=ORIENTED_EDGE('',*,*,#8914,.T.);
#8917=ORIENTED_EDGE('',*,*,#8916,.T.);
#8919=ORIENTED_EDGE('',*,*,#8918,.T.);
#8921=ORIENTED_EDGE('',*,*,#8920,.F.);
#8923=ORIENTED_EDGE('',*,*,#8922,.T.);
#8925=ORIENTED_EDGE('',*,*,#8924,.T.);
#8927=ORIENTED_EDGE('',*,*,#8926,.T.);
#8929=ORIENTED_EDGE('',*,*,#8928,.T.);
#8931=ORIENTED_EDGE('',*,*,#8930,.F.);
#8933=ORIENTED_EDGE('',*,*,#8932,.T.);
#8935=ORIENTED_EDGE('',*,*,#8934,.T.);
#8937=ORIENTED_EDGE('',*,*,#8936,.T.);
#8939=ORIENTED_EDGE('',*,*,#8938,.T.);
#8941=ORIENTED_EDGE('',*,*,#8940,.F.);
#8943=ORIENTED_EDGE('',*,*,#8942,.T.);
#8945=ORIENTED_EDGE('',*,*,#8944,.T.);
#8947=ORIENTED_EDGE('',*,*,#8946,.T.);
#8948=EDGE_LOOP('',(#8881,#8883,#8885,#8887,#8889,#8891,#8893,#8895,#8897,#8899,
#8901,#8903,#8905,#8907,#8909,#8911,#8913,#8915,#8917,#8919,#8921,#8923,#8925,
#8927,#8929,#8931,#8933,#8935,#8937,#8939,#8941,#8943,#8945,#8947));
#8949=FACE_BOUND('',#8948,.F.);
#8951=ORIENTED_EDGE('',*,*,#8950,.F.);
#8953=ORIENTED_EDGE('',*,*,#8952,.F.);
#8955=ORIENTED_EDGE('',*,*,#8954,.T.);
#8957=ORIENTED_EDGE('',*,*,#8956,.F.);
#8959=ORIENTED_EDGE('',*,*,#8958,.T.);
#8961=ORIENTED_EDGE('',*,*,#8960,.F.);
#8963=ORIENTED_EDGE('',*,*,#8962,.F.);
#8964=EDGE_LOOP('',(#8951,#8953,#8955,#8957,#8959,#8961,#8963));
#8965=FACE_BOUND('',#8964,.F.);
#8967=ORIENTED_EDGE('',*,*,#8966,.T.);
#8969=ORIENTED_EDGE('',*,*,#8968,.T.);
#8971=ORIENTED_EDGE('',*,*,#8970,.F.);
#8973=ORIENTED_EDGE('',*,*,#8972,.T.);
#8975=ORIENTED_EDGE('',*,*,#8974,.T.);
#8977=ORIENTED_EDGE('',*,*,#8976,.T.);
#8979=ORIENTED_EDGE('',*,*,#8978,.T.);
#8981=ORIENTED_EDGE('',*,*,#8980,.T.);
#8983=ORIENTED_EDGE('',*,*,#8982,.T.);
#8985=ORIENTED_EDGE('',*,*,#8984,.F.);
#8987=ORIENTED_EDGE('',*,*,#8986,.T.);
#8989=ORIENTED_EDGE('',*,*,#8988,.T.);
#8991=ORIENTED_EDGE('',*,*,#8990,.T.);
#8993=ORIENTED_EDGE('',*,*,#8992,.T.);
#8995=ORIENTED_EDGE('',*,*,#8994,.F.);
#8997=ORIENTED_EDGE('',*,*,#8996,.T.);
#8999=ORIENTED_EDGE('',*,*,#8998,.T.);
#9001=ORIENTED_EDGE('',*,*,#9000,.T.);
#9003=ORIENTED_EDGE('',*,*,#9002,.T.);
#9005=ORIENTED_EDGE('',*,*,#9004,.F.);
#9007=ORIENTED_EDGE('',*,*,#9006,.T.);
#9009=ORIENTED_EDGE('',*,*,#9008,.T.);
#9011=ORIENTED_EDGE('',*,*,#9010,.T.);
#9013=ORIENTED_EDGE('',*,*,#9012,.F.);
#9015=ORIENTED_EDGE('',*,*,#9014,.T.);
#9017=ORIENTED_EDGE('',*,*,#9016,.T.);
#9019=ORIENTED_EDGE('',*,*,#9018,.T.);
#9021=ORIENTED_EDGE('',*,*,#9020,.F.);
#9023=ORIENTED_EDGE('',*,*,#9022,.T.);
#9025=ORIENTED_EDGE('',*,*,#9024,.T.);
#9027=ORIENTED_EDGE('',*,*,#9026,.T.);
#9029=ORIENTED_EDGE('',*,*,#9028,.F.);
#9031=ORIENTED_EDGE('',*,*,#9030,.F.);
#9033=ORIENTED_EDGE('',*,*,#9032,.F.);
#9035=ORIENTED_EDGE('',*,*,#9034,.T.);
#9037=ORIENTED_EDGE('',*,*,#9036,.T.);
#9039=ORIENTED_EDGE('',*,*,#9038,.T.);
#9041=ORIENTED_EDGE('',*,*,#9040,.F.);
#9043=ORIENTED_EDGE('',*,*,#9042,.T.);
#9045=ORIENTED_EDGE('',*,*,#9044,.T.);
#9047=ORIENTED_EDGE('',*,*,#9046,.T.);
#9049=ORIENTED_EDGE('',*,*,#9048,.T.);
#9051=ORIENTED_EDGE('',*,*,#9050,.F.);
#9053=ORIENTED_EDGE('',*,*,#9052,.T.);
#9055=ORIENTED_EDGE('',*,*,#9054,.T.);
#9057=ORIENTED_EDGE('',*,*,#9056,.T.);
#9059=ORIENTED_EDGE('',*,*,#9058,.T.);
#9061=ORIENTED_EDGE('',*,*,#9060,.F.);
#9063=ORIENTED_EDGE('',*,*,#9062,.T.);
#9065=ORIENTED_EDGE('',*,*,#9064,.T.);
#9067=ORIENTED_EDGE('',*,*,#9066,.T.);
#9069=ORIENTED_EDGE('',*,*,#9068,.T.);
#9071=ORIENTED_EDGE('',*,*,#9070,.T.);
#9073=ORIENTED_EDGE('',*,*,#9072,.F.);
#9075=ORIENTED_EDGE('',*,*,#9074,.T.);
#9077=ORIENTED_EDGE('',*,*,#9076,.T.);
#9079=ORIENTED_EDGE('',*,*,#9078,.T.);
#9080=EDGE_LOOP('',(#8967,#8969,#8971,#8973,#8975,#8977,#8979,#8981,#8983,#8985,
#8987,#8989,#8991,#8993,#8995,#8997,#8999,#9001,#9003,#9005,#9007,#9009,#9011,
#9013,#9015,#9017,#9019,#9021,#9023,#9025,#9027,#9029,#9031,#9033,#9035,#9037,
#9039,#9041,#9043,#9045,#9047,#9049,#9051,#9053,#9055,#9057,#9059,#9061,#9063,
#9065,#9067,#9069,#9071,#9073,#9075,#9077,#9079));
#9081=FACE_BOUND('',#9080,.F.);
#9083=ORIENTED_EDGE('',*,*,#9082,.T.);
#9085=ORIENTED_EDGE('',*,*,#9084,.F.);
#9087=ORIENTED_EDGE('',*,*,#9086,.F.);
#9089=ORIENTED_EDGE('',*,*,#9088,.F.);
#9091=ORIENTED_EDGE('',*,*,#9090,.F.);
#9093=ORIENTED_EDGE('',*,*,#9092,.F.);
#9095=ORIENTED_EDGE('',*,*,#9094,.F.);
#9097=ORIENTED_EDGE('',*,*,#9096,.F.);
#9099=ORIENTED_EDGE('',*,*,#9098,.F.);
#9101=ORIENTED_EDGE('',*,*,#9100,.F.);
#9103=ORIENTED_EDGE('',*,*,#9102,.F.);
#9104=EDGE_LOOP('',(#9083,#9085,#9087,#9089,#9091,#9093,#9095,#9097,#9099,#9101,
#9103));
#9105=FACE_BOUND('',#9104,.F.);
#9107=ORIENTED_EDGE('',*,*,#9106,.T.);
#9109=ORIENTED_EDGE('',*,*,#9108,.T.);
#9111=ORIENTED_EDGE('',*,*,#9110,.T.);
#9113=ORIENTED_EDGE('',*,*,#9112,.F.);
#9115=ORIENTED_EDGE('',*,*,#9114,.T.);
#9117=ORIENTED_EDGE('',*,*,#9116,.T.);
#9119=ORIENTED_EDGE('',*,*,#9118,.F.);
#9121=ORIENTED_EDGE('',*,*,#9120,.T.);
#9123=ORIENTED_EDGE('',*,*,#9122,.T.);
#9125=ORIENTED_EDGE('',*,*,#9124,.T.);
#9127=ORIENTED_EDGE('',*,*,#9126,.T.);
#9129=ORIENTED_EDGE('',*,*,#9128,.T.);
#9131=ORIENTED_EDGE('',*,*,#9130,.F.);
#9133=ORIENTED_EDGE('',*,*,#9132,.T.);
#9135=ORIENTED_EDGE('',*,*,#9134,.T.);
#9137=ORIENTED_EDGE('',*,*,#9136,.T.);
#9139=ORIENTED_EDGE('',*,*,#9138,.F.);
#9141=ORIENTED_EDGE('',*,*,#9140,.T.);
#9143=ORIENTED_EDGE('',*,*,#9142,.T.);
#9145=ORIENTED_EDGE('',*,*,#9144,.T.);
#9147=ORIENTED_EDGE('',*,*,#9146,.T.);
#9149=ORIENTED_EDGE('',*,*,#9148,.F.);
#9151=ORIENTED_EDGE('',*,*,#9150,.T.);
#9153=ORIENTED_EDGE('',*,*,#9152,.T.);
#9155=ORIENTED_EDGE('',*,*,#9154,.T.);
#9157=ORIENTED_EDGE('',*,*,#9156,.T.);
#9159=ORIENTED_EDGE('',*,*,#9158,.T.);
#9161=ORIENTED_EDGE('',*,*,#9160,.F.);
#9163=ORIENTED_EDGE('',*,*,#9162,.T.);
#9165=ORIENTED_EDGE('',*,*,#9164,.T.);
#9167=ORIENTED_EDGE('',*,*,#9166,.T.);
#9169=ORIENTED_EDGE('',*,*,#9168,.T.);
#9171=ORIENTED_EDGE('',*,*,#9170,.T.);
#9173=ORIENTED_EDGE('',*,*,#9172,.F.);
#9175=ORIENTED_EDGE('',*,*,#9174,.T.);
#9177=ORIENTED_EDGE('',*,*,#9176,.T.);
#9179=ORIENTED_EDGE('',*,*,#9178,.T.);
#9181=ORIENTED_EDGE('',*,*,#9180,.T.);
#9183=ORIENTED_EDGE('',*,*,#9182,.F.);
#9185=ORIENTED_EDGE('',*,*,#9184,.T.);
#9186=EDGE_LOOP('',(#9107,#9109,#9111,#9113,#9115,#9117,#9119,#9121,#9123,#9125,
#9127,#9129,#9131,#9133,#9135,#9137,#9139,#9141,#9143,#9145,#9147,#9149,#9151,
#9153,#9155,#9157,#9159,#9161,#9163,#9165,#9167,#9169,#9171,#9173,#9175,#9177,
#9179,#9181,#9183,#9185));
#9187=FACE_BOUND('',#9186,.F.);
#9189=ORIENTED_EDGE('',*,*,#9188,.F.);
#9191=ORIENTED_EDGE('',*,*,#9190,.T.);
#9193=ORIENTED_EDGE('',*,*,#9192,.T.);
#9195=ORIENTED_EDGE('',*,*,#9194,.T.);
#9197=ORIENTED_EDGE('',*,*,#9196,.T.);
#9199=ORIENTED_EDGE('',*,*,#9198,.T.);
#9201=ORIENTED_EDGE('',*,*,#9200,.T.);
#9203=ORIENTED_EDGE('',*,*,#9202,.T.);
#9205=ORIENTED_EDGE('',*,*,#9204,.T.);
#9207=ORIENTED_EDGE('',*,*,#9206,.T.);
#9209=ORIENTED_EDGE('',*,*,#9208,.T.);
#9211=ORIENTED_EDGE('',*,*,#9210,.T.);
#9213=ORIENTED_EDGE('',*,*,#9212,.T.);
#9215=ORIENTED_EDGE('',*,*,#9214,.F.);
#9217=ORIENTED_EDGE('',*,*,#9216,.T.);
#9219=ORIENTED_EDGE('',*,*,#9218,.T.);
#9221=ORIENTED_EDGE('',*,*,#9220,.T.);
#9223=ORIENTED_EDGE('',*,*,#9222,.T.);
#9225=ORIENTED_EDGE('',*,*,#9224,.T.);
#9227=ORIENTED_EDGE('',*,*,#9226,.T.);
#9229=ORIENTED_EDGE('',*,*,#9228,.T.);
#9231=ORIENTED_EDGE('',*,*,#9230,.T.);
#9233=ORIENTED_EDGE('',*,*,#9232,.T.);
#9235=ORIENTED_EDGE('',*,*,#9234,.T.);
#9237=ORIENTED_EDGE('',*,*,#9236,.T.);
#9239=ORIENTED_EDGE('',*,*,#9238,.T.);
#9240=EDGE_LOOP('',(#9189,#9191,#9193,#9195,#9197,#9199,#9201,#9203,#9205,#9207,
#9209,#9211,#9213,#9215,#9217,#9219,#9221,#9223,#9225,#9227,#9229,#9231,#9233,
#9235,#9237,#9239));
#9241=FACE_BOUND('',#9240,.F.);
#9243=ORIENTED_EDGE('',*,*,#9242,.T.);
#9245=ORIENTED_EDGE('',*,*,#9244,.T.);
#9246=EDGE_LOOP('',(#9243,#9245));
#9247=FACE_BOUND('',#9246,.F.);
#9249=FILL_AREA_STYLE_COLOUR('',#2);
#9250=FILL_AREA_STYLE('',(#9249));
#9251=SURFACE_STYLE_FILL_AREA(#9250);
#9252=SURFACE_SIDE_STYLE('',(#9251));
#9253=SURFACE_STYLE_USAGE(.BOTH.,#9252);
#9254=PRESENTATION_STYLE_ASSIGNMENT((#9253));
#9255=STYLED_ITEM('',(#9254),#9248);
#9256=CARTESIAN_POINT('',(2.E-1,7.9398E0,2.E-1));
#9257=DIRECTION('',(0.E0,1.E0,0.E0));
#9258=DIRECTION('',(1.E0,0.E0,0.E0));
#9259=AXIS2_PLACEMENT_3D('',#9256,#9257,#9258);
#9260=CYLINDRICAL_SURFACE('',#9259,2.202780668807E0);
#9261=ORIENTED_EDGE('',*,*,#8720,.F.);
#9263=ORIENTED_EDGE('',*,*,#9262,.F.);
#9265=ORIENTED_EDGE('',*,*,#9264,.F.);
#9267=ORIENTED_EDGE('',*,*,#9266,.F.);
#9268=EDGE_LOOP('',(#9261,#9263,#9265,#9267));
#9269=FACE_OUTER_BOUND('',#9268,.F.);
#9271=FILL_AREA_STYLE_COLOUR('',#2);
#9272=FILL_AREA_STYLE('',(#9271));
#9273=SURFACE_STYLE_FILL_AREA(#9272);
#9274=SURFACE_SIDE_STYLE('',(#9273));
#9275=SURFACE_STYLE_USAGE(.BOTH.,#9274);
#9276=PRESENTATION_STYLE_ASSIGNMENT((#9275));
#9277=STYLED_ITEM('',(#9276),#9270);
#9278=CARTESIAN_POINT('',(-5.484827557299E-1,7.945E0,-2.530483961442E0));
#9279=DIRECTION('',(8.660254037845E-1,0.E0,4.999999999998E-1));
#9280=DIRECTION('',(-4.999999999998E-1,0.E0,8.660254037845E-1));
#9281=AXIS2_PLACEMENT_3D('',#9278,#9279,#9280);
#9282=PLANE('',#9281);
#9283=ORIENTED_EDGE('',*,*,#8724,.F.);
#9285=ORIENTED_EDGE('',*,*,#9284,.F.);
#9287=ORIENTED_EDGE('',*,*,#9286,.F.);
#9288=ORIENTED_EDGE('',*,*,#9262,.T.);
#9289=EDGE_LOOP('',(#9283,#9285,#9287,#9288));
#9290=FACE_OUTER_BOUND('',#9289,.F.);
#9292=FILL_AREA_STYLE_COLOUR('',#2);
#9293=FILL_AREA_STYLE('',(#9292));
#9294=SURFACE_STYLE_FILL_AREA(#9293);
#9295=SURFACE_SIDE_STYLE('',(#9294));
#9296=SURFACE_STYLE_USAGE(.BOTH.,#9295);
#9297=PRESENTATION_STYLE_ASSIGNMENT((#9296));
#9298=STYLED_ITEM('',(#9297),#9291);
#9299=CARTESIAN_POINT('',(4.618802153517E-1,7.945E0,-2.680483961442E0));
#9300=DIRECTION('',(8.660254037844E-1,0.E0,-5.E-1));
#9301=DIRECTION('',(-5.E-1,0.E0,-8.660254037844E-1));
#9302=AXIS2_PLACEMENT_3D('',#9299,#9300,#9301);
#9303=PLANE('',#9302);
#9304=ORIENTED_EDGE('',*,*,#8722,.F.);
#9305=ORIENTED_EDGE('',*,*,#9266,.T.);
#9307=ORIENTED_EDGE('',*,*,#9306,.F.);
#9308=ORIENTED_EDGE('',*,*,#9284,.T.);
#9309=EDGE_LOOP('',(#9304,#9305,#9307,#9308));
#9310=FACE_OUTER_BOUND('',#9309,.F.);
#9312=FILL_AREA_STYLE_COLOUR('',#2);
#9313=FILL_AREA_STYLE('',(#9312));
#9314=SURFACE_STYLE_FILL_AREA(#9313);
#9315=SURFACE_SIDE_STYLE('',(#9314));
#9316=SURFACE_STYLE_USAGE(.BOTH.,#9315);
#9317=PRESENTATION_STYLE_ASSIGNMENT((#9316));
#9318=STYLED_ITEM('',(#9317),#9311);
#9319=CARTESIAN_POINT('',(-8.660254037840E-2,7.94E0,-2.530483961442E0));
#9320=DIRECTION('',(0.E0,1.E0,0.E0));
#9321=DIRECTION('',(1.E0,0.E0,0.E0));
#9322=AXIS2_PLACEMENT_3D('',#9319,#9320,#9321);
#9323=PLANE('',#9322);
#9324=ORIENTED_EDGE('',*,*,#9264,.T.);
#9325=ORIENTED_EDGE('',*,*,#9286,.T.);
#9326=ORIENTED_EDGE('',*,*,#9306,.T.);
#9327=EDGE_LOOP('',(#9324,#9325,#9326));
#9328=FACE_OUTER_BOUND('',#9327,.F.);
#9330=ORIENTED_EDGE('',*,*,#9329,.T.);
#9332=ORIENTED_EDGE('',*,*,#9331,.T.);
#9334=ORIENTED_EDGE('',*,*,#9333,.T.);
#9335=EDGE_LOOP('',(#9330,#9332,#9334));
#9336=FACE_BOUND('',#9335,.F.);
#9338=FILL_AREA_STYLE_COLOUR('',#1);
#9339=FILL_AREA_STYLE('',(#9338));
#9340=SURFACE_STYLE_FILL_AREA(#9339);
#9341=SURFACE_SIDE_STYLE('',(#9340));
#9342=SURFACE_STYLE_USAGE(.BOTH.,#9341);
#9343=PRESENTATION_STYLE_ASSIGNMENT((#9342));
#9344=STYLED_ITEM('',(#9343),#9337);
#9345=CARTESIAN_POINT('',(3.567061120898E-1,7.945E0,-2.662650851933E0));
#9346=DIRECTION('',(8.660254037845E-1,0.E0,-4.999999999999E-1));
#9347=DIRECTION('',(4.999999999999E-1,0.E0,8.660254037845E-1));
#9348=AXIS2_PLACEMENT_3D('',#9345,#9346,#9347);
#9349=PLANE('',#9348);
#9351=ORIENTED_EDGE('',*,*,#9350,.F.);
#9353=ORIENTED_EDGE('',*,*,#9352,.F.);
#9354=ORIENTED_EDGE('',*,*,#9329,.F.);
#9356=ORIENTED_EDGE('',*,*,#9355,.F.);
#9357=EDGE_LOOP('',(#9351,#9353,#9354,#9356));
#9358=FACE_OUTER_BOUND('',#9357,.F.);
#9360=FILL_AREA_STYLE_COLOUR('',#2);
#9361=FILL_AREA_STYLE('',(#9360));
#9362=SURFACE_STYLE_FILL_AREA(#9361);
#9363=SURFACE_SIDE_STYLE('',(#9362));
#9364=SURFACE_STYLE_USAGE(.BOTH.,#9363);
#9365=PRESENTATION_STYLE_ASSIGNMENT((#9364));
#9366=STYLED_ITEM('',(#9365),#9359);
#9367=CARTESIAN_POINT('',(-5.153631012184E-2,7.95E0,-2.573387344366E0));
#9368=DIRECTION('',(0.E0,1.E0,0.E0));
#9369=DIRECTION('',(1.E0,0.E0,0.E0));
#9370=AXIS2_PLACEMENT_3D('',#9367,#9368,#9369);
#9371=PLANE('',#9370);
#9372=ORIENTED_EDGE('',*,*,#9350,.T.);
#9374=ORIENTED_EDGE('',*,*,#9373,.T.);
#9376=ORIENTED_EDGE('',*,*,#9375,.T.);
#9377=EDGE_LOOP('',(#9372,#9374,#9376));
#9378=FACE_OUTER_BOUND('',#9377,.F.);
#9380=FILL_AREA_STYLE_COLOUR('',#2);
#9381=FILL_AREA_STYLE('',(#9380));
#9382=SURFACE_STYLE_FILL_AREA(#9381);
#9383=SURFACE_SIDE_STYLE('',(#9382));
#9384=SURFACE_STYLE_USAGE(.BOTH.,#9383);
#9385=PRESENTATION_STYLE_ASSIGNMENT((#9384));
#9386=STYLED_ITEM('',(#9385),#9379);
#9387=CARTESIAN_POINT('',(2.E-1,7.9398E0,2.E-1));
#9388=DIRECTION('',(0.E0,1.E0,0.E0));
#9389=DIRECTION('',(1.E0,0.E0,0.E0));
#9390=AXIS2_PLACEMENT_3D('',#9387,#9388,#9389);
#9391=CYLINDRICAL_SURFACE('',#9390,2.302780668807E0);
#9392=ORIENTED_EDGE('',*,*,#9373,.F.);
#9393=ORIENTED_EDGE('',*,*,#9355,.T.);
#9394=ORIENTED_EDGE('',*,*,#9333,.F.);
#9396=ORIENTED_EDGE('',*,*,#9395,.T.);
#9397=EDGE_LOOP('',(#9392,#9393,#9394,#9396));
#9398=FACE_OUTER_BOUND('',#9397,.F.);
#9400=FILL_AREA_STYLE_COLOUR('',#2);
#9401=FILL_AREA_STYLE('',(#9400));
#9402=SURFACE_STYLE_FILL_AREA(#9401);
#9403=SURFACE_SIDE_STYLE('',(#9402));
#9404=SURFACE_STYLE_USAGE(.BOTH.,#9403);
#9405=PRESENTATION_STYLE_ASSIGNMENT((#9404));
#9406=STYLED_ITEM('',(#9405),#9399);
#9407=CARTESIAN_POINT('',(-4.082424222116E-1,7.945E0,-2.573387344367E0));
#9408=DIRECTION('',(8.660254037844E-1,0.E0,5.E-1));
#9409=DIRECTION('',(5.E-1,0.E0,-8.660254037844E-1));
#9410=AXIS2_PLACEMENT_3D('',#9407,#9408,#9409);
#9411=PLANE('',#9410);
#9412=ORIENTED_EDGE('',*,*,#9375,.F.);
#9413=ORIENTED_EDGE('',*,*,#9395,.F.);
#9414=ORIENTED_EDGE('',*,*,#9331,.F.);
#9415=ORIENTED_EDGE('',*,*,#9352,.T.);
#9416=EDGE_LOOP('',(#9412,#9413,#9414,#9415));
#9417=FACE_OUTER_BOUND('',#9416,.F.);
#9419=FILL_AREA_STYLE_COLOUR('',#2);
#9420=FILL_AREA_STYLE('',(#9419));
#9421=SURFACE_STYLE_FILL_AREA(#9420);
#9422=SURFACE_SIDE_STYLE('',(#9421));
#9423=SURFACE_STYLE_USAGE(.BOTH.,#9422);
#9424=PRESENTATION_STYLE_ASSIGNMENT((#9423));
#9425=STYLED_ITEM('',(#9424),#9418);
#9426=CARTESIAN_POINT('',(-9.25E-1,7.945E0,-5.5E-1));
#9427=DIRECTION('',(1.E0,0.E0,0.E0));
#9428=DIRECTION('',(0.E0,0.E0,-1.E0));
#9429=AXIS2_PLACEMENT_3D('',#9426,#9427,#9428);
#9430=PLANE('',#9429);
#9431=ORIENTED_EDGE('',*,*,#8728,.T.);
#9433=ORIENTED_EDGE('',*,*,#9432,.F.);
#9435=ORIENTED_EDGE('',*,*,#9434,.T.);
#9437=ORIENTED_EDGE('',*,*,#9436,.F.);
#9438=EDGE_LOOP('',(#9431,#9433,#9435,#9437));
#9439=FACE_OUTER_BOUND('',#9438,.F.);
#9441=FILL_AREA_STYLE_COLOUR('',#2);
#9442=FILL_AREA_STYLE('',(#9441));
#9443=SURFACE_STYLE_FILL_AREA(#9442);
#9444=SURFACE_SIDE_STYLE('',(#9443));
#9445=SURFACE_STYLE_USAGE(.BOTH.,#9444);
#9446=PRESENTATION_STYLE_ASSIGNMENT((#9445));
#9447=STYLED_ITEM('',(#9446),#9440);
#9448=CARTESIAN_POINT('',(-9.9375E-1,7.945E0,0.E0));
#9449=DIRECTION('',(0.E0,0.E0,1.E0));
#9450=DIRECTION('',(1.E0,0.E0,0.E0));
#9451=AXIS2_PLACEMENT_3D('',#9448,#9449,#9450);
#9452=PLANE('',#9451);
#9453=ORIENTED_EDGE('',*,*,#8740,.T.);
#9455=ORIENTED_EDGE('',*,*,#9454,.F.);
#9457=ORIENTED_EDGE('',*,*,#9456,.T.);
#9458=ORIENTED_EDGE('',*,*,#9432,.T.);
#9459=EDGE_LOOP('',(#9453,#9455,#9457,#9458));
#9460=FACE_OUTER_BOUND('',#9459,.F.);
#9462=FILL_AREA_STYLE_COLOUR('',#2);
#9463=FILL_AREA_STYLE('',(#9462));
#9464=SURFACE_STYLE_FILL_AREA(#9463);
#9465=SURFACE_SIDE_STYLE('',(#9464));
#9466=SURFACE_STYLE_USAGE(.BOTH.,#9465);
#9467=PRESENTATION_STYLE_ASSIGNMENT((#9466));
#9468=STYLED_ITEM('',(#9467),#9461);
#9469=CARTESIAN_POINT('',(-1.0625E0,7.945E0,-4.563829898834E-1));
#9470=DIRECTION('',(1.E0,0.E0,0.E0));
#9471=DIRECTION('',(0.E0,0.E0,1.E0));
#9472=AXIS2_PLACEMENT_3D('',#9469,#9470,#9471);
#9473=PLANE('',#9472);
#9474=ORIENTED_EDGE('',*,*,#8738,.T.);
#9476=ORIENTED_EDGE('',*,*,#9475,.F.);
#9478=ORIENTED_EDGE('',*,*,#9477,.T.);
#9479=ORIENTED_EDGE('',*,*,#9454,.T.);
#9480=EDGE_LOOP('',(#9474,#9476,#9478,#9479));
#9481=FACE_OUTER_BOUND('',#9480,.F.);
#9483=FILL_AREA_STYLE_COLOUR('',#2);
#9484=FILL_AREA_STYLE('',(#9483));
#9485=SURFACE_STYLE_FILL_AREA(#9484);
#9486=SURFACE_SIDE_STYLE('',(#9485));
#9487=SURFACE_STYLE_USAGE(.BOTH.,#9486);
#9488=PRESENTATION_STYLE_ASSIGNMENT((#9487));
#9489=STYLED_ITEM('',(#9488),#9482);
#9490=CARTESIAN_POINT('',(-1.13125E0,7.945E0,-8.308510631322E-1));
#9491=DIRECTION('',(7.659743427826E-1,0.E0,6.428711427641E-1));
#9492=DIRECTION('',(6.428711427641E-1,0.E0,-7.659743427826E-1));
#9493=AXIS2_PLACEMENT_3D('',#9490,#9491,#9492);
#9494=PLANE('',#9493);
#9495=ORIENTED_EDGE('',*,*,#8736,.F.);
#9497=ORIENTED_EDGE('',*,*,#9496,.F.);
#9499=ORIENTED_EDGE('',*,*,#9498,.F.);
#9500=ORIENTED_EDGE('',*,*,#9475,.T.);
#9501=EDGE_LOOP('',(#9495,#9497,#9499,#9500));
#9502=FACE_OUTER_BOUND('',#9501,.F.);
#9504=FILL_AREA_STYLE_COLOUR('',#2);
#9505=FILL_AREA_STYLE('',(#9504));
#9506=SURFACE_STYLE_FILL_AREA(#9505);
#9507=SURFACE_SIDE_STYLE('',(#9506));
#9508=SURFACE_STYLE_USAGE(.BOTH.,#9507);
#9509=PRESENTATION_STYLE_ASSIGNMENT((#9508));
#9510=STYLED_ITEM('',(#9509),#9503);
#9511=CARTESIAN_POINT('',(-1.2E0,7.945E0,-8.425531893969E-1));
#9512=DIRECTION('',(1.E0,0.E0,0.E0));
#9513=DIRECTION('',(0.E0,0.E0,1.E0));
#9514=AXIS2_PLACEMENT_3D('',#9511,#9512,#9513);
#9515=PLANE('',#9514);
#9516=ORIENTED_EDGE('',*,*,#8734,.T.);
#9518=ORIENTED_EDGE('',*,*,#9517,.F.);
#9520=ORIENTED_EDGE('',*,*,#9519,.T.);
#9521=ORIENTED_EDGE('',*,*,#9496,.T.);
#9522=EDGE_LOOP('',(#9516,#9518,#9520,#9521));
#9523=FACE_OUTER_BOUND('',#9522,.F.);
#9525=FILL_AREA_STYLE_COLOUR('',#2);
#9526=FILL_AREA_STYLE('',(#9525));
#9527=SURFACE_STYLE_FILL_AREA(#9526);
#9528=SURFACE_SIDE_STYLE('',(#9527));
#9529=SURFACE_STYLE_USAGE(.BOTH.,#9528);
#9530=PRESENTATION_STYLE_ASSIGNMENT((#9529));
#9531=STYLED_ITEM('',(#9530),#9524);
#9532=CARTESIAN_POINT('',(-1.13125E0,7.945E0,-1.018085116148E0));
#9533=DIRECTION('',(7.659742160908E-1,0.E0,6.428712937160E-1));
#9534=DIRECTION('',(-6.428712937160E-1,0.E0,7.659742160908E-1));
#9535=AXIS2_PLACEMENT_3D('',#9532,#9533,#9534);
#9536=PLANE('',#9535);
#9537=ORIENTED_EDGE('',*,*,#8732,.F.);
#9539=ORIENTED_EDGE('',*,*,#9538,.F.);
#9541=ORIENTED_EDGE('',*,*,#9540,.F.);
#9542=ORIENTED_EDGE('',*,*,#9517,.T.);
#9543=EDGE_LOOP('',(#9537,#9539,#9541,#9542));
#9544=FACE_OUTER_BOUND('',#9543,.F.);
#9546=FILL_AREA_STYLE_COLOUR('',#2);
#9547=FILL_AREA_STYLE('',(#9546));
#9548=SURFACE_STYLE_FILL_AREA(#9547);
#9549=SURFACE_SIDE_STYLE('',(#9548));
#9550=SURFACE_STYLE_USAGE(.BOTH.,#9549);
#9551=PRESENTATION_STYLE_ASSIGNMENT((#9550));
#9552=STYLED_ITEM('',(#9551),#9545);
#9553=CARTESIAN_POINT('',(-9.9375E-1,7.945E0,-1.1E0));
#9554=DIRECTION('',(0.E0,0.E0,1.E0));
#9555=DIRECTION('',(-1.E0,0.E0,0.E0));
#9556=AXIS2_PLACEMENT_3D('',#9553,#9554,#9555);
#9557=PLANE('',#9556);
#9558=ORIENTED_EDGE('',*,*,#8730,.T.);
#9559=ORIENTED_EDGE('',*,*,#9436,.T.);
#9561=ORIENTED_EDGE('',*,*,#9560,.T.);
#9562=ORIENTED_EDGE('',*,*,#9538,.T.);
#9563=EDGE_LOOP('',(#9558,#9559,#9561,#9562));
#9564=FACE_OUTER_BOUND('',#9563,.F.);
#9566=FILL_AREA_STYLE_COLOUR('',#2);
#9567=FILL_AREA_STYLE('',(#9566));
#9568=SURFACE_STYLE_FILL_AREA(#9567);
#9569=SURFACE_SIDE_STYLE('',(#9568));
#9570=SURFACE_STYLE_USAGE(.BOTH.,#9569);
#9571=PRESENTATION_STYLE_ASSIGNMENT((#9570));
#9572=STYLED_ITEM('',(#9571),#9565);
#9573=CARTESIAN_POINT('',(-1.0625E0,7.94E0,-5.5E-1));
#9574=DIRECTION('',(0.E0,1.E0,0.E0));
#9575=DIRECTION('',(1.E0,0.E0,0.E0));
#9576=AXIS2_PLACEMENT_3D('',#9573,#9574,#9575);
#9577=PLANE('',#9576);
#9578=ORIENTED_EDGE('',*,*,#9434,.F.);
#9579=ORIENTED_EDGE('',*,*,#9456,.F.);
#9580=ORIENTED_EDGE('',*,*,#9477,.F.);
#9581=ORIENTED_EDGE('',*,*,#9498,.T.);
#9582=ORIENTED_EDGE('',*,*,#9519,.F.);
#9583=ORIENTED_EDGE('',*,*,#9540,.T.);
#9584=ORIENTED_EDGE('',*,*,#9560,.F.);
#9585=EDGE_LOOP('',(#9578,#9579,#9580,#9581,#9582,#9583,#9584));
#9586=FACE_OUTER_BOUND('',#9585,.F.);
#9588=FILL_AREA_STYLE_COLOUR('',#1);
#9589=FILL_AREA_STYLE('',(#9588));
#9590=SURFACE_STYLE_FILL_AREA(#9589);
#9591=SURFACE_SIDE_STYLE('',(#9590));
#9592=SURFACE_STYLE_USAGE(.BOTH.,#9591);
#9593=PRESENTATION_STYLE_ASSIGNMENT((#9592));
#9594=STYLED_ITEM('',(#9593),#9587);
#9595=CARTESIAN_POINT('',(-5.354166775942E-1,7.945E0,-5.265957474708E-1));
#9596=DIRECTION('',(6.080769234736E-1,0.E0,7.938781110088E-1));
#9597=DIRECTION('',(7.938781110088E-1,0.E0,-6.080769234736E-1));
#9598=AXIS2_PLACEMENT_3D('',#9595,#9596,#9597);
#9599=PLANE('',#9598);
#9600=ORIENTED_EDGE('',*,*,#8744,.F.);
#9602=ORIENTED_EDGE('',*,*,#9601,.F.);
#9604=ORIENTED_EDGE('',*,*,#9603,.F.);
#9606=ORIENTED_EDGE('',*,*,#9605,.F.);
#9607=EDGE_LOOP('',(#9600,#9602,#9604,#9606));
#9608=FACE_OUTER_BOUND('',#9607,.F.);
#9610=FILL_AREA_STYLE_COLOUR('',#2);
#9611=FILL_AREA_STYLE('',(#9610));
#9612=SURFACE_STYLE_FILL_AREA(#9611);
#9613=SURFACE_SIDE_STYLE('',(#9612));
#9614=SURFACE_STYLE_USAGE(.BOTH.,#9613);
#9615=PRESENTATION_STYLE_ASSIGNMENT((#9614));
#9616=STYLED_ITEM('',(#9615),#9609);
#9617=CARTESIAN_POINT('',(-6.614583387971E-1,7.945E0,-4.914893686771E-1));
#9618=DIRECTION('',(0.E0,0.E0,1.E0));
#9619=DIRECTION('',(1.E0,0.E0,0.E0));
#9620=AXIS2_PLACEMENT_3D('',#9617,#9618,#9619);
#9621=PLANE('',#9620);
#9622=ORIENTED_EDGE('',*,*,#8822,.T.);
#9624=ORIENTED_EDGE('',*,*,#9623,.F.);
#9626=ORIENTED_EDGE('',*,*,#9625,.T.);
#9627=ORIENTED_EDGE('',*,*,#9601,.T.);
#9628=EDGE_LOOP('',(#9622,#9624,#9626,#9627));
#9629=FACE_OUTER_BOUND('',#9628,.F.);
#9631=FILL_AREA_STYLE_COLOUR('',#2);
#9632=FILL_AREA_STYLE('',(#9631));
#9633=SURFACE_STYLE_FILL_AREA(#9632);
#9634=SURFACE_SIDE_STYLE('',(#9633));
#9635=SURFACE_STYLE_USAGE(.BOTH.,#9634);
#9636=PRESENTATION_STYLE_ASSIGNMENT((#9635));
#9637=STYLED_ITEM('',(#9636),#9630);
#9638=CARTESIAN_POINT('',(-7.416666775942E-1,7.945E0,-7.957446843385E-1));
#9639=DIRECTION('',(1.E0,0.E0,0.E0));
#9640=DIRECTION('',(0.E0,0.E0,1.E0));
#9641=AXIS2_PLACEMENT_3D('',#9638,#9639,#9640);
#9642=PLANE('',#9641);
#9643=ORIENTED_EDGE('',*,*,#8820,.T.);
#9645=ORIENTED_EDGE('',*,*,#9644,.F.);
#9647=ORIENTED_EDGE('',*,*,#9646,.T.);
#9648=ORIENTED_EDGE('',*,*,#9623,.T.);
#9649=EDGE_LOOP('',(#9643,#9645,#9647,#9648));
#9650=FACE_OUTER_BOUND('',#9649,.F.);
#9652=FILL_AREA_STYLE_COLOUR('',#2);
#9653=FILL_AREA_STYLE('',(#9652));
#9654=SURFACE_STYLE_FILL_AREA(#9653);
#9655=SURFACE_SIDE_STYLE('',(#9654));
#9656=SURFACE_STYLE_USAGE(.BOTH.,#9655);
#9657=PRESENTATION_STYLE_ASSIGNMENT((#9656));
#9658=STYLED_ITEM('',(#9657),#9651);
#9659=CARTESIAN_POINT('',(-3.520833387971E-1,7.945E0,-1.1E0));
#9660=DIRECTION('',(0.E0,0.E0,1.E0));
#9661=DIRECTION('',(-1.E0,0.E0,0.E0));
#9662=AXIS2_PLACEMENT_3D('',#9659,#9660,#9661);
#9663=PLANE('',#9662);
#9664=ORIENTED_EDGE('',*,*,#8818,.T.);
#9666=ORIENTED_EDGE('',*,*,#9665,.F.);
#9668=ORIENTED_EDGE('',*,*,#9667,.T.);
#9669=ORIENTED_EDGE('',*,*,#9644,.T.);
#9670=EDGE_LOOP('',(#9664,#9666,#9668,#9669));
#9671=FACE_OUTER_BOUND('',#9670,.F.);
#9673=FILL_AREA_STYLE_COLOUR('',#2);
#9674=FILL_AREA_STYLE('',(#9673));
#9675=SURFACE_STYLE_FILL_AREA(#9674);
#9676=SURFACE_SIDE_STYLE('',(#9675));
#9677=SURFACE_STYLE_USAGE(.BOTH.,#9676);
#9678=PRESENTATION_STYLE_ASSIGNMENT((#9677));
#9679=STYLED_ITEM('',(#9678),#9672);
#9680=CARTESIAN_POINT('',(3.75E-2,7.945E0,-1.041489368677E0));
#9681=DIRECTION('',(1.E0,0.E0,0.E0));
#9682=DIRECTION('',(0.E0,0.E0,-1.E0));
#9683=AXIS2_PLACEMENT_3D('',#9680,#9681,#9682);
#9684=PLANE('',#9683);
#9685=ORIENTED_EDGE('',*,*,#8816,.T.);
#9687=ORIENTED_EDGE('',*,*,#9686,.F.);
#9689=ORIENTED_EDGE('',*,*,#9688,.T.);
#9690=ORIENTED_EDGE('',*,*,#9665,.T.);
#9691=EDGE_LOOP('',(#9685,#9687,#9689,#9690));
#9692=FACE_OUTER_BOUND('',#9691,.F.);
#9694=FILL_AREA_STYLE_COLOUR('',#2);
#9695=FILL_AREA_STYLE('',(#9694));
#9696=SURFACE_STYLE_FILL_AREA(#9695);
#9697=SURFACE_SIDE_STYLE('',(#9696));
#9698=SURFACE_STYLE_USAGE(.BOTH.,#9697);
#9699=PRESENTATION_STYLE_ASSIGNMENT((#9698));
#9700=STYLED_ITEM('',(#9699),#9693);
#9701=CARTESIAN_POINT('',(-2.947916775942E-1,7.945E0,-9.829787373543E-1));
#9702=DIRECTION('',(0.E0,0.E0,1.E0));
#9703=DIRECTION('',(1.E0,0.E0,0.E0));
#9704=AXIS2_PLACEMENT_3D('',#9701,#9702,#9703);
#9705=PLANE('',#9704);
#9706=ORIENTED_EDGE('',*,*,#8814,.T.);
#9708=ORIENTED_EDGE('',*,*,#9707,.F.);
#9710=ORIENTED_EDGE('',*,*,#9709,.T.);
#9711=ORIENTED_EDGE('',*,*,#9686,.T.);
#9712=EDGE_LOOP('',(#9706,#9708,#9710,#9711));
#9713=FACE_OUTER_BOUND('',#9712,.F.);
#9715=FILL_AREA_STYLE_COLOUR('',#2);
#9716=FILL_AREA_STYLE('',(#9715));
#9717=SURFACE_STYLE_FILL_AREA(#9716);
#9718=SURFACE_SIDE_STYLE('',(#9717));
#9719=SURFACE_STYLE_USAGE(.BOTH.,#9718);
#9720=PRESENTATION_STYLE_ASSIGNMENT((#9719));
#9721=STYLED_ITEM('',(#9720),#9714);
#9722=CARTESIAN_POINT('',(-6.270833551884E-1,7.945E0,-7.957446843386E-1));
#9723=DIRECTION('',(1.E0,0.E0,0.E0));
#9724=DIRECTION('',(0.E0,0.E0,-1.E0));
#9725=AXIS2_PLACEMENT_3D('',#9722,#9723,#9724);
#9726=PLANE('',#9725);
#9727=ORIENTED_EDGE('',*,*,#8812,.T.);
#9729=ORIENTED_EDGE('',*,*,#9728,.F.);
#9731=ORIENTED_EDGE('',*,*,#9730,.T.);
#9732=ORIENTED_EDGE('',*,*,#9707,.T.);
#9733=EDGE_LOOP('',(#9727,#9729,#9731,#9732));
#9734=FACE_OUTER_BOUND('',#9733,.F.);
#9736=FILL_AREA_STYLE_COLOUR('',#2);
#9737=FILL_AREA_STYLE('',(#9736));
#9738=SURFACE_STYLE_FILL_AREA(#9737);
#9739=SURFACE_SIDE_STYLE('',(#9738));
#9740=SURFACE_STYLE_USAGE(.BOTH.,#9739);
#9741=PRESENTATION_STYLE_ASSIGNMENT((#9740));
#9742=STYLED_ITEM('',(#9741),#9735);
#9743=CARTESIAN_POINT('',(-5.697916775942E-1,7.945E0,-6.436170101166E-1));
#9744=DIRECTION('',(5.224768561412E-1,0.E0,8.526534670057E-1));
#9745=DIRECTION('',(-8.526534670057E-1,0.E0,5.224768561412E-1));
#9746=AXIS2_PLACEMENT_3D('',#9743,#9744,#9745);
#9747=PLANE('',#9746);
#9748=ORIENTED_EDGE('',*,*,#8810,.F.);
#9750=ORIENTED_EDGE('',*,*,#9749,.F.);
#9752=ORIENTED_EDGE('',*,*,#9751,.F.);
#9753=ORIENTED_EDGE('',*,*,#9728,.T.);
#9754=EDGE_LOOP('',(#9748,#9750,#9752,#9753));
#9755=FACE_OUTER_BOUND('',#9754,.F.);
#9757=FILL_AREA_STYLE_COLOUR('',#2);
#9758=FILL_AREA_STYLE('',(#9757));
#9759=SURFACE_STYLE_FILL_AREA(#9758);
#9760=SURFACE_SIDE_STYLE('',(#9759));
#9761=SURFACE_STYLE_USAGE(.BOTH.,#9760);
#9762=PRESENTATION_STYLE_ASSIGNMENT((#9761));
#9763=STYLED_ITEM('',(#9762),#9756);
#9764=CARTESIAN_POINT('',(-4.552083224058E-1,7.945E0,-6.904255151749E-1));
#9765=DIRECTION('',(2.001233184182E-1,0.E0,9.797707167625E-1));
#9766=DIRECTION('',(-9.797707167625E-1,0.E0,2.001233184182E-1));
#9767=AXIS2_PLACEMENT_3D('',#9764,#9765,#9766);
#9768=PLANE('',#9767);
#9769=ORIENTED_EDGE('',*,*,#8808,.F.);
#9771=ORIENTED_EDGE('',*,*,#9770,.F.);
#9773=ORIENTED_EDGE('',*,*,#9772,.F.);
#9774=ORIENTED_EDGE('',*,*,#9749,.T.);
#9775=EDGE_LOOP('',(#9769,#9771,#9773,#9774));
#9776=FACE_OUTER_BOUND('',#9775,.F.);
#9778=FILL_AREA_STYLE_COLOUR('',#2);
#9779=FILL_AREA_STYLE('',(#9778));
#9780=SURFACE_STYLE_FILL_AREA(#9779);
#9781=SURFACE_SIDE_STYLE('',(#9780));
#9782=SURFACE_STYLE_USAGE(.BOTH.,#9781);
#9783=PRESENTATION_STYLE_ASSIGNMENT((#9782));
#9784=STYLED_ITEM('',(#9783),#9777);
#9785=CARTESIAN_POINT('',(-3.291666448116E-1,7.945E0,-7.021276414394E-1));
#9786=DIRECTION('',(0.E0,0.E0,1.E0));
#9787=DIRECTION('',(-1.E0,0.E0,0.E0));
#9788=AXIS2_PLACEMENT_3D('',#9785,#9786,#9787);
#9789=PLANE('',#9788);
#9790=ORIENTED_EDGE('',*,*,#8806,.T.);
#9792=ORIENTED_EDGE('',*,*,#9791,.F.);
#9794=ORIENTED_EDGE('',*,*,#9793,.T.);
#9795=ORIENTED_EDGE('',*,*,#9770,.T.);
#9796=EDGE_LOOP('',(#9790,#9792,#9794,#9795));
#9797=FACE_OUTER_BOUND('',#9796,.F.);
#9799=FILL_AREA_STYLE_COLOUR('',#2);
#9800=FILL_AREA_STYLE('',(#9799));
#9801=SURFACE_STYLE_FILL_AREA(#9800);
#9802=SURFACE_SIDE_STYLE('',(#9801));
#9803=SURFACE_STYLE_USAGE(.BOTH.,#9802);
#9804=PRESENTATION_STYLE_ASSIGNMENT((#9803));
#9805=STYLED_ITEM('',(#9804),#9798);
#9806=CARTESIAN_POINT('',(-2.03125E-1,7.945E0,-6.904255151748E-1));
#9807=DIRECTION('',(-2.001234283432E-1,0.E0,9.797706943097E-1));
#9808=DIRECTION('',(-9.797706943097E-1,0.E0,-2.001234283432E-1));
#9809=AXIS2_PLACEMENT_3D('',#9806,#9807,#9808);
#9810=PLANE('',#9809);
#9811=ORIENTED_EDGE('',*,*,#8804,.F.);
#9813=ORIENTED_EDGE('',*,*,#9812,.F.);
#9815=ORIENTED_EDGE('',*,*,#9814,.F.);
#9816=ORIENTED_EDGE('',*,*,#9791,.T.);
#9817=EDGE_LOOP('',(#9811,#9813,#9815,#9816));
#9818=FACE_OUTER_BOUND('',#9817,.F.);
#9820=FILL_AREA_STYLE_COLOUR('',#2);
#9821=FILL_AREA_STYLE('',(#9820));
#9822=SURFACE_STYLE_FILL_AREA(#9821);
#9823=SURFACE_SIDE_STYLE('',(#9822));
#9824=SURFACE_STYLE_USAGE(.BOTH.,#9823);
#9825=PRESENTATION_STYLE_ASSIGNMENT((#9824));
#9826=STYLED_ITEM('',(#9825),#9819);
#9827=CARTESIAN_POINT('',(-8.854167759422E-2,7.945E0,-6.436170101166E-1));
#9828=DIRECTION('',(-5.224768561412E-1,0.E0,8.526534670057E-1));
#9829=DIRECTION('',(-8.526534670057E-1,0.E0,-5.224768561412E-1));
#9830=AXIS2_PLACEMENT_3D('',#9827,#9828,#9829);
#9831=PLANE('',#9830);
#9832=ORIENTED_EDGE('',*,*,#8802,.F.);
#9834=ORIENTED_EDGE('',*,*,#9833,.F.);
#9836=ORIENTED_EDGE('',*,*,#9835,.F.);
#9837=ORIENTED_EDGE('',*,*,#9812,.T.);
#9838=EDGE_LOOP('',(#9832,#9834,#9836,#9837));
#9839=FACE_OUTER_BOUND('',#9838,.F.);
#9841=FILL_AREA_STYLE_COLOUR('',#2);
#9842=FILL_AREA_STYLE('',(#9841));
#9843=SURFACE_STYLE_FILL_AREA(#9842);
#9844=SURFACE_SIDE_STYLE('',(#9843));
#9845=SURFACE_STYLE_USAGE(.BOTH.,#9844);
#9846=PRESENTATION_STYLE_ASSIGNMENT((#9845));
#9847=STYLED_ITEM('',(#9846),#9840);
#9848=CARTESIAN_POINT('',(3.125E-3,7.945E0,-5.617021262646E-1));
#9849=DIRECTION('',(8.060043958310E-1,0.E0,-5.919095487497E-1));
#9850=DIRECTION('',(-5.919095487497E-1,0.E0,-8.060043958310E-1));
#9851=AXIS2_PLACEMENT_3D('',#9848,#9849,#9850);
#9852=PLANE('',#9851);
#9853=ORIENTED_EDGE('',*,*,#8800,.F.);
#9855=ORIENTED_EDGE('',*,*,#9854,.F.);
#9857=ORIENTED_EDGE('',*,*,#9856,.F.);
#9858=ORIENTED_EDGE('',*,*,#9833,.T.);
#9859=EDGE_LOOP('',(#9853,#9855,#9857,#9858));
#9860=FACE_OUTER_BOUND('',#9859,.F.);
#9862=FILL_AREA_STYLE_COLOUR('',#2);
#9863=FILL_AREA_STYLE('',(#9862));
#9864=SURFACE_STYLE_FILL_AREA(#9863);
#9865=SURFACE_SIDE_STYLE('',(#9864));
#9866=SURFACE_STYLE_USAGE(.BOTH.,#9865);
#9867=PRESENTATION_STYLE_ASSIGNMENT((#9866));
#9868=STYLED_ITEM('',(#9867),#9861);
#9869=CARTESIAN_POINT('',(6.041664481163E-2,7.945E0,-4.563829734922E-1));
#9870=DIRECTION('',(9.311283887993E-1,0.E0,-3.646915457917E-1));
#9871=DIRECTION('',(-3.646915457917E-1,0.E0,-9.311283887993E-1));
#9872=AXIS2_PLACEMENT_3D('',#9869,#9870,#9871);
#9873=PLANE('',#9872);
#9874=ORIENTED_EDGE('',*,*,#8798,.F.);
#9876=ORIENTED_EDGE('',*,*,#9875,.F.);
#9878=ORIENTED_EDGE('',*,*,#9877,.F.);
#9879=ORIENTED_EDGE('',*,*,#9854,.T.);
#9880=EDGE_LOOP('',(#9874,#9876,#9878,#9879));
#9881=FACE_OUTER_BOUND('',#9880,.F.);
#9883=FILL_AREA_STYLE_COLOUR('',#2);
#9884=FILL_AREA_STYLE('',(#9883));
#9885=SURFACE_STYLE_FILL_AREA(#9884);
#9886=SURFACE_SIDE_STYLE('',(#9885));
#9887=SURFACE_STYLE_USAGE(.BOTH.,#9886);
#9888=PRESENTATION_STYLE_ASSIGNMENT((#9887));
#9889=STYLED_ITEM('',(#9888),#9882);
#9890=CARTESIAN_POINT('',(8.333328962326E-2,7.945E0,-3.510638207197E-1));
#9891=DIRECTION('',(1.E0,0.E0,0.E0));
#9892=DIRECTION('',(0.E0,0.E0,-1.E0));
#9893=AXIS2_PLACEMENT_3D('',#9890,#9891,#9892);
#9894=PLANE('',#9893);
#9895=ORIENTED_EDGE('',*,*,#8796,.T.);
#9897=ORIENTED_EDGE('',*,*,#9896,.F.);
#9899=ORIENTED_EDGE('',*,*,#9898,.T.);
#9900=ORIENTED_EDGE('',*,*,#9875,.T.);
#9901=EDGE_LOOP('',(#9895,#9897,#9899,#9900));
#9902=FACE_OUTER_BOUND('',#9901,.F.);
#9904=FILL_AREA_STYLE_COLOUR('',#2);
#9905=FILL_AREA_STYLE('',(#9904));
#9906=SURFACE_STYLE_FILL_AREA(#9905);
#9907=SURFACE_SIDE_STYLE('',(#9906));
#9908=SURFACE_STYLE_USAGE(.BOTH.,#9907);
#9909=PRESENTATION_STYLE_ASSIGNMENT((#9908));
#9910=STYLED_ITEM('',(#9909),#9903);
#9911=CARTESIAN_POINT('',(6.041664481161E-2,7.945E0,-2.457446761429E-1));
#9912=DIRECTION('',(9.311283714530E-1,0.E0,3.646915900804E-1));
#9913=DIRECTION('',(3.646915900804E-1,0.E0,-9.311283714530E-1));
#9914=AXIS2_PLACEMENT_3D('',#9911,#9912,#9913);
#9915=PLANE('',#9914);
#9916=ORIENTED_EDGE('',*,*,#8794,.F.);
#9918=ORIENTED_EDGE('',*,*,#9917,.F.);
#9920=ORIENTED_EDGE('',*,*,#9919,.F.);
#9921=ORIENTED_EDGE('',*,*,#9896,.T.);
#9922=EDGE_LOOP('',(#9916,#9918,#9920,#9921));
#9923=FACE_OUTER_BOUND('',#9922,.F.);
#9925=FILL_AREA_STYLE_COLOUR('',#2);
#9926=FILL_AREA_STYLE('',(#9925));
#9927=SURFACE_STYLE_FILL_AREA(#9926);
#9928=SURFACE_SIDE_STYLE('',(#9927));
#9929=SURFACE_STYLE_USAGE(.BOTH.,#9928);
#9930=PRESENTATION_STYLE_ASSIGNMENT((#9929));
#9931=STYLED_ITEM('',(#9930),#9924);
#9932=CARTESIAN_POINT('',(3.124999999986E-3,7.945E0,-1.404255274683E-1));
#9933=DIRECTION('',(8.060044205528E-1,0.E0,5.919095150860E-1));
#9934=DIRECTION('',(5.919095150860E-1,0.E0,-8.060044205528E-1));
#9935=AXIS2_PLACEMENT_3D('',#9932,#9933,#9934);
#9936=PLANE('',#9935);
#9937=ORIENTED_EDGE('',*,*,#8792,.F.);
#9939=ORIENTED_EDGE('',*,*,#9938,.F.);
#9941=ORIENTED_EDGE('',*,*,#9940,.F.);
#9942=ORIENTED_EDGE('',*,*,#9917,.T.);
#9943=EDGE_LOOP('',(#9937,#9939,#9941,#9942));
#9944=FACE_OUTER_BOUND('',#9943,.F.);
#9946=FILL_AREA_STYLE_COLOUR('',#2);
#9947=FILL_AREA_STYLE('',(#9946));
#9948=SURFACE_STYLE_FILL_AREA(#9947);
#9949=SURFACE_SIDE_STYLE('',(#9948));
#9950=SURFACE_STYLE_USAGE(.BOTH.,#9949);
#9951=PRESENTATION_STYLE_ASSIGNMENT((#9950));
#9952=STYLED_ITEM('',(#9951),#9945);
#9953=CARTESIAN_POINT('',(-8.854167759421E-2,7.945E0,-5.851063644515E-2));
#9954=DIRECTION('',(5.224768893951E-1,0.E0,8.526534466288E-1));
#9955=DIRECTION('',(8.526534466288E-1,0.E0,-5.224768893951E-1));
#9956=AXIS2_PLACEMENT_3D('',#9953,#9954,#9955);
#9957=PLANE('',#9956);
#9958=ORIENTED_EDGE('',*,*,#8790,.F.);
#9960=ORIENTED_EDGE('',*,*,#9959,.F.);
#9962=ORIENTED_EDGE('',*,*,#9961,.F.);
#9963=ORIENTED_EDGE('',*,*,#9938,.T.);
#9964=EDGE_LOOP('',(#9958,#9960,#9962,#9963));
#9965=FACE_OUTER_BOUND('',#9964,.F.);
#9967=FILL_AREA_STYLE_COLOUR('',#2);
#9968=FILL_AREA_STYLE('',(#9967));
#9969=SURFACE_STYLE_FILL_AREA(#9968);
#9970=SURFACE_SIDE_STYLE('',(#9969));
#9971=SURFACE_STYLE_USAGE(.BOTH.,#9970);
#9972=PRESENTATION_STYLE_ASSIGNMENT((#9971));
#9973=STYLED_ITEM('',(#9972),#9966);
#9974=CARTESIAN_POINT('',(-2.03125E-1,7.945E0,-1.170212728903E-2));
#9975=DIRECTION('',(2.001234451614E-1,0.E0,9.797706908745E-1));
#9976=DIRECTION('',(9.797706908745E-1,0.E0,-2.001234451614E-1));
#9977=AXIS2_PLACEMENT_3D('',#9974,#9975,#9976);
#9978=PLANE('',#9977);
#9979=ORIENTED_EDGE('',*,*,#8788,.F.);
#9981=ORIENTED_EDGE('',*,*,#9980,.F.);
#9983=ORIENTED_EDGE('',*,*,#9982,.F.);
#9984=ORIENTED_EDGE('',*,*,#9959,.T.);
#9985=EDGE_LOOP('',(#9979,#9981,#9983,#9984));
#9986=FACE_OUTER_BOUND('',#9985,.F.);
#9988=FILL_AREA_STYLE_COLOUR('',#2);
#9989=FILL_AREA_STYLE('',(#9988));
#9990=SURFACE_STYLE_FILL_AREA(#9989);
#9991=SURFACE_SIDE_STYLE('',(#9990));
#9992=SURFACE_STYLE_USAGE(.BOTH.,#9991);
#9993=PRESENTATION_STYLE_ASSIGNMENT((#9992));
#9994=STYLED_ITEM('',(#9993),#9987);
#9995=CARTESIAN_POINT('',(-3.291666448116E-1,7.945E0,0.E0));
#9996=DIRECTION('',(0.E0,0.E0,1.E0));
#9997=DIRECTION('',(1.E0,0.E0,0.E0));
#9998=AXIS2_PLACEMENT_3D('',#9995,#9996,#9997);
#9999=PLANE('',#9998);
#10000=ORIENTED_EDGE('',*,*,#8786,.T.);
#10002=ORIENTED_EDGE('',*,*,#10001,.F.);
#10004=ORIENTED_EDGE('',*,*,#10003,.T.);
#10005=ORIENTED_EDGE('',*,*,#9980,.T.);
#10006=EDGE_LOOP('',(#10000,#10002,#10004,#10005));
#10007=FACE_OUTER_BOUND('',#10006,.F.);
#10009=FILL_AREA_STYLE_COLOUR('',#2);
#10010=FILL_AREA_STYLE('',(#10009));
#10011=SURFACE_STYLE_FILL_AREA(#10010);
#10012=SURFACE_SIDE_STYLE('',(#10011));
#10013=SURFACE_STYLE_USAGE(.BOTH.,#10012);
#10014=PRESENTATION_STYLE_ASSIGNMENT((#10013));
#10015=STYLED_ITEM('',(#10014),#10008);
#10016=CARTESIAN_POINT('',(-4.552083224058E-1,7.945E0,-1.170212728903E-2));
#10017=DIRECTION('',(-2.001233352361E-1,0.E0,9.797707133273E-1));
#10018=DIRECTION('',(9.797707133273E-1,0.E0,2.001233352361E-1));
#10019=AXIS2_PLACEMENT_3D('',#10016,#10017,#10018);
#10020=PLANE('',#10019);
#10021=ORIENTED_EDGE('',*,*,#8784,.F.);
#10023=ORIENTED_EDGE('',*,*,#10022,.F.);
#10025=ORIENTED_EDGE('',*,*,#10024,.F.);
#10026=ORIENTED_EDGE('',*,*,#10001,.T.);
#10027=EDGE_LOOP('',(#10021,#10023,#10025,#10026));
#10028=FACE_OUTER_BOUND('',#10027,.F.);
#10030=FILL_AREA_STYLE_COLOUR('',#2);
#10031=FILL_AREA_STYLE('',(#10030));
#10032=SURFACE_STYLE_FILL_AREA(#10031);
#10033=SURFACE_SIDE_STYLE('',(#10032));
#10034=SURFACE_STYLE_USAGE(.BOTH.,#10033);
#10035=PRESENTATION_STYLE_ASSIGNMENT((#10034));
#10036=STYLED_ITEM('',(#10035),#10029);
#10037=CARTESIAN_POINT('',(-5.697916775942E-1,7.945E0,-5.851063644515E-2));
#10038=DIRECTION('',(-5.224768893951E-1,0.E0,8.526534466288E-1));
#10039=DIRECTION('',(8.526534466288E-1,0.E0,5.224768893951E-1));
#10040=AXIS2_PLACEMENT_3D('',#10037,#10038,#10039);
#10041=PLANE('',#10040);
#10042=ORIENTED_EDGE('',*,*,#8782,.F.);
#10044=ORIENTED_EDGE('',*,*,#10043,.F.);
#10046=ORIENTED_EDGE('',*,*,#10045,.F.);
#10047=ORIENTED_EDGE('',*,*,#10022,.T.);
#10048=EDGE_LOOP('',(#10042,#10044,#10046,#10047));
#10049=FACE_OUTER_BOUND('',#10048,.F.);
#10051=FILL_AREA_STYLE_COLOUR('',#2);
#10052=FILL_AREA_STYLE('',(#10051));
#10053=SURFACE_STYLE_FILL_AREA(#10052);
#10054=SURFACE_SIDE_STYLE('',(#10053));
#10055=SURFACE_STYLE_USAGE(.BOTH.,#10054);
#10056=PRESENTATION_STYLE_ASSIGNMENT((#10055));
#10057=STYLED_ITEM('',(#10056),#10050);
#10058=CARTESIAN_POINT('',(-6.614583387971E-1,7.945E0,-1.404255274683E-1));
#10059=DIRECTION('',(8.060045552065E-1,0.E0,-5.919093317278E-1));
#10060=DIRECTION('',(5.919093317278E-1,0.E0,8.060045552065E-1));
#10061=AXIS2_PLACEMENT_3D('',#10058,#10059,#10060);
#10062=PLANE('',#10061);
#10063=ORIENTED_EDGE('',*,*,#8780,.F.);
#10065=ORIENTED_EDGE('',*,*,#10064,.F.);
#10067=ORIENTED_EDGE('',*,*,#10066,.F.);
#10068=ORIENTED_EDGE('',*,*,#10043,.T.);
#10069=EDGE_LOOP('',(#10063,#10065,#10067,#10068));
#10070=FACE_OUTER_BOUND('',#10069,.F.);
#10072=FILL_AREA_STYLE_COLOUR('',#2);
#10073=FILL_AREA_STYLE('',(#10072));
#10074=SURFACE_STYLE_FILL_AREA(#10073);
#10075=SURFACE_SIDE_STYLE('',(#10074));
#10076=SURFACE_STYLE_USAGE(.BOTH.,#10075);
#10077=PRESENTATION_STYLE_ASSIGNMENT((#10076));
#10078=STYLED_ITEM('',(#10077),#10071);
#10079=CARTESIAN_POINT('',(-7.1875E-1,7.945E0,-2.340425498783E-1));
#10080=DIRECTION('',(8.981380447710E-1,0.E0,-4.397136028540E-1));
#10081=DIRECTION('',(4.397136028540E-1,0.E0,8.981380447710E-1));
#10082=AXIS2_PLACEMENT_3D('',#10079,#10080,#10081);
#10083=PLANE('',#10082);
#10084=ORIENTED_EDGE('',*,*,#8778,.F.);
#10086=ORIENTED_EDGE('',*,*,#10085,.F.);
#10088=ORIENTED_EDGE('',*,*,#10087,.F.);
#10089=ORIENTED_EDGE('',*,*,#10064,.T.);
#10090=EDGE_LOOP('',(#10084,#10086,#10088,#10089));
#10091=FACE_OUTER_BOUND('',#10090,.F.);
#10093=FILL_AREA_STYLE_COLOUR('',#2);
#10094=FILL_AREA_STYLE('',(#10093));
#10095=SURFACE_STYLE_FILL_AREA(#10094);
#10096=SURFACE_SIDE_STYLE('',(#10095));
#10097=SURFACE_STYLE_USAGE(.BOTH.,#10096);
#10098=PRESENTATION_STYLE_ASSIGNMENT((#10097));
#10099=STYLED_ITEM('',(#10098),#10092);
#10100=CARTESIAN_POINT('',(-6.729166612029E-1,7.945E0,-2.808510631323E-1));
#10101=DIRECTION('',(0.E0,0.E0,1.E0));
#10102=DIRECTION('',(-1.E0,0.E0,0.E0));
#10103=AXIS2_PLACEMENT_3D('',#10100,#10101,#10102);
#10104=PLANE('',#10103);
#10105=ORIENTED_EDGE('',*,*,#8776,.T.);
#10107=ORIENTED_EDGE('',*,*,#10106,.F.);
#10109=ORIENTED_EDGE('',*,*,#10108,.T.);
#10110=ORIENTED_EDGE('',*,*,#10085,.T.);
#10111=EDGE_LOOP('',(#10105,#10107,#10109,#10110));
#10112=FACE_OUTER_BOUND('',#10111,.F.);
#10114=FILL_AREA_STYLE_COLOUR('',#2);
#10115=FILL_AREA_STYLE('',(#10114));
#10116=SURFACE_STYLE_FILL_AREA(#10115);
#10117=SURFACE_SIDE_STYLE('',(#10116));
#10118=SURFACE_STYLE_USAGE(.BOTH.,#10117);
#10119=PRESENTATION_STYLE_ASSIGNMENT((#10118));
#10120=STYLED_ITEM('',(#10119),#10113);
#10121=CARTESIAN_POINT('',(-5.8125E-1,7.945E0,-2.340425498784E-1));
#10122=DIRECTION('',(8.981382931843E-1,0.E0,-4.397130954566E-1));
#10123=DIRECTION('',(-4.397130954566E-1,0.E0,-8.981382931843E-1));
#10124=AXIS2_PLACEMENT_3D('',#10121,#10122,#10123);
#10125=PLANE('',#10124);
#10126=ORIENTED_EDGE('',*,*,#8774,.F.);
#10128=ORIENTED_EDGE('',*,*,#10127,.F.);
#10130=ORIENTED_EDGE('',*,*,#10129,.F.);
#10131=ORIENTED_EDGE('',*,*,#10106,.T.);
#10132=EDGE_LOOP('',(#10126,#10128,#10130,#10131));
#10133=FACE_OUTER_BOUND('',#10132,.F.);
#10135=FILL_AREA_STYLE_COLOUR('',#2);
#10136=FILL_AREA_STYLE('',(#10135));
#10137=SURFACE_STYLE_FILL_AREA(#10136);
#10138=SURFACE_SIDE_STYLE('',(#10137));
#10139=SURFACE_STYLE_USAGE(.BOTH.,#10138);
#10140=PRESENTATION_STYLE_ASSIGNMENT((#10139));
#10141=STYLED_ITEM('',(#10140),#10134);
#10142=CARTESIAN_POINT('',(-5.239583551884E-1,7.945E0,-1.638297840953E-1));
#10143=DIRECTION('',(-5.627909312415E-1,0.E0,8.265992787998E-1));
#10144=DIRECTION('',(-8.265992787998E-1,0.E0,-5.627909312415E-1));
#10145=AXIS2_PLACEMENT_3D('',#10142,#10143,#10144);
#10146=PLANE('',#10145);
#10147=ORIENTED_EDGE('',*,*,#8772,.F.);
#10149=ORIENTED_EDGE('',*,*,#10148,.F.);
#10151=ORIENTED_EDGE('',*,*,#10150,.F.);
#10152=ORIENTED_EDGE('',*,*,#10127,.T.);
#10153=EDGE_LOOP('',(#10147,#10149,#10151,#10152));
#10154=FACE_OUTER_BOUND('',#10153,.F.);
#10156=FILL_AREA_STYLE_COLOUR('',#2);
#10157=FILL_AREA_STYLE('',(#10156));
#10158=SURFACE_STYLE_FILL_AREA(#10157);
#10159=SURFACE_SIDE_STYLE('',(#10158));
#10160=SURFACE_STYLE_USAGE(.BOTH.,#10159);
#10161=PRESENTATION_STYLE_ASSIGNMENT((#10160));
#10162=STYLED_ITEM('',(#10161),#10155);
#10163=CARTESIAN_POINT('',(-4.4375E-1,7.945E0,-1.287234053015E-1));
#10164=DIRECTION('',(-2.473831068381E-1,0.E0,9.689177459677E-1));
#10165=DIRECTION('',(-9.689177459677E-1,0.E0,-2.473831068381E-1));
#10166=AXIS2_PLACEMENT_3D('',#10163,#10164,#10165);
#10167=PLANE('',#10166);
#10168=ORIENTED_EDGE('',*,*,#8770,.F.);
#10170=ORIENTED_EDGE('',*,*,#10169,.F.);
#10172=ORIENTED_EDGE('',*,*,#10171,.F.);
#10173=ORIENTED_EDGE('',*,*,#10148,.T.);
#10174=EDGE_LOOP('',(#10168,#10170,#10172,#10173));
#10175=FACE_OUTER_BOUND('',#10174,.F.);
#10177=FILL_AREA_STYLE_COLOUR('',#2);
#10178=FILL_AREA_STYLE('',(#10177));
#10179=SURFACE_STYLE_FILL_AREA(#10178);
#10180=SURFACE_SIDE_STYLE('',(#10179));
#10181=SURFACE_STYLE_USAGE(.BOTH.,#10180);
#10182=PRESENTATION_STYLE_ASSIGNMENT((#10181));
#10183=STYLED_ITEM('',(#10182),#10176);
#10184=CARTESIAN_POINT('',(-3.291666448116E-1,7.945E0,-1.170212790370E-1));
#10185=DIRECTION('',(0.E0,0.E0,1.E0));
#10186=DIRECTION('',(-1.E0,0.E0,0.E0));
#10187=AXIS2_PLACEMENT_3D('',#10184,#10185,#10186);
#10188=PLANE('',#10187);
#10189=ORIENTED_EDGE('',*,*,#8768,.T.);
#10191=ORIENTED_EDGE('',*,*,#10190,.F.);
#10193=ORIENTED_EDGE('',*,*,#10192,.T.);
#10194=ORIENTED_EDGE('',*,*,#10169,.T.);
#10195=EDGE_LOOP('',(#10189,#10191,#10193,#10194));
#10196=FACE_OUTER_BOUND('',#10195,.F.);
#10198=FILL_AREA_STYLE_COLOUR('',#2);
#10199=FILL_AREA_STYLE('',(#10198));
#10200=SURFACE_STYLE_FILL_AREA(#10199);
#10201=SURFACE_SIDE_STYLE('',(#10200));
#10202=SURFACE_STYLE_USAGE(.BOTH.,#10201);
#10203=PRESENTATION_STYLE_ASSIGNMENT((#10202));
#10204=STYLED_ITEM('',(#10203),#10197);
#10205=CARTESIAN_POINT('',(-2.145833224058E-1,7.945E0,-1.287234053015E-1));
#10206=DIRECTION('',(2.473832729518E-1,0.E0,9.689177035557E-1));
#10207=DIRECTION('',(-9.689177035557E-1,0.E0,2.473832729518E-1));
#10208=AXIS2_PLACEMENT_3D('',#10205,#10206,#10207);
#10209=PLANE('',#10208);
#10210=ORIENTED_EDGE('',*,*,#8766,.F.);
#10212=ORIENTED_EDGE('',*,*,#10211,.F.);
#10214=ORIENTED_EDGE('',*,*,#10213,.F.);
#10215=ORIENTED_EDGE('',*,*,#10190,.T.);
#10216=EDGE_LOOP('',(#10210,#10212,#10214,#10215));
#10217=FACE_OUTER_BOUND('',#10216,.F.);
#10219=FILL_AREA_STYLE_COLOUR('',#2);
#10220=FILL_AREA_STYLE('',(#10219));
#10221=SURFACE_STYLE_FILL_AREA(#10220);
#10222=SURFACE_SIDE_STYLE('',(#10221));
#10223=SURFACE_STYLE_USAGE(.BOTH.,#10222);
#10224=PRESENTATION_STYLE_ASSIGNMENT((#10223));
#10225=STYLED_ITEM('',(#10224),#10218);
#10226=CARTESIAN_POINT('',(-1.34375E-1,7.945E0,-1.638297840953E-1));
#10227=DIRECTION('',(5.627909312417E-1,0.E0,8.265992787996E-1));
#10228=DIRECTION('',(-8.265992787996E-1,0.E0,5.627909312417E-1));
#10229=AXIS2_PLACEMENT_3D('',#10226,#10227,#10228);
#10230=PLANE('',#10229);
#10231=ORIENTED_EDGE('',*,*,#8764,.F.);
#10233=ORIENTED_EDGE('',*,*,#10232,.F.);
#10235=ORIENTED_EDGE('',*,*,#10234,.F.);
#10236=ORIENTED_EDGE('',*,*,#10211,.T.);
#10237=EDGE_LOOP('',(#10231,#10233,#10235,#10236));
#10238=FACE_OUTER_BOUND('',#10237,.F.);
#10240=FILL_AREA_STYLE_COLOUR('',#2);
#10241=FILL_AREA_STYLE('',(#10240));
#10242=SURFACE_STYLE_FILL_AREA(#10241);
#10243=SURFACE_SIDE_STYLE('',(#10242));
#10244=SURFACE_STYLE_USAGE(.BOTH.,#10243);
#10245=PRESENTATION_STYLE_ASSIGNMENT((#10244));
#10246=STYLED_ITEM('',(#10245),#10239);
#10247=CARTESIAN_POINT('',(-7.708335518836E-2,7.945E0,-2.223404236137E-1));
#10248=DIRECTION('',(8.373794175672E-1,0.E0,5.466220916088E-1));
#10249=DIRECTION('',(-5.466220916088E-1,0.E0,8.373794175672E-1));
#10250=AXIS2_PLACEMENT_3D('',#10247,#10248,#10249);
#10251=PLANE('',#10250);
#10252=ORIENTED_EDGE('',*,*,#8762,.F.);
#10254=ORIENTED_EDGE('',*,*,#10253,.F.);
#10256=ORIENTED_EDGE('',*,*,#10255,.F.);
#10257=ORIENTED_EDGE('',*,*,#10232,.T.);
#10258=EDGE_LOOP('',(#10252,#10254,#10256,#10257));
#10259=FACE_OUTER_BOUND('',#10258,.F.);
#10261=FILL_AREA_STYLE_COLOUR('',#2);
#10262=FILL_AREA_STYLE('',(#10261));
#10263=SURFACE_STYLE_FILL_AREA(#10262);
#10264=SURFACE_SIDE_STYLE('',(#10263));
#10265=SURFACE_STYLE_USAGE(.BOTH.,#10264);
#10266=PRESENTATION_STYLE_ASSIGNMENT((#10265));
#10267=STYLED_ITEM('',(#10266),#10260);
#10268=CARTESIAN_POINT('',(-4.270835518837E-2,7.945E0,-2.925531893968E-1));
#10269=DIRECTION('',(9.506450175459E-1,0.E0,3.102805998048E-1));
#10270=DIRECTION('',(-3.102805998048E-1,0.E0,9.506450175459E-1));
#10271=AXIS2_PLACEMENT_3D('',#10268,#10269,#10270);
#10272=PLANE('',#10271);
#10273=ORIENTED_EDGE('',*,*,#8760,.F.);
#10275=ORIENTED_EDGE('',*,*,#10274,.F.);
#10277=ORIENTED_EDGE('',*,*,#10276,.F.);
#10278=ORIENTED_EDGE('',*,*,#10253,.T.);
#10279=EDGE_LOOP('',(#10273,#10275,#10277,#10278));
#10280=FACE_OUTER_BOUND('',#10279,.F.);
#10282=FILL_AREA_STYLE_COLOUR('',#2);
#10283=FILL_AREA_STYLE('',(#10282));
#10284=SURFACE_STYLE_FILL_AREA(#10283);
#10285=SURFACE_SIDE_STYLE('',(#10284));
#10286=SURFACE_STYLE_USAGE(.BOTH.,#10285);
#10287=PRESENTATION_STYLE_ASSIGNMENT((#10286));
#10288=STYLED_ITEM('',(#10287),#10281);
#10289=CARTESIAN_POINT('',(-3.125E-2,7.945E0,-3.510638207198E-1));
#10290=DIRECTION('',(1.E0,0.E0,0.E0));
#10291=DIRECTION('',(0.E0,0.E0,1.E0));
#10292=AXIS2_PLACEMENT_3D('',#10289,#10290,#10291);
#10293=PLANE('',#10292);
#10294=ORIENTED_EDGE('',*,*,#8758,.T.);
#10296=ORIENTED_EDGE('',*,*,#10295,.F.);
#10298=ORIENTED_EDGE('',*,*,#10297,.T.);
#10299=ORIENTED_EDGE('',*,*,#10274,.T.);
#10300=EDGE_LOOP('',(#10294,#10296,#10298,#10299));
#10301=FACE_OUTER_BOUND('',#10300,.F.);
#10303=FILL_AREA_STYLE_COLOUR('',#2);
#10304=FILL_AREA_STYLE('',(#10303));
#10305=SURFACE_STYLE_FILL_AREA(#10304);
#10306=SURFACE_SIDE_STYLE('',(#10305));
#10307=SURFACE_STYLE_USAGE(.BOTH.,#10306);
#10308=PRESENTATION_STYLE_ASSIGNMENT((#10307));
#10309=STYLED_ITEM('',(#10308),#10302);
#10310=CARTESIAN_POINT('',(-4.270835518838E-2,7.945E0,-4.095744684339E-1));
#10311=DIRECTION('',(9.506450602779E-1,0.E0,-3.102804688813E-1));
#10312=DIRECTION('',(3.102804688813E-1,0.E0,9.506450602779E-1));
#10313=AXIS2_PLACEMENT_3D('',#10310,#10311,#10312);
#10314=PLANE('',#10313);
#10315=ORIENTED_EDGE('',*,*,#8756,.F.);
#10317=ORIENTED_EDGE('',*,*,#10316,.F.);
#10319=ORIENTED_EDGE('',*,*,#10318,.F.);
#10320=ORIENTED_EDGE('',*,*,#10295,.T.);
#10321=EDGE_LOOP('',(#10315,#10317,#10319,#10320));
#10322=FACE_OUTER_BOUND('',#10321,.F.);
#10324=FILL_AREA_STYLE_COLOUR('',#2);
#10325=FILL_AREA_STYLE('',(#10324));
#10326=SURFACE_STYLE_FILL_AREA(#10325);
#10327=SURFACE_SIDE_STYLE('',(#10326));
#10328=SURFACE_STYLE_USAGE(.BOTH.,#10327);
#10329=PRESENTATION_STYLE_ASSIGNMENT((#10328));
#10330=STYLED_ITEM('',(#10329),#10323);
#10331=CARTESIAN_POINT('',(-7.708335518841E-2,7.945E0,-4.797872424126E-1));
#10332=DIRECTION('',(8.373793591562E-1,0.E0,-5.466221810896E-1));
#10333=DIRECTION('',(5.466221810896E-1,0.E0,8.373793591562E-1));
#10334=AXIS2_PLACEMENT_3D('',#10331,#10332,#10333);
#10335=PLANE('',#10334);
#10336=ORIENTED_EDGE('',*,*,#8754,.F.);
#10338=ORIENTED_EDGE('',*,*,#10337,.F.);
#10340=ORIENTED_EDGE('',*,*,#10339,.F.);
#10341=ORIENTED_EDGE('',*,*,#10316,.T.);
#10342=EDGE_LOOP('',(#10336,#10338,#10340,#10341));
#10343=FACE_OUTER_BOUND('',#10342,.F.);
#10345=FILL_AREA_STYLE_COLOUR('',#2);
#10346=FILL_AREA_STYLE('',(#10345));
#10347=SURFACE_STYLE_FILL_AREA(#10346);
#10348=SURFACE_SIDE_STYLE('',(#10347));
#10349=SURFACE_STYLE_USAGE(.BOTH.,#10348);
#10350=PRESENTATION_STYLE_ASSIGNMENT((#10349));
#10351=STYLED_ITEM('',(#10350),#10344);
#10352=CARTESIAN_POINT('',(-1.34375E-1,7.945E0,-5.382978737354E-1));
#10353=DIRECTION('',(-5.627909312417E-1,0.E0,8.265992787996E-1));
#10354=DIRECTION('',(8.265992787996E-1,0.E0,5.627909312417E-1));
#10355=AXIS2_PLACEMENT_3D('',#10352,#10353,#10354);
#10356=PLANE('',#10355);
#10357=ORIENTED_EDGE('',*,*,#8752,.F.);
#10359=ORIENTED_EDGE('',*,*,#10358,.F.);
#10361=ORIENTED_EDGE('',*,*,#10360,.F.);
#10362=ORIENTED_EDGE('',*,*,#10337,.T.);
#10363=EDGE_LOOP('',(#10357,#10359,#10361,#10362));
#10364=FACE_OUTER_BOUND('',#10363,.F.);
#10366=FILL_AREA_STYLE_COLOUR('',#2);
#10367=FILL_AREA_STYLE('',(#10366));
#10368=SURFACE_STYLE_FILL_AREA(#10367);
#10369=SURFACE_SIDE_STYLE('',(#10368));
#10370=SURFACE_STYLE_USAGE(.BOTH.,#10369);
#10371=PRESENTATION_STYLE_ASSIGNMENT((#10370));
#10372=STYLED_ITEM('',(#10371),#10365);
#10373=CARTESIAN_POINT('',(-2.145833224058E-1,7.945E0,-5.734042525292E-1));
#10374=DIRECTION('',(-2.473832729518E-1,0.E0,9.689177035557E-1));
#10375=DIRECTION('',(9.689177035557E-1,0.E0,2.473832729518E-1));
#10376=AXIS2_PLACEMENT_3D('',#10373,#10374,#10375);
#10377=PLANE('',#10376);
#10378=ORIENTED_EDGE('',*,*,#8750,.F.);
#10380=ORIENTED_EDGE('',*,*,#10379,.F.);
#10382=ORIENTED_EDGE('',*,*,#10381,.F.);
#10383=ORIENTED_EDGE('',*,*,#10358,.T.);
#10384=EDGE_LOOP('',(#10378,#10380,#10382,#10383));
#10385=FACE_OUTER_BOUND('',#10384,.F.);
#10387=FILL_AREA_STYLE_COLOUR('',#2);
#10388=FILL_AREA_STYLE('',(#10387));
#10389=SURFACE_STYLE_FILL_AREA(#10388);
#10390=SURFACE_SIDE_STYLE('',(#10389));
#10391=SURFACE_STYLE_USAGE(.BOTH.,#10390);
#10392=PRESENTATION_STYLE_ASSIGNMENT((#10391));
#10393=STYLED_ITEM('',(#10392),#10386);
#10394=CARTESIAN_POINT('',(-3.291666448116E-1,7.945E0,-5.851063787937E-1));
#10395=DIRECTION('',(0.E0,0.E0,1.E0));
#10396=DIRECTION('',(1.E0,0.E0,0.E0));
#10397=AXIS2_PLACEMENT_3D('',#10394,#10395,#10396);
#10398=PLANE('',#10397);
#10399=ORIENTED_EDGE('',*,*,#8748,.T.);
#10401=ORIENTED_EDGE('',*,*,#10400,.F.);
#10403=ORIENTED_EDGE('',*,*,#10402,.T.);
#10404=ORIENTED_EDGE('',*,*,#10379,.T.);
#10405=EDGE_LOOP('',(#10399,#10401,#10403,#10404));
#10406=FACE_OUTER_BOUND('',#10405,.F.);
#10408=FILL_AREA_STYLE_COLOUR('',#2);
#10409=FILL_AREA_STYLE('',(#10408));
#10410=SURFACE_STYLE_FILL_AREA(#10409);
#10411=SURFACE_SIDE_STYLE('',(#10410));
#10412=SURFACE_STYLE_USAGE(.BOTH.,#10411);
#10413=PRESENTATION_STYLE_ASSIGNMENT((#10412));
#10414=STYLED_ITEM('',(#10413),#10407);
#10415=CARTESIAN_POINT('',(-4.4375E-1,7.945E0,-5.734042525292E-1));
#10416=DIRECTION('',(2.473831068381E-1,0.E0,9.689177459677E-1));
#10417=DIRECTION('',(9.689177459677E-1,0.E0,-2.473831068381E-1));
#10418=AXIS2_PLACEMENT_3D('',#10415,#10416,#10417);
#10419=PLANE('',#10418);
#10420=ORIENTED_EDGE('',*,*,#8746,.F.);
#10421=ORIENTED_EDGE('',*,*,#9605,.T.);
#10423=ORIENTED_EDGE('',*,*,#10422,.F.);
#10424=ORIENTED_EDGE('',*,*,#10400,.T.);
#10425=EDGE_LOOP('',(#10420,#10421,#10423,#10424));
#10426=FACE_OUTER_BOUND('',#10425,.F.);
#10428=FILL_AREA_STYLE_COLOUR('',#2);
#10429=FILL_AREA_STYLE('',(#10428));
#10430=SURFACE_STYLE_FILL_AREA(#10429);
#10431=SURFACE_SIDE_STYLE('',(#10430));
#10432=SURFACE_STYLE_USAGE(.BOTH.,#10431);
#10433=PRESENTATION_STYLE_ASSIGNMENT((#10432));
#10434=STYLED_ITEM('',(#10433),#10427);
#10435=CARTESIAN_POINT('',(-3.291666939855E-1,7.94E0,-5.5E-1));
#10436=DIRECTION('',(0.E0,1.E0,0.E0));
#10437=DIRECTION('',(1.E0,0.E0,0.E0));
#10438=AXIS2_PLACEMENT_3D('',#10435,#10436,#10437);
#10439=PLANE('',#10438);
#10440=ORIENTED_EDGE('',*,*,#9603,.T.);
#10441=ORIENTED_EDGE('',*,*,#9625,.F.);
#10442=ORIENTED_EDGE('',*,*,#9646,.F.);
#10443=ORIENTED_EDGE('',*,*,#9667,.F.);
#10444=ORIENTED_EDGE('',*,*,#9688,.F.);
#10445=ORIENTED_EDGE('',*,*,#9709,.F.);
#10446=ORIENTED_EDGE('',*,*,#9730,.F.);
#10447=ORIENTED_EDGE('',*,*,#9751,.T.);
#10448=ORIENTED_EDGE('',*,*,#9772,.T.);
#10449=ORIENTED_EDGE('',*,*,#9793,.F.);
#10450=ORIENTED_EDGE('',*,*,#9814,.T.);
#10451=ORIENTED_EDGE('',*,*,#9835,.T.);
#10452=ORIENTED_EDGE('',*,*,#9856,.T.);
#10453=ORIENTED_EDGE('',*,*,#9877,.T.);
#10454=ORIENTED_EDGE('',*,*,#9898,.F.);
#10455=ORIENTED_EDGE('',*,*,#9919,.T.);
#10456=ORIENTED_EDGE('',*,*,#9940,.T.);
#10457=ORIENTED_EDGE('',*,*,#9961,.T.);
#10458=ORIENTED_EDGE('',*,*,#9982,.T.);
#10459=ORIENTED_EDGE('',*,*,#10003,.F.);
#10460=ORIENTED_EDGE('',*,*,#10024,.T.);
#10461=ORIENTED_EDGE('',*,*,#10045,.T.);
#10462=ORIENTED_EDGE('',*,*,#10066,.T.);
#10463=ORIENTED_EDGE('',*,*,#10087,.T.);
#10464=ORIENTED_EDGE('',*,*,#10108,.F.);
#10465=ORIENTED_EDGE('',*,*,#10129,.T.);
#10466=ORIENTED_EDGE('',*,*,#10150,.T.);
#10467=ORIENTED_EDGE('',*,*,#10171,.T.);
#10468=ORIENTED_EDGE('',*,*,#10192,.F.);
#10469=ORIENTED_EDGE('',*,*,#10213,.T.);
#10470=ORIENTED_EDGE('',*,*,#10234,.T.);
#10471=ORIENTED_EDGE('',*,*,#10255,.T.);
#10472=ORIENTED_EDGE('',*,*,#10276,.T.);
#10473=ORIENTED_EDGE('',*,*,#10297,.F.);
#10474=ORIENTED_EDGE('',*,*,#10318,.T.);
#10475=ORIENTED_EDGE('',*,*,#10339,.T.);
#10476=ORIENTED_EDGE('',*,*,#10360,.T.);
#10477=ORIENTED_EDGE('',*,*,#10381,.T.);
#10478=ORIENTED_EDGE('',*,*,#10402,.F.);
#10479=ORIENTED_EDGE('',*,*,#10422,.T.);
#10480=EDGE_LOOP('',(#10440,#10441,#10442,#10443,#10444,#10445,#10446,#10447,
#10448,#10449,#10450,#10451,#10452,#10453,#10454,#10455,#10456,#10457,#10458,
#10459,#10460,#10461,#10462,#10463,#10464,#10465,#10466,#10467,#10468,#10469,
#10470,#10471,#10472,#10473,#10474,#10475,#10476,#10477,#10478,#10479));
#10481=FACE_OUTER_BOUND('',#10480,.F.);
#10483=FILL_AREA_STYLE_COLOUR('',#1);
#10484=FILL_AREA_STYLE('',(#10483));
#10485=SURFACE_STYLE_FILL_AREA(#10484);
#10486=SURFACE_SIDE_STYLE('',(#10485));
#10487=SURFACE_STYLE_USAGE(.BOTH.,#10486);
#10488=PRESENTATION_STYLE_ASSIGNMENT((#10487));
#10489=STYLED_ITEM('',(#10488),#10482);
#10490=CARTESIAN_POINT('',(2.666667103767E-1,7.945E0,-5.5E-1));
#10491=DIRECTION('',(1.E0,0.E0,0.E0));
#10492=DIRECTION('',(0.E0,0.E0,1.E0));
#10493=AXIS2_PLACEMENT_3D('',#10490,#10491,#10492);
#10494=PLANE('',#10493);
#10495=ORIENTED_EDGE('',*,*,#8826,.T.);
#10497=ORIENTED_EDGE('',*,*,#10496,.F.);
#10499=ORIENTED_EDGE('',*,*,#10498,.T.);
#10501=ORIENTED_EDGE('',*,*,#10500,.F.);
#10502=EDGE_LOOP('',(#10495,#10497,#10499,#10501));
#10503=FACE_OUTER_BOUND('',#10502,.F.);
#10505=FILL_AREA_STYLE_COLOUR('',#2);
#10506=FILL_AREA_STYLE('',(#10505));
#10507=SURFACE_STYLE_FILL_AREA(#10506);
#10508=SURFACE_SIDE_STYLE('',(#10507));
#10509=SURFACE_STYLE_USAGE(.BOTH.,#10508);
#10510=PRESENTATION_STYLE_ASSIGNMENT((#10509));
#10511=STYLED_ITEM('',(#10510),#10504);
#10512=CARTESIAN_POINT('',(2.78125E-1,7.945E0,-7.138297677040E-1));
#10513=DIRECTION('',(9.813592727597E-1,0.E0,1.921821473721E-1));
#10514=DIRECTION('',(-1.921821473721E-1,0.E0,9.813592727597E-1));
#10515=AXIS2_PLACEMENT_3D('',#10512,#10513,#10514);
#10516=PLANE('',#10515);
#10517=ORIENTED_EDGE('',*,*,#8876,.F.);
#10519=ORIENTED_EDGE('',*,*,#10518,.F.);
#10521=ORIENTED_EDGE('',*,*,#10520,.F.);
#10522=ORIENTED_EDGE('',*,*,#10496,.T.);
#10523=EDGE_LOOP('',(#10517,#10519,#10521,#10522));
#10524=FACE_OUTER_BOUND('',#10523,.F.);
#10526=FILL_AREA_STYLE_COLOUR('',#2);
#10527=FILL_AREA_STYLE('',(#10526));
#10528=SURFACE_STYLE_FILL_AREA(#10527);
#10529=SURFACE_SIDE_STYLE('',(#10528));
#10530=SURFACE_STYLE_USAGE(.BOTH.,#10529);
#10531=PRESENTATION_STYLE_ASSIGNMENT((#10530));
#10532=STYLED_ITEM('',(#10531),#10525);
#10533=CARTESIAN_POINT('',(3.010416448116E-1,7.945E0,-8.074468106032E-1));
#10534=DIRECTION('',(9.506451030099E-1,0.E0,3.102803379579E-1));
#10535=DIRECTION('',(-3.102803379579E-1,0.E0,9.506451030099E-1));
#10536=AXIS2_PLACEMENT_3D('',#10533,#10534,#10535);
#10537=PLANE('',#10536);
#10538=ORIENTED_EDGE('',*,*,#8874,.F.);
#10540=ORIENTED_EDGE('',*,*,#10539,.F.);
#10542=ORIENTED_EDGE('',*,*,#10541,.F.);
#10543=ORIENTED_EDGE('',*,*,#10518,.T.);
#10544=EDGE_LOOP('',(#10538,#10540,#10542,#10543));
#10545=FACE_OUTER_BOUND('',#10544,.F.);
#10547=FILL_AREA_STYLE_COLOUR('',#2);
#10548=FILL_AREA_STYLE('',(#10547));
#10549=SURFACE_STYLE_FILL_AREA(#10548);
#10550=SURFACE_SIDE_STYLE('',(#10549));
#10551=SURFACE_STYLE_USAGE(.BOTH.,#10550);
#10552=PRESENTATION_STYLE_ASSIGNMENT((#10551));
#10553=STYLED_ITEM('',(#10552),#10546);
#10554=CARTESIAN_POINT('',(3.354166448116E-1,7.945E0,-8.893617272377E-1));
#10555=DIRECTION('',(8.981382627793E-1,0.E0,4.397131575605E-1));
#10556=DIRECTION('',(-4.397131575605E-1,0.E0,8.981382627793E-1));
#10557=AXIS2_PLACEMENT_3D('',#10554,#10555,#10556);
#10558=PLANE('',#10557);
#10559=ORIENTED_EDGE('',*,*,#8872,.F.);
#10561=ORIENTED_EDGE('',*,*,#10560,.F.);
#10563=ORIENTED_EDGE('',*,*,#10562,.F.);
#10564=ORIENTED_EDGE('',*,*,#10539,.T.);
#10565=EDGE_LOOP('',(#10559,#10561,#10563,#10564));
#10566=FACE_OUTER_BOUND('',#10565,.F.);
#10568=FILL_AREA_STYLE_COLOUR('',#2);
#10569=FILL_AREA_STYLE('',(#10568));
#10570=SURFACE_STYLE_FILL_AREA(#10569);
#10571=SURFACE_SIDE_STYLE('',(#10570));
#10572=SURFACE_STYLE_USAGE(.BOTH.,#10571);
#10573=PRESENTATION_STYLE_ASSIGNMENT((#10572));
#10574=STYLED_ITEM('',(#10573),#10567);
#10575=CARTESIAN_POINT('',(3.927082896232E-1,7.945E0,-9.712766110896E-1));
#10576=DIRECTION('',(7.145103848015E-1,0.E0,6.996248351873E-1));
#10577=DIRECTION('',(-6.996248351873E-1,0.E0,7.145103848015E-1));
#10578=AXIS2_PLACEMENT_3D('',#10575,#10576,#10577);
#10579=PLANE('',#10578);
#10580=ORIENTED_EDGE('',*,*,#8870,.F.);
#10582=ORIENTED_EDGE('',*,*,#10581,.F.);
#10584=ORIENTED_EDGE('',*,*,#10583,.F.);
#10585=ORIENTED_EDGE('',*,*,#10560,.T.);
#10586=EDGE_LOOP('',(#10580,#10582,#10584,#10585));
#10587=FACE_OUTER_BOUND('',#10586,.F.);
#10589=FILL_AREA_STYLE_COLOUR('',#2);
#10590=FILL_AREA_STYLE('',(#10589));
#10591=SURFACE_STYLE_FILL_AREA(#10590);
#10592=SURFACE_SIDE_STYLE('',(#10591));
#10593=SURFACE_STYLE_USAGE(.BOTH.,#10592);
#10594=PRESENTATION_STYLE_ASSIGNMENT((#10593));
#10595=STYLED_ITEM('',(#10594),#10588);
#10596=CARTESIAN_POINT('',(4.84375E-1,7.945E0,-1.041489368677E0));
#10597=DIRECTION('',(5.224766387887E-1,0.E0,8.526536001918E-1));
#10598=DIRECTION('',(-8.526536001918E-1,0.E0,5.224766387887E-1));
#10599=AXIS2_PLACEMENT_3D('',#10596,#10597,#10598);
#10600=PLANE('',#10599);
#10601=ORIENTED_EDGE('',*,*,#8868,.F.);
#10603=ORIENTED_EDGE('',*,*,#10602,.F.);
#10605=ORIENTED_EDGE('',*,*,#10604,.F.);
#10606=ORIENTED_EDGE('',*,*,#10581,.T.);
#10607=EDGE_LOOP('',(#10601,#10603,#10605,#10606));
#10608=FACE_OUTER_BOUND('',#10607,.F.);
#10610=FILL_AREA_STYLE_COLOUR('',#2);
#10611=FILL_AREA_STYLE('',(#10610));
#10612=SURFACE_STYLE_FILL_AREA(#10611);
#10613=SURFACE_SIDE_STYLE('',(#10612));
#10614=SURFACE_STYLE_USAGE(.BOTH.,#10613);
#10615=PRESENTATION_STYLE_ASSIGNMENT((#10614));
#10616=STYLED_ITEM('',(#10615),#10609);
#10617=CARTESIAN_POINT('',(6.104167103767E-1,7.945E0,-1.088297873735E0));
#10618=DIRECTION('',(1.677993286097E-1,0.E0,9.858211730928E-1));
#10619=DIRECTION('',(-9.858211730928E-1,0.E0,1.677993286097E-1));
#10620=AXIS2_PLACEMENT_3D('',#10617,#10618,#10619);
#10621=PLANE('',#10620);
#10622=ORIENTED_EDGE('',*,*,#8866,.F.);
#10624=ORIENTED_EDGE('',*,*,#10623,.F.);
#10626=ORIENTED_EDGE('',*,*,#10625,.F.);
#10627=ORIENTED_EDGE('',*,*,#10602,.T.);
#10628=EDGE_LOOP('',(#10622,#10624,#10626,#10627));
#10629=FACE_OUTER_BOUND('',#10628,.F.);
#10631=FILL_AREA_STYLE_COLOUR('',#2);
#10632=FILL_AREA_STYLE('',(#10631));
#10633=SURFACE_STYLE_FILL_AREA(#10632);
#10634=SURFACE_SIDE_STYLE('',(#10633));
#10635=SURFACE_STYLE_USAGE(.BOTH.,#10634);
#10636=PRESENTATION_STYLE_ASSIGNMENT((#10635));
#10637=STYLED_ITEM('',(#10636),#10630);
#10638=CARTESIAN_POINT('',(7.479167103767E-1,7.945E0,-1.088297873736E0));
#10639=DIRECTION('',(-1.677993286097E-1,0.E0,9.858211730928E-1));
#10640=DIRECTION('',(-9.858211730928E-1,0.E0,-1.677993286097E-1));
#10641=AXIS2_PLACEMENT_3D('',#10638,#10639,#10640);
#10642=PLANE('',#10641);
#10643=ORIENTED_EDGE('',*,*,#8864,.F.);
#10645=ORIENTED_EDGE('',*,*,#10644,.F.);
#10647=ORIENTED_EDGE('',*,*,#10646,.F.);
#10648=ORIENTED_EDGE('',*,*,#10623,.T.);
#10649=EDGE_LOOP('',(#10643,#10645,#10647,#10648));
#10650=FACE_OUTER_BOUND('',#10649,.F.);
#10652=FILL_AREA_STYLE_COLOUR('',#2);
#10653=FILL_AREA_STYLE('',(#10652));
#10654=SURFACE_STYLE_FILL_AREA(#10653);
#10655=SURFACE_SIDE_STYLE('',(#10654));
#10656=SURFACE_STYLE_USAGE(.BOTH.,#10655);
#10657=PRESENTATION_STYLE_ASSIGNMENT((#10656));
#10658=STYLED_ITEM('',(#10657),#10651);
#10659=CARTESIAN_POINT('',(8.739583551885E-1,7.945E0,-1.041489368677E0));
#10660=DIRECTION('',(-5.224770734946E-1,0.E0,8.526533338189E-1));
#10661=DIRECTION('',(-8.526533338189E-1,0.E0,-5.224770734946E-1));
#10662=AXIS2_PLACEMENT_3D('',#10659,#10660,#10661);
#10663=PLANE('',#10662);
#10664=ORIENTED_EDGE('',*,*,#8862,.F.);
#10666=ORIENTED_EDGE('',*,*,#10665,.F.);
#10668=ORIENTED_EDGE('',*,*,#10667,.F.);
#10669=ORIENTED_EDGE('',*,*,#10644,.T.);
#10670=EDGE_LOOP('',(#10664,#10666,#10668,#10669));
#10671=FACE_OUTER_BOUND('',#10670,.F.);
#10673=FILL_AREA_STYLE_COLOUR('',#2);
#10674=FILL_AREA_STYLE('',(#10673));
#10675=SURFACE_STYLE_FILL_AREA(#10674);
#10676=SURFACE_SIDE_STYLE('',(#10675));
#10677=SURFACE_STYLE_USAGE(.BOTH.,#10676);
#10678=PRESENTATION_STYLE_ASSIGNMENT((#10677));
#10679=STYLED_ITEM('',(#10678),#10672);
#10680=CARTESIAN_POINT('',(9.656250000002E-1,7.945E0,-9.712766110896E-1));
#10681=DIRECTION('',(7.145103848001E-1,0.E0,-6.996248351887E-1));
#10682=DIRECTION('',(-6.996248351887E-1,0.E0,-7.145103848001E-1));
#10683=AXIS2_PLACEMENT_3D('',#10680,#10681,#10682);
#10684=PLANE('',#10683);
#10685=ORIENTED_EDGE('',*,*,#8860,.F.);
#10687=ORIENTED_EDGE('',*,*,#10686,.F.);
#10689=ORIENTED_EDGE('',*,*,#10688,.F.);
#10690=ORIENTED_EDGE('',*,*,#10665,.T.);
#10691=EDGE_LOOP('',(#10685,#10687,#10689,#10690));
#10692=FACE_OUTER_BOUND('',#10691,.F.);
#10694=FILL_AREA_STYLE_COLOUR('',#2);
#10695=FILL_AREA_STYLE('',(#10694));
#10696=SURFACE_STYLE_FILL_AREA(#10695);
#10697=SURFACE_SIDE_STYLE('',(#10696));
#10698=SURFACE_STYLE_USAGE(.BOTH.,#10697);
#10699=PRESENTATION_STYLE_ASSIGNMENT((#10698));
#10700=STYLED_ITEM('',(#10699),#10693);
#10701=CARTESIAN_POINT('',(1.022916710377E0,7.945E0,-8.893617272377E-1));
#10702=DIRECTION('',(8.981377659543E-1,0.E0,-4.397141723513E-1));
#10703=DIRECTION('',(-4.397141723513E-1,0.E0,-8.981377659543E-1));
#10704=AXIS2_PLACEMENT_3D('',#10701,#10702,#10703);
#10705=PLANE('',#10704);
#10706=ORIENTED_EDGE('',*,*,#8858,.F.);
#10708=ORIENTED_EDGE('',*,*,#10707,.F.);
#10710=ORIENTED_EDGE('',*,*,#10709,.F.);
#10711=ORIENTED_EDGE('',*,*,#10686,.T.);
#10712=EDGE_LOOP('',(#10706,#10708,#10710,#10711));
#10713=FACE_OUTER_BOUND('',#10712,.F.);
#10715=FILL_AREA_STYLE_COLOUR('',#2);
#10716=FILL_AREA_STYLE('',(#10715));
#10717=SURFACE_STYLE_FILL_AREA(#10716);
#10718=SURFACE_SIDE_STYLE('',(#10717));
#10719=SURFACE_STYLE_USAGE(.BOTH.,#10718);
#10720=PRESENTATION_STYLE_ASSIGNMENT((#10719));
#10721=STYLED_ITEM('',(#10720),#10714);
#10722=CARTESIAN_POINT('',(1.057291710377E0,7.945E0,-8.074468106033E-1));
#10723=DIRECTION('',(9.506456267023E-1,0.E0,-3.102787334508E-1));
#10724=DIRECTION('',(-3.102787334508E-1,0.E0,-9.506456267023E-1));
#10725=AXIS2_PLACEMENT_3D('',#10722,#10723,#10724);
#10726=PLANE('',#10725);
#10727=ORIENTED_EDGE('',*,*,#8856,.F.);
#10729=ORIENTED_EDGE('',*,*,#10728,.F.);
#10731=ORIENTED_EDGE('',*,*,#10730,.F.);
#10732=ORIENTED_EDGE('',*,*,#10707,.T.);
#10733=EDGE_LOOP('',(#10727,#10729,#10731,#10732));
#10734=FACE_OUTER_BOUND('',#10733,.F.);
#10736=FILL_AREA_STYLE_COLOUR('',#2);
#10737=FILL_AREA_STYLE('',(#10736));
#10738=SURFACE_STYLE_FILL_AREA(#10737);
#10739=SURFACE_SIDE_STYLE('',(#10738));
#10740=SURFACE_STYLE_USAGE(.BOTH.,#10739);
#10741=PRESENTATION_STYLE_ASSIGNMENT((#10740));
#10742=STYLED_ITEM('',(#10741),#10735);
#10743=CARTESIAN_POINT('',(1.080208289623E0,7.945E0,-7.138297677039E-1));
#10744=DIRECTION('',(9.813592727599E-1,0.E0,-1.921821473709E-1));
#10745=DIRECTION('',(-1.921821473709E-1,0.E0,-9.813592727599E-1));
#10746=AXIS2_PLACEMENT_3D('',#10743,#10744,#10745);
#10747=PLANE('',#10746);
#10748=ORIENTED_EDGE('',*,*,#8854,.F.);
#10750=ORIENTED_EDGE('',*,*,#10749,.F.);
#10752=ORIENTED_EDGE('',*,*,#10751,.F.);
#10753=ORIENTED_EDGE('',*,*,#10728,.T.);
#10754=EDGE_LOOP('',(#10748,#10750,#10752,#10753));
#10755=FACE_OUTER_BOUND('',#10754,.F.);
#10757=FILL_AREA_STYLE_COLOUR('',#2);
#10758=FILL_AREA_STYLE('',(#10757));
#10759=SURFACE_STYLE_FILL_AREA(#10758);
#10760=SURFACE_SIDE_STYLE('',(#10759));
#10761=SURFACE_STYLE_USAGE(.BOTH.,#10760);
#10762=PRESENTATION_STYLE_ASSIGNMENT((#10761));
#10763=STYLED_ITEM('',(#10762),#10756);
#10764=CARTESIAN_POINT('',(1.091666579247E0,7.945E0,-5.5E-1));
#10765=DIRECTION('',(1.E0,0.E0,0.E0));
#10766=DIRECTION('',(0.E0,0.E0,-1.E0));
#10767=AXIS2_PLACEMENT_3D('',#10764,#10765,#10766);
#10768=PLANE('',#10767);
#10769=ORIENTED_EDGE('',*,*,#8852,.T.);
#10771=ORIENTED_EDGE('',*,*,#10770,.F.);
#10773=ORIENTED_EDGE('',*,*,#10772,.T.);
#10774=ORIENTED_EDGE('',*,*,#10749,.T.);
#10775=EDGE_LOOP('',(#10769,#10771,#10773,#10774));
#10776=FACE_OUTER_BOUND('',#10775,.F.);
#10778=FILL_AREA_STYLE_COLOUR('',#2);
#10779=FILL_AREA_STYLE('',(#10778));
#10780=SURFACE_STYLE_FILL_AREA(#10779);
#10781=SURFACE_SIDE_STYLE('',(#10780));
#10782=SURFACE_STYLE_USAGE(.BOTH.,#10781);
#10783=PRESENTATION_STYLE_ASSIGNMENT((#10782));
#10784=STYLED_ITEM('',(#10783),#10777);
#10785=CARTESIAN_POINT('',(1.080208289623E0,7.945E0,-3.861702159048E-1));
#10786=DIRECTION('',(9.813592829132E-1,0.E0,1.921820955242E-1));
#10787=DIRECTION('',(1.921820955242E-1,0.E0,-9.813592829132E-1));
#10788=AXIS2_PLACEMENT_3D('',#10785,#10786,#10787);
#10789=PLANE('',#10788);
#10790=ORIENTED_EDGE('',*,*,#8850,.F.);
#10792=ORIENTED_EDGE('',*,*,#10791,.F.);
#10794=ORIENTED_EDGE('',*,*,#10793,.F.);
#10795=ORIENTED_EDGE('',*,*,#10770,.T.);
#10796=EDGE_LOOP('',(#10790,#10792,#10794,#10795));
#10797=FACE_OUTER_BOUND('',#10796,.F.);
#10799=FILL_AREA_STYLE_COLOUR('',#2);
#10800=FILL_AREA_STYLE('',(#10799));
#10801=SURFACE_STYLE_FILL_AREA(#10800);
#10802=SURFACE_SIDE_STYLE('',(#10801));
#10803=SURFACE_STYLE_USAGE(.BOTH.,#10802);
#10804=PRESENTATION_STYLE_ASSIGNMENT((#10803));
#10805=STYLED_ITEM('',(#10804),#10798);
#10806=CARTESIAN_POINT('',(1.057291710376E0,7.945E0,-2.925531893969E-1));
#10807=DIRECTION('',(9.506455412402E-1,0.E0,3.102789952933E-1));
#10808=DIRECTION('',(3.102789952933E-1,0.E0,-9.506455412402E-1));
#10809=AXIS2_PLACEMENT_3D('',#10806,#10807,#10808);
#10810=PLANE('',#10809);
#10811=ORIENTED_EDGE('',*,*,#8848,.F.);
#10813=ORIENTED_EDGE('',*,*,#10812,.F.);
#10815=ORIENTED_EDGE('',*,*,#10814,.F.);
#10816=ORIENTED_EDGE('',*,*,#10791,.T.);
#10817=EDGE_LOOP('',(#10811,#10813,#10815,#10816));
#10818=FACE_OUTER_BOUND('',#10817,.F.);
#10820=FILL_AREA_STYLE_COLOUR('',#2);
#10821=FILL_AREA_STYLE('',(#10820));
#10822=SURFACE_STYLE_FILL_AREA(#10821);
#10823=SURFACE_SIDE_STYLE('',(#10822));
#10824=SURFACE_STYLE_USAGE(.BOTH.,#10823);
#10825=PRESENTATION_STYLE_ASSIGNMENT((#10824));
#10826=STYLED_ITEM('',(#10825),#10819);
#10827=CARTESIAN_POINT('',(1.022916710377E0,7.945E0,-2.106382973492E-1));
#10828=DIRECTION('',(8.981377963597E-1,0.E0,4.397141102469E-1));
#10829=DIRECTION('',(4.397141102469E-1,0.E0,-8.981377963597E-1));
#10830=AXIS2_PLACEMENT_3D('',#10827,#10828,#10829);
#10831=PLANE('',#10830);
#10832=ORIENTED_EDGE('',*,*,#8846,.F.);
#10834=ORIENTED_EDGE('',*,*,#10833,.F.);
#10836=ORIENTED_EDGE('',*,*,#10835,.F.);
#10837=ORIENTED_EDGE('',*,*,#10812,.T.);
#10838=EDGE_LOOP('',(#10832,#10834,#10836,#10837));
#10839=FACE_OUTER_BOUND('',#10838,.F.);
#10841=FILL_AREA_STYLE_COLOUR('',#2);
#10842=FILL_AREA_STYLE('',(#10841));
#10843=SURFACE_STYLE_FILL_AREA(#10842);
#10844=SURFACE_SIDE_STYLE('',(#10843));
#10845=SURFACE_STYLE_USAGE(.BOTH.,#10844);
#10846=PRESENTATION_STYLE_ASSIGNMENT((#10845));
#10847=STYLED_ITEM('',(#10846),#10840);
#10848=CARTESIAN_POINT('',(9.656250000001E-1,7.945E0,-1.287234012037E-1));
#10849=DIRECTION('',(7.145104256243E-1,0.E0,6.996247934959E-1));
#10850=DIRECTION('',(6.996247934959E-1,0.E0,-7.145104256243E-1));
#10851=AXIS2_PLACEMENT_3D('',#10848,#10849,#10850);
#10852=PLANE('',#10851);
#10853=ORIENTED_EDGE('',*,*,#8844,.F.);
#10855=ORIENTED_EDGE('',*,*,#10854,.F.);
#10857=ORIENTED_EDGE('',*,*,#10856,.F.);
#10858=ORIENTED_EDGE('',*,*,#10833,.T.);
#10859=EDGE_LOOP('',(#10853,#10855,#10857,#10858));
#10860=FACE_OUTER_BOUND('',#10859,.F.);
#10862=FILL_AREA_STYLE_COLOUR('',#2);
#10863=FILL_AREA_STYLE('',(#10862));
#10864=SURFACE_STYLE_FILL_AREA(#10863);
#10865=SURFACE_SIDE_STYLE('',(#10864));
#10866=SURFACE_STYLE_USAGE(.BOTH.,#10865);
#10867=PRESENTATION_STYLE_ASSIGNMENT((#10866));
#10868=STYLED_ITEM('',(#10867),#10861);
#10869=CARTESIAN_POINT('',(8.739583551884E-1,7.945E0,-5.851063644510E-2));
#10870=DIRECTION('',(5.224771067468E-1,0.E0,8.526533134431E-1));
#10871=DIRECTION('',(8.526533134431E-1,0.E0,-5.224771067468E-1));
#10872=AXIS2_PLACEMENT_3D('',#10869,#10870,#10871);
#10873=PLANE('',#10872);
#10874=ORIENTED_EDGE('',*,*,#8842,.F.);
#10876=ORIENTED_EDGE('',*,*,#10875,.F.);
#10878=ORIENTED_EDGE('',*,*,#10877,.F.);
#10879=ORIENTED_EDGE('',*,*,#10854,.T.);
#10880=EDGE_LOOP('',(#10874,#10876,#10878,#10879));
#10881=FACE_OUTER_BOUND('',#10880,.F.);
#10883=FILL_AREA_STYLE_COLOUR('',#2);
#10884=FILL_AREA_STYLE('',(#10883));
#10885=SURFACE_STYLE_FILL_AREA(#10884);
#10886=SURFACE_SIDE_STYLE('',(#10885));
#10887=SURFACE_STYLE_USAGE(.BOTH.,#10886);
#10888=PRESENTATION_STYLE_ASSIGNMENT((#10887));
#10889=STYLED_ITEM('',(#10888),#10882);
#10890=CARTESIAN_POINT('',(7.479167103767E-1,7.945E0,-1.170212728902E-2));
#10891=DIRECTION('',(1.677993428847E-1,0.E0,9.858211706631E-1));
#10892=DIRECTION('',(9.858211706631E-1,0.E0,-1.677993428847E-1));
#10893=AXIS2_PLACEMENT_3D('',#10890,#10891,#10892);
#10894=PLANE('',#10893);
#10895=ORIENTED_EDGE('',*,*,#8840,.F.);
#10897=ORIENTED_EDGE('',*,*,#10896,.F.);
#10899=ORIENTED_EDGE('',*,*,#10898,.F.);
#10900=ORIENTED_EDGE('',*,*,#10875,.T.);
#10901=EDGE_LOOP('',(#10895,#10897,#10899,#10900));
#10902=FACE_OUTER_BOUND('',#10901,.F.);
#10904=FILL_AREA_STYLE_COLOUR('',#2);
#10905=FILL_AREA_STYLE('',(#10904));
#10906=SURFACE_STYLE_FILL_AREA(#10905);
#10907=SURFACE_SIDE_STYLE('',(#10906));
#10908=SURFACE_STYLE_USAGE(.BOTH.,#10907);
#10909=PRESENTATION_STYLE_ASSIGNMENT((#10908));
#10910=STYLED_ITEM('',(#10909),#10903);
#10911=CARTESIAN_POINT('',(6.104167103767E-1,7.945E0,-1.170212728903E-2));
#10912=DIRECTION('',(-1.677993428847E-1,0.E0,9.858211706631E-1));
#10913=DIRECTION('',(9.858211706631E-1,0.E0,1.677993428847E-1));
#10914=AXIS2_PLACEMENT_3D('',#10911,#10912,#10913);
#10915=PLANE('',#10914);
#10916=ORIENTED_EDGE('',*,*,#8838,.F.);
#10918=ORIENTED_EDGE('',*,*,#10917,.F.);
#10920=ORIENTED_EDGE('',*,*,#10919,.F.);
#10921=ORIENTED_EDGE('',*,*,#10896,.T.);
#10922=EDGE_LOOP('',(#10916,#10918,#10920,#10921));
#10923=FACE_OUTER_BOUND('',#10922,.F.);
#10925=FILL_AREA_STYLE_COLOUR('',#2);
#10926=FILL_AREA_STYLE('',(#10925));
#10927=SURFACE_STYLE_FILL_AREA(#10926);
#10928=SURFACE_SIDE_STYLE('',(#10927));
#10929=SURFACE_STYLE_USAGE(.BOTH.,#10928);
#10930=PRESENTATION_STYLE_ASSIGNMENT((#10929));
#10931=STYLED_ITEM('',(#10930),#10924);
#10932=CARTESIAN_POINT('',(4.84375E-1,7.945E0,-5.851063644514E-2));
#10933=DIRECTION('',(-5.224766720432E-1,0.E0,8.526535798146E-1));
#10934=DIRECTION('',(8.526535798146E-1,0.E0,5.224766720432E-1));
#10935=AXIS2_PLACEMENT_3D('',#10932,#10933,#10934);
#10936=PLANE('',#10935);
#10937=ORIENTED_EDGE('',*,*,#8836,.F.);
#10939=ORIENTED_EDGE('',*,*,#10938,.F.);
#10941=ORIENTED_EDGE('',*,*,#10940,.F.);
#10942=ORIENTED_EDGE('',*,*,#10917,.T.);
#10943=EDGE_LOOP('',(#10937,#10939,#10941,#10942));
#10944=FACE_OUTER_BOUND('',#10943,.F.);
#10946=FILL_AREA_STYLE_COLOUR('',#2);
#10947=FILL_AREA_STYLE('',(#10946));
#10948=SURFACE_STYLE_FILL_AREA(#10947);
#10949=SURFACE_SIDE_STYLE('',(#10948));
#10950=SURFACE_STYLE_USAGE(.BOTH.,#10949);
#10951=PRESENTATION_STYLE_ASSIGNMENT((#10950));
#10952=STYLED_ITEM('',(#10951),#10945);
#10953=CARTESIAN_POINT('',(3.927082896233E-1,7.945E0,-1.287234012037E-1));
#10954=DIRECTION('',(7.145104256247E-1,0.E0,-6.996247934955E-1));
#10955=DIRECTION('',(6.996247934955E-1,0.E0,7.145104256247E-1));
#10956=AXIS2_PLACEMENT_3D('',#10953,#10954,#10955);
#10957=PLANE('',#10956);
#10958=ORIENTED_EDGE('',*,*,#8834,.F.);
#10960=ORIENTED_EDGE('',*,*,#10959,.F.);
#10962=ORIENTED_EDGE('',*,*,#10961,.F.);
#10963=ORIENTED_EDGE('',*,*,#10938,.T.);
#10964=EDGE_LOOP('',(#10958,#10960,#10962,#10963));
#10965=FACE_OUTER_BOUND('',#10964,.F.);
#10967=FILL_AREA_STYLE_COLOUR('',#2);
#10968=FILL_AREA_STYLE('',(#10967));
#10969=SURFACE_STYLE_FILL_AREA(#10968);
#10970=SURFACE_SIDE_STYLE('',(#10969));
#10971=SURFACE_STYLE_USAGE(.BOTH.,#10970);
#10972=PRESENTATION_STYLE_ASSIGNMENT((#10971));
#10973=STYLED_ITEM('',(#10972),#10966);
#10974=CARTESIAN_POINT('',(3.354166448117E-1,7.945E0,-2.106382973492E-1));
#10975=DIRECTION('',(8.981382931840E-1,0.E0,-4.397130954571E-1));
#10976=DIRECTION('',(4.397130954571E-1,0.E0,8.981382931840E-1));
#10977=AXIS2_PLACEMENT_3D('',#10974,#10975,#10976);
#10978=PLANE('',#10977);
#10979=ORIENTED_EDGE('',*,*,#8832,.F.);
#10981=ORIENTED_EDGE('',*,*,#10980,.F.);
#10983=ORIENTED_EDGE('',*,*,#10982,.F.);
#10984=ORIENTED_EDGE('',*,*,#10959,.T.);
#10985=EDGE_LOOP('',(#10979,#10981,#10983,#10984));
#10986=FACE_OUTER_BOUND('',#10985,.F.);
#10988=FILL_AREA_STYLE_COLOUR('',#2);
#10989=FILL_AREA_STYLE('',(#10988));
#10990=SURFACE_STYLE_FILL_AREA(#10989);
#10991=SURFACE_SIDE_STYLE('',(#10990));
#10992=SURFACE_STYLE_USAGE(.BOTH.,#10991);
#10993=PRESENTATION_STYLE_ASSIGNMENT((#10992));
#10994=STYLED_ITEM('',(#10993),#10987);
#10995=CARTESIAN_POINT('',(3.010416448117E-1,7.945E0,-2.925531893968E-1));
#10996=DIRECTION('',(9.506450175460E-1,0.E0,-3.102805998045E-1));
#10997=DIRECTION('',(3.102805998045E-1,0.E0,9.506450175460E-1));
#10998=AXIS2_PLACEMENT_3D('',#10995,#10996,#10997);
#10999=PLANE('',#10998);
#11000=ORIENTED_EDGE('',*,*,#8830,.F.);
#11002=ORIENTED_EDGE('',*,*,#11001,.F.);
#11004=ORIENTED_EDGE('',*,*,#11003,.F.);
#11005=ORIENTED_EDGE('',*,*,#10980,.T.);
#11006=EDGE_LOOP('',(#11000,#11002,#11004,#11005));
#11007=FACE_OUTER_BOUND('',#11006,.F.);
#11009=FILL_AREA_STYLE_COLOUR('',#2);
#11010=FILL_AREA_STYLE('',(#11009));
#11011=SURFACE_STYLE_FILL_AREA(#11010);
#11012=SURFACE_SIDE_STYLE('',(#11011));
#11013=SURFACE_STYLE_USAGE(.BOTH.,#11012);
#11014=PRESENTATION_STYLE_ASSIGNMENT((#11013));
#11015=STYLED_ITEM('',(#11014),#11008);
#11016=CARTESIAN_POINT('',(2.78125E-1,7.945E0,-3.861702159047E-1));
#11017=DIRECTION('',(9.813592829134E-1,0.E0,-1.921820955230E-1));
#11018=DIRECTION('',(1.921820955230E-1,0.E0,9.813592829134E-1));
#11019=AXIS2_PLACEMENT_3D('',#11016,#11017,#11018);
#11020=PLANE('',#11019);
#11021=ORIENTED_EDGE('',*,*,#8828,.F.);
#11022=ORIENTED_EDGE('',*,*,#10500,.T.);
#11024=ORIENTED_EDGE('',*,*,#11023,.F.);
#11025=ORIENTED_EDGE('',*,*,#11001,.T.);
#11026=EDGE_LOOP('',(#11021,#11022,#11024,#11025));
#11027=FACE_OUTER_BOUND('',#11026,.F.);
#11029=FILL_AREA_STYLE_COLOUR('',#2);
#11030=FILL_AREA_STYLE('',(#11029));
#11031=SURFACE_STYLE_FILL_AREA(#11030);
#11032=SURFACE_SIDE_STYLE('',(#11031));
#11033=SURFACE_STYLE_USAGE(.BOTH.,#11032);
#11034=PRESENTATION_STYLE_ASSIGNMENT((#11033));
#11035=STYLED_ITEM('',(#11034),#11028);
#11036=CARTESIAN_POINT('',(6.791666448118E-1,7.94E0,-5.5E-1));
#11037=DIRECTION('',(0.E0,1.E0,0.E0));
#11038=DIRECTION('',(1.E0,0.E0,0.E0));
#11039=AXIS2_PLACEMENT_3D('',#11036,#11037,#11038);
#11040=PLANE('',#11039);
#11041=ORIENTED_EDGE('',*,*,#10498,.F.);
#11042=ORIENTED_EDGE('',*,*,#10520,.T.);
#11043=ORIENTED_EDGE('',*,*,#10541,.T.);
#11044=ORIENTED_EDGE('',*,*,#10562,.T.);
#11045=ORIENTED_EDGE('',*,*,#10583,.T.);
#11046=ORIENTED_EDGE('',*,*,#10604,.T.);
#11047=ORIENTED_EDGE('',*,*,#10625,.T.);
#11048=ORIENTED_EDGE('',*,*,#10646,.T.);
#11049=ORIENTED_EDGE('',*,*,#10667,.T.);
#11050=ORIENTED_EDGE('',*,*,#10688,.T.);
#11051=ORIENTED_EDGE('',*,*,#10709,.T.);
#11052=ORIENTED_EDGE('',*,*,#10730,.T.);
#11053=ORIENTED_EDGE('',*,*,#10751,.T.);
#11054=ORIENTED_EDGE('',*,*,#10772,.F.);
#11055=ORIENTED_EDGE('',*,*,#10793,.T.);
#11056=ORIENTED_EDGE('',*,*,#10814,.T.);
#11057=ORIENTED_EDGE('',*,*,#10835,.T.);
#11058=ORIENTED_EDGE('',*,*,#10856,.T.);
#11059=ORIENTED_EDGE('',*,*,#10877,.T.);
#11060=ORIENTED_EDGE('',*,*,#10898,.T.);
#11061=ORIENTED_EDGE('',*,*,#10919,.T.);
#11062=ORIENTED_EDGE('',*,*,#10940,.T.);
#11063=ORIENTED_EDGE('',*,*,#10961,.T.);
#11064=ORIENTED_EDGE('',*,*,#10982,.T.);
#11065=ORIENTED_EDGE('',*,*,#11003,.T.);
#11066=ORIENTED_EDGE('',*,*,#11023,.T.);
#11067=EDGE_LOOP('',(#11041,#11042,#11043,#11044,#11045,#11046,#11047,#11048,
#11049,#11050,#11051,#11052,#11053,#11054,#11055,#11056,#11057,#11058,#11059,
#11060,#11061,#11062,#11063,#11064,#11065,#11066));
#11068=FACE_OUTER_BOUND('',#11067,.F.);
#11070=ORIENTED_EDGE('',*,*,#11069,.T.);
#11072=ORIENTED_EDGE('',*,*,#11071,.F.);
#11074=ORIENTED_EDGE('',*,*,#11073,.T.);
#11076=ORIENTED_EDGE('',*,*,#11075,.T.);
#11078=ORIENTED_EDGE('',*,*,#11077,.T.);
#11080=ORIENTED_EDGE('',*,*,#11079,.T.);
#11082=ORIENTED_EDGE('',*,*,#11081,.T.);
#11084=ORIENTED_EDGE('',*,*,#11083,.T.);
#11086=ORIENTED_EDGE('',*,*,#11085,.T.);
#11088=ORIENTED_EDGE('',*,*,#11087,.T.);
#11090=ORIENTED_EDGE('',*,*,#11089,.F.);
#11092=ORIENTED_EDGE('',*,*,#11091,.T.);
#11094=ORIENTED_EDGE('',*,*,#11093,.T.);
#11096=ORIENTED_EDGE('',*,*,#11095,.T.);
#11098=ORIENTED_EDGE('',*,*,#11097,.T.);
#11100=ORIENTED_EDGE('',*,*,#11099,.T.);
#11102=ORIENTED_EDGE('',*,*,#11101,.T.);
#11104=ORIENTED_EDGE('',*,*,#11103,.T.);
#11105=EDGE_LOOP('',(#11070,#11072,#11074,#11076,#11078,#11080,#11082,#11084,
#11086,#11088,#11090,#11092,#11094,#11096,#11098,#11100,#11102,#11104));
#11106=FACE_BOUND('',#11105,.F.);
#11108=FILL_AREA_STYLE_COLOUR('',#1);
#11109=FILL_AREA_STYLE('',(#11108));
#11110=SURFACE_STYLE_FILL_AREA(#11109);
#11111=SURFACE_SIDE_STYLE('',(#11110));
#11112=SURFACE_STYLE_USAGE(.BOTH.,#11111);
#11113=PRESENTATION_STYLE_ASSIGNMENT((#11112));
#11114=STYLED_ITEM('',(#11113),#11107);
#11115=CARTESIAN_POINT('',(3.927083551884E-1,7.945E0,-7.021276414394E-1));
#11116=DIRECTION('',(9.869439482880E-1,0.E0,1.610640957436E-1));
#11117=DIRECTION('',(1.610640957436E-1,0.E0,-9.869439482880E-1));
#11118=AXIS2_PLACEMENT_3D('',#11115,#11116,#11117);
#11119=PLANE('',#11118);
#11121=ORIENTED_EDGE('',*,*,#11120,.F.);
#11123=ORIENTED_EDGE('',*,*,#11122,.F.);
#11124=ORIENTED_EDGE('',*,*,#11069,.F.);
#11126=ORIENTED_EDGE('',*,*,#11125,.F.);
#11127=EDGE_LOOP('',(#11121,#11123,#11124,#11126));
#11128=FACE_OUTER_BOUND('',#11127,.F.);
#11130=FILL_AREA_STYLE_COLOUR('',#2);
#11131=FILL_AREA_STYLE('',(#11130));
#11132=SURFACE_STYLE_FILL_AREA(#11131);
#11133=SURFACE_SIDE_STYLE('',(#11132));
#11134=SURFACE_STYLE_USAGE(.BOTH.,#11133);
#11135=PRESENTATION_STYLE_ASSIGNMENT((#11134));
#11136=STYLED_ITEM('',(#11135),#11129);
#11137=CARTESIAN_POINT('',(6.791666448117E-1,7.95E0,-5.500000081956E-1));
#11138=DIRECTION('',(0.E0,1.E0,0.E0));
#11139=DIRECTION('',(1.E0,0.E0,0.E0));
#11140=AXIS2_PLACEMENT_3D('',#11137,#11138,#11139);
#11141=PLANE('',#11140);
#11142=ORIENTED_EDGE('',*,*,#11120,.T.);
#11144=ORIENTED_EDGE('',*,*,#11143,.T.);
#11146=ORIENTED_EDGE('',*,*,#11145,.T.);
#11148=ORIENTED_EDGE('',*,*,#11147,.T.);
#11150=ORIENTED_EDGE('',*,*,#11149,.T.);
#11152=ORIENTED_EDGE('',*,*,#11151,.T.);
#11154=ORIENTED_EDGE('',*,*,#11153,.T.);
#11156=ORIENTED_EDGE('',*,*,#11155,.T.);
#11158=ORIENTED_EDGE('',*,*,#11157,.F.);
#11160=ORIENTED_EDGE('',*,*,#11159,.T.);
#11162=ORIENTED_EDGE('',*,*,#11161,.T.);
#11164=ORIENTED_EDGE('',*,*,#11163,.T.);
#11166=ORIENTED_EDGE('',*,*,#11165,.T.);
#11168=ORIENTED_EDGE('',*,*,#11167,.T.);
#11170=ORIENTED_EDGE('',*,*,#11169,.T.);
#11172=ORIENTED_EDGE('',*,*,#11171,.T.);
#11174=ORIENTED_EDGE('',*,*,#11173,.T.);
#11176=ORIENTED_EDGE('',*,*,#11175,.F.);
#11177=EDGE_LOOP('',(#11142,#11144,#11146,#11148,#11150,#11152,#11154,#11156,
#11158,#11160,#11162,#11164,#11166,#11168,#11170,#11172,#11174,#11176));
#11178=FACE_OUTER_BOUND('',#11177,.F.);
#11180=FILL_AREA_STYLE_COLOUR('',#2);
#11181=FILL_AREA_STYLE('',(#11180));
#11182=SURFACE_STYLE_FILL_AREA(#11181);
#11183=SURFACE_SIDE_STYLE('',(#11182));
#11184=SURFACE_STYLE_USAGE(.BOTH.,#11183);
#11185=PRESENTATION_STYLE_ASSIGNMENT((#11184));
#11186=STYLED_ITEM('',(#11185),#11179);
#11187=CARTESIAN_POINT('',(4.5E-1,7.945E0,-8.425531893968E-1));
#11188=DIRECTION('',(8.373794759778E-1,0.E0,5.466220021286E-1));
#11189=DIRECTION('',(5.466220021286E-1,0.E0,-8.373794759778E-1));
#11190=AXIS2_PLACEMENT_3D('',#11187,#11188,#11189);
#11191=PLANE('',#11190);
#11192=ORIENTED_EDGE('',*,*,#11143,.F.);
#11193=ORIENTED_EDGE('',*,*,#11125,.T.);
#11194=ORIENTED_EDGE('',*,*,#11103,.F.);
#11196=ORIENTED_EDGE('',*,*,#11195,.T.);
#11197=EDGE_LOOP('',(#11192,#11193,#11194,#11196));
#11198=FACE_OUTER_BOUND('',#11197,.F.);
#11200=FILL_AREA_STYLE_COLOUR('',#2);
#11201=FILL_AREA_STYLE('',(#11200));
#11202=SURFACE_STYLE_FILL_AREA(#11201);
#11203=SURFACE_SIDE_STYLE('',(#11202));
#11204=SURFACE_STYLE_USAGE(.BOTH.,#11203);
#11205=PRESENTATION_STYLE_ASSIGNMENT((#11204));
#11206=STYLED_ITEM('',(#11205),#11199);
#11207=CARTESIAN_POINT('',(5.302082896233E-1,7.945E0,-9.361702322960E-1));
#11208=DIRECTION('',(5.627909312415E-1,0.E0,8.265992787998E-1));
#11209=DIRECTION('',(8.265992787998E-1,0.E0,-5.627909312415E-1));
#11210=AXIS2_PLACEMENT_3D('',#11207,#11208,#11209);
#11211=PLANE('',#11210);
#11212=ORIENTED_EDGE('',*,*,#11145,.F.);
#11213=ORIENTED_EDGE('',*,*,#11195,.F.);
#11214=ORIENTED_EDGE('',*,*,#11101,.F.);
#11216=ORIENTED_EDGE('',*,*,#11215,.T.);
#11217=EDGE_LOOP('',(#11212,#11213,#11214,#11216));
#11218=FACE_OUTER_BOUND('',#11217,.F.);
#11220=FILL_AREA_STYLE_COLOUR('',#2);
#11221=FILL_AREA_STYLE('',(#11220));
#11222=SURFACE_STYLE_FILL_AREA(#11221);
#11223=SURFACE_SIDE_STYLE('',(#11222));
#11224=SURFACE_STYLE_USAGE(.BOTH.,#11223);
#11225=PRESENTATION_STYLE_ASSIGNMENT((#11224));
#11226=STYLED_ITEM('',(#11225),#11219);
#11227=CARTESIAN_POINT('',(6.21875E-1,7.945E0,-9.712766110897E-1));
#11228=DIRECTION('',(2.001232084924E-1,0.E0,9.797707392154E-1));
#11229=DIRECTION('',(9.797707392154E-1,0.E0,-2.001232084924E-1));
#11230=AXIS2_PLACEMENT_3D('',#11227,#11228,#11229);
#11231=PLANE('',#11230);
#11232=ORIENTED_EDGE('',*,*,#11147,.F.);
#11233=ORIENTED_EDGE('',*,*,#11215,.F.);
#11234=ORIENTED_EDGE('',*,*,#11099,.F.);
#11236=ORIENTED_EDGE('',*,*,#11235,.T.);
#11237=EDGE_LOOP('',(#11232,#11233,#11234,#11236));
#11238=FACE_OUTER_BOUND('',#11237,.F.);
#11240=FILL_AREA_STYLE_COLOUR('',#2);
#11241=FILL_AREA_STYLE('',(#11240));
#11242=SURFACE_STYLE_FILL_AREA(#11241);
#11243=SURFACE_SIDE_STYLE('',(#11242));
#11244=SURFACE_STYLE_USAGE(.BOTH.,#11243);
#11245=PRESENTATION_STYLE_ASSIGNMENT((#11244));
#11246=STYLED_ITEM('',(#11245),#11239);
#11247=CARTESIAN_POINT('',(7.364583551884E-1,7.945E0,-9.712766110897E-1));
#11248=DIRECTION('',(-2.001234283439E-1,0.E0,9.797706943096E-1));
#11249=DIRECTION('',(9.797706943096E-1,0.E0,2.001234283440E-1));
#11250=AXIS2_PLACEMENT_3D('',#11247,#11248,#11249);
#11251=PLANE('',#11250);
#11252=ORIENTED_EDGE('',*,*,#11149,.F.);
#11253=ORIENTED_EDGE('',*,*,#11235,.F.);
#11254=ORIENTED_EDGE('',*,*,#11097,.F.);
#11256=ORIENTED_EDGE('',*,*,#11255,.T.);
#11257=EDGE_LOOP('',(#11252,#11253,#11254,#11256));
#11258=FACE_OUTER_BOUND('',#11257,.F.);
#11260=FILL_AREA_STYLE_COLOUR('',#2);
#11261=FILL_AREA_STYLE('',(#11260));
#11262=SURFACE_STYLE_FILL_AREA(#11261);
#11263=SURFACE_SIDE_STYLE('',(#11262));
#11264=SURFACE_STYLE_USAGE(.BOTH.,#11263);
#11265=PRESENTATION_STYLE_ASSIGNMENT((#11264));
#11266=STYLED_ITEM('',(#11265),#11259);
#11267=CARTESIAN_POINT('',(8.28125E-1,7.945E0,-9.361702322960E-1));
#11268=DIRECTION('',(-5.627909312419E-1,0.E0,8.265992787995E-1));
#11269=DIRECTION('',(8.265992787995E-1,0.E0,5.627909312419E-1));
#11270=AXIS2_PLACEMENT_3D('',#11267,#11268,#11269);
#11271=PLANE('',#11270);
#11272=ORIENTED_EDGE('',*,*,#11151,.F.);
#11273=ORIENTED_EDGE('',*,*,#11255,.F.);
#11274=ORIENTED_EDGE('',*,*,#11095,.F.);
#11276=ORIENTED_EDGE('',*,*,#11275,.T.);
#11277=EDGE_LOOP('',(#11272,#11273,#11274,#11276));
#11278=FACE_OUTER_BOUND('',#11277,.F.);
#11280=FILL_AREA_STYLE_COLOUR('',#2);
#11281=FILL_AREA_STYLE('',(#11280));
#11282=SURFACE_STYLE_FILL_AREA(#11281);
#11283=SURFACE_SIDE_STYLE('',(#11282));
#11284=SURFACE_STYLE_USAGE(.BOTH.,#11283);
#11285=PRESENTATION_STYLE_ASSIGNMENT((#11284));
#11286=STYLED_ITEM('',(#11285),#11279);
#11287=CARTESIAN_POINT('',(9.083333551884E-1,7.945E0,-8.425531893969E-1));
#11288=DIRECTION('',(8.373791180559E-1,0.E0,-5.466225504348E-1));
#11289=DIRECTION('',(5.466225504348E-1,0.E0,8.373791180559E-1));
#11290=AXIS2_PLACEMENT_3D('',#11287,#11288,#11289);
#11291=PLANE('',#11290);
#11292=ORIENTED_EDGE('',*,*,#11153,.F.);
#11293=ORIENTED_EDGE('',*,*,#11275,.F.);
#11294=ORIENTED_EDGE('',*,*,#11093,.F.);
#11296=ORIENTED_EDGE('',*,*,#11295,.T.);
#11297=EDGE_LOOP('',(#11292,#11293,#11294,#11296));
#11298=FACE_OUTER_BOUND('',#11297,.F.);
#11300=FILL_AREA_STYLE_COLOUR('',#2);
#11301=FILL_AREA_STYLE('',(#11300));
#11302=SURFACE_STYLE_FILL_AREA(#11301);
#11303=SURFACE_SIDE_STYLE('',(#11302));
#11304=SURFACE_STYLE_USAGE(.BOTH.,#11303);
#11305=PRESENTATION_STYLE_ASSIGNMENT((#11304));
#11306=STYLED_ITEM('',(#11305),#11299);
#11307=CARTESIAN_POINT('',(9.65625E-1,7.945E0,-7.021276414395E-1));
#11308=DIRECTION('',(9.869440947885E-1,0.E0,-1.610631980376E-1));
#11309=DIRECTION('',(1.610631980376E-1,0.E0,9.869440947885E-1));
#11310=AXIS2_PLACEMENT_3D('',#11307,#11308,#11309);
#11311=PLANE('',#11310);
#11312=ORIENTED_EDGE('',*,*,#11155,.F.);
#11313=ORIENTED_EDGE('',*,*,#11295,.F.);
#11314=ORIENTED_EDGE('',*,*,#11091,.F.);
#11316=ORIENTED_EDGE('',*,*,#11315,.T.);
#11317=EDGE_LOOP('',(#11312,#11313,#11314,#11316));
#11318=FACE_OUTER_BOUND('',#11317,.F.);
#11320=FILL_AREA_STYLE_COLOUR('',#2);
#11321=FILL_AREA_STYLE('',(#11320));
#11322=SURFACE_STYLE_FILL_AREA(#11321);
#11323=SURFACE_SIDE_STYLE('',(#11322));
#11324=SURFACE_STYLE_USAGE(.BOTH.,#11323);
#11325=PRESENTATION_STYLE_ASSIGNMENT((#11324));
#11326=STYLED_ITEM('',(#11325),#11319);
#11327=CARTESIAN_POINT('',(9.770832896233E-1,7.945E0,-5.5E-1));
#11328=DIRECTION('',(1.E0,0.E0,0.E0));
#11329=DIRECTION('',(0.E0,0.E0,1.E0));
#11330=AXIS2_PLACEMENT_3D('',#11327,#11328,#11329);
#11331=PLANE('',#11330);
#11332=ORIENTED_EDGE('',*,*,#11157,.T.);
#11333=ORIENTED_EDGE('',*,*,#11315,.F.);
#11334=ORIENTED_EDGE('',*,*,#11089,.T.);
#11336=ORIENTED_EDGE('',*,*,#11335,.T.);
#11337=EDGE_LOOP('',(#11332,#11333,#11334,#11336));
#11338=FACE_OUTER_BOUND('',#11337,.F.);
#11340=FILL_AREA_STYLE_COLOUR('',#2);
#11341=FILL_AREA_STYLE('',(#11340));
#11342=SURFACE_STYLE_FILL_AREA(#11341);
#11343=SURFACE_SIDE_STYLE('',(#11342));
#11344=SURFACE_STYLE_USAGE(.BOTH.,#11343);
#11345=PRESENTATION_STYLE_ASSIGNMENT((#11344));
#11346=STYLED_ITEM('',(#11345),#11339);
#11347=CARTESIAN_POINT('',(9.65625E-1,7.945E0,-3.978723421693E-1));
#11348=DIRECTION('',(9.869441007656E-1,0.E0,1.610631614119E-1));
#11349=DIRECTION('',(-1.610631614119E-1,0.E0,9.869441007656E-1));
#11350=AXIS2_PLACEMENT_3D('',#11347,#11348,#11349);
#11351=PLANE('',#11350);
#11352=ORIENTED_EDGE('',*,*,#11159,.F.);
#11353=ORIENTED_EDGE('',*,*,#11335,.F.);
#11354=ORIENTED_EDGE('',*,*,#11087,.F.);
#11356=ORIENTED_EDGE('',*,*,#11355,.T.);
#11357=EDGE_LOOP('',(#11352,#11353,#11354,#11356));
#11358=FACE_OUTER_BOUND('',#11357,.F.);
#11360=FILL_AREA_STYLE_COLOUR('',#2);
#11361=FILL_AREA_STYLE('',(#11360));
#11362=SURFACE_STYLE_FILL_AREA(#11361);
#11363=SURFACE_SIDE_STYLE('',(#11362));
#11364=SURFACE_STYLE_USAGE(.BOTH.,#11363);
#11365=PRESENTATION_STYLE_ASSIGNMENT((#11364));
#11366=STYLED_ITEM('',(#11365),#11359);
#11367=CARTESIAN_POINT('',(9.083333551884E-1,7.945E0,-2.574468024075E-1));
#11368=DIRECTION('',(8.373790304396E-1,0.E0,5.466226846555E-1));
#11369=DIRECTION('',(-5.466226846555E-1,0.E0,8.373790304396E-1));
#11370=AXIS2_PLACEMENT_3D('',#11367,#11368,#11369);
#11371=PLANE('',#11370);
#11372=ORIENTED_EDGE('',*,*,#11161,.F.);
#11373=ORIENTED_EDGE('',*,*,#11355,.F.);
#11374=ORIENTED_EDGE('',*,*,#11085,.F.);
#11376=ORIENTED_EDGE('',*,*,#11375,.T.);
#11377=EDGE_LOOP('',(#11372,#11373,#11374,#11376));
#11378=FACE_OUTER_BOUND('',#11377,.F.);
#11380=FILL_AREA_STYLE_COLOUR('',#2);
#11381=FILL_AREA_STYLE('',(#11380));
#11382=SURFACE_STYLE_FILL_AREA(#11381);
#11383=SURFACE_SIDE_STYLE('',(#11382));
#11384=SURFACE_STYLE_USAGE(.BOTH.,#11383);
#11385=PRESENTATION_STYLE_ASSIGNMENT((#11384));
#11386=STYLED_ITEM('',(#11385),#11379);
#11387=CARTESIAN_POINT('',(8.28125E-1,7.945E0,-1.638297840953E-1));
#11388=DIRECTION('',(5.627909312419E-1,0.E0,8.265992787995E-1));
#11389=DIRECTION('',(-8.265992787995E-1,0.E0,5.627909312419E-1));
#11390=AXIS2_PLACEMENT_3D('',#11387,#11388,#11389);
#11391=PLANE('',#11390);
#11392=ORIENTED_EDGE('',*,*,#11163,.F.);
#11393=ORIENTED_EDGE('',*,*,#11375,.F.);
#11394=ORIENTED_EDGE('',*,*,#11083,.F.);
#11396=ORIENTED_EDGE('',*,*,#11395,.T.);
#11397=EDGE_LOOP('',(#11392,#11393,#11394,#11396));
#11398=FACE_OUTER_BOUND('',#11397,.F.);
#11400=FILL_AREA_STYLE_COLOUR('',#2);
#11401=FILL_AREA_STYLE('',(#11400));
#11402=SURFACE_STYLE_FILL_AREA(#11401);
#11403=SURFACE_SIDE_STYLE('',(#11402));
#11404=SURFACE_STYLE_USAGE(.BOTH.,#11403);
#11405=PRESENTATION_STYLE_ASSIGNMENT((#11404));
#11406=STYLED_ITEM('',(#11405),#11399);
#11407=CARTESIAN_POINT('',(7.364583551883E-1,7.945E0,-1.287234053015E-1));
#11408=DIRECTION('',(2.001234283434E-1,0.E0,9.797706943097E-1));
#11409=DIRECTION('',(-9.797706943097E-1,0.E0,2.001234283434E-1));
#11410=AXIS2_PLACEMENT_3D('',#11407,#11408,#11409);
#11411=PLANE('',#11410);
#11412=ORIENTED_EDGE('',*,*,#11165,.F.);
#11413=ORIENTED_EDGE('',*,*,#11395,.F.);
#11414=ORIENTED_EDGE('',*,*,#11081,.F.);
#11416=ORIENTED_EDGE('',*,*,#11415,.T.);
#11417=EDGE_LOOP('',(#11412,#11413,#11414,#11416));
#11418=FACE_OUTER_BOUND('',#11417,.F.);
#11420=FILL_AREA_STYLE_COLOUR('',#2);
#11421=FILL_AREA_STYLE('',(#11420));
#11422=SURFACE_STYLE_FILL_AREA(#11421);
#11423=SURFACE_SIDE_STYLE('',(#11422));
#11424=SURFACE_STYLE_USAGE(.BOTH.,#11423);
#11425=PRESENTATION_STYLE_ASSIGNMENT((#11424));
#11426=STYLED_ITEM('',(#11425),#11419);
#11427=CARTESIAN_POINT('',(6.21875E-1,7.945E0,-1.287234053015E-1));
#11428=DIRECTION('',(-2.001232084930E-1,0.E0,9.797707392153E-1));
#11429=DIRECTION('',(-9.797707392153E-1,0.E0,-2.001232084930E-1));
#11430=AXIS2_PLACEMENT_3D('',#11427,#11428,#11429);
#11431=PLANE('',#11430);
#11432=ORIENTED_EDGE('',*,*,#11167,.F.);
#11433=ORIENTED_EDGE('',*,*,#11415,.F.);
#11434=ORIENTED_EDGE('',*,*,#11079,.F.);
#11436=ORIENTED_EDGE('',*,*,#11435,.T.);
#11437=EDGE_LOOP('',(#11432,#11433,#11434,#11436));
#11438=FACE_OUTER_BOUND('',#11437,.F.);
#11440=FILL_AREA_STYLE_COLOUR('',#2);
#11441=FILL_AREA_STYLE('',(#11440));
#11442=SURFACE_STYLE_FILL_AREA(#11441);
#11443=SURFACE_SIDE_STYLE('',(#11442));
#11444=SURFACE_STYLE_USAGE(.BOTH.,#11443);
#11445=PRESENTATION_STYLE_ASSIGNMENT((#11444));
#11446=STYLED_ITEM('',(#11445),#11439);
#11447=CARTESIAN_POINT('',(5.302082896233E-1,7.945E0,-1.638297840953E-1));
#11448=DIRECTION('',(-5.627909312415E-1,0.E0,8.265992787998E-1));
#11449=DIRECTION('',(-8.265992787998E-1,0.E0,-5.627909312415E-1));
#11450=AXIS2_PLACEMENT_3D('',#11447,#11448,#11449);
#11451=PLANE('',#11450);
#11452=ORIENTED_EDGE('',*,*,#11169,.F.);
#11453=ORIENTED_EDGE('',*,*,#11435,.F.);
#11454=ORIENTED_EDGE('',*,*,#11077,.F.);
#11456=ORIENTED_EDGE('',*,*,#11455,.T.);
#11457=EDGE_LOOP('',(#11452,#11453,#11454,#11456));
#11458=FACE_OUTER_BOUND('',#11457,.F.);
#11460=FILL_AREA_STYLE_COLOUR('',#2);
#11461=FILL_AREA_STYLE('',(#11460));
#11462=SURFACE_STYLE_FILL_AREA(#11461);
#11463=SURFACE_SIDE_STYLE('',(#11462));
#11464=SURFACE_STYLE_USAGE(.BOTH.,#11463);
#11465=PRESENTATION_STYLE_ASSIGNMENT((#11464));
#11466=STYLED_ITEM('',(#11465),#11459);
#11467=CARTESIAN_POINT('',(4.5E-1,7.945E0,-2.574468024075E-1));
#11468=DIRECTION('',(8.373793883618E-1,0.E0,-5.466221363491E-1));
#11469=DIRECTION('',(-5.466221363491E-1,0.E0,-8.373793883618E-1));
#11470=AXIS2_PLACEMENT_3D('',#11467,#11468,#11469);
#11471=PLANE('',#11470);
#11472=ORIENTED_EDGE('',*,*,#11171,.F.);
#11473=ORIENTED_EDGE('',*,*,#11455,.F.);
#11474=ORIENTED_EDGE('',*,*,#11075,.F.);
#11476=ORIENTED_EDGE('',*,*,#11475,.T.);
#11477=EDGE_LOOP('',(#11472,#11473,#11474,#11476));
#11478=FACE_OUTER_BOUND('',#11477,.F.);
#11480=FILL_AREA_STYLE_COLOUR('',#2);
#11481=FILL_AREA_STYLE('',(#11480));
#11482=SURFACE_STYLE_FILL_AREA(#11481);
#11483=SURFACE_SIDE_STYLE('',(#11482));
#11484=SURFACE_STYLE_USAGE(.BOTH.,#11483);
#11485=PRESENTATION_STYLE_ASSIGNMENT((#11484));
#11486=STYLED_ITEM('',(#11485),#11479);
#11487=CARTESIAN_POINT('',(3.927083551884E-1,7.945E0,-3.978723421693E-1));
#11488=DIRECTION('',(9.869439542650E-1,0.E0,-1.610640591183E-1));
#11489=DIRECTION('',(-1.610640591183E-1,0.E0,-9.869439542650E-1));
#11490=AXIS2_PLACEMENT_3D('',#11487,#11488,#11489);
#11491=PLANE('',#11490);
#11492=ORIENTED_EDGE('',*,*,#11173,.F.);
#11493=ORIENTED_EDGE('',*,*,#11475,.F.);
#11494=ORIENTED_EDGE('',*,*,#11073,.F.);
#11496=ORIENTED_EDGE('',*,*,#11495,.T.);
#11497=EDGE_LOOP('',(#11492,#11493,#11494,#11496));
#11498=FACE_OUTER_BOUND('',#11497,.F.);
#11500=FILL_AREA_STYLE_COLOUR('',#2);
#11501=FILL_AREA_STYLE('',(#11500));
#11502=SURFACE_STYLE_FILL_AREA(#11501);
#11503=SURFACE_SIDE_STYLE('',(#11502));
#11504=SURFACE_STYLE_USAGE(.BOTH.,#11503);
#11505=PRESENTATION_STYLE_ASSIGNMENT((#11504));
#11506=STYLED_ITEM('',(#11505),#11499);
#11507=CARTESIAN_POINT('',(3.8125E-1,7.945E0,-5.5E-1));
#11508=DIRECTION('',(1.E0,0.E0,0.E0));
#11509=DIRECTION('',(0.E0,0.E0,-1.E0));
#11510=AXIS2_PLACEMENT_3D('',#11507,#11508,#11509);
#11511=PLANE('',#11510);
#11512=ORIENTED_EDGE('',*,*,#11175,.T.);
#11513=ORIENTED_EDGE('',*,*,#11495,.F.);
#11514=ORIENTED_EDGE('',*,*,#11071,.T.);
#11515=ORIENTED_EDGE('',*,*,#11122,.T.);
#11516=EDGE_LOOP('',(#11512,#11513,#11514,#11515));
#11517=FACE_OUTER_BOUND('',#11516,.F.);
#11519=FILL_AREA_STYLE_COLOUR('',#2);
#11520=FILL_AREA_STYLE('',(#11519));
#11521=SURFACE_STYLE_FILL_AREA(#11520);
#11522=SURFACE_SIDE_STYLE('',(#11521));
#11523=SURFACE_STYLE_USAGE(.BOTH.,#11522);
#11524=PRESENTATION_STYLE_ASSIGNMENT((#11523));
#11525=STYLED_ITEM('',(#11524),#11518);
#11526=CARTESIAN_POINT('',(-2.339583330602E0,7.945E0,1.25E0));
#11527=DIRECTION('',(4.547770705413E-1,0.E0,8.906053088264E-1));
#11528=DIRECTION('',(-8.906053088264E-1,0.E0,4.547770705413E-1));
#11529=AXIS2_PLACEMENT_3D('',#11526,#11527,#11528);
#11530=PLANE('',#11529);
#11531=ORIENTED_EDGE('',*,*,#8880,.F.);
#11533=ORIENTED_EDGE('',*,*,#11532,.F.);
#11535=ORIENTED_EDGE('',*,*,#11534,.F.);
#11537=ORIENTED_EDGE('',*,*,#11536,.F.);
#11538=EDGE_LOOP('',(#11531,#11533,#11535,#11537));
#11539=FACE_OUTER_BOUND('',#11538,.F.);
#11541=FILL_AREA_STYLE_COLOUR('',#2);
#11542=FILL_AREA_STYLE('',(#11541));
#11543=SURFACE_STYLE_FILL_AREA(#11542);
#11544=SURFACE_SIDE_STYLE('',(#11543));
#11545=SURFACE_STYLE_USAGE(.BOTH.,#11544);
#11546=PRESENTATION_STYLE_ASSIGNMENT((#11545));
#11547=STYLED_ITEM('',(#11546),#11540);
#11548=CARTESIAN_POINT('',(-2.339583330602E0,7.945E0,1.226595747471E0));
#11549=DIRECTION('',(-4.547770705413E-1,0.E0,8.906053088264E-1));
#11550=DIRECTION('',(8.906053088264E-1,0.E0,4.547770705413E-1));
#11551=AXIS2_PLACEMENT_3D('',#11548,#11549,#11550);
#11552=PLANE('',#11551);
#11553=ORIENTED_EDGE('',*,*,#8946,.F.);
#11555=ORIENTED_EDGE('',*,*,#11554,.F.);
#11557=ORIENTED_EDGE('',*,*,#11556,.F.);
#11558=ORIENTED_EDGE('',*,*,#11532,.T.);
#11559=EDGE_LOOP('',(#11553,#11555,#11557,#11558));
#11560=FACE_OUTER_BOUND('',#11559,.F.);
#11562=FILL_AREA_STYLE_COLOUR('',#2);
#11563=FILL_AREA_STYLE('',(#11562));
#11564=SURFACE_STYLE_FILL_AREA(#11563);
#11565=SURFACE_SIDE_STYLE('',(#11564));
#11566=SURFACE_STYLE_USAGE(.BOTH.,#11565);
#11567=PRESENTATION_STYLE_ASSIGNMENT((#11566));
#11568=STYLED_ITEM('',(#11567),#11561);
#11569=CARTESIAN_POINT('',(-2.396875E0,7.945E0,1.179787242412E0));
#11570=DIRECTION('',(7.145103848E-1,0.E0,-6.996248351888E-1));
#11571=DIRECTION('',(6.996248351888E-1,0.E0,7.145103848E-1));
#11572=AXIS2_PLACEMENT_3D('',#11569,#11570,#11571);
#11573=PLANE('',#11572);
#11574=ORIENTED_EDGE('',*,*,#8944,.F.);
#11576=ORIENTED_EDGE('',*,*,#11575,.F.);
#11578=ORIENTED_EDGE('',*,*,#11577,.F.);
#11579=ORIENTED_EDGE('',*,*,#11554,.T.);
#11580=EDGE_LOOP('',(#11574,#11576,#11578,#11579));
#11581=FACE_OUTER_BOUND('',#11580,.F.);
#11583=FILL_AREA_STYLE_COLOUR('',#2);
#11584=FILL_AREA_STYLE('',(#11583));
#11585=SURFACE_STYLE_FILL_AREA(#11584);
#11586=SURFACE_SIDE_STYLE('',(#11585));
#11587=SURFACE_STYLE_USAGE(.BOTH.,#11586);
#11588=PRESENTATION_STYLE_ASSIGNMENT((#11587));
#11589=STYLED_ITEM('',(#11588),#11582);
#11590=CARTESIAN_POINT('',(-2.454166666325E0,7.945E0,1.097872358560E0));
#11591=DIRECTION('',(8.981380997579E-1,0.E0,-4.397134905404E-1));
#11592=DIRECTION('',(4.397134905404E-1,0.E0,8.981380997579E-1));
#11593=AXIS2_PLACEMENT_3D('',#11590,#11591,#11592);
#11594=PLANE('',#11593);
#11595=ORIENTED_EDGE('',*,*,#8942,.F.);
#11597=ORIENTED_EDGE('',*,*,#11596,.F.);
#11599=ORIENTED_EDGE('',*,*,#11598,.F.);
#11600=ORIENTED_EDGE('',*,*,#11575,.T.);
#11601=EDGE_LOOP('',(#11595,#11597,#11599,#11600));
#11602=FACE_OUTER_BOUND('',#11601,.F.);
#11604=FILL_AREA_STYLE_COLOUR('',#2);
#11605=FILL_AREA_STYLE('',(#11604));
#11606=SURFACE_STYLE_FILL_AREA(#11605);
#11607=SURFACE_SIDE_STYLE('',(#11606));
#11608=SURFACE_STYLE_USAGE(.BOTH.,#11607);
#11609=PRESENTATION_STYLE_ASSIGNMENT((#11608));
#11610=STYLED_ITEM('',(#11609),#11603);
#11611=CARTESIAN_POINT('',(-2.477083332650E0,7.945E0,1.015957474708E0));
#11612=DIRECTION('',(1.E0,0.E0,0.E0));
#11613=DIRECTION('',(0.E0,0.E0,1.E0));
#11614=AXIS2_PLACEMENT_3D('',#11611,#11612,#11613);
#11615=PLANE('',#11614);
#11616=ORIENTED_EDGE('',*,*,#8940,.T.);
#11618=ORIENTED_EDGE('',*,*,#11617,.F.);
#11620=ORIENTED_EDGE('',*,*,#11619,.T.);
#11621=ORIENTED_EDGE('',*,*,#11596,.T.);
#11622=EDGE_LOOP('',(#11616,#11618,#11620,#11621));
#11623=FACE_OUTER_BOUND('',#11622,.F.);
#11625=FILL_AREA_STYLE_COLOUR('',#2);
#11626=FILL_AREA_STYLE('',(#11625));
#11627=SURFACE_STYLE_FILL_AREA(#11626);
#11628=SURFACE_SIDE_STYLE('',(#11627));
#11629=SURFACE_STYLE_USAGE(.BOTH.,#11628);
#11630=PRESENTATION_STYLE_ASSIGNMENT((#11629));
#11631=STYLED_ITEM('',(#11630),#11624);
#11632=CARTESIAN_POINT('',(-2.454166666325E0,7.945E0,9.223404318094E-1));
#11633=DIRECTION('',(9.311283072330E-1,0.E0,3.646917540464E-1));
#11634=DIRECTION('',(-3.646917540464E-1,0.E0,9.311283072330E-1));
#11635=AXIS2_PLACEMENT_3D('',#11632,#11633,#11634);
#11636=PLANE('',#11635);
#11637=ORIENTED_EDGE('',*,*,#8938,.F.);
#11639=ORIENTED_EDGE('',*,*,#11638,.F.);
#11641=ORIENTED_EDGE('',*,*,#11640,.F.);
#11642=ORIENTED_EDGE('',*,*,#11617,.T.);
#11643=EDGE_LOOP('',(#11637,#11639,#11641,#11642));
#11644=FACE_OUTER_BOUND('',#11643,.F.);
#11646=FILL_AREA_STYLE_COLOUR('',#2);
#11647=FILL_AREA_STYLE('',(#11646));
#11648=SURFACE_STYLE_FILL_AREA(#11647);
#11649=SURFACE_SIDE_STYLE('',(#11648));
#11650=SURFACE_STYLE_USAGE(.BOTH.,#11649);
#11651=PRESENTATION_STYLE_ASSIGNMENT((#11650));
#11652=STYLED_ITEM('',(#11651),#11645);
#11653=CARTESIAN_POINT('',(-2.396875E0,7.945E0,8.287233889103E-1));
#11654=DIRECTION('',(7.145103847994E-1,0.E0,6.996248351894E-1));
#11655=DIRECTION('',(-6.996248351894E-1,0.E0,7.145103847994E-1));
#11656=AXIS2_PLACEMENT_3D('',#11653,#11654,#11655);
#11657=PLANE('',#11656);
#11658=ORIENTED_EDGE('',*,*,#8936,.F.);
#11660=ORIENTED_EDGE('',*,*,#11659,.F.);
#11662=ORIENTED_EDGE('',*,*,#11661,.F.);
#11663=ORIENTED_EDGE('',*,*,#11638,.T.);
#11664=EDGE_LOOP('',(#11658,#11660,#11662,#11663));
#11665=FACE_OUTER_BOUND('',#11664,.F.);
#11667=FILL_AREA_STYLE_COLOUR('',#2);
#11668=FILL_AREA_STYLE('',(#11667));
#11669=SURFACE_STYLE_FILL_AREA(#11668);
#11670=SURFACE_SIDE_STYLE('',(#11669));
#11671=SURFACE_STYLE_USAGE(.BOTH.,#11670);
#11672=PRESENTATION_STYLE_ASSIGNMENT((#11671));
#11673=STYLED_ITEM('',(#11672),#11666);
#11674=CARTESIAN_POINT('',(-2.305208330601E0,7.945E0,7.585106313228E-1));
#11675=DIRECTION('',(5.224769104776E-1,0.E0,8.526534337102E-1));
#11676=DIRECTION('',(-8.526534337102E-1,0.E0,5.224769104776E-1));
#11677=AXIS2_PLACEMENT_3D('',#11674,#11675,#11676);
#11678=PLANE('',#11677);
#11679=ORIENTED_EDGE('',*,*,#8934,.F.);
#11681=ORIENTED_EDGE('',*,*,#11680,.F.);
#11683=ORIENTED_EDGE('',*,*,#11682,.F.);
#11684=ORIENTED_EDGE('',*,*,#11659,.T.);
#11685=EDGE_LOOP('',(#11679,#11681,#11683,#11684));
#11686=FACE_OUTER_BOUND('',#11685,.F.);
#11688=FILL_AREA_STYLE_COLOUR('',#2);
#11689=FILL_AREA_STYLE('',(#11688));
#11690=SURFACE_STYLE_FILL_AREA(#11689);
#11691=SURFACE_SIDE_STYLE('',(#11690));
#11692=SURFACE_STYLE_USAGE(.BOTH.,#11691);
#11693=PRESENTATION_STYLE_ASSIGNMENT((#11692));
#11694=STYLED_ITEM('',(#11693),#11687);
#11695=CARTESIAN_POINT('',(-2.190624991805E0,7.945E0,7.117021262646E-1));
#11696=DIRECTION('',(2.001233459005E-1,0.E0,9.797707111491E-1));
#11697=DIRECTION('',(-9.797707111491E-1,0.E0,2.001233459005E-1));
#11698=AXIS2_PLACEMENT_3D('',#11695,#11696,#11697);
#11699=PLANE('',#11698);
#11700=ORIENTED_EDGE('',*,*,#8932,.F.);
#11702=ORIENTED_EDGE('',*,*,#11701,.F.);
#11704=ORIENTED_EDGE('',*,*,#11703,.F.);
#11705=ORIENTED_EDGE('',*,*,#11680,.T.);
#11706=EDGE_LOOP('',(#11700,#11702,#11704,#11705));
#11707=FACE_OUTER_BOUND('',#11706,.F.);
#11709=FILL_AREA_STYLE_COLOUR('',#2);
#11710=FILL_AREA_STYLE('',(#11709));
#11711=SURFACE_STYLE_FILL_AREA(#11710);
#11712=SURFACE_SIDE_STYLE('',(#11711));
#11713=SURFACE_STYLE_USAGE(.BOTH.,#11712);
#11714=PRESENTATION_STYLE_ASSIGNMENT((#11713));
#11715=STYLED_ITEM('',(#11714),#11708);
#11716=CARTESIAN_POINT('',(-2.0875E0,7.945E0,7.E-1));
#11717=DIRECTION('',(0.E0,0.E0,1.E0));
#11718=DIRECTION('',(-1.E0,0.E0,0.E0));
#11719=AXIS2_PLACEMENT_3D('',#11716,#11717,#11718);
#11720=PLANE('',#11719);
#11721=ORIENTED_EDGE('',*,*,#8930,.T.);
#11723=ORIENTED_EDGE('',*,*,#11722,.F.);
#11725=ORIENTED_EDGE('',*,*,#11724,.T.);
#11726=ORIENTED_EDGE('',*,*,#11701,.T.);
#11727=EDGE_LOOP('',(#11721,#11723,#11725,#11726));
#11728=FACE_OUTER_BOUND('',#11727,.F.);
#11730=FILL_AREA_STYLE_COLOUR('',#2);
#11731=FILL_AREA_STYLE('',(#11730));
#11732=SURFACE_STYLE_FILL_AREA(#11731);
#11733=SURFACE_SIDE_STYLE('',(#11732));
#11734=SURFACE_STYLE_USAGE(.BOTH.,#11733);
#11735=PRESENTATION_STYLE_ASSIGNMENT((#11734));
#11736=STYLED_ITEM('',(#11735),#11729);
#11737=CARTESIAN_POINT('',(-1.984375016391E0,7.945E0,7.117021262645E-1));
#11738=DIRECTION('',(-2.001233733799E-1,0.E0,9.797707055363E-1));
#11739=DIRECTION('',(-9.797707055363E-1,0.E0,-2.001233733799E-1));
#11740=AXIS2_PLACEMENT_3D('',#11737,#11738,#11739);
#11741=PLANE('',#11740);
#11742=ORIENTED_EDGE('',*,*,#8928,.F.);
#11744=ORIENTED_EDGE('',*,*,#11743,.F.);
#11746=ORIENTED_EDGE('',*,*,#11745,.F.);
#11747=ORIENTED_EDGE('',*,*,#11722,.T.);
#11748=EDGE_LOOP('',(#11742,#11744,#11746,#11747));
#11749=FACE_OUTER_BOUND('',#11748,.F.);
#11751=FILL_AREA_STYLE_COLOUR('',#2);
#11752=FILL_AREA_STYLE('',(#11751));
#11753=SURFACE_STYLE_FILL_AREA(#11752);
#11754=SURFACE_SIDE_STYLE('',(#11753));
#11755=SURFACE_STYLE_USAGE(.BOTH.,#11754);
#11756=PRESENTATION_STYLE_ASSIGNMENT((#11755));
#11757=STYLED_ITEM('',(#11756),#11750);
#11758=CARTESIAN_POINT('',(-1.869791677594E0,7.945E0,7.585106313231E-1));
#11759=DIRECTION('',(-5.224768561417E-1,0.E0,8.526534670054E-1));
#11760=DIRECTION('',(-8.526534670054E-1,0.E0,-5.224768561417E-1));
#11761=AXIS2_PLACEMENT_3D('',#11758,#11759,#11760);
#11762=PLANE('',#11761);
#11763=ORIENTED_EDGE('',*,*,#8926,.F.);
#11765=ORIENTED_EDGE('',*,*,#11764,.F.);
#11767=ORIENTED_EDGE('',*,*,#11766,.F.);
#11768=ORIENTED_EDGE('',*,*,#11743,.T.);
#11769=EDGE_LOOP('',(#11763,#11765,#11767,#11768));
#11770=FACE_OUTER_BOUND('',#11769,.F.);
#11772=FILL_AREA_STYLE_COLOUR('',#2);
#11773=FILL_AREA_STYLE('',(#11772));
#11774=SURFACE_STYLE_FILL_AREA(#11773);
#11775=SURFACE_SIDE_STYLE('',(#11774));
#11776=SURFACE_STYLE_USAGE(.BOTH.,#11775);
#11777=PRESENTATION_STYLE_ASSIGNMENT((#11776));
#11778=STYLED_ITEM('',(#11777),#11771);
#11779=CARTESIAN_POINT('',(-1.778125E0,7.945E0,8.287233889103E-1));
#11780=DIRECTION('',(7.145103847994E-1,0.E0,-6.996248351894E-1));
#11781=DIRECTION('',(-6.996248351894E-1,0.E0,-7.145103847994E-1));
#11782=AXIS2_PLACEMENT_3D('',#11779,#11780,#11781);
#11783=PLANE('',#11782);
#11784=ORIENTED_EDGE('',*,*,#8924,.F.);
#11786=ORIENTED_EDGE('',*,*,#11785,.F.);
#11788=ORIENTED_EDGE('',*,*,#11787,.F.);
#11789=ORIENTED_EDGE('',*,*,#11764,.T.);
#11790=EDGE_LOOP('',(#11784,#11786,#11788,#11789));
#11791=FACE_OUTER_BOUND('',#11790,.F.);
#11793=FILL_AREA_STYLE_COLOUR('',#2);
#11794=FILL_AREA_STYLE('',(#11793));
#11795=SURFACE_STYLE_FILL_AREA(#11794);
#11796=SURFACE_SIDE_STYLE('',(#11795));
#11797=SURFACE_STYLE_USAGE(.BOTH.,#11796);
#11798=PRESENTATION_STYLE_ASSIGNMENT((#11797));
#11799=STYLED_ITEM('',(#11798),#11792);
#11800=CARTESIAN_POINT('',(-1.720833322406E0,7.945E0,9.223404318094E-1));
#11801=DIRECTION('',(9.311282463372E-1,0.E0,-3.646919095251E-1));
#11802=DIRECTION('',(-3.646919095251E-1,0.E0,-9.311282463372E-1));
#11803=AXIS2_PLACEMENT_3D('',#11800,#11801,#11802);
#11804=PLANE('',#11803);
#11805=ORIENTED_EDGE('',*,*,#8922,.F.);
#11807=ORIENTED_EDGE('',*,*,#11806,.F.);
#11809=ORIENTED_EDGE('',*,*,#11808,.F.);
#11810=ORIENTED_EDGE('',*,*,#11785,.T.);
#11811=EDGE_LOOP('',(#11805,#11807,#11809,#11810));
#11812=FACE_OUTER_BOUND('',#11811,.F.);
#11814=FILL_AREA_STYLE_COLOUR('',#2);
#11815=FILL_AREA_STYLE('',(#11814));
#11816=SURFACE_STYLE_FILL_AREA(#11815);
#11817=SURFACE_SIDE_STYLE('',(#11816));
#11818=SURFACE_STYLE_USAGE(.BOTH.,#11817);
#11819=PRESENTATION_STYLE_ASSIGNMENT((#11818));
#11820=STYLED_ITEM('',(#11819),#11813);
#11821=CARTESIAN_POINT('',(-1.697916644812E0,7.945E0,1.015957474708E0));
#11822=DIRECTION('',(1.E0,0.E0,0.E0));
#11823=DIRECTION('',(0.E0,0.E0,-1.E0));
#11824=AXIS2_PLACEMENT_3D('',#11821,#11822,#11823);
#11825=PLANE('',#11824);
#11826=ORIENTED_EDGE('',*,*,#8920,.T.);
#11828=ORIENTED_EDGE('',*,*,#11827,.F.);
#11830=ORIENTED_EDGE('',*,*,#11829,.T.);
#11831=ORIENTED_EDGE('',*,*,#11806,.T.);
#11832=EDGE_LOOP('',(#11826,#11828,#11830,#11831));
#11833=FACE_OUTER_BOUND('',#11832,.F.);
#11835=FILL_AREA_STYLE_COLOUR('',#2);
#11836=FILL_AREA_STYLE('',(#11835));
#11837=SURFACE_STYLE_FILL_AREA(#11836);
#11838=SURFACE_SIDE_STYLE('',(#11837));
#11839=SURFACE_STYLE_USAGE(.BOTH.,#11838);
#11840=PRESENTATION_STYLE_ASSIGNMENT((#11839));
#11841=STYLED_ITEM('',(#11840),#11834);
#11842=CARTESIAN_POINT('',(-1.720833322406E0,7.945E0,1.097872358561E0));
#11843=DIRECTION('',(8.981380143677E-1,0.E0,4.397136649544E-1));
#11844=DIRECTION('',(4.397136649544E-1,0.E0,-8.981380143677E-1));
#11845=AXIS2_PLACEMENT_3D('',#11842,#11843,#11844);
#11846=PLANE('',#11845);
#11847=ORIENTED_EDGE('',*,*,#8918,.F.);
#11849=ORIENTED_EDGE('',*,*,#11848,.F.);
#11851=ORIENTED_EDGE('',*,*,#11850,.F.);
#11852=ORIENTED_EDGE('',*,*,#11827,.T.);
#11853=EDGE_LOOP('',(#11847,#11849,#11851,#11852));
#11854=FACE_OUTER_BOUND('',#11853,.F.);
#11856=FILL_AREA_STYLE_COLOUR('',#2);
#11857=FILL_AREA_STYLE('',(#11856));
#11858=SURFACE_STYLE_FILL_AREA(#11857);
#11859=SURFACE_SIDE_STYLE('',(#11858));
#11860=SURFACE_STYLE_USAGE(.BOTH.,#11859);
#11861=PRESENTATION_STYLE_ASSIGNMENT((#11860));
#11862=STYLED_ITEM('',(#11861),#11855);
#11863=CARTESIAN_POINT('',(-1.778125E0,7.945E0,1.179787242412E0));
#11864=DIRECTION('',(7.145103848E-1,0.E0,6.996248351888E-1));
#11865=DIRECTION('',(6.996248351888E-1,0.E0,-7.145103848E-1));
#11866=AXIS2_PLACEMENT_3D('',#11863,#11864,#11865);
#11867=PLANE('',#11866);
#11868=ORIENTED_EDGE('',*,*,#8916,.F.);
#11870=ORIENTED_EDGE('',*,*,#11869,.F.);
#11872=ORIENTED_EDGE('',*,*,#11871,.F.);
#11873=ORIENTED_EDGE('',*,*,#11848,.T.);
#11874=EDGE_LOOP('',(#11868,#11870,#11872,#11873));
#11875=FACE_OUTER_BOUND('',#11874,.F.);
#11877=FILL_AREA_STYLE_COLOUR('',#2);
#11878=FILL_AREA_STYLE('',(#11877));
#11879=SURFACE_STYLE_FILL_AREA(#11878);
#11880=SURFACE_SIDE_STYLE('',(#11879));
#11881=SURFACE_STYLE_USAGE(.BOTH.,#11880);
#11882=PRESENTATION_STYLE_ASSIGNMENT((#11881));
#11883=STYLED_ITEM('',(#11882),#11876);
#11884=CARTESIAN_POINT('',(-1.835416677594E0,7.945E0,1.226595747471E0));
#11885=DIRECTION('',(4.547769415477E-1,0.E0,8.906053746955E-1));
#11886=DIRECTION('',(8.906053746955E-1,0.E0,-4.547769415477E-1));
#11887=AXIS2_PLACEMENT_3D('',#11884,#11885,#11886);
#11888=PLANE('',#11887);
#11889=ORIENTED_EDGE('',*,*,#8914,.F.);
#11891=ORIENTED_EDGE('',*,*,#11890,.F.);
#11893=ORIENTED_EDGE('',*,*,#11892,.F.);
#11894=ORIENTED_EDGE('',*,*,#11869,.T.);
#11895=EDGE_LOOP('',(#11889,#11891,#11893,#11894));
#11896=FACE_OUTER_BOUND('',#11895,.F.);
#11898=FILL_AREA_STYLE_COLOUR('',#2);
#11899=FILL_AREA_STYLE('',(#11898));
#11900=SURFACE_STYLE_FILL_AREA(#11899);
#11901=SURFACE_SIDE_STYLE('',(#11900));
#11902=SURFACE_STYLE_USAGE(.BOTH.,#11901);
#11903=PRESENTATION_STYLE_ASSIGNMENT((#11902));
#11904=STYLED_ITEM('',(#11903),#11897);
#11905=CARTESIAN_POINT('',(-1.835416677594E0,7.945E0,1.25E0));
#11906=DIRECTION('',(-4.547769415477E-1,0.E0,8.906053746955E-1));
#11907=DIRECTION('',(-8.906053746955E-1,0.E0,-4.547769415477E-1));
#11908=AXIS2_PLACEMENT_3D('',#11905,#11906,#11907);
#11909=PLANE('',#11908);
#11910=ORIENTED_EDGE('',*,*,#8912,.F.);
#11912=ORIENTED_EDGE('',*,*,#11911,.F.);
#11914=ORIENTED_EDGE('',*,*,#11913,.F.);
#11915=ORIENTED_EDGE('',*,*,#11890,.T.);
#11916=EDGE_LOOP('',(#11910,#11912,#11914,#11915));
#11917=FACE_OUTER_BOUND('',#11916,.F.);
#11919=FILL_AREA_STYLE_COLOUR('',#2);
#11920=FILL_AREA_STYLE('',(#11919));
#11921=SURFACE_STYLE_FILL_AREA(#11920);
#11922=SURFACE_SIDE_STYLE('',(#11921));
#11923=SURFACE_STYLE_USAGE(.BOTH.,#11922);
#11924=PRESENTATION_STYLE_ASSIGNMENT((#11923));
#11925=STYLED_ITEM('',(#11924),#11918);
#11926=CARTESIAN_POINT('',(-1.766666677594E0,7.945E0,1.296808505058E0));
#11927=DIRECTION('',(-6.080769234728E-1,0.E0,7.938781110094E-1));
#11928=DIRECTION('',(-7.938781110094E-1,0.E0,-6.080769234728E-1));
#11929=AXIS2_PLACEMENT_3D('',#11926,#11927,#11928);
#11930=PLANE('',#11929);
#11931=ORIENTED_EDGE('',*,*,#8910,.F.);
#11933=ORIENTED_EDGE('',*,*,#11932,.F.);
#11935=ORIENTED_EDGE('',*,*,#11934,.F.);
#11936=ORIENTED_EDGE('',*,*,#11911,.T.);
#11937=EDGE_LOOP('',(#11931,#11933,#11935,#11936));
#11938=FACE_OUTER_BOUND('',#11937,.F.);
#11940=FILL_AREA_STYLE_COLOUR('',#2);
#11941=FILL_AREA_STYLE('',(#11940));
#11942=SURFACE_STYLE_FILL_AREA(#11941);
#11943=SURFACE_SIDE_STYLE('',(#11942));
#11944=SURFACE_STYLE_USAGE(.BOTH.,#11943);
#11945=PRESENTATION_STYLE_ASSIGNMENT((#11944));
#11946=STYLED_ITEM('',(#11945),#11939);
#11947=CARTESIAN_POINT('',(-1.697916677595E0,7.945E0,1.390425531566E0));
#11948=DIRECTION('',(9.311282116446E-1,0.E0,-3.646919981019E-1));
#11949=DIRECTION('',(-3.646919981019E-1,0.E0,-9.311282116446E-1));
#11950=AXIS2_PLACEMENT_3D('',#11947,#11948,#11949);
#11951=PLANE('',#11950);
#11952=ORIENTED_EDGE('',*,*,#8908,.F.);
#11954=ORIENTED_EDGE('',*,*,#11953,.F.);
#11956=ORIENTED_EDGE('',*,*,#11955,.F.);
#11957=ORIENTED_EDGE('',*,*,#11932,.T.);
#11958=EDGE_LOOP('',(#11952,#11954,#11956,#11957));
#11959=FACE_OUTER_BOUND('',#11958,.F.);
#11961=FILL_AREA_STYLE_COLOUR('',#2);
#11962=FILL_AREA_STYLE('',(#11961));
#11963=SURFACE_STYLE_FILL_AREA(#11962);
#11964=SURFACE_SIDE_STYLE('',(#11963));
#11965=SURFACE_STYLE_USAGE(.BOTH.,#11964);
#11966=PRESENTATION_STYLE_ASSIGNMENT((#11965));
#11967=STYLED_ITEM('',(#11966),#11960);
#11968=CARTESIAN_POINT('',(-1.675E0,7.945E0,1.484042558074E0));
#11969=DIRECTION('',(1.E0,0.E0,0.E0));
#11970=DIRECTION('',(0.E0,0.E0,-1.E0));
#11971=AXIS2_PLACEMENT_3D('',#11968,#11969,#11970);
#11972=PLANE('',#11971);
#11973=ORIENTED_EDGE('',*,*,#8906,.T.);
#11975=ORIENTED_EDGE('',*,*,#11974,.F.);
#11977=ORIENTED_EDGE('',*,*,#11976,.T.);
#11978=ORIENTED_EDGE('',*,*,#11953,.T.);
#11979=EDGE_LOOP('',(#11973,#11975,#11977,#11978));
#11980=FACE_OUTER_BOUND('',#11979,.F.);
#11982=FILL_AREA_STYLE_COLOUR('',#2);
#11983=FILL_AREA_STYLE('',(#11982));
#11984=SURFACE_STYLE_FILL_AREA(#11983);
#11985=SURFACE_SIDE_STYLE('',(#11984));
#11986=SURFACE_STYLE_USAGE(.BOTH.,#11985);
#11987=PRESENTATION_STYLE_ASSIGNMENT((#11986));
#11988=STYLED_ITEM('',(#11987),#11981);
#11989=CARTESIAN_POINT('',(-1.697916677594E0,7.945E0,1.577659576386E0));
#11990=DIRECTION('',(9.311281942973E-1,0.E0,3.646920423929E-1));
#11991=DIRECTION('',(3.646920423929E-1,0.E0,-9.311281942973E-1));
#11992=AXIS2_PLACEMENT_3D('',#11989,#11990,#11991);
#11993=PLANE('',#11992);
#11994=ORIENTED_EDGE('',*,*,#8904,.F.);
#11996=ORIENTED_EDGE('',*,*,#11995,.F.);
#11998=ORIENTED_EDGE('',*,*,#11997,.F.);
#11999=ORIENTED_EDGE('',*,*,#11974,.T.);
#12000=EDGE_LOOP('',(#11994,#11996,#11998,#11999));
#12001=FACE_OUTER_BOUND('',#12000,.F.);
#12003=FILL_AREA_STYLE_COLOUR('',#2);
#12004=FILL_AREA_STYLE('',(#12003));
#12005=SURFACE_STYLE_FILL_AREA(#12004);
#12006=SURFACE_SIDE_STYLE('',(#12005));
#12007=SURFACE_STYLE_USAGE(.BOTH.,#12006);
#12008=PRESENTATION_STYLE_ASSIGNMENT((#12007));
#12009=STYLED_ITEM('',(#12008),#12002);
#12010=CARTESIAN_POINT('',(-1.755208355189E0,7.945E0,1.671276598796E0));
#12011=DIRECTION('',(7.145104256255E-1,0.E0,6.996247934947E-1));
#12012=DIRECTION('',(6.996247934947E-1,0.E0,-7.145104256255E-1));
#12013=AXIS2_PLACEMENT_3D('',#12010,#12011,#12012);
#12014=PLANE('',#12013);
#12015=ORIENTED_EDGE('',*,*,#8902,.F.);
#12017=ORIENTED_EDGE('',*,*,#12016,.F.);
#12019=ORIENTED_EDGE('',*,*,#12018,.F.);
#12020=ORIENTED_EDGE('',*,*,#11995,.T.);
#12021=EDGE_LOOP('',(#12015,#12017,#12019,#12020));
#12022=FACE_OUTER_BOUND('',#12021,.F.);
#12024=FILL_AREA_STYLE_COLOUR('',#2);
#12025=FILL_AREA_STYLE('',(#12024));
#12026=SURFACE_STYLE_FILL_AREA(#12025);
#12027=SURFACE_SIDE_STYLE('',(#12026));
#12028=SURFACE_STYLE_USAGE(.BOTH.,#12027);
#12029=PRESENTATION_STYLE_ASSIGNMENT((#12028));
#12030=STYLED_ITEM('',(#12029),#12023);
#12031=CARTESIAN_POINT('',(-1.846875E0,7.945E0,1.741489363555E0));
#12032=DIRECTION('',(5.224771067479E-1,0.E0,8.526533134424E-1));
#12033=DIRECTION('',(8.526533134424E-1,0.E0,-5.224771067479E-1));
#12034=AXIS2_PLACEMENT_3D('',#12031,#12032,#12033);
#12035=PLANE('',#12034);
#12036=ORIENTED_EDGE('',*,*,#8900,.F.);
#12038=ORIENTED_EDGE('',*,*,#12037,.F.);
#12040=ORIENTED_EDGE('',*,*,#12039,.F.);
#12041=ORIENTED_EDGE('',*,*,#12016,.T.);
#12042=EDGE_LOOP('',(#12036,#12038,#12040,#12041));
#12043=FACE_OUTER_BOUND('',#12042,.F.);
#12045=FILL_AREA_STYLE_COLOUR('',#2);
#12046=FILL_AREA_STYLE('',(#12045));
#12047=SURFACE_STYLE_FILL_AREA(#12046);
#12048=SURFACE_SIDE_STYLE('',(#12047));
#12049=SURFACE_STYLE_USAGE(.BOTH.,#12048);
#12050=PRESENTATION_STYLE_ASSIGNMENT((#12049));
#12051=STYLED_ITEM('',(#12050),#12044);
#12052=CARTESIAN_POINT('',(-1.961458322406E0,7.945E0,1.788297872711E0));
#12053=DIRECTION('',(2.001233352307E-1,0.E0,9.797707133285E-1));
#12054=DIRECTION('',(9.797707133285E-1,0.E0,-2.001233352307E-1));
#12055=AXIS2_PLACEMENT_3D('',#12052,#12053,#12054);
#12056=PLANE('',#12055);
#12057=ORIENTED_EDGE('',*,*,#8898,.F.);
#12059=ORIENTED_EDGE('',*,*,#12058,.F.);
#12061=ORIENTED_EDGE('',*,*,#12060,.F.);
#12062=ORIENTED_EDGE('',*,*,#12037,.T.);
#12063=EDGE_LOOP('',(#12057,#12059,#12061,#12062));
#12064=FACE_OUTER_BOUND('',#12063,.F.);
#12066=FILL_AREA_STYLE_COLOUR('',#2);
#12067=FILL_AREA_STYLE('',(#12066));
#12068=SURFACE_STYLE_FILL_AREA(#12067);
#12069=SURFACE_SIDE_STYLE('',(#12068));
#12070=SURFACE_STYLE_USAGE(.BOTH.,#12069);
#12071=PRESENTATION_STYLE_ASSIGNMENT((#12070));
#12072=STYLED_ITEM('',(#12071),#12065);
#12073=CARTESIAN_POINT('',(-2.0875E0,7.945E0,1.8E0));
#12074=DIRECTION('',(0.E0,0.E0,1.E0));
#12075=DIRECTION('',(1.E0,0.E0,0.E0));
#12076=AXIS2_PLACEMENT_3D('',#12073,#12074,#12075);
#12077=PLANE('',#12076);
#12078=ORIENTED_EDGE('',*,*,#8896,.T.);
#12080=ORIENTED_EDGE('',*,*,#12079,.F.);
#12082=ORIENTED_EDGE('',*,*,#12081,.T.);
#12083=ORIENTED_EDGE('',*,*,#12058,.T.);
#12084=EDGE_LOOP('',(#12078,#12080,#12082,#12083));
#12085=FACE_OUTER_BOUND('',#12084,.F.);
#12087=FILL_AREA_STYLE_COLOUR('',#2);
#12088=FILL_AREA_STYLE('',(#12087));
#12089=SURFACE_STYLE_FILL_AREA(#12088);
#12090=SURFACE_SIDE_STYLE('',(#12089));
#12091=SURFACE_STYLE_USAGE(.BOTH.,#12090);
#12092=PRESENTATION_STYLE_ASSIGNMENT((#12091));
#12093=STYLED_ITEM('',(#12092),#12086);
#12094=CARTESIAN_POINT('',(-2.213541669398E0,7.945E0,1.788297872711E0));
#12095=DIRECTION('',(-2.001233627149E-1,0.E0,9.797707077147E-1));
#12096=DIRECTION('',(9.797707077147E-1,0.E0,2.001233627149E-1));
#12097=AXIS2_PLACEMENT_3D('',#12094,#12095,#12096);
#12098=PLANE('',#12097);
#12099=ORIENTED_EDGE('',*,*,#8894,.F.);
#12101=ORIENTED_EDGE('',*,*,#12100,.F.);
#12103=ORIENTED_EDGE('',*,*,#12102,.F.);
#12104=ORIENTED_EDGE('',*,*,#12079,.T.);
#12105=EDGE_LOOP('',(#12099,#12101,#12103,#12104));
#12106=FACE_OUTER_BOUND('',#12105,.F.);
#12108=FILL_AREA_STYLE_COLOUR('',#2);
#12109=FILL_AREA_STYLE('',(#12108));
#12110=SURFACE_STYLE_FILL_AREA(#12109);
#12111=SURFACE_SIDE_STYLE('',(#12110));
#12112=SURFACE_STYLE_USAGE(.BOTH.,#12111);
#12113=PRESENTATION_STYLE_ASSIGNMENT((#12112));
#12114=STYLED_ITEM('',(#12113),#12107);
#12115=CARTESIAN_POINT('',(-2.328125004098E0,7.945E0,1.741489363555E0));
#12116=DIRECTION('',(-5.224769709055E-1,0.E0,8.526533966820E-1));
#12117=DIRECTION('',(8.526533966820E-1,0.E0,5.224769709055E-1));
#12118=AXIS2_PLACEMENT_3D('',#12115,#12116,#12117);
#12119=PLANE('',#12118);
#12120=ORIENTED_EDGE('',*,*,#8892,.F.);
#12122=ORIENTED_EDGE('',*,*,#12121,.F.);
#12124=ORIENTED_EDGE('',*,*,#12123,.F.);
#12125=ORIENTED_EDGE('',*,*,#12100,.T.);
#12126=EDGE_LOOP('',(#12120,#12122,#12124,#12125));
#12127=FACE_OUTER_BOUND('',#12126,.F.);
#12129=FILL_AREA_STYLE_COLOUR('',#2);
#12130=FILL_AREA_STYLE('',(#12129));
#12131=SURFACE_STYLE_FILL_AREA(#12130);
#12132=SURFACE_SIDE_STYLE('',(#12131));
#12133=SURFACE_STYLE_USAGE(.BOTH.,#12132);
#12134=PRESENTATION_STYLE_ASSIGNMENT((#12133));
#12135=STYLED_ITEM('',(#12134),#12128);
#12136=CARTESIAN_POINT('',(-2.419791667349E0,7.945E0,1.671276598796E0));
#12137=DIRECTION('',(7.145104464719E-1,0.E0,-6.996247722047E-1));
#12138=DIRECTION('',(6.996247722047E-1,0.E0,7.145104464719E-1));
#12139=AXIS2_PLACEMENT_3D('',#12136,#12137,#12138);
#12140=PLANE('',#12139);
#12141=ORIENTED_EDGE('',*,*,#8890,.F.);
#12143=ORIENTED_EDGE('',*,*,#12142,.F.);
#12145=ORIENTED_EDGE('',*,*,#12144,.F.);
#12146=ORIENTED_EDGE('',*,*,#12121,.T.);
#12147=EDGE_LOOP('',(#12141,#12143,#12145,#12146));
#12148=FACE_OUTER_BOUND('',#12147,.F.);
#12150=FILL_AREA_STYLE_COLOUR('',#2);
#12151=FILL_AREA_STYLE('',(#12150));
#12152=SURFACE_STYLE_FILL_AREA(#12151);
#12153=SURFACE_SIDE_STYLE('',(#12152));
#12154=SURFACE_STYLE_USAGE(.BOTH.,#12153);
#12155=PRESENTATION_STYLE_ASSIGNMENT((#12154));
#12156=STYLED_ITEM('',(#12155),#12149);
#12157=CARTESIAN_POINT('',(-2.477083332650E0,7.945E0,1.577659576387E0));
#12158=DIRECTION('',(9.311282496584E-1,0.E0,-3.646919010454E-1));
#12159=DIRECTION('',(3.646919010454E-1,0.E0,9.311282496584E-1));
#12160=AXIS2_PLACEMENT_3D('',#12157,#12158,#12159);
#12161=PLANE('',#12160);
#12162=ORIENTED_EDGE('',*,*,#8888,.F.);
#12164=ORIENTED_EDGE('',*,*,#12163,.F.);
#12166=ORIENTED_EDGE('',*,*,#12165,.F.);
#12167=ORIENTED_EDGE('',*,*,#12142,.T.);
#12168=EDGE_LOOP('',(#12162,#12164,#12166,#12167));
#12169=FACE_OUTER_BOUND('',#12168,.F.);
#12171=FILL_AREA_STYLE_COLOUR('',#2);
#12172=FILL_AREA_STYLE('',(#12171));
#12173=SURFACE_STYLE_FILL_AREA(#12172);
#12174=SURFACE_SIDE_STYLE('',(#12173));
#12175=SURFACE_STYLE_USAGE(.BOTH.,#12174);
#12176=PRESENTATION_STYLE_ASSIGNMENT((#12175));
#12177=STYLED_ITEM('',(#12176),#12170);
#12178=CARTESIAN_POINT('',(-2.5E0,7.945E0,1.484042558074E0));
#12179=DIRECTION('',(1.E0,0.E0,0.E0));
#12180=DIRECTION('',(0.E0,0.E0,1.E0));
#12181=AXIS2_PLACEMENT_3D('',#12178,#12179,#12180);
#12182=PLANE('',#12181);
#12183=ORIENTED_EDGE('',*,*,#8886,.T.);
#12185=ORIENTED_EDGE('',*,*,#12184,.F.);
#12187=ORIENTED_EDGE('',*,*,#12186,.T.);
#12188=ORIENTED_EDGE('',*,*,#12163,.T.);
#12189=EDGE_LOOP('',(#12183,#12185,#12187,#12188));
#12190=FACE_OUTER_BOUND('',#12189,.F.);
#12192=FILL_AREA_STYLE_COLOUR('',#2);
#12193=FILL_AREA_STYLE('',(#12192));
#12194=SURFACE_STYLE_FILL_AREA(#12193);
#12195=SURFACE_SIDE_STYLE('',(#12194));
#12196=SURFACE_STYLE_USAGE(.BOTH.,#12195);
#12197=PRESENTATION_STYLE_ASSIGNMENT((#12196));
#12198=STYLED_ITEM('',(#12197),#12191);
#12199=CARTESIAN_POINT('',(-2.477083332650E0,7.945E0,1.390425531566E0));
#12200=DIRECTION('',(9.311282670057E-1,0.E0,3.646918567544E-1));
#12201=DIRECTION('',(-3.646918567544E-1,0.E0,9.311282670057E-1));
#12202=AXIS2_PLACEMENT_3D('',#12199,#12200,#12201);
#12203=PLANE('',#12202);
#12204=ORIENTED_EDGE('',*,*,#8884,.F.);
#12206=ORIENTED_EDGE('',*,*,#12205,.F.);
#12208=ORIENTED_EDGE('',*,*,#12207,.F.);
#12209=ORIENTED_EDGE('',*,*,#12184,.T.);
#12210=EDGE_LOOP('',(#12204,#12206,#12208,#12209));
#12211=FACE_OUTER_BOUND('',#12210,.F.);
#12213=FILL_AREA_STYLE_COLOUR('',#2);
#12214=FILL_AREA_STYLE('',(#12213));
#12215=SURFACE_STYLE_FILL_AREA(#12214);
#12216=SURFACE_SIDE_STYLE('',(#12215));
#12217=SURFACE_STYLE_USAGE(.BOTH.,#12216);
#12218=PRESENTATION_STYLE_ASSIGNMENT((#12217));
#12219=STYLED_ITEM('',(#12218),#12212);
#12220=CARTESIAN_POINT('',(-2.408333332651E0,7.945E0,1.296808505058E0));
#12221=DIRECTION('',(6.080768378124E-1,0.E0,7.938781766216E-1));
#12222=DIRECTION('',(-7.938781766216E-1,0.E0,6.080768378124E-1));
#12223=AXIS2_PLACEMENT_3D('',#12220,#12221,#12222);
#12224=PLANE('',#12223);
#12225=ORIENTED_EDGE('',*,*,#8882,.F.);
#12226=ORIENTED_EDGE('',*,*,#11536,.T.);
#12228=ORIENTED_EDGE('',*,*,#12227,.F.);
#12229=ORIENTED_EDGE('',*,*,#12205,.T.);
#12230=EDGE_LOOP('',(#12225,#12226,#12228,#12229));
#12231=FACE_OUTER_BOUND('',#12230,.F.);
#12233=FILL_AREA_STYLE_COLOUR('',#2);
#12234=FILL_AREA_STYLE('',(#12233));
#12235=SURFACE_STYLE_FILL_AREA(#12234);
#12236=SURFACE_SIDE_STYLE('',(#12235));
#12237=SURFACE_STYLE_USAGE(.BOTH.,#12236);
#12238=PRESENTATION_STYLE_ASSIGNMENT((#12237));
#12239=STYLED_ITEM('',(#12238),#12232);
#12240=CARTESIAN_POINT('',(-2.0875E0,7.94E0,1.25E0));
#12241=DIRECTION('',(0.E0,1.E0,0.E0));
#12242=DIRECTION('',(1.E0,0.E0,0.E0));
#12243=AXIS2_PLACEMENT_3D('',#12240,#12241,#12242);
#12244=PLANE('',#12243);
#12245=ORIENTED_EDGE('',*,*,#11534,.T.);
#12246=ORIENTED_EDGE('',*,*,#11556,.T.);
#12247=ORIENTED_EDGE('',*,*,#11577,.T.);
#12248=ORIENTED_EDGE('',*,*,#11598,.T.);
#12249=ORIENTED_EDGE('',*,*,#11619,.F.);
#12250=ORIENTED_EDGE('',*,*,#11640,.T.);
#12251=ORIENTED_EDGE('',*,*,#11661,.T.);
#12252=ORIENTED_EDGE('',*,*,#11682,.T.);
#12253=ORIENTED_EDGE('',*,*,#11703,.T.);
#12254=ORIENTED_EDGE('',*,*,#11724,.F.);
#12255=ORIENTED_EDGE('',*,*,#11745,.T.);
#12256=ORIENTED_EDGE('',*,*,#11766,.T.);
#12257=ORIENTED_EDGE('',*,*,#11787,.T.);
#12258=ORIENTED_EDGE('',*,*,#11808,.T.);
#12259=ORIENTED_EDGE('',*,*,#11829,.F.);
#12260=ORIENTED_EDGE('',*,*,#11850,.T.);
#12261=ORIENTED_EDGE('',*,*,#11871,.T.);
#12262=ORIENTED_EDGE('',*,*,#11892,.T.);
#12263=ORIENTED_EDGE('',*,*,#11913,.T.);
#12264=ORIENTED_EDGE('',*,*,#11934,.T.);
#12265=ORIENTED_EDGE('',*,*,#11955,.T.);
#12266=ORIENTED_EDGE('',*,*,#11976,.F.);
#12267=ORIENTED_EDGE('',*,*,#11997,.T.);
#12268=ORIENTED_EDGE('',*,*,#12018,.T.);
#12269=ORIENTED_EDGE('',*,*,#12039,.T.);
#12270=ORIENTED_EDGE('',*,*,#12060,.T.);
#12271=ORIENTED_EDGE('',*,*,#12081,.F.);
#12272=ORIENTED_EDGE('',*,*,#12102,.T.);
#12273=ORIENTED_EDGE('',*,*,#12123,.T.);
#12274=ORIENTED_EDGE('',*,*,#12144,.T.);
#12275=ORIENTED_EDGE('',*,*,#12165,.T.);
#12276=ORIENTED_EDGE('',*,*,#12186,.F.);
#12277=ORIENTED_EDGE('',*,*,#12207,.T.);
#12278=ORIENTED_EDGE('',*,*,#12227,.T.);
#12279=EDGE_LOOP('',(#12245,#12246,#12247,#12248,#12249,#12250,#12251,#12252,
#12253,#12254,#12255,#12256,#12257,#12258,#12259,#12260,#12261,#12262,#12263,
#12264,#12265,#12266,#12267,#12268,#12269,#12270,#12271,#12272,#12273,#12274,
#12275,#12276,#12277,#12278));
#12280=FACE_OUTER_BOUND('',#12279,.F.);
#12282=ORIENTED_EDGE('',*,*,#12281,.T.);
#12284=ORIENTED_EDGE('',*,*,#12283,.F.);
#12286=ORIENTED_EDGE('',*,*,#12285,.T.);
#12288=ORIENTED_EDGE('',*,*,#12287,.T.);
#12290=ORIENTED_EDGE('',*,*,#12289,.T.);
#12292=ORIENTED_EDGE('',*,*,#12291,.F.);
#12294=ORIENTED_EDGE('',*,*,#12293,.T.);
#12296=ORIENTED_EDGE('',*,*,#12295,.T.);
#12298=ORIENTED_EDGE('',*,*,#12297,.T.);
#12300=ORIENTED_EDGE('',*,*,#12299,.F.);
#12302=ORIENTED_EDGE('',*,*,#12301,.T.);
#12304=ORIENTED_EDGE('',*,*,#12303,.T.);
#12306=ORIENTED_EDGE('',*,*,#12305,.T.);
#12308=ORIENTED_EDGE('',*,*,#12307,.F.);
#12310=ORIENTED_EDGE('',*,*,#12309,.T.);
#12312=ORIENTED_EDGE('',*,*,#12311,.T.);
#12313=EDGE_LOOP('',(#12282,#12284,#12286,#12288,#12290,#12292,#12294,#12296,
#12298,#12300,#12302,#12304,#12306,#12308,#12310,#12312));
#12314=FACE_BOUND('',#12313,.F.);
#12316=ORIENTED_EDGE('',*,*,#12315,.T.);
#12318=ORIENTED_EDGE('',*,*,#12317,.F.);
#12320=ORIENTED_EDGE('',*,*,#12319,.T.);
#12322=ORIENTED_EDGE('',*,*,#12321,.T.);
#12324=ORIENTED_EDGE('',*,*,#12323,.T.);
#12326=ORIENTED_EDGE('',*,*,#12325,.F.);
#12328=ORIENTED_EDGE('',*,*,#12327,.T.);
#12330=ORIENTED_EDGE('',*,*,#12329,.T.);
#12332=ORIENTED_EDGE('',*,*,#12331,.T.);
#12334=ORIENTED_EDGE('',*,*,#12333,.F.);
#12336=ORIENTED_EDGE('',*,*,#12335,.T.);
#12338=ORIENTED_EDGE('',*,*,#12337,.T.);
#12340=ORIENTED_EDGE('',*,*,#12339,.T.);
#12342=ORIENTED_EDGE('',*,*,#12341,.F.);
#12344=ORIENTED_EDGE('',*,*,#12343,.T.);
#12346=ORIENTED_EDGE('',*,*,#12345,.T.);
#12347=EDGE_LOOP('',(#12316,#12318,#12320,#12322,#12324,#12326,#12328,#12330,
#12332,#12334,#12336,#12338,#12340,#12342,#12344,#12346));
#12348=FACE_BOUND('',#12347,.F.);
#12350=FILL_AREA_STYLE_COLOUR('',#1);
#12351=FILL_AREA_STYLE('',(#12350));
#12352=SURFACE_STYLE_FILL_AREA(#12351);
#12353=SURFACE_SIDE_STYLE('',(#12352));
#12354=SURFACE_STYLE_USAGE(.BOTH.,#12353);
#12355=PRESENTATION_STYLE_ASSIGNMENT((#12354));
#12356=STYLED_ITEM('',(#12355),#12349);
#12357=CARTESIAN_POINT('',(-2.179166661203E0,7.945E0,1.671276594698E0));
#12358=DIRECTION('',(-2.473831898904E-1,0.E0,9.689177247629E-1));
#12359=DIRECTION('',(-9.689177247629E-1,0.E0,-2.473831898904E-1));
#12360=AXIS2_PLACEMENT_3D('',#12357,#12358,#12359);
#12361=PLANE('',#12360);
#12363=ORIENTED_EDGE('',*,*,#12362,.F.);
#12365=ORIENTED_EDGE('',*,*,#12364,.F.);
#12366=ORIENTED_EDGE('',*,*,#12281,.F.);
#12368=ORIENTED_EDGE('',*,*,#12367,.F.);
#12369=EDGE_LOOP('',(#12363,#12365,#12366,#12368));
#12370=FACE_OUTER_BOUND('',#12369,.F.);
#12372=FILL_AREA_STYLE_COLOUR('',#2);
#12373=FILL_AREA_STYLE('',(#12372));
#12374=SURFACE_STYLE_FILL_AREA(#12373);
#12375=SURFACE_SIDE_STYLE('',(#12374));
#12376=SURFACE_STYLE_USAGE(.BOTH.,#12375);
#12377=PRESENTATION_STYLE_ASSIGNMENT((#12376));
#12378=STYLED_ITEM('',(#12377),#12371);
#12379=CARTESIAN_POINT('',(-2.087500012294E0,7.95E0,1.484042549879E0));
#12380=DIRECTION('',(0.E0,1.E0,0.E0));
#12381=DIRECTION('',(1.E0,0.E0,0.E0));
#12382=AXIS2_PLACEMENT_3D('',#12379,#12380,#12381);
#12383=PLANE('',#12382);
#12384=ORIENTED_EDGE('',*,*,#12362,.T.);
#12386=ORIENTED_EDGE('',*,*,#12385,.T.);
#12388=ORIENTED_EDGE('',*,*,#12387,.T.);
#12390=ORIENTED_EDGE('',*,*,#12389,.F.);
#12392=ORIENTED_EDGE('',*,*,#12391,.T.);
#12394=ORIENTED_EDGE('',*,*,#12393,.T.);
#12396=ORIENTED_EDGE('',*,*,#12395,.T.);
#12398=ORIENTED_EDGE('',*,*,#12397,.F.);
#12400=ORIENTED_EDGE('',*,*,#12399,.T.);
#12402=ORIENTED_EDGE('',*,*,#12401,.T.);
#12404=ORIENTED_EDGE('',*,*,#12403,.T.);
#12406=ORIENTED_EDGE('',*,*,#12405,.F.);
#12408=ORIENTED_EDGE('',*,*,#12407,.T.);
#12410=ORIENTED_EDGE('',*,*,#12409,.T.);
#12412=ORIENTED_EDGE('',*,*,#12411,.T.);
#12414=ORIENTED_EDGE('',*,*,#12413,.F.);
#12415=EDGE_LOOP('',(#12384,#12386,#12388,#12390,#12392,#12394,#12396,#12398,
#12400,#12402,#12404,#12406,#12408,#12410,#12412,#12414));
#12416=FACE_OUTER_BOUND('',#12415,.F.);
#12418=FILL_AREA_STYLE_COLOUR('',#2);
#12419=FILL_AREA_STYLE('',(#12418));
#12420=SURFACE_STYLE_FILL_AREA(#12419);
#12421=SURFACE_SIDE_STYLE('',(#12420));
#12422=SURFACE_STYLE_USAGE(.BOTH.,#12421);
#12423=PRESENTATION_STYLE_ASSIGNMENT((#12422));
#12424=STYLED_ITEM('',(#12423),#12417);
#12425=CARTESIAN_POINT('',(-2.270833330601E0,7.945E0,1.636170215905E0));
#12426=DIRECTION('',(-4.547771350488E-1,0.E0,8.906052758865E-1));
#12427=DIRECTION('',(-8.906052758865E-1,0.E0,-4.547771350488E-1));
#12428=AXIS2_PLACEMENT_3D('',#12425,#12426,#12427);
#12429=PLANE('',#12428);
#12430=ORIENTED_EDGE('',*,*,#12385,.F.);
#12431=ORIENTED_EDGE('',*,*,#12367,.T.);
#12432=ORIENTED_EDGE('',*,*,#12311,.F.);
#12434=ORIENTED_EDGE('',*,*,#12433,.T.);
#12435=EDGE_LOOP('',(#12430,#12431,#12432,#12434));
#12436=FACE_OUTER_BOUND('',#12435,.F.);
#12438=FILL_AREA_STYLE_COLOUR('',#2);
#12439=FILL_AREA_STYLE('',(#12438));
#12440=SURFACE_STYLE_FILL_AREA(#12439);
#12441=SURFACE_SIDE_STYLE('',(#12440));
#12442=SURFACE_STYLE_USAGE(.BOTH.,#12441);
#12443=PRESENTATION_STYLE_ASSIGNMENT((#12442));
#12444=STYLED_ITEM('',(#12443),#12437);
#12445=CARTESIAN_POINT('',(-2.351041665301E0,7.945E0,1.565957450122E0));
#12446=DIRECTION('',(8.060044116127E-1,0.E0,-5.919095272598E-1));
#12447=DIRECTION('',(-5.919095272598E-1,0.E0,-8.060044116127E-1));
#12448=AXIS2_PLACEMENT_3D('',#12445,#12446,#12447);
#12449=PLANE('',#12448);
#12450=ORIENTED_EDGE('',*,*,#12387,.F.);
#12451=ORIENTED_EDGE('',*,*,#12433,.F.);
#12452=ORIENTED_EDGE('',*,*,#12309,.F.);
#12454=ORIENTED_EDGE('',*,*,#12453,.T.);
#12455=EDGE_LOOP('',(#12450,#12451,#12452,#12454));
#12456=FACE_OUTER_BOUND('',#12455,.F.);
#12458=FILL_AREA_STYLE_COLOUR('',#2);
#12459=FILL_AREA_STYLE('',(#12458));
#12460=SURFACE_STYLE_FILL_AREA(#12459);
#12461=SURFACE_SIDE_STYLE('',(#12460));
#12462=SURFACE_STYLE_USAGE(.BOTH.,#12461);
#12463=PRESENTATION_STYLE_ASSIGNMENT((#12462));
#12464=STYLED_ITEM('',(#12463),#12457);
#12465=CARTESIAN_POINT('',(-2.385416669399E0,7.945E0,1.484042558074E0));
#12466=DIRECTION('',(1.E0,0.E0,0.E0));
#12467=DIRECTION('',(0.E0,0.E0,-1.E0));
#12468=AXIS2_PLACEMENT_3D('',#12465,#12466,#12467);
#12469=PLANE('',#12468);
#12470=ORIENTED_EDGE('',*,*,#12389,.T.);
#12471=ORIENTED_EDGE('',*,*,#12453,.F.);
#12472=ORIENTED_EDGE('',*,*,#12307,.T.);
#12474=ORIENTED_EDGE('',*,*,#12473,.T.);
#12475=EDGE_LOOP('',(#12470,#12471,#12472,#12474));
#12476=FACE_OUTER_BOUND('',#12475,.F.);
#12478=FILL_AREA_STYLE_COLOUR('',#2);
#12479=FILL_AREA_STYLE('',(#12478));
#12480=SURFACE_STYLE_FILL_AREA(#12479);
#12481=SURFACE_SIDE_STYLE('',(#12480));
#12482=SURFACE_STYLE_USAGE(.BOTH.,#12481);
#12483=PRESENTATION_STYLE_ASSIGNMENT((#12482));
#12484=STYLED_ITEM('',(#12483),#12477);
#12485=CARTESIAN_POINT('',(-2.351041665301E0,7.945E0,1.402127657831E0));
#12486=DIRECTION('',(8.060044610522E-1,0.E0,5.919094599379E-1));
#12487=DIRECTION('',(5.919094599379E-1,0.E0,-8.060044610522E-1));
#12488=AXIS2_PLACEMENT_3D('',#12485,#12486,#12487);
#12489=PLANE('',#12488);
#12490=ORIENTED_EDGE('',*,*,#12391,.F.);
#12491=ORIENTED_EDGE('',*,*,#12473,.F.);
#12492=ORIENTED_EDGE('',*,*,#12305,.F.);
#12494=ORIENTED_EDGE('',*,*,#12493,.T.);
#12495=EDGE_LOOP('',(#12490,#12491,#12492,#12494));
#12496=FACE_OUTER_BOUND('',#12495,.F.);
#12498=FILL_AREA_STYLE_COLOUR('',#2);
#12499=FILL_AREA_STYLE('',(#12498));
#12500=SURFACE_STYLE_FILL_AREA(#12499);
#12501=SURFACE_SIDE_STYLE('',(#12500));
#12502=SURFACE_STYLE_USAGE(.BOTH.,#12501);
#12503=PRESENTATION_STYLE_ASSIGNMENT((#12502));
#12504=STYLED_ITEM('',(#12503),#12497);
#12505=CARTESIAN_POINT('',(-2.270833330601E0,7.945E0,1.331914883852E0));
#12506=DIRECTION('',(4.547771350541E-1,0.E0,8.906052758838E-1));
#12507=DIRECTION('',(8.906052758838E-1,0.E0,-4.547771350541E-1));
#12508=AXIS2_PLACEMENT_3D('',#12505,#12506,#12507);
#12509=PLANE('',#12508);
#12510=ORIENTED_EDGE('',*,*,#12393,.F.);
#12511=ORIENTED_EDGE('',*,*,#12493,.F.);
#12512=ORIENTED_EDGE('',*,*,#12303,.F.);
#12514=ORIENTED_EDGE('',*,*,#12513,.T.);
#12515=EDGE_LOOP('',(#12510,#12511,#12512,#12514));
#12516=FACE_OUTER_BOUND('',#12515,.F.);
#12518=FILL_AREA_STYLE_COLOUR('',#2);
#12519=FILL_AREA_STYLE('',(#12518));
#12520=SURFACE_STYLE_FILL_AREA(#12519);
#12521=SURFACE_SIDE_STYLE('',(#12520));
#12522=SURFACE_STYLE_USAGE(.BOTH.,#12521);
#12523=PRESENTATION_STYLE_ASSIGNMENT((#12522));
#12524=STYLED_ITEM('',(#12523),#12517);
#12525=CARTESIAN_POINT('',(-2.179166661203E0,7.945E0,1.296808505058E0));
#12526=DIRECTION('',(2.473831898971E-1,0.E0,9.689177247612E-1));
#12527=DIRECTION('',(9.689177247612E-1,0.E0,-2.473831898971E-1));
#12528=AXIS2_PLACEMENT_3D('',#12525,#12526,#12527);
#12529=PLANE('',#12528);
#12530=ORIENTED_EDGE('',*,*,#12395,.F.);
#12531=ORIENTED_EDGE('',*,*,#12513,.F.);
#12532=ORIENTED_EDGE('',*,*,#12301,.F.);
#12534=ORIENTED_EDGE('',*,*,#12533,.T.);
#12535=EDGE_LOOP('',(#12530,#12531,#12532,#12534));
#12536=FACE_OUTER_BOUND('',#12535,.F.);
#12538=FILL_AREA_STYLE_COLOUR('',#2);
#12539=FILL_AREA_STYLE('',(#12538));
#12540=SURFACE_STYLE_FILL_AREA(#12539);
#12541=SURFACE_SIDE_STYLE('',(#12540));
#12542=SURFACE_STYLE_USAGE(.BOTH.,#12541);
#12543=PRESENTATION_STYLE_ASSIGNMENT((#12542));
#12544=STYLED_ITEM('',(#12543),#12537);
#12545=CARTESIAN_POINT('',(-2.0875E0,7.945E0,1.285106378794E0));
#12546=DIRECTION('',(0.E0,0.E0,1.E0));
#12547=DIRECTION('',(1.E0,0.E0,0.E0));
#12548=AXIS2_PLACEMENT_3D('',#12545,#12546,#12547);
#12549=PLANE('',#12548);
#12550=ORIENTED_EDGE('',*,*,#12397,.T.);
#12551=ORIENTED_EDGE('',*,*,#12533,.F.);
#12552=ORIENTED_EDGE('',*,*,#12299,.T.);
#12554=ORIENTED_EDGE('',*,*,#12553,.T.);
#12555=EDGE_LOOP('',(#12550,#12551,#12552,#12554));
#12556=FACE_OUTER_BOUND('',#12555,.F.);
#12558=FILL_AREA_STYLE_COLOUR('',#2);
#12559=FILL_AREA_STYLE('',(#12558));
#12560=SURFACE_STYLE_FILL_AREA(#12559);
#12561=SURFACE_SIDE_STYLE('',(#12560));
#12562=SURFACE_STYLE_USAGE(.BOTH.,#12561);
#12563=PRESENTATION_STYLE_ASSIGNMENT((#12562));
#12564=STYLED_ITEM('',(#12563),#12557);
#12565=CARTESIAN_POINT('',(-1.995833338797E0,7.945E0,1.296808505058E0));
#12566=DIRECTION('',(-2.473831898971E-1,0.E0,9.689177247612E-1));
#12567=DIRECTION('',(9.689177247612E-1,0.E0,2.473831898971E-1));
#12568=AXIS2_PLACEMENT_3D('',#12565,#12566,#12567);
#12569=PLANE('',#12568);
#12570=ORIENTED_EDGE('',*,*,#12399,.F.);
#12571=ORIENTED_EDGE('',*,*,#12553,.F.);
#12572=ORIENTED_EDGE('',*,*,#12297,.F.);
#12574=ORIENTED_EDGE('',*,*,#12573,.T.);
#12575=EDGE_LOOP('',(#12570,#12571,#12572,#12574));
#12576=FACE_OUTER_BOUND('',#12575,.F.);
#12578=FILL_AREA_STYLE_COLOUR('',#2);
#12579=FILL_AREA_STYLE('',(#12578));
#12580=SURFACE_STYLE_FILL_AREA(#12579);
#12581=SURFACE_SIDE_STYLE('',(#12580));
#12582=SURFACE_STYLE_USAGE(.BOTH.,#12581);
#12583=PRESENTATION_STYLE_ASSIGNMENT((#12582));
#12584=STYLED_ITEM('',(#12583),#12577);
#12585=CARTESIAN_POINT('',(-1.904166677594E0,7.945E0,1.331914883852E0));
#12586=DIRECTION('',(-4.547771995469E-1,0.E0,8.906052429513E-1));
#12587=DIRECTION('',(8.906052429513E-1,0.E0,4.547771995469E-1));
#12588=AXIS2_PLACEMENT_3D('',#12585,#12586,#12587);
#12589=PLANE('',#12588);
#12590=ORIENTED_EDGE('',*,*,#12401,.F.);
#12591=ORIENTED_EDGE('',*,*,#12573,.F.);
#12592=ORIENTED_EDGE('',*,*,#12295,.F.);
#12594=ORIENTED_EDGE('',*,*,#12593,.T.);
#12595=EDGE_LOOP('',(#12590,#12591,#12592,#12594));
#12596=FACE_OUTER_BOUND('',#12595,.F.);
#12598=FILL_AREA_STYLE_COLOUR('',#2);
#12599=FILL_AREA_STYLE('',(#12598));
#12600=SURFACE_STYLE_FILL_AREA(#12599);
#12601=SURFACE_SIDE_STYLE('',(#12600));
#12602=SURFACE_STYLE_USAGE(.BOTH.,#12601);
#12603=PRESENTATION_STYLE_ASSIGNMENT((#12602));
#12604=STYLED_ITEM('',(#12603),#12597);
#12605=CARTESIAN_POINT('',(-1.823958355189E0,7.945E0,1.402127657831E0));
#12606=DIRECTION('',(8.060044947195E-1,0.E0,-5.919094140931E-1));
#12607=DIRECTION('',(5.919094140931E-1,0.E0,8.060044947195E-1));
#12608=AXIS2_PLACEMENT_3D('',#12605,#12606,#12607);
#12609=PLANE('',#12608);
#12610=ORIENTED_EDGE('',*,*,#12403,.F.);
#12611=ORIENTED_EDGE('',*,*,#12593,.F.);
#12612=ORIENTED_EDGE('',*,*,#12293,.F.);
#12614=ORIENTED_EDGE('',*,*,#12613,.T.);
#12615=EDGE_LOOP('',(#12610,#12611,#12612,#12614));
#12616=FACE_OUTER_BOUND('',#12615,.F.);
#12618=FILL_AREA_STYLE_COLOUR('',#2);
#12619=FILL_AREA_STYLE('',(#12618));
#12620=SURFACE_STYLE_FILL_AREA(#12619);
#12621=SURFACE_SIDE_STYLE('',(#12620));
#12622=SURFACE_STYLE_USAGE(.BOTH.,#12621);
#12623=PRESENTATION_STYLE_ASSIGNMENT((#12622));
#12624=STYLED_ITEM('',(#12623),#12617);
#12625=CARTESIAN_POINT('',(-1.789583355188E0,7.945E0,1.484042558074E0));
#12626=DIRECTION('',(1.E0,0.E0,0.E0));
#12627=DIRECTION('',(0.E0,0.E0,1.E0));
#12628=AXIS2_PLACEMENT_3D('',#12625,#12626,#12627);
#12629=PLANE('',#12628);
#12630=ORIENTED_EDGE('',*,*,#12405,.T.);
#12631=ORIENTED_EDGE('',*,*,#12613,.F.);
#12632=ORIENTED_EDGE('',*,*,#12291,.T.);
#12634=ORIENTED_EDGE('',*,*,#12633,.T.);
#12635=EDGE_LOOP('',(#12630,#12631,#12632,#12634));
#12636=FACE_OUTER_BOUND('',#12635,.F.);
#12638=FILL_AREA_STYLE_COLOUR('',#2);
#12639=FILL_AREA_STYLE('',(#12638));
#12640=SURFACE_STYLE_FILL_AREA(#12639);
#12641=SURFACE_SIDE_STYLE('',(#12640));
#12642=SURFACE_STYLE_USAGE(.BOTH.,#12641);
#12643=PRESENTATION_STYLE_ASSIGNMENT((#12642));
#12644=STYLED_ITEM('',(#12643),#12637);
#12645=CARTESIAN_POINT('',(-1.823958355188E0,7.945E0,1.565957450122E0));
#12646=DIRECTION('',(8.060044452719E-1,0.E0,5.919094814259E-1));
#12647=DIRECTION('',(-5.919094814259E-1,0.E0,8.060044452719E-1));
#12648=AXIS2_PLACEMENT_3D('',#12645,#12646,#12647);
#12649=PLANE('',#12648);
#12650=ORIENTED_EDGE('',*,*,#12407,.F.);
#12651=ORIENTED_EDGE('',*,*,#12633,.F.);
#12652=ORIENTED_EDGE('',*,*,#12289,.F.);
#12654=ORIENTED_EDGE('',*,*,#12653,.T.);
#12655=EDGE_LOOP('',(#12650,#12651,#12652,#12654));
#12656=FACE_OUTER_BOUND('',#12655,.F.);
#12658=FILL_AREA_STYLE_COLOUR('',#2);
#12659=FILL_AREA_STYLE('',(#12658));
#12660=SURFACE_STYLE_FILL_AREA(#12659);
#12661=SURFACE_SIDE_STYLE('',(#12660));
#12662=SURFACE_STYLE_USAGE(.BOTH.,#12661);
#12663=PRESENTATION_STYLE_ASSIGNMENT((#12662));
#12664=STYLED_ITEM('',(#12663),#12657);
#12665=CARTESIAN_POINT('',(-1.904166677594E0,7.945E0,1.636170215904E0));
#12666=DIRECTION('',(4.547771995522E-1,0.E0,8.906052429485E-1));
#12667=DIRECTION('',(-8.906052429485E-1,0.E0,4.547771995522E-1));
#12668=AXIS2_PLACEMENT_3D('',#12665,#12666,#12667);
#12669=PLANE('',#12668);
#12670=ORIENTED_EDGE('',*,*,#12409,.F.);
#12671=ORIENTED_EDGE('',*,*,#12653,.F.);
#12672=ORIENTED_EDGE('',*,*,#12287,.F.);
#12674=ORIENTED_EDGE('',*,*,#12673,.T.);
#12675=EDGE_LOOP('',(#12670,#12671,#12672,#12674));
#12676=FACE_OUTER_BOUND('',#12675,.F.);
#12678=FILL_AREA_STYLE_COLOUR('',#2);
#12679=FILL_AREA_STYLE('',(#12678));
#12680=SURFACE_STYLE_FILL_AREA(#12679);
#12681=SURFACE_SIDE_STYLE('',(#12680));
#12682=SURFACE_STYLE_USAGE(.BOTH.,#12681);
#12683=PRESENTATION_STYLE_ASSIGNMENT((#12682));
#12684=STYLED_ITEM('',(#12683),#12677);
#12685=CARTESIAN_POINT('',(-1.995833338797E0,7.945E0,1.671276594698E0));
#12686=DIRECTION('',(2.473831898904E-1,0.E0,9.689177247629E-1));
#12687=DIRECTION('',(-9.689177247629E-1,0.E0,2.473831898904E-1));
#12688=AXIS2_PLACEMENT_3D('',#12685,#12686,#12687);
#12689=PLANE('',#12688);
#12690=ORIENTED_EDGE('',*,*,#12411,.F.);
#12691=ORIENTED_EDGE('',*,*,#12673,.F.);
#12692=ORIENTED_EDGE('',*,*,#12285,.F.);
#12694=ORIENTED_EDGE('',*,*,#12693,.T.);
#12695=EDGE_LOOP('',(#12690,#12691,#12692,#12694));
#12696=FACE_OUTER_BOUND('',#12695,.F.);
#12698=FILL_AREA_STYLE_COLOUR('',#2);
#12699=FILL_AREA_STYLE('',(#12698));
#12700=SURFACE_STYLE_FILL_AREA(#12699);
#12701=SURFACE_SIDE_STYLE('',(#12700));
#12702=SURFACE_STYLE_USAGE(.BOTH.,#12701);
#12703=PRESENTATION_STYLE_ASSIGNMENT((#12702));
#12704=STYLED_ITEM('',(#12703),#12697);
#12705=CARTESIAN_POINT('',(-2.0875E0,7.945E0,1.682978720963E0));
#12706=DIRECTION('',(0.E0,0.E0,1.E0));
#12707=DIRECTION('',(-1.E0,0.E0,0.E0));
#12708=AXIS2_PLACEMENT_3D('',#12705,#12706,#12707);
#12709=PLANE('',#12708);
#12710=ORIENTED_EDGE('',*,*,#12413,.T.);
#12711=ORIENTED_EDGE('',*,*,#12693,.F.);
#12712=ORIENTED_EDGE('',*,*,#12283,.T.);
#12713=ORIENTED_EDGE('',*,*,#12364,.T.);
#12714=EDGE_LOOP('',(#12710,#12711,#12712,#12713));
#12715=FACE_OUTER_BOUND('',#12714,.F.);
#12717=FILL_AREA_STYLE_COLOUR('',#2);
#12718=FILL_AREA_STYLE('',(#12717));
#12719=SURFACE_STYLE_FILL_AREA(#12718);
#12720=SURFACE_SIDE_STYLE('',(#12719));
#12721=SURFACE_STYLE_USAGE(.BOTH.,#12720);
#12722=PRESENTATION_STYLE_ASSIGNMENT((#12721));
#12723=STYLED_ITEM('',(#12722),#12716);
#12724=CARTESIAN_POINT('',(-1.995833338797E0,7.945E0,8.287233889103E-1));
#12725=DIRECTION('',(-2.473831898957E-1,0.E0,9.689177247615E-1));
#12726=DIRECTION('',(9.689177247615E-1,0.E0,2.473831898957E-1));
#12727=AXIS2_PLACEMENT_3D('',#12724,#12725,#12726);
#12728=PLANE('',#12727);
#12730=ORIENTED_EDGE('',*,*,#12729,.F.);
#12732=ORIENTED_EDGE('',*,*,#12731,.F.);
#12733=ORIENTED_EDGE('',*,*,#12315,.F.);
#12735=ORIENTED_EDGE('',*,*,#12734,.F.);
#12736=EDGE_LOOP('',(#12730,#12732,#12733,#12735));
#12737=FACE_OUTER_BOUND('',#12736,.F.);
#12739=FILL_AREA_STYLE_COLOUR('',#2);
#12740=FILL_AREA_STYLE('',(#12739));
#12741=SURFACE_STYLE_FILL_AREA(#12740);
#12742=SURFACE_SIDE_STYLE('',(#12741));
#12743=SURFACE_STYLE_USAGE(.BOTH.,#12742);
#12744=PRESENTATION_STYLE_ASSIGNMENT((#12743));
#12745=STYLED_ITEM('',(#12744),#12738);
#12746=CARTESIAN_POINT('',(-2.0875E0,7.95E0,1.004255315661E0));
#12747=DIRECTION('',(0.E0,1.E0,0.E0));
#12748=DIRECTION('',(1.E0,0.E0,0.E0));
#12749=AXIS2_PLACEMENT_3D('',#12746,#12747,#12748);
#12750=PLANE('',#12749);
#12751=ORIENTED_EDGE('',*,*,#12729,.T.);
#12753=ORIENTED_EDGE('',*,*,#12752,.T.);
#12755=ORIENTED_EDGE('',*,*,#12754,.T.);
#12757=ORIENTED_EDGE('',*,*,#12756,.F.);
#12759=ORIENTED_EDGE('',*,*,#12758,.T.);
#12761=ORIENTED_EDGE('',*,*,#12760,.T.);
#12763=ORIENTED_EDGE('',*,*,#12762,.T.);
#12765=ORIENTED_EDGE('',*,*,#12764,.F.);
#12767=ORIENTED_EDGE('',*,*,#12766,.T.);
#12769=ORIENTED_EDGE('',*,*,#12768,.T.);
#12771=ORIENTED_EDGE('',*,*,#12770,.T.);
#12773=ORIENTED_EDGE('',*,*,#12772,.F.);
#12775=ORIENTED_EDGE('',*,*,#12774,.T.);
#12777=ORIENTED_EDGE('',*,*,#12776,.T.);
#12779=ORIENTED_EDGE('',*,*,#12778,.T.);
#12781=ORIENTED_EDGE('',*,*,#12780,.F.);
#12782=EDGE_LOOP('',(#12751,#12753,#12755,#12757,#12759,#12761,#12763,#12765,
#12767,#12769,#12771,#12773,#12775,#12777,#12779,#12781));
#12783=FACE_OUTER_BOUND('',#12782,.F.);
#12785=FILL_AREA_STYLE_COLOUR('',#2);
#12786=FILL_AREA_STYLE('',(#12785));
#12787=SURFACE_STYLE_FILL_AREA(#12786);
#12788=SURFACE_SIDE_STYLE('',(#12787));
#12789=SURFACE_STYLE_USAGE(.BOTH.,#12788);
#12790=PRESENTATION_STYLE_ASSIGNMENT((#12789));
#12791=STYLED_ITEM('',(#12790),#12784);
#12792=CARTESIAN_POINT('',(-1.904166677594E0,7.945E0,8.755318939686E-1));
#12793=DIRECTION('',(-6.080769234728E-1,0.E0,7.938781110094E-1));
#12794=DIRECTION('',(7.938781110094E-1,0.E0,6.080769234728E-1));
#12795=AXIS2_PLACEMENT_3D('',#12792,#12793,#12794);
#12796=PLANE('',#12795);
#12797=ORIENTED_EDGE('',*,*,#12752,.F.);
#12798=ORIENTED_EDGE('',*,*,#12734,.T.);
#12799=ORIENTED_EDGE('',*,*,#12345,.F.);
#12801=ORIENTED_EDGE('',*,*,#12800,.T.);
#12802=EDGE_LOOP('',(#12797,#12798,#12799,#12801));
#12803=FACE_OUTER_BOUND('',#12802,.F.);
#12805=FILL_AREA_STYLE_COLOUR('',#2);
#12806=FILL_AREA_STYLE('',(#12805));
#12807=SURFACE_STYLE_FILL_AREA(#12806);
#12808=SURFACE_SIDE_STYLE('',(#12807));
#12809=SURFACE_STYLE_USAGE(.BOTH.,#12808);
#12810=PRESENTATION_STYLE_ASSIGNMENT((#12809));
#12811=STYLED_ITEM('',(#12810),#12804);
#12812=CARTESIAN_POINT('',(-1.835416677594E0,7.945E0,9.457446843388E-1));
#12813=DIRECTION('',(8.373792348779E-1,0.E0,-5.466223714735E-1));
#12814=DIRECTION('',(5.466223714735E-1,0.E0,8.373792348779E-1));
#12815=AXIS2_PLACEMENT_3D('',#12812,#12813,#12814);
#12816=PLANE('',#12815);
#12817=ORIENTED_EDGE('',*,*,#12754,.F.);
#12818=ORIENTED_EDGE('',*,*,#12800,.F.);
#12819=ORIENTED_EDGE('',*,*,#12343,.F.);
#12821=ORIENTED_EDGE('',*,*,#12820,.T.);
#12822=EDGE_LOOP('',(#12817,#12818,#12819,#12821));
#12823=FACE_OUTER_BOUND('',#12822,.F.);
#12825=FILL_AREA_STYLE_COLOUR('',#2);
#12826=FILL_AREA_STYLE('',(#12825));
#12827=SURFACE_STYLE_FILL_AREA(#12826);
#12828=SURFACE_SIDE_STYLE('',(#12827));
#12829=SURFACE_STYLE_USAGE(.BOTH.,#12828);
#12830=PRESENTATION_STYLE_ASSIGNMENT((#12829));
#12831=STYLED_ITEM('',(#12830),#12824);
#12832=CARTESIAN_POINT('',(-1.8125E0,7.945E0,1.004255348444E0));
#12833=DIRECTION('',(1.E0,0.E0,0.E0));
#12834=DIRECTION('',(0.E0,0.E0,1.E0));
#12835=AXIS2_PLACEMENT_3D('',#12832,#12833,#12834);
#12836=PLANE('',#12835);
#12837=ORIENTED_EDGE('',*,*,#12756,.T.);
#12838=ORIENTED_EDGE('',*,*,#12820,.F.);
#12839=ORIENTED_EDGE('',*,*,#12341,.T.);
#12841=ORIENTED_EDGE('',*,*,#12840,.T.);
#12842=EDGE_LOOP('',(#12837,#12838,#12839,#12841));
#12843=FACE_OUTER_BOUND('',#12842,.F.);
#12845=FILL_AREA_STYLE_COLOUR('',#2);
#12846=FILL_AREA_STYLE('',(#12845));
#12847=SURFACE_STYLE_FILL_AREA(#12846);
#12848=SURFACE_SIDE_STYLE('',(#12847));
#12849=SURFACE_STYLE_USAGE(.BOTH.,#12848);
#12850=PRESENTATION_STYLE_ASSIGNMENT((#12849));
#12851=STYLED_ITEM('',(#12850),#12844);
#12852=CARTESIAN_POINT('',(-1.835416677595E0,7.945E0,1.062765979767E0));
#12853=DIRECTION('',(8.373790012339E-1,0.E0,5.466227293962E-1));
#12854=DIRECTION('',(-5.466227293962E-1,0.E0,8.373790012339E-1));
#12855=AXIS2_PLACEMENT_3D('',#12852,#12853,#12854);
#12856=PLANE('',#12855);
#12857=ORIENTED_EDGE('',*,*,#12758,.F.);
#12858=ORIENTED_EDGE('',*,*,#12840,.F.);
#12859=ORIENTED_EDGE('',*,*,#12339,.F.);
#12861=ORIENTED_EDGE('',*,*,#12860,.T.);
#12862=EDGE_LOOP('',(#12857,#12858,#12859,#12861));
#12863=FACE_OUTER_BOUND('',#12862,.F.);
#12865=FILL_AREA_STYLE_COLOUR('',#2);
#12866=FILL_AREA_STYLE('',(#12865));
#12867=SURFACE_STYLE_FILL_AREA(#12866);
#12868=SURFACE_SIDE_STYLE('',(#12867));
#12869=SURFACE_STYLE_USAGE(.BOTH.,#12868);
#12870=PRESENTATION_STYLE_ASSIGNMENT((#12869));
#12871=STYLED_ITEM('',(#12870),#12864);
#12872=CARTESIAN_POINT('',(-1.904166677594E0,7.945E0,1.132978737354E0));
#12873=DIRECTION('',(6.080769234728E-1,0.E0,7.938781110094E-1));
#12874=DIRECTION('',(-7.938781110094E-1,0.E0,6.080769234728E-1));
#12875=AXIS2_PLACEMENT_3D('',#12872,#12873,#12874);
#12876=PLANE('',#12875);
#12877=ORIENTED_EDGE('',*,*,#12760,.F.);
#12878=ORIENTED_EDGE('',*,*,#12860,.F.);
#12879=ORIENTED_EDGE('',*,*,#12337,.F.);
#12881=ORIENTED_EDGE('',*,*,#12880,.T.);
#12882=EDGE_LOOP('',(#12877,#12878,#12879,#12881));
#12883=FACE_OUTER_BOUND('',#12882,.F.);
#12885=FILL_AREA_STYLE_COLOUR('',#2);
#12886=FILL_AREA_STYLE('',(#12885));
#12887=SURFACE_STYLE_FILL_AREA(#12886);
#12888=SURFACE_SIDE_STYLE('',(#12887));
#12889=SURFACE_STYLE_USAGE(.BOTH.,#12888);
#12890=PRESENTATION_STYLE_ASSIGNMENT((#12889));
#12891=STYLED_ITEM('',(#12890),#12884);
#12892=CARTESIAN_POINT('',(-1.995833338797E0,7.945E0,1.179787242412E0));
#12893=DIRECTION('',(2.473831898904E-1,0.E0,9.689177247629E-1));
#12894=DIRECTION('',(-9.689177247629E-1,0.E0,2.473831898904E-1));
#12895=AXIS2_PLACEMENT_3D('',#12892,#12893,#12894);
#12896=PLANE('',#12895);
#12897=ORIENTED_EDGE('',*,*,#12762,.F.);
#12898=ORIENTED_EDGE('',*,*,#12880,.F.);
#12899=ORIENTED_EDGE('',*,*,#12335,.F.);
#12901=ORIENTED_EDGE('',*,*,#12900,.T.);
#12902=EDGE_LOOP('',(#12897,#12898,#12899,#12901));
#12903=FACE_OUTER_BOUND('',#12902,.F.);
#12905=FILL_AREA_STYLE_COLOUR('',#2);
#12906=FILL_AREA_STYLE('',(#12905));
#12907=SURFACE_STYLE_FILL_AREA(#12906);
#12908=SURFACE_SIDE_STYLE('',(#12907));
#12909=SURFACE_STYLE_USAGE(.BOTH.,#12908);
#12910=PRESENTATION_STYLE_ASSIGNMENT((#12909));
#12911=STYLED_ITEM('',(#12910),#12904);
#12912=CARTESIAN_POINT('',(-2.0875E0,7.945E0,1.191489368677E0));
#12913=DIRECTION('',(0.E0,0.E0,1.E0));
#12914=DIRECTION('',(-1.E0,0.E0,0.E0));
#12915=AXIS2_PLACEMENT_3D('',#12912,#12913,#12914);
#12916=PLANE('',#12915);
#12917=ORIENTED_EDGE('',*,*,#12764,.T.);
#12918=ORIENTED_EDGE('',*,*,#12900,.F.);
#12919=ORIENTED_EDGE('',*,*,#12333,.T.);
#12921=ORIENTED_EDGE('',*,*,#12920,.T.);
#12922=EDGE_LOOP('',(#12917,#12918,#12919,#12921));
#12923=FACE_OUTER_BOUND('',#12922,.F.);
#12925=FILL_AREA_STYLE_COLOUR('',#2);
#12926=FILL_AREA_STYLE('',(#12925));
#12927=SURFACE_STYLE_FILL_AREA(#12926);
#12928=SURFACE_SIDE_STYLE('',(#12927));
#12929=SURFACE_STYLE_USAGE(.BOTH.,#12928);
#12930=PRESENTATION_STYLE_ASSIGNMENT((#12929));
#12931=STYLED_ITEM('',(#12930),#12924);
#12932=CARTESIAN_POINT('',(-2.179166661203E0,7.945E0,1.179787242412E0));
#12933=DIRECTION('',(-2.473831898904E-1,0.E0,9.689177247629E-1));
#12934=DIRECTION('',(-9.689177247629E-1,0.E0,-2.473831898904E-1));
#12935=AXIS2_PLACEMENT_3D('',#12932,#12933,#12934);
#12936=PLANE('',#12935);
#12937=ORIENTED_EDGE('',*,*,#12766,.F.);
#12938=ORIENTED_EDGE('',*,*,#12920,.F.);
#12939=ORIENTED_EDGE('',*,*,#12331,.F.);
#12941=ORIENTED_EDGE('',*,*,#12940,.T.);
#12942=EDGE_LOOP('',(#12937,#12938,#12939,#12941));
#12943=FACE_OUTER_BOUND('',#12942,.F.);
#12945=FILL_AREA_STYLE_COLOUR('',#2);
#12946=FILL_AREA_STYLE('',(#12945));
#12947=SURFACE_STYLE_FILL_AREA(#12946);
#12948=SURFACE_SIDE_STYLE('',(#12947));
#12949=SURFACE_STYLE_USAGE(.BOTH.,#12948);
#12950=PRESENTATION_STYLE_ASSIGNMENT((#12949));
#12951=STYLED_ITEM('',(#12950),#12944);
#12952=CARTESIAN_POINT('',(-2.270833330601E0,7.945E0,1.132978737354E0));
#12953=DIRECTION('',(-6.080768549439E-1,0.E0,7.938781634996E-1));
#12954=DIRECTION('',(-7.938781634996E-1,0.E0,-6.080768549439E-1));
#12955=AXIS2_PLACEMENT_3D('',#12952,#12953,#12954);
#12956=PLANE('',#12955);
#12957=ORIENTED_EDGE('',*,*,#12768,.F.);
#12958=ORIENTED_EDGE('',*,*,#12940,.F.);
#12959=ORIENTED_EDGE('',*,*,#12329,.F.);
#12961=ORIENTED_EDGE('',*,*,#12960,.T.);
#12962=EDGE_LOOP('',(#12957,#12958,#12959,#12961));
#12963=FACE_OUTER_BOUND('',#12962,.F.);
#12965=FILL_AREA_STYLE_COLOUR('',#2);
#12966=FILL_AREA_STYLE('',(#12965));
#12967=SURFACE_STYLE_FILL_AREA(#12966);
#12968=SURFACE_SIDE_STYLE('',(#12967));
#12969=SURFACE_STYLE_USAGE(.BOTH.,#12968);
#12970=PRESENTATION_STYLE_ASSIGNMENT((#12969));
#12971=STYLED_ITEM('',(#12970),#12964);
#12972=CARTESIAN_POINT('',(-2.339583330601E0,7.945E0,1.062765979767E0));
#12973=DIRECTION('',(8.373790907149E-1,0.E0,-5.466225923190E-1));
#12974=DIRECTION('',(-5.466225923190E-1,0.E0,-8.373790907149E-1));
#12975=AXIS2_PLACEMENT_3D('',#12972,#12973,#12974);
#12976=PLANE('',#12975);
#12977=ORIENTED_EDGE('',*,*,#12770,.F.);
#12978=ORIENTED_EDGE('',*,*,#12960,.F.);
#12979=ORIENTED_EDGE('',*,*,#12327,.F.);
#12981=ORIENTED_EDGE('',*,*,#12980,.T.);
#12982=EDGE_LOOP('',(#12977,#12978,#12979,#12981));
#12983=FACE_OUTER_BOUND('',#12982,.F.);
#12985=FILL_AREA_STYLE_COLOUR('',#2);
#12986=FILL_AREA_STYLE('',(#12985));
#12987=SURFACE_STYLE_FILL_AREA(#12986);
#12988=SURFACE_SIDE_STYLE('',(#12987));
#12989=SURFACE_STYLE_USAGE(.BOTH.,#12988);
#12990=PRESENTATION_STYLE_ASSIGNMENT((#12989));
#12991=STYLED_ITEM('',(#12990),#12984);
#12992=CARTESIAN_POINT('',(-2.3625E0,7.945E0,1.004255348444E0));
#12993=DIRECTION('',(1.E0,0.E0,0.E0));
#12994=DIRECTION('',(0.E0,0.E0,-1.E0));
#12995=AXIS2_PLACEMENT_3D('',#12992,#12993,#12994);
#12996=PLANE('',#12995);
#12997=ORIENTED_EDGE('',*,*,#12772,.T.);
#12998=ORIENTED_EDGE('',*,*,#12980,.F.);
#12999=ORIENTED_EDGE('',*,*,#12325,.T.);
#13001=ORIENTED_EDGE('',*,*,#13000,.T.);
#13002=EDGE_LOOP('',(#12997,#12998,#12999,#13001));
#13003=FACE_OUTER_BOUND('',#13002,.F.);
#13005=FILL_AREA_STYLE_COLOUR('',#2);
#13006=FILL_AREA_STYLE('',(#13005));
#13007=SURFACE_STYLE_FILL_AREA(#13006);
#13008=SURFACE_SIDE_STYLE('',(#13007));
#13009=SURFACE_STYLE_USAGE(.BOTH.,#13008);
#13010=PRESENTATION_STYLE_ASSIGNMENT((#13009));
#13011=STYLED_ITEM('',(#13010),#13004);
#13012=CARTESIAN_POINT('',(-2.339583330602E0,7.945E0,9.457446843385E-1));
#13013=DIRECTION('',(8.373793243593E-1,0.E0,5.466222343956E-1));
#13014=DIRECTION('',(5.466222343956E-1,0.E0,-8.373793243593E-1));
#13015=AXIS2_PLACEMENT_3D('',#13012,#13013,#13014);
#13016=PLANE('',#13015);
#13017=ORIENTED_EDGE('',*,*,#12774,.F.);
#13018=ORIENTED_EDGE('',*,*,#13000,.F.);
#13019=ORIENTED_EDGE('',*,*,#12323,.F.);
#13021=ORIENTED_EDGE('',*,*,#13020,.T.);
#13022=EDGE_LOOP('',(#13017,#13018,#13019,#13021));
#13023=FACE_OUTER_BOUND('',#13022,.F.);
#13025=FILL_AREA_STYLE_COLOUR('',#2);
#13026=FILL_AREA_STYLE('',(#13025));
#13027=SURFACE_STYLE_FILL_AREA(#13026);
#13028=SURFACE_SIDE_STYLE('',(#13027));
#13029=SURFACE_STYLE_USAGE(.BOTH.,#13028);
#13030=PRESENTATION_STYLE_ASSIGNMENT((#13029));
#13031=STYLED_ITEM('',(#13030),#13024);
#13032=CARTESIAN_POINT('',(-2.270833330602E0,7.945E0,8.755318939686E-1));
#13033=DIRECTION('',(6.080768549447E-1,0.E0,7.938781634990E-1));
#13034=DIRECTION('',(7.938781634990E-1,0.E0,-6.080768549447E-1));
#13035=AXIS2_PLACEMENT_3D('',#13032,#13033,#13034);
#13036=PLANE('',#13035);
#13037=ORIENTED_EDGE('',*,*,#12776,.F.);
#13038=ORIENTED_EDGE('',*,*,#13020,.F.);
#13039=ORIENTED_EDGE('',*,*,#12321,.F.);
#13041=ORIENTED_EDGE('',*,*,#13040,.T.);
#13042=EDGE_LOOP('',(#13037,#13038,#13039,#13041));
#13043=FACE_OUTER_BOUND('',#13042,.F.);
#13045=FILL_AREA_STYLE_COLOUR('',#2);
#13046=FILL_AREA_STYLE('',(#13045));
#13047=SURFACE_STYLE_FILL_AREA(#13046);
#13048=SURFACE_SIDE_STYLE('',(#13047));
#13049=SURFACE_STYLE_USAGE(.BOTH.,#13048);
#13050=PRESENTATION_STYLE_ASSIGNMENT((#13049));
#13051=STYLED_ITEM('',(#13050),#13044);
#13052=CARTESIAN_POINT('',(-2.179166661203E0,7.945E0,8.287233889103E-1));
#13053=DIRECTION('',(2.473831898957E-1,0.E0,9.689177247615E-1));
#13054=DIRECTION('',(9.689177247615E-1,0.E0,-2.473831898957E-1));
#13055=AXIS2_PLACEMENT_3D('',#13052,#13053,#13054);
#13056=PLANE('',#13055);
#13057=ORIENTED_EDGE('',*,*,#12778,.F.);
#13058=ORIENTED_EDGE('',*,*,#13040,.F.);
#13059=ORIENTED_EDGE('',*,*,#12319,.F.);
#13061=ORIENTED_EDGE('',*,*,#13060,.T.);
#13062=EDGE_LOOP('',(#13057,#13058,#13059,#13061));
#13063=FACE_OUTER_BOUND('',#13062,.F.);
#13065=FILL_AREA_STYLE_COLOUR('',#2);
#13066=FILL_AREA_STYLE('',(#13065));
#13067=SURFACE_STYLE_FILL_AREA(#13066);
#13068=SURFACE_SIDE_STYLE('',(#13067));
#13069=SURFACE_STYLE_USAGE(.BOTH.,#13068);
#13070=PRESENTATION_STYLE_ASSIGNMENT((#13069));
#13071=STYLED_ITEM('',(#13070),#13064);
#13072=CARTESIAN_POINT('',(-2.0875E0,7.945E0,8.170212626457E-1));
#13073=DIRECTION('',(0.E0,0.E0,1.E0));
#13074=DIRECTION('',(1.E0,0.E0,0.E0));
#13075=AXIS2_PLACEMENT_3D('',#13072,#13073,#13074);
#13076=PLANE('',#13075);
#13077=ORIENTED_EDGE('',*,*,#12780,.T.);
#13078=ORIENTED_EDGE('',*,*,#13060,.F.);
#13079=ORIENTED_EDGE('',*,*,#12317,.T.);
#13080=ORIENTED_EDGE('',*,*,#12731,.T.);
#13081=EDGE_LOOP('',(#13077,#13078,#13079,#13080));
#13082=FACE_OUTER_BOUND('',#13081,.F.);
#13084=FILL_AREA_STYLE_COLOUR('',#2);
#13085=FILL_AREA_STYLE('',(#13084));
#13086=SURFACE_STYLE_FILL_AREA(#13085);
#13087=SURFACE_SIDE_STYLE('',(#13086));
#13088=SURFACE_STYLE_USAGE(.BOTH.,#13087);
#13089=PRESENTATION_STYLE_ASSIGNMENT((#13088));
#13090=STYLED_ITEM('',(#13089),#13083);
#13091=CARTESIAN_POINT('',(-1.216666710377E0,7.945E0,1.25E0));
#13092=DIRECTION('',(1.E0,0.E0,0.E0));
#13093=DIRECTION('',(0.E0,0.E0,-1.E0));
#13094=AXIS2_PLACEMENT_3D('',#13091,#13092,#13093);
#13095=PLANE('',#13094);
#13096=ORIENTED_EDGE('',*,*,#8950,.T.);
#13098=ORIENTED_EDGE('',*,*,#13097,.F.);
#13100=ORIENTED_EDGE('',*,*,#13099,.T.);
#13102=ORIENTED_EDGE('',*,*,#13101,.F.);
#13103=EDGE_LOOP('',(#13096,#13098,#13100,#13102));
#13104=FACE_OUTER_BOUND('',#13103,.F.);
#13106=FILL_AREA_STYLE_COLOUR('',#2);
#13107=FILL_AREA_STYLE('',(#13106));
#13108=SURFACE_STYLE_FILL_AREA(#13107);
#13109=SURFACE_SIDE_STYLE('',(#13108));
#13110=SURFACE_STYLE_USAGE(.BOTH.,#13109);
#13111=PRESENTATION_STYLE_ASSIGNMENT((#13110));
#13112=STYLED_ITEM('',(#13111),#13105);
#13113=CARTESIAN_POINT('',(-1.285416710377E0,7.945E0,1.8E0));
#13114=DIRECTION('',(0.E0,0.E0,1.E0));
#13115=DIRECTION('',(1.E0,0.E0,0.E0));
#13116=AXIS2_PLACEMENT_3D('',#13113,#13114,#13115);
#13117=PLANE('',#13116);
#13118=ORIENTED_EDGE('',*,*,#8962,.T.);
#13120=ORIENTED_EDGE('',*,*,#13119,.F.);
#13122=ORIENTED_EDGE('',*,*,#13121,.T.);
#13123=ORIENTED_EDGE('',*,*,#13097,.T.);
#13124=EDGE_LOOP('',(#13118,#13120,#13122,#13123));
#13125=FACE_OUTER_BOUND('',#13124,.F.);
#13127=FILL_AREA_STYLE_COLOUR('',#2);
#13128=FILL_AREA_STYLE('',(#13127));
#13129=SURFACE_STYLE_FILL_AREA(#13128);
#13130=SURFACE_SIDE_STYLE('',(#13129));
#13131=SURFACE_STYLE_USAGE(.BOTH.,#13130);
#13132=PRESENTATION_STYLE_ASSIGNMENT((#13131));
#13133=STYLED_ITEM('',(#13132),#13126);
#13134=CARTESIAN_POINT('',(-1.354166710377E0,7.945E0,1.343617010117E0));
#13135=DIRECTION('',(1.E0,0.E0,0.E0));
#13136=DIRECTION('',(0.E0,0.E0,1.E0));
#13137=AXIS2_PLACEMENT_3D('',#13134,#13135,#13136);
#13138=PLANE('',#13137);
#13139=ORIENTED_EDGE('',*,*,#8960,.T.);
#13141=ORIENTED_EDGE('',*,*,#13140,.F.);
#13143=ORIENTED_EDGE('',*,*,#13142,.T.);
#13144=ORIENTED_EDGE('',*,*,#13119,.T.);
#13145=EDGE_LOOP('',(#13139,#13141,#13143,#13144));
#13146=FACE_OUTER_BOUND('',#13145,.F.);
#13148=FILL_AREA_STYLE_COLOUR('',#2);
#13149=FILL_AREA_STYLE('',(#13148));
#13150=SURFACE_STYLE_FILL_AREA(#13149);
#13151=SURFACE_SIDE_STYLE('',(#13150));
#13152=SURFACE_STYLE_USAGE(.BOTH.,#13151);
#13153=PRESENTATION_STYLE_ASSIGNMENT((#13152));
#13154=STYLED_ITEM('',(#13153),#13147);
#13155=CARTESIAN_POINT('',(-1.422916677594E0,7.945E0,9.691489368677E-1));
#13156=DIRECTION('',(7.659744937333E-1,0.E0,6.428709629078E-1));
#13157=DIRECTION('',(6.428709629078E-1,0.E0,-7.659744937333E-1));
#13158=AXIS2_PLACEMENT_3D('',#13155,#13156,#13157);
#13159=PLANE('',#13158);
#13160=ORIENTED_EDGE('',*,*,#8958,.F.);
#13162=ORIENTED_EDGE('',*,*,#13161,.F.);
#13164=ORIENTED_EDGE('',*,*,#13163,.F.);
#13165=ORIENTED_EDGE('',*,*,#13140,.T.);
#13166=EDGE_LOOP('',(#13160,#13162,#13164,#13165));
#13167=FACE_OUTER_BOUND('',#13166,.F.);
#13169=FILL_AREA_STYLE_COLOUR('',#2);
#13170=FILL_AREA_STYLE('',(#13169));
#13171=SURFACE_STYLE_FILL_AREA(#13170);
#13172=SURFACE_SIDE_STYLE('',(#13171));
#13173=SURFACE_STYLE_USAGE(.BOTH.,#13172);
#13174=PRESENTATION_STYLE_ASSIGNMENT((#13173));
#13175=STYLED_ITEM('',(#13174),#13168);
#13176=CARTESIAN_POINT('',(-1.491666644812E0,7.945E0,9.574468106030E-1));
#13177=DIRECTION('',(1.E0,0.E0,0.E0));
#13178=DIRECTION('',(0.E0,0.E0,1.E0));
#13179=AXIS2_PLACEMENT_3D('',#13176,#13177,#13178);
#13180=PLANE('',#13179);
#13181=ORIENTED_EDGE('',*,*,#8956,.T.);
#13183=ORIENTED_EDGE('',*,*,#13182,.F.);
#13185=ORIENTED_EDGE('',*,*,#13184,.T.);
#13186=ORIENTED_EDGE('',*,*,#13161,.T.);
#13187=EDGE_LOOP('',(#13181,#13183,#13185,#13186));
#13188=FACE_OUTER_BOUND('',#13187,.F.);
#13190=FILL_AREA_STYLE_COLOUR('',#2);
#13191=FILL_AREA_STYLE('',(#13190));
#13192=SURFACE_STYLE_FILL_AREA(#13191);
#13193=SURFACE_SIDE_STYLE('',(#13192));
#13194=SURFACE_STYLE_USAGE(.BOTH.,#13193);
#13195=PRESENTATION_STYLE_ASSIGNMENT((#13194));
#13196=STYLED_ITEM('',(#13195),#13189);
#13197=CARTESIAN_POINT('',(-1.422916677594E0,7.945E0,7.819148838522E-1));
#13198=DIRECTION('',(7.659743670428E-1,0.E0,6.428711138583E-1));
#13199=DIRECTION('',(-6.428711138583E-1,0.E0,7.659743670428E-1));
#13200=AXIS2_PLACEMENT_3D('',#13197,#13198,#13199);
#13201=PLANE('',#13200);
#13202=ORIENTED_EDGE('',*,*,#8954,.F.);
#13204=ORIENTED_EDGE('',*,*,#13203,.F.);
#13206=ORIENTED_EDGE('',*,*,#13205,.F.);
#13207=ORIENTED_EDGE('',*,*,#13182,.T.);
#13208=EDGE_LOOP('',(#13202,#13204,#13206,#13207));
#13209=FACE_OUTER_BOUND('',#13208,.F.);
#13211=FILL_AREA_STYLE_COLOUR('',#2);
#13212=FILL_AREA_STYLE('',(#13211));
#13213=SURFACE_STYLE_FILL_AREA(#13212);
#13214=SURFACE_SIDE_STYLE('',(#13213));
#13215=SURFACE_STYLE_USAGE(.BOTH.,#13214);
#13216=PRESENTATION_STYLE_ASSIGNMENT((#13215));
#13217=STYLED_ITEM('',(#13216),#13210);
#13218=CARTESIAN_POINT('',(-1.285416710377E0,7.945E0,7.E-1));
#13219=DIRECTION('',(0.E0,0.E0,1.E0));
#13220=DIRECTION('',(-1.E0,0.E0,0.E0));
#13221=AXIS2_PLACEMENT_3D('',#13218,#13219,#13220);
#13222=PLANE('',#13221);
#13223=ORIENTED_EDGE('',*,*,#8952,.T.);
#13224=ORIENTED_EDGE('',*,*,#13101,.T.);
#13226=ORIENTED_EDGE('',*,*,#13225,.T.);
#13227=ORIENTED_EDGE('',*,*,#13203,.T.);
#13228=EDGE_LOOP('',(#13223,#13224,#13226,#13227));
#13229=FACE_OUTER_BOUND('',#13228,.F.);
#13231=FILL_AREA_STYLE_COLOUR('',#2);
#13232=FILL_AREA_STYLE('',(#13231));
#13233=SURFACE_STYLE_FILL_AREA(#13232);
#13234=SURFACE_SIDE_STYLE('',(#13233));
#13235=SURFACE_STYLE_USAGE(.BOTH.,#13234);
#13236=PRESENTATION_STYLE_ASSIGNMENT((#13235));
#13237=STYLED_ITEM('',(#13236),#13230);
#13238=CARTESIAN_POINT('',(-1.354166677594E0,7.94E0,1.25E0));
#13239=DIRECTION('',(0.E0,1.E0,0.E0));
#13240=DIRECTION('',(1.E0,0.E0,0.E0));
#13241=AXIS2_PLACEMENT_3D('',#13238,#13239,#13240);
#13242=PLANE('',#13241);
#13243=ORIENTED_EDGE('',*,*,#13099,.F.);
#13244=ORIENTED_EDGE('',*,*,#13121,.F.);
#13245=ORIENTED_EDGE('',*,*,#13142,.F.);
#13246=ORIENTED_EDGE('',*,*,#13163,.T.);
#13247=ORIENTED_EDGE('',*,*,#13184,.F.);
#13248=ORIENTED_EDGE('',*,*,#13205,.T.);
#13249=ORIENTED_EDGE('',*,*,#13225,.F.);
#13250=EDGE_LOOP('',(#13243,#13244,#13245,#13246,#13247,#13248,#13249));
#13251=FACE_OUTER_BOUND('',#13250,.F.);
#13253=FILL_AREA_STYLE_COLOUR('',#1);
#13254=FILL_AREA_STYLE('',(#13253));
#13255=SURFACE_STYLE_FILL_AREA(#13254);
#13256=SURFACE_SIDE_STYLE('',(#13255));
#13257=SURFACE_STYLE_USAGE(.BOTH.,#13256);
#13258=PRESENTATION_STYLE_ASSIGNMENT((#13257));
#13259=STYLED_ITEM('',(#13258),#13252);
#13260=CARTESIAN_POINT('',(-2.541667103768E-1,7.945E0,1.647872342170E0));
#13261=DIRECTION('',(8.373786433120E-1,0.E0,5.466232777013E-1));
#13262=DIRECTION('',(5.466232777013E-1,0.E0,-8.373786433120E-1));
#13263=AXIS2_PLACEMENT_3D('',#13260,#13261,#13262);
#13264=PLANE('',#13263);
#13265=ORIENTED_EDGE('',*,*,#8966,.F.);
#13267=ORIENTED_EDGE('',*,*,#13266,.F.);
#13269=ORIENTED_EDGE('',*,*,#13268,.F.);
#13271=ORIENTED_EDGE('',*,*,#13270,.F.);
#13272=EDGE_LOOP('',(#13265,#13267,#13269,#13271));
#13273=FACE_OUTER_BOUND('',#13272,.F.);
#13275=FILL_AREA_STYLE_COLOUR('',#2);
#13276=FILL_AREA_STYLE('',(#13275));
#13277=SURFACE_STYLE_FILL_AREA(#13276);
#13278=SURFACE_SIDE_STYLE('',(#13277));
#13279=SURFACE_STYLE_USAGE(.BOTH.,#13278);
#13280=PRESENTATION_STYLE_ASSIGNMENT((#13279));
#13281=STYLED_ITEM('',(#13280),#13274);
#13282=CARTESIAN_POINT('',(-3.114583551884E-1,7.945E0,1.706382977590E0));
#13283=DIRECTION('',(5.627917320111E-1,0.E0,8.265987335944E-1));
#13284=DIRECTION('',(8.265987335944E-1,0.E0,-5.627917320111E-1));
#13285=AXIS2_PLACEMENT_3D('',#13282,#13283,#13284);
#13286=PLANE('',#13285);
#13287=ORIENTED_EDGE('',*,*,#9078,.F.);
#13289=ORIENTED_EDGE('',*,*,#13288,.F.);
#13291=ORIENTED_EDGE('',*,*,#13290,.F.);
#13292=ORIENTED_EDGE('',*,*,#13266,.T.);
#13293=EDGE_LOOP('',(#13287,#13289,#13291,#13292));
#13294=FACE_OUTER_BOUND('',#13293,.F.);
#13296=FILL_AREA_STYLE_COLOUR('',#2);
#13297=FILL_AREA_STYLE('',(#13296));
#13298=SURFACE_STYLE_FILL_AREA(#13297);
#13299=SURFACE_SIDE_STYLE('',(#13298));
#13300=SURFACE_STYLE_USAGE(.BOTH.,#13299);
#13301=PRESENTATION_STYLE_ASSIGNMENT((#13300));
#13302=STYLED_ITEM('',(#13301),#13295);
#13303=CARTESIAN_POINT('',(-3.916666448117E-1,7.945E0,1.753191489819E0));
#13304=DIRECTION('',(4.547769889118E-1,0.E0,8.906053505096E-1));
#13305=DIRECTION('',(8.906053505096E-1,0.E0,-4.547769889118E-1));
#13306=AXIS2_PLACEMENT_3D('',#13303,#13304,#13305);
#13307=PLANE('',#13306);
#13308=ORIENTED_EDGE('',*,*,#9076,.F.);
#13310=ORIENTED_EDGE('',*,*,#13309,.F.);
#13312=ORIENTED_EDGE('',*,*,#13311,.F.);
#13313=ORIENTED_EDGE('',*,*,#13288,.T.);
#13314=EDGE_LOOP('',(#13308,#13310,#13312,#13313));
#13315=FACE_OUTER_BOUND('',#13314,.F.);
#13317=FILL_AREA_STYLE_COLOUR('',#2);
#13318=FILL_AREA_STYLE('',(#13317));
#13319=SURFACE_STYLE_FILL_AREA(#13318);
#13320=SURFACE_SIDE_STYLE('',(#13319));
#13321=SURFACE_STYLE_USAGE(.BOTH.,#13320);
#13322=PRESENTATION_STYLE_ASSIGNMENT((#13321));
#13323=STYLED_ITEM('',(#13322),#13316);
#13324=CARTESIAN_POINT('',(-4.833333551884E-1,7.945E0,1.788297872711E0));
#13325=DIRECTION('',(2.473831271660E-1,0.E0,9.689177407776E-1));
#13326=DIRECTION('',(9.689177407776E-1,0.E0,-2.473831271660E-1));
#13327=AXIS2_PLACEMENT_3D('',#13324,#13325,#13326);
#13328=PLANE('',#13327);
#13329=ORIENTED_EDGE('',*,*,#9074,.F.);
#13331=ORIENTED_EDGE('',*,*,#13330,.F.);
#13333=ORIENTED_EDGE('',*,*,#13332,.F.);
#13334=ORIENTED_EDGE('',*,*,#13309,.T.);
#13335=EDGE_LOOP('',(#13329,#13331,#13333,#13334));
#13336=FACE_OUTER_BOUND('',#13335,.F.);
#13338=FILL_AREA_STYLE_COLOUR('',#2);
#13339=FILL_AREA_STYLE('',(#13338));
#13340=SURFACE_STYLE_FILL_AREA(#13339);
#13341=SURFACE_SIDE_STYLE('',(#13340));
#13342=SURFACE_STYLE_USAGE(.BOTH.,#13341);
#13343=PRESENTATION_STYLE_ASSIGNMENT((#13342));
#13344=STYLED_ITEM('',(#13343),#13337);
#13345=CARTESIAN_POINT('',(-6.208333551884E-1,7.945E0,1.8E0));
#13346=DIRECTION('',(0.E0,0.E0,1.E0));
#13347=DIRECTION('',(1.E0,0.E0,0.E0));
#13348=AXIS2_PLACEMENT_3D('',#13345,#13346,#13347);
#13349=PLANE('',#13348);
#13350=ORIENTED_EDGE('',*,*,#9072,.T.);
#13352=ORIENTED_EDGE('',*,*,#13351,.F.);
#13354=ORIENTED_EDGE('',*,*,#13353,.T.);
#13355=ORIENTED_EDGE('',*,*,#13330,.T.);
#13356=EDGE_LOOP('',(#13350,#13352,#13354,#13355));
#13357=FACE_OUTER_BOUND('',#13356,.F.);
#13359=FILL_AREA_STYLE_COLOUR('',#2);
#13360=FILL_AREA_STYLE('',(#13359));
#13361=SURFACE_STYLE_FILL_AREA(#13360);
#13362=SURFACE_SIDE_STYLE('',(#13361));
#13363=SURFACE_STYLE_USAGE(.BOTH.,#13362);
#13364=PRESENTATION_STYLE_ASSIGNMENT((#13363));
#13365=STYLED_ITEM('',(#13364),#13358);
#13366=CARTESIAN_POINT('',(-7.583333551884E-1,7.945E0,1.788297872711E0));
#13367=DIRECTION('',(-2.473831271660E-1,0.E0,9.689177407776E-1));
#13368=DIRECTION('',(9.689177407776E-1,0.E0,2.473831271660E-1));
#13369=AXIS2_PLACEMENT_3D('',#13366,#13367,#13368);
#13370=PLANE('',#13369);
#13371=ORIENTED_EDGE('',*,*,#9070,.F.);
#13373=ORIENTED_EDGE('',*,*,#13372,.F.);
#13375=ORIENTED_EDGE('',*,*,#13374,.F.);
#13376=ORIENTED_EDGE('',*,*,#13351,.T.);
#13377=EDGE_LOOP('',(#13371,#13373,#13375,#13376));
#13378=FACE_OUTER_BOUND('',#13377,.F.);
#13380=FILL_AREA_STYLE_COLOUR('',#2);
#13381=FILL_AREA_STYLE('',(#13380));
#13382=SURFACE_STYLE_FILL_AREA(#13381);
#13383=SURFACE_SIDE_STYLE('',(#13382));
#13384=SURFACE_STYLE_USAGE(.BOTH.,#13383);
#13385=PRESENTATION_STYLE_ASSIGNMENT((#13384));
#13386=STYLED_ITEM('',(#13385),#13379);
#13387=CARTESIAN_POINT('',(-8.5E-1,7.945E0,1.753191489820E0));
#13388=DIRECTION('',(-4.547775049266E-1,0.E0,8.906050870126E-1));
#13389=DIRECTION('',(8.906050870126E-1,0.E0,4.547775049266E-1));
#13390=AXIS2_PLACEMENT_3D('',#13387,#13388,#13389);
#13391=PLANE('',#13390);
#13392=ORIENTED_EDGE('',*,*,#9068,.F.);
#13394=ORIENTED_EDGE('',*,*,#13393,.F.);
#13396=ORIENTED_EDGE('',*,*,#13395,.F.);
#13397=ORIENTED_EDGE('',*,*,#13372,.T.);
#13398=EDGE_LOOP('',(#13392,#13394,#13396,#13397));
#13399=FACE_OUTER_BOUND('',#13398,.F.);
#13401=FILL_AREA_STYLE_COLOUR('',#2);
#13402=FILL_AREA_STYLE('',(#13401));
#13403=SURFACE_STYLE_FILL_AREA(#13402);
#13404=SURFACE_SIDE_STYLE('',(#13403));
#13405=SURFACE_STYLE_USAGE(.BOTH.,#13404);
#13406=PRESENTATION_STYLE_ASSIGNMENT((#13405));
#13407=STYLED_ITEM('',(#13406),#13400);
#13408=CARTESIAN_POINT('',(-9.302082896233E-1,7.945E0,1.706382977590E0));
#13409=DIRECTION('',(-5.627909985706E-1,0.E0,8.265992329587E-1));
#13410=DIRECTION('',(8.265992329587E-1,0.E0,5.627909985706E-1));
#13411=AXIS2_PLACEMENT_3D('',#13408,#13409,#13410);
#13412=PLANE('',#13411);
#13413=ORIENTED_EDGE('',*,*,#9066,.F.);
#13415=ORIENTED_EDGE('',*,*,#13414,.F.);
#13417=ORIENTED_EDGE('',*,*,#13416,.F.);
#13418=ORIENTED_EDGE('',*,*,#13393,.T.);
#13419=EDGE_LOOP('',(#13413,#13415,#13417,#13418));
#13420=FACE_OUTER_BOUND('',#13419,.F.);
#13422=FILL_AREA_STYLE_COLOUR('',#2);
#13423=FILL_AREA_STYLE('',(#13422));
#13424=SURFACE_STYLE_FILL_AREA(#13423);
#13425=SURFACE_SIDE_STYLE('',(#13424));
#13426=SURFACE_STYLE_USAGE(.BOTH.,#13425);
#13427=PRESENTATION_STYLE_ASSIGNMENT((#13426));
#13428=STYLED_ITEM('',(#13427),#13421);
#13429=CARTESIAN_POINT('',(-9.875000000002E-1,7.945E0,1.647872342170E0));
#13430=DIRECTION('',(8.373786433103E-1,0.E0,-5.466232777040E-1));
#13431=DIRECTION('',(5.466232777040E-1,0.E0,8.373786433103E-1));
#13432=AXIS2_PLACEMENT_3D('',#13429,#13430,#13431);
#13433=PLANE('',#13432);
#13434=ORIENTED_EDGE('',*,*,#9064,.F.);
#13436=ORIENTED_EDGE('',*,*,#13435,.F.);
#13438=ORIENTED_EDGE('',*,*,#13437,.F.);
#13439=ORIENTED_EDGE('',*,*,#13414,.T.);
#13440=EDGE_LOOP('',(#13434,#13436,#13438,#13439));
#13441=FACE_OUTER_BOUND('',#13440,.F.);
#13443=FILL_AREA_STYLE_COLOUR('',#2);
#13444=FILL_AREA_STYLE('',(#13443));
#13445=SURFACE_STYLE_FILL_AREA(#13444);
#13446=SURFACE_SIDE_STYLE('',(#13445));
#13447=SURFACE_STYLE_USAGE(.BOTH.,#13446);
#13448=PRESENTATION_STYLE_ASSIGNMENT((#13447));
#13449=STYLED_ITEM('',(#13448),#13442);
#13450=CARTESIAN_POINT('',(-1.021875E0,7.945E0,1.577659576386E0));
#13451=DIRECTION('',(9.506455626054E-1,0.E0,-3.102789298336E-1));
#13452=DIRECTION('',(3.102789298336E-1,0.E0,9.506455626054E-1));
#13453=AXIS2_PLACEMENT_3D('',#13450,#13451,#13452);
#13454=PLANE('',#13453);
#13455=ORIENTED_EDGE('',*,*,#9062,.F.);
#13457=ORIENTED_EDGE('',*,*,#13456,.F.);
#13459=ORIENTED_EDGE('',*,*,#13458,.F.);
#13460=ORIENTED_EDGE('',*,*,#13435,.T.);
#13461=EDGE_LOOP('',(#13455,#13457,#13459,#13460));
#13462=FACE_OUTER_BOUND('',#13461,.F.);
#13464=FILL_AREA_STYLE_COLOUR('',#2);
#13465=FILL_AREA_STYLE('',(#13464));
#13466=SURFACE_STYLE_FILL_AREA(#13465);
#13467=SURFACE_SIDE_STYLE('',(#13466));
#13468=SURFACE_STYLE_USAGE(.BOTH.,#13467);
#13469=PRESENTATION_STYLE_ASSIGNMENT((#13468));
#13470=STYLED_ITEM('',(#13469),#13463);
#13471=CARTESIAN_POINT('',(-9.760416448115E-1,7.945E0,1.542553189397E0));
#13472=DIRECTION('',(0.E0,0.E0,1.E0));
#13473=DIRECTION('',(-1.E0,0.E0,0.E0));
#13474=AXIS2_PLACEMENT_3D('',#13471,#13472,#13473);
#13475=PLANE('',#13474);
#13476=ORIENTED_EDGE('',*,*,#9060,.T.);
#13478=ORIENTED_EDGE('',*,*,#13477,.F.);
#13480=ORIENTED_EDGE('',*,*,#13479,.T.);
#13481=ORIENTED_EDGE('',*,*,#13456,.T.);
#13482=EDGE_LOOP('',(#13476,#13478,#13480,#13481));
#13483=FACE_OUTER_BOUND('',#13482,.F.);
#13485=FILL_AREA_STYLE_COLOUR('',#2);
#13486=FILL_AREA_STYLE('',(#13485));
#13487=SURFACE_STYLE_FILL_AREA(#13486);
#13488=SURFACE_SIDE_STYLE('',(#13487));
#13489=SURFACE_STYLE_USAGE(.BOTH.,#13488);
#13490=PRESENTATION_STYLE_ASSIGNMENT((#13489));
#13491=STYLED_ITEM('',(#13490),#13484);
#13492=CARTESIAN_POINT('',(-9.072916448117E-1,7.945E0,1.565957441926E0));
#13493=DIRECTION('',(8.981377659531E-1,0.E0,-4.397141723538E-1));
#13494=DIRECTION('',(-4.397141723538E-1,0.E0,-8.981377659531E-1));
#13495=AXIS2_PLACEMENT_3D('',#13492,#13493,#13494);
#13496=PLANE('',#13495);
#13497=ORIENTED_EDGE('',*,*,#9058,.F.);
#13499=ORIENTED_EDGE('',*,*,#13498,.F.);
#13501=ORIENTED_EDGE('',*,*,#13500,.F.);
#13502=ORIENTED_EDGE('',*,*,#13477,.T.);
#13503=EDGE_LOOP('',(#13497,#13499,#13501,#13502));
#13504=FACE_OUTER_BOUND('',#13503,.F.);
#13506=FILL_AREA_STYLE_COLOUR('',#2);
#13507=FILL_AREA_STYLE('',(#13506));
#13508=SURFACE_STYLE_FILL_AREA(#13507);
#13509=SURFACE_SIDE_STYLE('',(#13508));
#13510=SURFACE_STYLE_USAGE(.BOTH.,#13509);
#13511=PRESENTATION_STYLE_ASSIGNMENT((#13510));
#13512=STYLED_ITEM('',(#13511),#13505);
#13513=CARTESIAN_POINT('',(-8.729166448116E-1,7.945E0,1.612765955180E0));
#13514=DIRECTION('',(7.145108408013E-1,0.E0,-6.996243694851E-1));
#13515=DIRECTION('',(-6.996243694851E-1,0.E0,-7.145108408013E-1));
#13516=AXIS2_PLACEMENT_3D('',#13513,#13514,#13515);
#13517=PLANE('',#13516);
#13518=ORIENTED_EDGE('',*,*,#9056,.F.);
#13520=ORIENTED_EDGE('',*,*,#13519,.F.);
#13522=ORIENTED_EDGE('',*,*,#13521,.F.);
#13523=ORIENTED_EDGE('',*,*,#13498,.T.);
#13524=EDGE_LOOP('',(#13518,#13520,#13522,#13523));
#13525=FACE_OUTER_BOUND('',#13524,.F.);
#13527=FILL_AREA_STYLE_COLOUR('',#2);
#13528=FILL_AREA_STYLE('',(#13527));
#13529=SURFACE_STYLE_FILL_AREA(#13528);
#13530=SURFACE_SIDE_STYLE('',(#13529));
#13531=SURFACE_STYLE_USAGE(.BOTH.,#13530);
#13532=PRESENTATION_STYLE_ASSIGNMENT((#13531));
#13533=STYLED_ITEM('',(#13532),#13526);
#13534=CARTESIAN_POINT('',(-8.270833551884E-1,7.945E0,1.647872342170E0));
#13535=DIRECTION('',(-4.547774575540E-1,0.E0,8.906051112029E-1));
#13536=DIRECTION('',(-8.906051112029E-1,0.E0,-4.547774575540E-1));
#13537=AXIS2_PLACEMENT_3D('',#13534,#13535,#13536);
#13538=PLANE('',#13537);
#13539=ORIENTED_EDGE('',*,*,#9054,.F.);
#13541=ORIENTED_EDGE('',*,*,#13540,.F.);
#13543=ORIENTED_EDGE('',*,*,#13542,.F.);
#13544=ORIENTED_EDGE('',*,*,#13519,.T.);
#13545=EDGE_LOOP('',(#13539,#13541,#13543,#13544));
#13546=FACE_OUTER_BOUND('',#13545,.F.);
#13548=FILL_AREA_STYLE_COLOUR('',#2);
#13549=FILL_AREA_STYLE('',(#13548));
#13550=SURFACE_STYLE_FILL_AREA(#13549);
#13551=SURFACE_SIDE_STYLE('',(#13550));
#13552=SURFACE_STYLE_USAGE(.BOTH.,#13551);
#13553=PRESENTATION_STYLE_ASSIGNMENT((#13552));
#13554=STYLED_ITEM('',(#13553),#13547);
#13555=CARTESIAN_POINT('',(-7.46875E-1,7.945E0,1.671276594698E0));
#13556=DIRECTION('',(-2.001232084960E-1,0.E0,9.797707392147E-1));
#13557=DIRECTION('',(-9.797707392147E-1,0.E0,-2.001232084960E-1));
#13558=AXIS2_PLACEMENT_3D('',#13555,#13556,#13557);
#13559=PLANE('',#13558);
#13560=ORIENTED_EDGE('',*,*,#9052,.F.);
#13562=ORIENTED_EDGE('',*,*,#13561,.F.);
#13564=ORIENTED_EDGE('',*,*,#13563,.F.);
#13565=ORIENTED_EDGE('',*,*,#13540,.T.);
#13566=EDGE_LOOP('',(#13560,#13562,#13564,#13565));
#13567=FACE_OUTER_BOUND('',#13566,.F.);
#13569=FILL_AREA_STYLE_COLOUR('',#2);
#13570=FILL_AREA_STYLE('',(#13569));
#13571=SURFACE_STYLE_FILL_AREA(#13570);
#13572=SURFACE_SIDE_STYLE('',(#13571));
#13573=SURFACE_STYLE_USAGE(.BOTH.,#13572);
#13574=PRESENTATION_STYLE_ASSIGNMENT((#13573));
#13575=STYLED_ITEM('',(#13574),#13568);
#13576=CARTESIAN_POINT('',(-6.208332896233E-1,7.945E0,1.682978720963E0));
#13577=DIRECTION('',(0.E0,0.E0,1.E0));
#13578=DIRECTION('',(-1.E0,0.E0,0.E0));
#13579=AXIS2_PLACEMENT_3D('',#13576,#13577,#13578);
#13580=PLANE('',#13579);
#13581=ORIENTED_EDGE('',*,*,#9050,.T.);
#13583=ORIENTED_EDGE('',*,*,#13582,.F.);
#13585=ORIENTED_EDGE('',*,*,#13584,.T.);
#13586=ORIENTED_EDGE('',*,*,#13561,.T.);
#13587=EDGE_LOOP('',(#13581,#13583,#13585,#13586));
#13588=FACE_OUTER_BOUND('',#13587,.F.);
#13590=FILL_AREA_STYLE_COLOUR('',#2);
#13591=FILL_AREA_STYLE('',(#13590));
#13592=SURFACE_STYLE_FILL_AREA(#13591);
#13593=SURFACE_SIDE_STYLE('',(#13592));
#13594=SURFACE_STYLE_USAGE(.BOTH.,#13593);
#13595=PRESENTATION_STYLE_ASSIGNMENT((#13594));
#13596=STYLED_ITEM('',(#13595),#13589);
#13597=CARTESIAN_POINT('',(-4.947916448117E-1,7.945E0,1.671276594698E0));
#13598=DIRECTION('',(2.001234283475E-1,0.E0,9.797706943089E-1));
#13599=DIRECTION('',(-9.797706943089E-1,0.E0,2.001234283475E-1));
#13600=AXIS2_PLACEMENT_3D('',#13597,#13598,#13599);
#13601=PLANE('',#13600);
#13602=ORIENTED_EDGE('',*,*,#9048,.F.);
#13604=ORIENTED_EDGE('',*,*,#13603,.F.);
#13606=ORIENTED_EDGE('',*,*,#13605,.F.);
#13607=ORIENTED_EDGE('',*,*,#13582,.T.);
#13608=EDGE_LOOP('',(#13602,#13604,#13606,#13607));
#13609=FACE_OUTER_BOUND('',#13608,.F.);
#13611=FILL_AREA_STYLE_COLOUR('',#2);
#13612=FILL_AREA_STYLE('',(#13611));
#13613=SURFACE_STYLE_FILL_AREA(#13612);
#13614=SURFACE_SIDE_STYLE('',(#13613));
#13615=SURFACE_STYLE_USAGE(.BOTH.,#13614);
#13616=PRESENTATION_STYLE_ASSIGNMENT((#13615));
#13617=STYLED_ITEM('',(#13616),#13610);
#13618=CARTESIAN_POINT('',(-4.145833551884E-1,7.945E0,1.647872342169E0));
#13619=DIRECTION('',(4.547774575540E-1,0.E0,8.906051112029E-1));
#13620=DIRECTION('',(-8.906051112029E-1,0.E0,4.547774575540E-1));
#13621=AXIS2_PLACEMENT_3D('',#13618,#13619,#13620);
#13622=PLANE('',#13621);
#13623=ORIENTED_EDGE('',*,*,#9046,.F.);
#13625=ORIENTED_EDGE('',*,*,#13624,.F.);
#13627=ORIENTED_EDGE('',*,*,#13626,.F.);
#13628=ORIENTED_EDGE('',*,*,#13603,.T.);
#13629=EDGE_LOOP('',(#13623,#13625,#13627,#13628));
#13630=FACE_OUTER_BOUND('',#13629,.F.);
#13632=FILL_AREA_STYLE_COLOUR('',#2);
#13633=FILL_AREA_STYLE('',(#13632));
#13634=SURFACE_STYLE_FILL_AREA(#13633);
#13635=SURFACE_SIDE_STYLE('',(#13634));
#13636=SURFACE_STYLE_USAGE(.BOTH.,#13635);
#13637=PRESENTATION_STYLE_ASSIGNMENT((#13636));
#13638=STYLED_ITEM('',(#13637),#13631);
#13639=CARTESIAN_POINT('',(-3.6875E-1,7.945E0,1.612765955180E0));
#13640=DIRECTION('',(7.145098402073E-1,0.E0,6.996253913681E-1));
#13641=DIRECTION('',(-6.996253913681E-1,0.E0,7.145098402073E-1));
#13642=AXIS2_PLACEMENT_3D('',#13639,#13640,#13641);
#13643=PLANE('',#13642);
#13644=ORIENTED_EDGE('',*,*,#9044,.F.);
#13646=ORIENTED_EDGE('',*,*,#13645,.F.);
#13648=ORIENTED_EDGE('',*,*,#13647,.F.);
#13649=ORIENTED_EDGE('',*,*,#13624,.T.);
#13650=EDGE_LOOP('',(#13644,#13646,#13648,#13649));
#13651=FACE_OUTER_BOUND('',#13650,.F.);
#13653=FILL_AREA_STYLE_COLOUR('',#2);
#13654=FILL_AREA_STYLE('',(#13653));
#13655=SURFACE_STYLE_FILL_AREA(#13654);
#13656=SURFACE_SIDE_STYLE('',(#13655));
#13657=SURFACE_STYLE_USAGE(.BOTH.,#13656);
#13658=PRESENTATION_STYLE_ASSIGNMENT((#13657));
#13659=STYLED_ITEM('',(#13658),#13652);
#13660=CARTESIAN_POINT('',(-3.34375E-1,7.945E0,1.565957441926E0));
#13661=DIRECTION('',(8.981387596058E-1,0.E0,4.397121427636E-1));
#13662=DIRECTION('',(-4.397121427636E-1,0.E0,8.981387596058E-1));
#13663=AXIS2_PLACEMENT_3D('',#13660,#13661,#13662);
#13664=PLANE('',#13663);
#13665=ORIENTED_EDGE('',*,*,#9042,.F.);
#13667=ORIENTED_EDGE('',*,*,#13666,.F.);
#13669=ORIENTED_EDGE('',*,*,#13668,.F.);
#13670=ORIENTED_EDGE('',*,*,#13645,.T.);
#13671=EDGE_LOOP('',(#13665,#13667,#13669,#13670));
#13672=FACE_OUTER_BOUND('',#13671,.F.);
#13674=FILL_AREA_STYLE_COLOUR('',#2);
#13675=FILL_AREA_STYLE('',(#13674));
#13676=SURFACE_STYLE_FILL_AREA(#13675);
#13677=SURFACE_SIDE_STYLE('',(#13676));
#13678=SURFACE_STYLE_USAGE(.BOTH.,#13677);
#13679=PRESENTATION_STYLE_ASSIGNMENT((#13678));
#13680=STYLED_ITEM('',(#13679),#13673);
#13681=CARTESIAN_POINT('',(-3.229167103767E-1,7.945E0,1.495744684338E0));
#13682=DIRECTION('',(1.E0,0.E0,0.E0));
#13683=DIRECTION('',(0.E0,0.E0,1.E0));
#13684=AXIS2_PLACEMENT_3D('',#13681,#13682,#13683);
#13685=PLANE('',#13684);
#13686=ORIENTED_EDGE('',*,*,#9040,.T.);
#13688=ORIENTED_EDGE('',*,*,#13687,.F.);
#13690=ORIENTED_EDGE('',*,*,#13689,.T.);
#13691=ORIENTED_EDGE('',*,*,#13666,.T.);
#13692=EDGE_LOOP('',(#13686,#13688,#13690,#13691));
#13693=FACE_OUTER_BOUND('',#13692,.F.);
#13695=FILL_AREA_STYLE_COLOUR('',#2);
#13696=FILL_AREA_STYLE('',(#13695));
#13697=SURFACE_STYLE_FILL_AREA(#13696);
#13698=SURFACE_SIDE_STYLE('',(#13697));
#13699=SURFACE_STYLE_USAGE(.BOTH.,#13698);
#13700=PRESENTATION_STYLE_ASSIGNMENT((#13699));
#13701=STYLED_ITEM('',(#13700),#13694);
#13702=CARTESIAN_POINT('',(-3.458333551884E-1,7.945E0,1.402127657831E0));
#13703=DIRECTION('',(8.981383235882E-1,0.E0,-4.397130333549E-1));
#13704=DIRECTION('',(4.397130333549E-1,0.E0,8.981383235882E-1));
#13705=AXIS2_PLACEMENT_3D('',#13702,#13703,#13704);
#13706=PLANE('',#13705);
#13707=ORIENTED_EDGE('',*,*,#9038,.F.);
#13709=ORIENTED_EDGE('',*,*,#13708,.F.);
#13711=ORIENTED_EDGE('',*,*,#13710,.F.);
#13712=ORIENTED_EDGE('',*,*,#13687,.T.);
#13713=EDGE_LOOP('',(#13707,#13709,#13711,#13712));
#13714=FACE_OUTER_BOUND('',#13713,.F.);
#13716=FILL_AREA_STYLE_COLOUR('',#2);
#13717=FILL_AREA_STYLE('',(#13716));
#13718=SURFACE_STYLE_FILL_AREA(#13717);
#13719=SURFACE_SIDE_STYLE('',(#13718));
#13720=SURFACE_STYLE_USAGE(.BOTH.,#13719);
#13721=PRESENTATION_STYLE_ASSIGNMENT((#13720));
#13722=STYLED_ITEM('',(#13721),#13715);
#13723=CARTESIAN_POINT('',(-4.03125E-1,7.945E0,1.331914883852E0));
#13724=DIRECTION('',(-5.627909312451E-1,0.E0,8.265992787974E-1));
#13725=DIRECTION('',(8.265992787974E-1,0.E0,5.627909312451E-1));
#13726=AXIS2_PLACEMENT_3D('',#13723,#13724,#13725);
#13727=PLANE('',#13726);
#13728=ORIENTED_EDGE('',*,*,#9036,.F.);
#13730=ORIENTED_EDGE('',*,*,#13729,.F.);
#13732=ORIENTED_EDGE('',*,*,#13731,.F.);
#13733=ORIENTED_EDGE('',*,*,#13708,.T.);
#13734=EDGE_LOOP('',(#13728,#13730,#13732,#13733));
#13735=FACE_OUTER_BOUND('',#13734,.F.);
#13737=FILL_AREA_STYLE_COLOUR('',#2);
#13738=FILL_AREA_STYLE('',(#13737));
#13739=SURFACE_STYLE_FILL_AREA(#13738);
#13740=SURFACE_SIDE_STYLE('',(#13739));
#13741=SURFACE_STYLE_USAGE(.BOTH.,#13740);
#13742=PRESENTATION_STYLE_ASSIGNMENT((#13741));
#13743=STYLED_ITEM('',(#13742),#13736);
#13744=CARTESIAN_POINT('',(-5.0625E-1,7.945E0,1.296808505058E0));
#13745=DIRECTION('',(-1.677993286096E-1,0.E0,9.858211730929E-1));
#13746=DIRECTION('',(9.858211730929E-1,0.E0,1.677993286096E-1));
#13747=AXIS2_PLACEMENT_3D('',#13744,#13745,#13746);
#13748=PLANE('',#13747);
#13749=ORIENTED_EDGE('',*,*,#9034,.F.);
#13751=ORIENTED_EDGE('',*,*,#13750,.F.);
#13753=ORIENTED_EDGE('',*,*,#13752,.F.);
#13754=ORIENTED_EDGE('',*,*,#13729,.T.);
#13755=EDGE_LOOP('',(#13749,#13751,#13753,#13754));
#13756=FACE_OUTER_BOUND('',#13755,.F.);
#13758=FILL_AREA_STYLE_COLOUR('',#2);
#13759=FILL_AREA_STYLE('',(#13758));
#13760=SURFACE_STYLE_FILL_AREA(#13759);
#13761=SURFACE_SIDE_STYLE('',(#13760));
#13762=SURFACE_STYLE_USAGE(.BOTH.,#13761);
#13763=PRESENTATION_STYLE_ASSIGNMENT((#13762));
#13764=STYLED_ITEM('',(#13763),#13757);
#13765=CARTESIAN_POINT('',(-6.208333551884E-1,7.945E0,1.285106378794E0));
#13766=DIRECTION('',(0.E0,0.E0,1.E0));
#13767=DIRECTION('',(1.E0,0.E0,0.E0));
#13768=AXIS2_PLACEMENT_3D('',#13765,#13766,#13767);
#13769=PLANE('',#13768);
#13770=ORIENTED_EDGE('',*,*,#9032,.T.);
#13772=ORIENTED_EDGE('',*,*,#13771,.F.);
#13774=ORIENTED_EDGE('',*,*,#13773,.T.);
#13775=ORIENTED_EDGE('',*,*,#13750,.T.);
#13776=EDGE_LOOP('',(#13770,#13772,#13774,#13775));
#13777=FACE_OUTER_BOUND('',#13776,.F.);
#13779=FILL_AREA_STYLE_COLOUR('',#2);
#13780=FILL_AREA_STYLE('',(#13779));
#13781=SURFACE_STYLE_FILL_AREA(#13780);
#13782=SURFACE_SIDE_STYLE('',(#13781));
#13783=SURFACE_STYLE_USAGE(.BOTH.,#13782);
#13784=PRESENTATION_STYLE_ASSIGNMENT((#13783));
#13785=STYLED_ITEM('',(#13784),#13778);
#13786=CARTESIAN_POINT('',(-6.666667103767E-1,7.945E0,1.238297873735E0));
#13787=DIRECTION('',(1.E0,0.E0,0.E0));
#13788=DIRECTION('',(0.E0,0.E0,1.E0));
#13789=AXIS2_PLACEMENT_3D('',#13786,#13787,#13788);
#13790=PLANE('',#13789);
#13791=ORIENTED_EDGE('',*,*,#9030,.T.);
#13793=ORIENTED_EDGE('',*,*,#13792,.F.);
#13795=ORIENTED_EDGE('',*,*,#13794,.T.);
#13796=ORIENTED_EDGE('',*,*,#13771,.T.);
#13797=EDGE_LOOP('',(#13791,#13793,#13795,#13796));
#13798=FACE_OUTER_BOUND('',#13797,.F.);
#13800=FILL_AREA_STYLE_COLOUR('',#2);
#13801=FILL_AREA_STYLE('',(#13800));
#13802=SURFACE_STYLE_FILL_AREA(#13801);
#13803=SURFACE_SIDE_STYLE('',(#13802));
#13804=SURFACE_STYLE_USAGE(.BOTH.,#13803);
#13805=PRESENTATION_STYLE_ASSIGNMENT((#13804));
#13806=STYLED_ITEM('',(#13805),#13799);
#13807=CARTESIAN_POINT('',(-6.208333551884E-1,7.945E0,1.191489368677E0));
#13808=DIRECTION('',(0.E0,0.E0,1.E0));
#13809=DIRECTION('',(-1.E0,0.E0,0.E0));
#13810=AXIS2_PLACEMENT_3D('',#13807,#13808,#13809);
#13811=PLANE('',#13810);
#13812=ORIENTED_EDGE('',*,*,#9028,.T.);
#13814=ORIENTED_EDGE('',*,*,#13813,.F.);
#13816=ORIENTED_EDGE('',*,*,#13815,.T.);
#13817=ORIENTED_EDGE('',*,*,#13792,.T.);
#13818=EDGE_LOOP('',(#13812,#13814,#13816,#13817));
#13819=FACE_OUTER_BOUND('',#13818,.F.);
#13821=FILL_AREA_STYLE_COLOUR('',#2);
#13822=FILL_AREA_STYLE('',(#13821));
#13823=SURFACE_STYLE_FILL_AREA(#13822);
#13824=SURFACE_SIDE_STYLE('',(#13823));
#13825=SURFACE_STYLE_USAGE(.BOTH.,#13824);
#13826=PRESENTATION_STYLE_ASSIGNMENT((#13825));
#13827=STYLED_ITEM('',(#13826),#13820);
#13828=CARTESIAN_POINT('',(-5.0625E-1,7.945E0,1.168085116148E0));
#13829=DIRECTION('',(3.222637633814E-1,0.E0,9.466499177686E-1));
#13830=DIRECTION('',(-9.466499177686E-1,0.E0,3.222637633814E-1));
#13831=AXIS2_PLACEMENT_3D('',#13828,#13829,#13830);
#13832=PLANE('',#13831);
#13833=ORIENTED_EDGE('',*,*,#9026,.F.);
#13835=ORIENTED_EDGE('',*,*,#13834,.F.);
#13837=ORIENTED_EDGE('',*,*,#13836,.F.);
#13838=ORIENTED_EDGE('',*,*,#13813,.T.);
#13839=EDGE_LOOP('',(#13833,#13835,#13837,#13838));
#13840=FACE_OUTER_BOUND('',#13839,.F.);
#13842=FILL_AREA_STYLE_COLOUR('',#2);
#13843=FILL_AREA_STYLE('',(#13842));
#13844=SURFACE_STYLE_FILL_AREA(#13843);
#13845=SURFACE_SIDE_STYLE('',(#13844));
#13846=SURFACE_STYLE_USAGE(.BOTH.,#13845);
#13847=PRESENTATION_STYLE_ASSIGNMENT((#13846));
#13848=STYLED_ITEM('',(#13847),#13841);
#13849=CARTESIAN_POINT('',(-4.145833551886E-1,7.945E0,1.121276611090E0));
#13850=DIRECTION('',(7.145107183332E-1,0.E0,6.996244945590E-1));
#13851=DIRECTION('',(-6.996244945590E-1,0.E0,7.145107183332E-1));
#13852=AXIS2_PLACEMENT_3D('',#13849,#13850,#13851);
#13853=PLANE('',#13852);
#13854=ORIENTED_EDGE('',*,*,#9024,.F.);
#13856=ORIENTED_EDGE('',*,*,#13855,.F.);
#13858=ORIENTED_EDGE('',*,*,#13857,.F.);
#13859=ORIENTED_EDGE('',*,*,#13834,.T.);
#13860=EDGE_LOOP('',(#13854,#13856,#13858,#13859));
#13861=FACE_OUTER_BOUND('',#13860,.F.);
#13863=FILL_AREA_STYLE_COLOUR('',#2);
#13864=FILL_AREA_STYLE('',(#13863));
#13865=SURFACE_STYLE_FILL_AREA(#13864);
#13866=SURFACE_SIDE_STYLE('',(#13865));
#13867=SURFACE_STYLE_USAGE(.BOTH.,#13866);
#13868=PRESENTATION_STYLE_ASSIGNMENT((#13867));
#13869=STYLED_ITEM('',(#13868),#13862);
#13870=CARTESIAN_POINT('',(-3.6875E-1,7.945E0,1.051063853503E0));
#13871=DIRECTION('',(8.981377659543E-1,0.E0,4.397141723513E-1));
#13872=DIRECTION('',(-4.397141723513E-1,0.E0,8.981377659543E-1));
#13873=AXIS2_PLACEMENT_3D('',#13870,#13871,#13872);
#13874=PLANE('',#13873);
#13875=ORIENTED_EDGE('',*,*,#9022,.F.);
#13877=ORIENTED_EDGE('',*,*,#13876,.F.);
#13879=ORIENTED_EDGE('',*,*,#13878,.F.);
#13880=ORIENTED_EDGE('',*,*,#13855,.T.);
#13881=EDGE_LOOP('',(#13875,#13877,#13879,#13880));
#13882=FACE_OUTER_BOUND('',#13881,.F.);
#13884=FILL_AREA_STYLE_COLOUR('',#2);
#13885=FILL_AREA_STYLE('',(#13884));
#13886=SURFACE_STYLE_FILL_AREA(#13885);
#13887=SURFACE_SIDE_STYLE('',(#13886));
#13888=SURFACE_STYLE_USAGE(.BOTH.,#13887);
#13889=PRESENTATION_STYLE_ASSIGNMENT((#13888));
#13890=STYLED_ITEM('',(#13889),#13883);
#13891=CARTESIAN_POINT('',(-3.458332896233E-1,7.945E0,9.808510631323E-1));
#13892=DIRECTION('',(1.E0,0.E0,0.E0));
#13893=DIRECTION('',(0.E0,0.E0,1.E0));
#13894=AXIS2_PLACEMENT_3D('',#13891,#13892,#13893);
#13895=PLANE('',#13894);
#13896=ORIENTED_EDGE('',*,*,#9020,.T.);
#13898=ORIENTED_EDGE('',*,*,#13897,.F.);
#13900=ORIENTED_EDGE('',*,*,#13899,.T.);
#13901=ORIENTED_EDGE('',*,*,#13876,.T.);
#13902=EDGE_LOOP('',(#13896,#13898,#13900,#13901));
#13903=FACE_OUTER_BOUND('',#13902,.F.);
#13905=FILL_AREA_STYLE_COLOUR('',#2);
#13906=FILL_AREA_STYLE('',(#13905));
#13907=SURFACE_STYLE_FILL_AREA(#13906);
#13908=SURFACE_SIDE_STYLE('',(#13907));
#13909=SURFACE_STYLE_USAGE(.BOTH.,#13908);
#13910=PRESENTATION_STYLE_ASSIGNMENT((#13909));
#13911=STYLED_ITEM('',(#13910),#13904);
#13912=CARTESIAN_POINT('',(-3.6875E-1,7.945E0,9.223403990269E-1));
#13913=DIRECTION('',(8.373786433117E-1,0.E0,-5.466232777018E-1));
#13914=DIRECTION('',(5.466232777018E-1,0.E0,8.373786433117E-1));
#13915=AXIS2_PLACEMENT_3D('',#13912,#13913,#13914);
#13916=PLANE('',#13915);
#13917=ORIENTED_EDGE('',*,*,#9018,.F.);
#13919=ORIENTED_EDGE('',*,*,#13918,.F.);
#13921=ORIENTED_EDGE('',*,*,#13920,.F.);
#13922=ORIENTED_EDGE('',*,*,#13897,.T.);
#13923=EDGE_LOOP('',(#13917,#13919,#13921,#13922));
#13924=FACE_OUTER_BOUND('',#13923,.F.);
#13926=FILL_AREA_STYLE_COLOUR('',#2);
#13927=FILL_AREA_STYLE('',(#13926));
#13928=SURFACE_STYLE_FILL_AREA(#13927);
#13929=SURFACE_SIDE_STYLE('',(#13928));
#13930=SURFACE_STYLE_USAGE(.BOTH.,#13929);
#13931=PRESENTATION_STYLE_ASSIGNMENT((#13930));
#13932=STYLED_ITEM('',(#13931),#13925);
#13933=CARTESIAN_POINT('',(-4.260417103767E-1,7.945E0,8.638297677040E-1));
#13934=DIRECTION('',(-5.627909312415E-1,0.E0,8.265992787998E-1));
#13935=DIRECTION('',(8.265992787998E-1,0.E0,5.627909312415E-1));
#13936=AXIS2_PLACEMENT_3D('',#13933,#13934,#13935);
#13937=PLANE('',#13936);
#13938=ORIENTED_EDGE('',*,*,#9016,.F.);
#13940=ORIENTED_EDGE('',*,*,#13939,.F.);
#13942=ORIENTED_EDGE('',*,*,#13941,.F.);
#13943=ORIENTED_EDGE('',*,*,#13918,.T.);
#13944=EDGE_LOOP('',(#13938,#13940,#13942,#13943));
#13945=FACE_OUTER_BOUND('',#13944,.F.);
#13947=FILL_AREA_STYLE_COLOUR('',#2);
#13948=FILL_AREA_STYLE('',(#13947));
#13949=SURFACE_STYLE_FILL_AREA(#13948);
#13950=SURFACE_SIDE_STYLE('',(#13949));
#13951=SURFACE_STYLE_USAGE(.BOTH.,#13950);
#13952=PRESENTATION_STYLE_ASSIGNMENT((#13951));
#13953=STYLED_ITEM('',(#13952),#13946);
#13954=CARTESIAN_POINT('',(-5.177083551884E-1,7.945E0,8.287233889103E-1));
#13955=DIRECTION('',(-2.001234283439E-1,0.E0,9.797706943096E-1));
#13956=DIRECTION('',(9.797706943096E-1,0.E0,2.001234283440E-1));
#13957=AXIS2_PLACEMENT_3D('',#13954,#13955,#13956);
#13958=PLANE('',#13957);
#13959=ORIENTED_EDGE('',*,*,#9014,.F.);
#13961=ORIENTED_EDGE('',*,*,#13960,.F.);
#13963=ORIENTED_EDGE('',*,*,#13962,.F.);
#13964=ORIENTED_EDGE('',*,*,#13939,.T.);
#13965=EDGE_LOOP('',(#13959,#13961,#13963,#13964));
#13966=FACE_OUTER_BOUND('',#13965,.F.);
#13968=FILL_AREA_STYLE_COLOUR('',#2);
#13969=FILL_AREA_STYLE('',(#13968));
#13970=SURFACE_STYLE_FILL_AREA(#13969);
#13971=SURFACE_SIDE_STYLE('',(#13970));
#13972=SURFACE_STYLE_USAGE(.BOTH.,#13971);
#13973=PRESENTATION_STYLE_ASSIGNMENT((#13972));
#13974=STYLED_ITEM('',(#13973),#13967);
#13975=CARTESIAN_POINT('',(-6.208333551884E-1,7.945E0,8.170212626457E-1));
#13976=DIRECTION('',(0.E0,0.E0,1.E0));
#13977=DIRECTION('',(1.E0,0.E0,0.E0));
#13978=AXIS2_PLACEMENT_3D('',#13975,#13976,#13977);
#13979=PLANE('',#13978);
#13980=ORIENTED_EDGE('',*,*,#9012,.T.);
#13982=ORIENTED_EDGE('',*,*,#13981,.F.);
#13984=ORIENTED_EDGE('',*,*,#13983,.T.);
#13985=ORIENTED_EDGE('',*,*,#13960,.T.);
#13986=EDGE_LOOP('',(#13980,#13982,#13984,#13985));
#13987=FACE_OUTER_BOUND('',#13986,.F.);
#13989=FILL_AREA_STYLE_COLOUR('',#2);
#13990=FILL_AREA_STYLE('',(#13989));
#13991=SURFACE_STYLE_FILL_AREA(#13990);
#13992=SURFACE_SIDE_STYLE('',(#13991));
#13993=SURFACE_STYLE_USAGE(.BOTH.,#13992);
#13994=PRESENTATION_STYLE_ASSIGNMENT((#13993));
#13995=STYLED_ITEM('',(#13994),#13988);
#13996=CARTESIAN_POINT('',(-7.239583551884E-1,7.945E0,8.287233889103E-1));
#13997=DIRECTION('',(2.001234283439E-1,0.E0,9.797706943096E-1));
#13998=DIRECTION('',(9.797706943096E-1,0.E0,-2.001234283439E-1));
#13999=AXIS2_PLACEMENT_3D('',#13996,#13997,#13998);
#14000=PLANE('',#13999);
#14001=ORIENTED_EDGE('',*,*,#9010,.F.);
#14003=ORIENTED_EDGE('',*,*,#14002,.F.);
#14005=ORIENTED_EDGE('',*,*,#14004,.F.);
#14006=ORIENTED_EDGE('',*,*,#13981,.T.);
#14007=EDGE_LOOP('',(#14001,#14003,#14005,#14006));
#14008=FACE_OUTER_BOUND('',#14007,.F.);
#14010=FILL_AREA_STYLE_COLOUR('',#2);
#14011=FILL_AREA_STYLE('',(#14010));
#14012=SURFACE_STYLE_FILL_AREA(#14011);
#14013=SURFACE_SIDE_STYLE('',(#14012));
#14014=SURFACE_STYLE_USAGE(.BOTH.,#14013);
#14015=PRESENTATION_STYLE_ASSIGNMENT((#14014));
#14016=STYLED_ITEM('',(#14015),#14009);
#14017=CARTESIAN_POINT('',(-8.15625E-1,7.945E0,8.638297677040E-1));
#14018=DIRECTION('',(5.627909312419E-1,0.E0,8.265992787995E-1));
#14019=DIRECTION('',(8.265992787995E-1,0.E0,-5.627909312419E-1));
#14020=AXIS2_PLACEMENT_3D('',#14017,#14018,#14019);
#14021=PLANE('',#14020);
#14022=ORIENTED_EDGE('',*,*,#9008,.F.);
#14024=ORIENTED_EDGE('',*,*,#14023,.F.);
#14026=ORIENTED_EDGE('',*,*,#14025,.F.);
#14027=ORIENTED_EDGE('',*,*,#14002,.T.);
#14028=EDGE_LOOP('',(#14022,#14024,#14026,#14027));
#14029=FACE_OUTER_BOUND('',#14028,.F.);
#14031=FILL_AREA_STYLE_COLOUR('',#2);
#14032=FILL_AREA_STYLE('',(#14031));
#14033=SURFACE_STYLE_FILL_AREA(#14032);
#14034=SURFACE_SIDE_STYLE('',(#14033));
#14035=SURFACE_STYLE_USAGE(.BOTH.,#14034);
#14036=PRESENTATION_STYLE_ASSIGNMENT((#14035));
#14037=STYLED_ITEM('',(#14036),#14030);
#14038=CARTESIAN_POINT('',(-8.729166448116E-1,7.945E0,9.223403990269E-1));
#14039=DIRECTION('',(8.373793591562E-1,0.E0,5.466221810896E-1));
#14040=DIRECTION('',(5.466221810896E-1,0.E0,-8.373793591562E-1));
#14041=AXIS2_PLACEMENT_3D('',#14038,#14039,#14040);
#14042=PLANE('',#14041);
#14043=ORIENTED_EDGE('',*,*,#9006,.F.);
#14045=ORIENTED_EDGE('',*,*,#14044,.F.);
#14047=ORIENTED_EDGE('',*,*,#14046,.F.);
#14048=ORIENTED_EDGE('',*,*,#14023,.T.);
#14049=EDGE_LOOP('',(#14043,#14045,#14047,#14048));
#14050=FACE_OUTER_BOUND('',#14049,.F.);
#14052=FILL_AREA_STYLE_COLOUR('',#2);
#14053=FILL_AREA_STYLE('',(#14052));
#14054=SURFACE_STYLE_FILL_AREA(#14053);
#14055=SURFACE_SIDE_STYLE('',(#14054));
#14056=SURFACE_STYLE_USAGE(.BOTH.,#14055);
#14057=PRESENTATION_STYLE_ASSIGNMENT((#14056));
#14058=STYLED_ITEM('',(#14057),#14051);
#14059=CARTESIAN_POINT('',(-9.531250000002E-1,7.945E0,9.574467778206E-1));
#14060=DIRECTION('',(0.E0,0.E0,1.E0));
#14061=DIRECTION('',(1.E0,0.E0,0.E0));
#14062=AXIS2_PLACEMENT_3D('',#14059,#14060,#14061);
#14063=PLANE('',#14062);
#14064=ORIENTED_EDGE('',*,*,#9004,.T.);
#14066=ORIENTED_EDGE('',*,*,#14065,.F.);
#14068=ORIENTED_EDGE('',*,*,#14067,.T.);
#14069=ORIENTED_EDGE('',*,*,#14044,.T.);
#14070=EDGE_LOOP('',(#14064,#14066,#14068,#14069));
#14071=FACE_OUTER_BOUND('',#14070,.F.);
#14073=FILL_AREA_STYLE_COLOUR('',#2);
#14074=FILL_AREA_STYLE('',(#14073));
#14075=SURFACE_STYLE_FILL_AREA(#14074);
#14076=SURFACE_SIDE_STYLE('',(#14075));
#14077=SURFACE_STYLE_USAGE(.BOTH.,#14076);
#14078=PRESENTATION_STYLE_ASSIGNMENT((#14077));
#14079=STYLED_ITEM('',(#14078),#14072);
#14080=CARTESIAN_POINT('',(-9.989583551882E-1,7.945E0,9.106382727624E-1));
#14081=DIRECTION('',(9.713210491258E-1,0.E0,2.377717803381E-1));
#14082=DIRECTION('',(-2.377717803381E-1,0.E0,9.713210491258E-1));
#14083=AXIS2_PLACEMENT_3D('',#14080,#14081,#14082);
#14084=PLANE('',#14083);
#14085=ORIENTED_EDGE('',*,*,#9002,.F.);
#14087=ORIENTED_EDGE('',*,*,#14086,.F.);
#14089=ORIENTED_EDGE('',*,*,#14088,.F.);
#14090=ORIENTED_EDGE('',*,*,#14065,.T.);
#14091=EDGE_LOOP('',(#14085,#14087,#14089,#14090));
#14092=FACE_OUTER_BOUND('',#14091,.F.);
#14094=FILL_AREA_STYLE_COLOUR('',#2);
#14095=FILL_AREA_STYLE('',(#14094));
#14096=SURFACE_STYLE_FILL_AREA(#14095);
#14097=SURFACE_SIDE_STYLE('',(#14096));
#14098=SURFACE_STYLE_USAGE(.BOTH.,#14097);
#14099=PRESENTATION_STYLE_ASSIGNMENT((#14098));
#14100=STYLED_ITEM('',(#14099),#14093);
#14101=CARTESIAN_POINT('',(-9.416666448115E-1,7.945E0,8.170212626458E-1));
#14102=DIRECTION('',(7.145102180361E-1,0.E0,6.996250055009E-1));
#14103=DIRECTION('',(-6.996250055009E-1,0.E0,7.145102180361E-1));
#14104=AXIS2_PLACEMENT_3D('',#14101,#14102,#14103);
#14105=PLANE('',#14104);
#14106=ORIENTED_EDGE('',*,*,#9000,.F.);
#14108=ORIENTED_EDGE('',*,*,#14107,.F.);
#14110=ORIENTED_EDGE('',*,*,#14109,.F.);
#14111=ORIENTED_EDGE('',*,*,#14086,.T.);
#14112=EDGE_LOOP('',(#14106,#14108,#14110,#14111));
#14113=FACE_OUTER_BOUND('',#14112,.F.);
#14115=FILL_AREA_STYLE_COLOUR('',#2);
#14116=FILL_AREA_STYLE('',(#14115));
#14117=SURFACE_STYLE_FILL_AREA(#14116);
#14118=SURFACE_SIDE_STYLE('',(#14117));
#14119=SURFACE_STYLE_USAGE(.BOTH.,#14118);
#14120=PRESENTATION_STYLE_ASSIGNMENT((#14119));
#14121=STYLED_ITEM('',(#14120),#14114);
#14122=CARTESIAN_POINT('',(-8.5E-1,7.945E0,7.468085050583E-1));
#14123=DIRECTION('',(4.547774575560E-1,0.E0,8.906051112018E-1));
#14124=DIRECTION('',(-8.906051112018E-1,0.E0,4.547774575560E-1));
#14125=AXIS2_PLACEMENT_3D('',#14122,#14123,#14124);
#14126=PLANE('',#14125);
#14127=ORIENTED_EDGE('',*,*,#8998,.F.);
#14129=ORIENTED_EDGE('',*,*,#14128,.F.);
#14131=ORIENTED_EDGE('',*,*,#14130,.F.);
#14132=ORIENTED_EDGE('',*,*,#14107,.T.);
#14133=EDGE_LOOP('',(#14127,#14129,#14131,#14132));
#14134=FACE_OUTER_BOUND('',#14133,.F.);
#14136=FILL_AREA_STYLE_COLOUR('',#2);
#14137=FILL_AREA_STYLE('',(#14136));
#14138=SURFACE_STYLE_FILL_AREA(#14137);
#14139=SURFACE_SIDE_STYLE('',(#14138));
#14140=SURFACE_STYLE_USAGE(.BOTH.,#14139);
#14141=PRESENTATION_STYLE_ASSIGNMENT((#14140));
#14142=STYLED_ITEM('',(#14141),#14135);
#14143=CARTESIAN_POINT('',(-7.239583551884E-1,7.945E0,7.117021262645E-1));
#14144=DIRECTION('',(1.443681923972E-1,0.E0,9.895240396392E-1));
#14145=DIRECTION('',(-9.895240396392E-1,0.E0,1.443681923972E-1));
#14146=AXIS2_PLACEMENT_3D('',#14143,#14144,#14145);
#14147=PLANE('',#14146);
#14148=ORIENTED_EDGE('',*,*,#8996,.F.);
#14150=ORIENTED_EDGE('',*,*,#14149,.F.);
#14152=ORIENTED_EDGE('',*,*,#14151,.F.);
#14153=ORIENTED_EDGE('',*,*,#14128,.T.);
#14154=EDGE_LOOP('',(#14148,#14150,#14152,#14153));
#14155=FACE_OUTER_BOUND('',#14154,.F.);
#14157=FILL_AREA_STYLE_COLOUR('',#2);
#14158=FILL_AREA_STYLE('',(#14157));
#14159=SURFACE_STYLE_FILL_AREA(#14158);
#14160=SURFACE_SIDE_STYLE('',(#14159));
#14161=SURFACE_STYLE_USAGE(.BOTH.,#14160);
#14162=PRESENTATION_STYLE_ASSIGNMENT((#14161));
#14163=STYLED_ITEM('',(#14162),#14156);
#14164=CARTESIAN_POINT('',(-6.208333551884E-1,7.945E0,7.E-1));
#14165=DIRECTION('',(0.E0,0.E0,1.E0));
#14166=DIRECTION('',(-1.E0,0.E0,0.E0));
#14167=AXIS2_PLACEMENT_3D('',#14164,#14165,#14166);
#14168=PLANE('',#14167);
#14169=ORIENTED_EDGE('',*,*,#8994,.T.);
#14171=ORIENTED_EDGE('',*,*,#14170,.F.);
#14173=ORIENTED_EDGE('',*,*,#14172,.T.);
#14174=ORIENTED_EDGE('',*,*,#14149,.T.);
#14175=EDGE_LOOP('',(#14169,#14171,#14173,#14174));
#14176=FACE_OUTER_BOUND('',#14175,.F.);
#14178=FILL_AREA_STYLE_COLOUR('',#2);
#14179=FILL_AREA_STYLE('',(#14178));
#14180=SURFACE_STYLE_FILL_AREA(#14179);
#14181=SURFACE_SIDE_STYLE('',(#14180));
#14182=SURFACE_STYLE_USAGE(.BOTH.,#14181);
#14183=PRESENTATION_STYLE_ASSIGNMENT((#14182));
#14184=STYLED_ITEM('',(#14183),#14177);
#14185=CARTESIAN_POINT('',(-5.177083551884E-1,7.945E0,7.117021262646E-1));
#14186=DIRECTION('',(-1.443681923972E-1,0.E0,9.895240396392E-1));
#14187=DIRECTION('',(-9.895240396392E-1,0.E0,-1.443681923972E-1));
#14188=AXIS2_PLACEMENT_3D('',#14185,#14186,#14187);
#14189=PLANE('',#14188);
#14190=ORIENTED_EDGE('',*,*,#8992,.F.);
#14192=ORIENTED_EDGE('',*,*,#14191,.F.);
#14194=ORIENTED_EDGE('',*,*,#14193,.F.);
#14195=ORIENTED_EDGE('',*,*,#14170,.T.);
#14196=EDGE_LOOP('',(#14190,#14192,#14194,#14195));
#14197=FACE_OUTER_BOUND('',#14196,.F.);
#14199=FILL_AREA_STYLE_COLOUR('',#2);
#14200=FILL_AREA_STYLE('',(#14199));
#14201=SURFACE_STYLE_FILL_AREA(#14200);
#14202=SURFACE_SIDE_STYLE('',(#14201));
#14203=SURFACE_STYLE_USAGE(.BOTH.,#14202);
#14204=PRESENTATION_STYLE_ASSIGNMENT((#14203));
#14205=STYLED_ITEM('',(#14204),#14198);
#14206=CARTESIAN_POINT('',(-3.916666448117E-1,7.945E0,7.468085050583E-1));
#14207=DIRECTION('',(-4.547769415435E-1,0.E0,8.906053746977E-1));
#14208=DIRECTION('',(-8.906053746977E-1,0.E0,-4.547769415435E-1));
#14209=AXIS2_PLACEMENT_3D('',#14206,#14207,#14208);
#14210=PLANE('',#14209);
#14211=ORIENTED_EDGE('',*,*,#8990,.F.);
#14213=ORIENTED_EDGE('',*,*,#14212,.F.);
#14215=ORIENTED_EDGE('',*,*,#14214,.F.);
#14216=ORIENTED_EDGE('',*,*,#14191,.T.);
#14217=EDGE_LOOP('',(#14211,#14213,#14215,#14216));
#14218=FACE_OUTER_BOUND('',#14217,.F.);
#14220=FILL_AREA_STYLE_COLOUR('',#2);
#14221=FILL_AREA_STYLE('',(#14220));
#14222=SURFACE_STYLE_FILL_AREA(#14221);
#14223=SURFACE_SIDE_STYLE('',(#14222));
#14224=SURFACE_STYLE_USAGE(.BOTH.,#14223);
#14225=PRESENTATION_STYLE_ASSIGNMENT((#14224));
#14226=STYLED_ITEM('',(#14225),#14219);
#14227=CARTESIAN_POINT('',(-2.999999344349E-1,7.945E0,8.170212626457E-1));
#14228=DIRECTION('',(7.145102180352E-1,0.E0,-6.996250055017E-1));
#14229=DIRECTION('',(-6.996250055017E-1,0.E0,-7.145102180352E-1));
#14230=AXIS2_PLACEMENT_3D('',#14227,#14228,#14229);
#14231=PLANE('',#14230);
#14232=ORIENTED_EDGE('',*,*,#8988,.F.);
#14234=ORIENTED_EDGE('',*,*,#14233,.F.);
#14236=ORIENTED_EDGE('',*,*,#14235,.F.);
#14237=ORIENTED_EDGE('',*,*,#14212,.T.);
#14238=EDGE_LOOP('',(#14232,#14234,#14236,#14237));
#14239=FACE_OUTER_BOUND('',#14238,.F.);
#14241=FILL_AREA_STYLE_COLOUR('',#2);
#14242=FILL_AREA_STYLE('',(#14241));
#14243=SURFACE_STYLE_FILL_AREA(#14242);
#14244=SURFACE_SIDE_STYLE('',(#14243));
#14245=SURFACE_STYLE_USAGE(.BOTH.,#14244);
#14246=PRESENTATION_STYLE_ASSIGNMENT((#14245));
#14247=STYLED_ITEM('',(#14246),#14240);
#14248=CARTESIAN_POINT('',(-2.427082896233E-1,7.945E0,9.106382727623E-1));
#14249=DIRECTION('',(9.713213633444E-1,0.E0,-2.377704967206E-1));
#14250=DIRECTION('',(-2.377704967206E-1,0.E0,-9.713213633444E-1));
#14251=AXIS2_PLACEMENT_3D('',#14248,#14249,#14250);
#14252=PLANE('',#14251);
#14253=ORIENTED_EDGE('',*,*,#8986,.F.);
#14255=ORIENTED_EDGE('',*,*,#14254,.F.);
#14257=ORIENTED_EDGE('',*,*,#14256,.F.);
#14258=ORIENTED_EDGE('',*,*,#14233,.T.);
#14259=EDGE_LOOP('',(#14253,#14255,#14257,#14258));
#14260=FACE_OUTER_BOUND('',#14259,.F.);
#14262=FILL_AREA_STYLE_COLOUR('',#2);
#14263=FILL_AREA_STYLE('',(#14262));
#14264=SURFACE_STYLE_FILL_AREA(#14263);
#14265=SURFACE_SIDE_STYLE('',(#14264));
#14266=SURFACE_STYLE_USAGE(.BOTH.,#14265);
#14267=PRESENTATION_STYLE_ASSIGNMENT((#14266));
#14268=STYLED_ITEM('',(#14267),#14261);
#14269=CARTESIAN_POINT('',(-2.3125E-1,7.945E0,9.808510631323E-1));
#14270=DIRECTION('',(1.E0,0.E0,0.E0));
#14271=DIRECTION('',(0.E0,0.E0,-1.E0));
#14272=AXIS2_PLACEMENT_3D('',#14269,#14270,#14271);
#14273=PLANE('',#14272);
#14274=ORIENTED_EDGE('',*,*,#8984,.T.);
#14276=ORIENTED_EDGE('',*,*,#14275,.F.);
#14278=ORIENTED_EDGE('',*,*,#14277,.T.);
#14279=ORIENTED_EDGE('',*,*,#14254,.T.);
#14280=EDGE_LOOP('',(#14274,#14276,#14278,#14279));
#14281=FACE_OUTER_BOUND('',#14280,.F.);
#14283=FILL_AREA_STYLE_COLOUR('',#2);
#14284=FILL_AREA_STYLE('',(#14283));
#14285=SURFACE_STYLE_FILL_AREA(#14284);
#14286=SURFACE_SIDE_STYLE('',(#14285));
#14287=SURFACE_STYLE_USAGE(.BOTH.,#14286);
#14288=PRESENTATION_STYLE_ASSIGNMENT((#14287));
#14289=STYLED_ITEM('',(#14288),#14282);
#14290=CARTESIAN_POINT('',(-2.427082896233E-1,7.945E0,1.051063853502E0));
#14291=DIRECTION('',(9.713213633442E-1,0.E0,2.377704967213E-1));
#14292=DIRECTION('',(2.377704967213E-1,0.E0,-9.713213633442E-1));
#14293=AXIS2_PLACEMENT_3D('',#14290,#14291,#14292);
#14294=PLANE('',#14293);
#14295=ORIENTED_EDGE('',*,*,#8982,.F.);
#14297=ORIENTED_EDGE('',*,*,#14296,.F.);
#14299=ORIENTED_EDGE('',*,*,#14298,.F.);
#14300=ORIENTED_EDGE('',*,*,#14275,.T.);
#14301=EDGE_LOOP('',(#14295,#14297,#14299,#14300));
#14302=FACE_OUTER_BOUND('',#14301,.F.);
#14304=FILL_AREA_STYLE_COLOUR('',#2);
#14305=FILL_AREA_STYLE('',(#14304));
#14306=SURFACE_STYLE_FILL_AREA(#14305);
#14307=SURFACE_SIDE_STYLE('',(#14306));
#14308=SURFACE_STYLE_USAGE(.BOTH.,#14307);
#14309=PRESENTATION_STYLE_ASSIGNMENT((#14308));
#14310=STYLED_ITEM('',(#14309),#14303);
#14311=CARTESIAN_POINT('',(-2.770832896232E-1,7.945E0,1.132978737354E0));
#14312=DIRECTION('',(8.373786433120E-1,0.E0,5.466232777013E-1));
#14313=DIRECTION('',(5.466232777013E-1,0.E0,-8.373786433120E-1));
#14314=AXIS2_PLACEMENT_3D('',#14311,#14312,#14313);
#14315=PLANE('',#14314);
#14316=ORIENTED_EDGE('',*,*,#8980,.F.);
#14318=ORIENTED_EDGE('',*,*,#14317,.F.);
#14320=ORIENTED_EDGE('',*,*,#14319,.F.);
#14321=ORIENTED_EDGE('',*,*,#14296,.T.);
#14322=EDGE_LOOP('',(#14316,#14318,#14320,#14321));
#14323=FACE_OUTER_BOUND('',#14322,.F.);
#14325=FILL_AREA_STYLE_COLOUR('',#2);
#14326=FILL_AREA_STYLE('',(#14325));
#14327=SURFACE_STYLE_FILL_AREA(#14326);
#14328=SURFACE_SIDE_STYLE('',(#14327));
#14329=SURFACE_STYLE_USAGE(.BOTH.,#14328);
#14330=PRESENTATION_STYLE_ASSIGNMENT((#14329));
#14331=STYLED_ITEM('',(#14330),#14324);
#14332=CARTESIAN_POINT('',(-3.458333551884E-1,7.945E0,1.203191494941E0));
#14333=DIRECTION('',(6.080766493614E-1,0.E0,7.938783209670E-1));
#14334=DIRECTION('',(7.938783209670E-1,0.E0,-6.080766493614E-1));
#14335=AXIS2_PLACEMENT_3D('',#14332,#14333,#14334);
#14336=PLANE('',#14335);
#14337=ORIENTED_EDGE('',*,*,#8978,.F.);
#14339=ORIENTED_EDGE('',*,*,#14338,.F.);
#14341=ORIENTED_EDGE('',*,*,#14340,.F.);
#14342=ORIENTED_EDGE('',*,*,#14317,.T.);
#14343=EDGE_LOOP('',(#14337,#14339,#14341,#14342));
#14344=FACE_OUTER_BOUND('',#14343,.F.);
#14346=FILL_AREA_STYLE_COLOUR('',#2);
#14347=FILL_AREA_STYLE('',(#14346));
#14348=SURFACE_STYLE_FILL_AREA(#14347);
#14349=SURFACE_SIDE_STYLE('',(#14348));
#14350=SURFACE_STYLE_USAGE(.BOTH.,#14349);
#14351=PRESENTATION_STYLE_ASSIGNMENT((#14350));
#14352=STYLED_ITEM('',(#14351),#14345);
#14353=CARTESIAN_POINT('',(-3.343750655651E-1,7.945E0,1.261702126265E0));
#14354=DIRECTION('',(-3.781727181051E-1,0.E0,9.257350567419E-1));
#14355=DIRECTION('',(-9.257350567419E-1,0.E0,-3.781727181051E-1));
#14356=AXIS2_PLACEMENT_3D('',#14353,#14354,#14355);
#14357=PLANE('',#14356);
#14358=ORIENTED_EDGE('',*,*,#8976,.F.);
#14360=ORIENTED_EDGE('',*,*,#14359,.F.);
#14362=ORIENTED_EDGE('',*,*,#14361,.F.);
#14363=ORIENTED_EDGE('',*,*,#14338,.T.);
#14364=EDGE_LOOP('',(#14358,#14360,#14362,#14363));
#14365=FACE_OUTER_BOUND('',#14364,.F.);
#14367=FILL_AREA_STYLE_COLOUR('',#2);
#14368=FILL_AREA_STYLE('',(#14367));
#14369=SURFACE_STYLE_FILL_AREA(#14368);
#14370=SURFACE_SIDE_STYLE('',(#14369));
#14371=SURFACE_STYLE_USAGE(.BOTH.,#14370);
#14372=PRESENTATION_STYLE_ASSIGNMENT((#14371));
#14373=STYLED_ITEM('',(#14372),#14366);
#14374=CARTESIAN_POINT('',(-2.541667103767E-1,7.945E0,1.320212757588E0));
#14375=DIRECTION('',(8.373786433120E-1,0.E0,-5.466232777013E-1));
#14376=DIRECTION('',(-5.466232777013E-1,0.E0,-8.373786433120E-1));
#14377=AXIS2_PLACEMENT_3D('',#14374,#14375,#14376);
#14378=PLANE('',#14377);
#14379=ORIENTED_EDGE('',*,*,#8974,.F.);
#14381=ORIENTED_EDGE('',*,*,#14380,.F.);
#14383=ORIENTED_EDGE('',*,*,#14382,.F.);
#14384=ORIENTED_EDGE('',*,*,#14359,.T.);
#14385=EDGE_LOOP('',(#14379,#14381,#14383,#14384));
#14386=FACE_OUTER_BOUND('',#14385,.F.);
#14388=FILL_AREA_STYLE_COLOUR('',#2);
#14389=FILL_AREA_STYLE('',(#14388));
#14390=SURFACE_STYLE_FILL_AREA(#14389);
#14391=SURFACE_SIDE_STYLE('',(#14390));
#14392=SURFACE_STYLE_USAGE(.BOTH.,#14391);
#14393=PRESENTATION_STYLE_ASSIGNMENT((#14392));
#14394=STYLED_ITEM('',(#14393),#14387);
#14395=CARTESIAN_POINT('',(-2.197917103767E-1,7.945E0,1.402127657830E0));
#14396=DIRECTION('',(9.713213825738E-1,0.E0,-2.377704181660E-1));
#14397=DIRECTION('',(-2.377704181660E-1,0.E0,-9.713213825738E-1));
#14398=AXIS2_PLACEMENT_3D('',#14395,#14396,#14397);
#14399=PLANE('',#14398);
#14400=ORIENTED_EDGE('',*,*,#8972,.F.);
#14402=ORIENTED_EDGE('',*,*,#14401,.F.);
#14404=ORIENTED_EDGE('',*,*,#14403,.F.);
#14405=ORIENTED_EDGE('',*,*,#14380,.T.);
#14406=EDGE_LOOP('',(#14400,#14402,#14404,#14405));
#14407=FACE_OUTER_BOUND('',#14406,.F.);
#14409=FILL_AREA_STYLE_COLOUR('',#2);
#14410=FILL_AREA_STYLE('',(#14409));
#14411=SURFACE_STYLE_FILL_AREA(#14410);
#14412=SURFACE_SIDE_STYLE('',(#14411));
#14413=SURFACE_STYLE_USAGE(.BOTH.,#14412);
#14414=PRESENTATION_STYLE_ASSIGNMENT((#14413));
#14415=STYLED_ITEM('',(#14414),#14408);
#14416=CARTESIAN_POINT('',(-2.083334207535E-1,7.945E0,1.495744684339E0));
#14417=DIRECTION('',(1.E0,0.E0,0.E0));
#14418=DIRECTION('',(0.E0,0.E0,-1.E0));
#14419=AXIS2_PLACEMENT_3D('',#14416,#14417,#14418);
#14420=PLANE('',#14419);
#14421=ORIENTED_EDGE('',*,*,#8970,.T.);
#14423=ORIENTED_EDGE('',*,*,#14422,.F.);
#14425=ORIENTED_EDGE('',*,*,#14424,.T.);
#14426=ORIENTED_EDGE('',*,*,#14401,.T.);
#14427=EDGE_LOOP('',(#14421,#14423,#14425,#14426));
#14428=FACE_OUTER_BOUND('',#14427,.F.);
#14430=FILL_AREA_STYLE_COLOUR('',#2);
#14431=FILL_AREA_STYLE('',(#14430));
#14432=SURFACE_STYLE_FILL_AREA(#14431);
#14433=SURFACE_SIDE_STYLE('',(#14432));
#14434=SURFACE_STYLE_USAGE(.BOTH.,#14433);
#14435=PRESENTATION_STYLE_ASSIGNMENT((#14434));
#14436=STYLED_ITEM('',(#14435),#14429);
#14437=CARTESIAN_POINT('',(-2.197917103769E-1,7.945E0,1.577659576386E0));
#14438=DIRECTION('',(9.506455626056E-1,0.E0,3.102789298329E-1));
#14439=DIRECTION('',(3.102789298329E-1,0.E0,-9.506455626056E-1));
#14440=AXIS2_PLACEMENT_3D('',#14437,#14438,#14439);
#14441=PLANE('',#14440);
#14442=ORIENTED_EDGE('',*,*,#8968,.F.);
#14443=ORIENTED_EDGE('',*,*,#13270,.T.);
#14445=ORIENTED_EDGE('',*,*,#14444,.F.);
#14446=ORIENTED_EDGE('',*,*,#14422,.T.);
#14447=EDGE_LOOP('',(#14442,#14443,#14445,#14446));
#14448=FACE_OUTER_BOUND('',#14447,.F.);
#14450=FILL_AREA_STYLE_COLOUR('',#2);
#14451=FILL_AREA_STYLE('',(#14450));
#14452=SURFACE_STYLE_FILL_AREA(#14451);
#14453=SURFACE_SIDE_STYLE('',(#14452));
#14454=SURFACE_STYLE_USAGE(.BOTH.,#14453);
#14455=PRESENTATION_STYLE_ASSIGNMENT((#14454));
#14456=STYLED_ITEM('',(#14455),#14449);
#14457=CARTESIAN_POINT('',(-6.208333551882E-1,7.94E0,1.25E0));
#14458=DIRECTION('',(0.E0,1.E0,0.E0));
#14459=DIRECTION('',(1.E0,0.E0,0.E0));
#14460=AXIS2_PLACEMENT_3D('',#14457,#14458,#14459);
#14461=PLANE('',#14460);
#14462=ORIENTED_EDGE('',*,*,#13268,.T.);
#14463=ORIENTED_EDGE('',*,*,#13290,.T.);
#14464=ORIENTED_EDGE('',*,*,#13311,.T.);
#14465=ORIENTED_EDGE('',*,*,#13332,.T.);
#14466=ORIENTED_EDGE('',*,*,#13353,.F.);
#14467=ORIENTED_EDGE('',*,*,#13374,.T.);
#14468=ORIENTED_EDGE('',*,*,#13395,.T.);
#14469=ORIENTED_EDGE('',*,*,#13416,.T.);
#14470=ORIENTED_EDGE('',*,*,#13437,.T.);
#14471=ORIENTED_EDGE('',*,*,#13458,.T.);
#14472=ORIENTED_EDGE('',*,*,#13479,.F.);
#14473=ORIENTED_EDGE('',*,*,#13500,.T.);
#14474=ORIENTED_EDGE('',*,*,#13521,.T.);
#14475=ORIENTED_EDGE('',*,*,#13542,.T.);
#14476=ORIENTED_EDGE('',*,*,#13563,.T.);
#14477=ORIENTED_EDGE('',*,*,#13584,.F.);
#14478=ORIENTED_EDGE('',*,*,#13605,.T.);
#14479=ORIENTED_EDGE('',*,*,#13626,.T.);
#14480=ORIENTED_EDGE('',*,*,#13647,.T.);
#14481=ORIENTED_EDGE('',*,*,#13668,.T.);
#14482=ORIENTED_EDGE('',*,*,#13689,.F.);
#14483=ORIENTED_EDGE('',*,*,#13710,.T.);
#14484=ORIENTED_EDGE('',*,*,#13731,.T.);
#14485=ORIENTED_EDGE('',*,*,#13752,.T.);
#14486=ORIENTED_EDGE('',*,*,#13773,.F.);
#14487=ORIENTED_EDGE('',*,*,#13794,.F.);
#14488=ORIENTED_EDGE('',*,*,#13815,.F.);
#14489=ORIENTED_EDGE('',*,*,#13836,.T.);
#14490=ORIENTED_EDGE('',*,*,#13857,.T.);
#14491=ORIENTED_EDGE('',*,*,#13878,.T.);
#14492=ORIENTED_EDGE('',*,*,#13899,.F.);
#14493=ORIENTED_EDGE('',*,*,#13920,.T.);
#14494=ORIENTED_EDGE('',*,*,#13941,.T.);
#14495=ORIENTED_EDGE('',*,*,#13962,.T.);
#14496=ORIENTED_EDGE('',*,*,#13983,.F.);
#14497=ORIENTED_EDGE('',*,*,#14004,.T.);
#14498=ORIENTED_EDGE('',*,*,#14025,.T.);
#14499=ORIENTED_EDGE('',*,*,#14046,.T.);
#14500=ORIENTED_EDGE('',*,*,#14067,.F.);
#14501=ORIENTED_EDGE('',*,*,#14088,.T.);
#14502=ORIENTED_EDGE('',*,*,#14109,.T.);
#14503=ORIENTED_EDGE('',*,*,#14130,.T.);
#14504=ORIENTED_EDGE('',*,*,#14151,.T.);
#14505=ORIENTED_EDGE('',*,*,#14172,.F.);
#14506=ORIENTED_EDGE('',*,*,#14193,.T.);
#14507=ORIENTED_EDGE('',*,*,#14214,.T.);
#14508=ORIENTED_EDGE('',*,*,#14235,.T.);
#14509=ORIENTED_EDGE('',*,*,#14256,.T.);
#14510=ORIENTED_EDGE('',*,*,#14277,.F.);
#14511=ORIENTED_EDGE('',*,*,#14298,.T.);
#14512=ORIENTED_EDGE('',*,*,#14319,.T.);
#14513=ORIENTED_EDGE('',*,*,#14340,.T.);
#14514=ORIENTED_EDGE('',*,*,#14361,.T.);
#14515=ORIENTED_EDGE('',*,*,#14382,.T.);
#14516=ORIENTED_EDGE('',*,*,#14403,.T.);
#14517=ORIENTED_EDGE('',*,*,#14424,.F.);
#14518=ORIENTED_EDGE('',*,*,#14444,.T.);
#14519=EDGE_LOOP('',(#14462,#14463,#14464,#14465,#14466,#14467,#14468,#14469,
#14470,#14471,#14472,#14473,#14474,#14475,#14476,#14477,#14478,#14479,#14480,
#14481,#14482,#14483,#14484,#14485,#14486,#14487,#14488,#14489,#14490,#14491,
#14492,#14493,#14494,#14495,#14496,#14497,#14498,#14499,#14500,#14501,#14502,
#14503,#14504,#14505,#14506,#14507,#14508,#14509,#14510,#14511,#14512,#14513,
#14514,#14515,#14516,#14517,#14518));
#14520=FACE_OUTER_BOUND('',#14519,.F.);
#14522=FILL_AREA_STYLE_COLOUR('',#1);
#14523=FILL_AREA_STYLE('',(#14522));
#14524=SURFACE_STYLE_FILL_AREA(#14523);
#14525=SURFACE_SIDE_STYLE('',(#14524));
#14526=SURFACE_STYLE_USAGE(.BOTH.,#14525);
#14527=PRESENTATION_STYLE_ASSIGNMENT((#14526));
#14528=STYLED_ITEM('',(#14527),#14521);
#14529=CARTESIAN_POINT('',(2.500000000001E-1,7.945E0,1.015957441926E0));
#14530=DIRECTION('',(7.543047144072E-1,0.E0,6.565244837956E-1));
#14531=DIRECTION('',(-6.565244837956E-1,0.E0,7.543047144072E-1));
#14532=AXIS2_PLACEMENT_3D('',#14529,#14530,#14531);
#14533=PLANE('',#14532);
#14534=ORIENTED_EDGE('',*,*,#9082,.F.);
#14536=ORIENTED_EDGE('',*,*,#14535,.F.);
#14538=ORIENTED_EDGE('',*,*,#14537,.F.);
#14540=ORIENTED_EDGE('',*,*,#14539,.F.);
#14541=EDGE_LOOP('',(#14534,#14536,#14538,#14540));
#14542=FACE_OUTER_BOUND('',#14541,.F.);
#14544=FILL_AREA_STYLE_COLOUR('',#2);
#14545=FILL_AREA_STYLE('',(#14544));
#14546=SURFACE_STYLE_FILL_AREA(#14545);
#14547=SURFACE_SIDE_STYLE('',(#14546));
#14548=SURFACE_STYLE_USAGE(.BOTH.,#14547);
#14549=PRESENTATION_STYLE_ASSIGNMENT((#14548));
#14550=STYLED_ITEM('',(#14549),#14543);
#14551=CARTESIAN_POINT('',(5.9375E-1,7.945E0,7.E-1));
#14552=DIRECTION('',(0.E0,0.E0,1.E0));
#14553=DIRECTION('',(-1.E0,0.E0,0.E0));
#14554=AXIS2_PLACEMENT_3D('',#14551,#14552,#14553);
#14555=PLANE('',#14554);
#14556=ORIENTED_EDGE('',*,*,#9102,.T.);
#14558=ORIENTED_EDGE('',*,*,#14557,.F.);
#14560=ORIENTED_EDGE('',*,*,#14559,.T.);
#14561=ORIENTED_EDGE('',*,*,#14535,.T.);
#14562=EDGE_LOOP('',(#14556,#14558,#14560,#14561));
#14563=FACE_OUTER_BOUND('',#14562,.F.);
#14565=FILL_AREA_STYLE_COLOUR('',#2);
#14566=FILL_AREA_STYLE('',(#14565));
#14567=SURFACE_STYLE_FILL_AREA(#14566);
#14568=SURFACE_SIDE_STYLE('',(#14567));
#14569=SURFACE_STYLE_USAGE(.BOTH.,#14568);
#14570=PRESENTATION_STYLE_ASSIGNMENT((#14569));
#14571=STYLED_ITEM('',(#14570),#14564);
#14572=CARTESIAN_POINT('',(6.625E-1,7.945E0,1.015957441926E0));
#14573=DIRECTION('',(1.E0,0.E0,0.E0));
#14574=DIRECTION('',(0.E0,0.E0,-1.E0));
#14575=AXIS2_PLACEMENT_3D('',#14572,#14573,#14574);
#14576=PLANE('',#14575);
#14577=ORIENTED_EDGE('',*,*,#9100,.T.);
#14579=ORIENTED_EDGE('',*,*,#14578,.F.);
#14581=ORIENTED_EDGE('',*,*,#14580,.T.);
#14582=ORIENTED_EDGE('',*,*,#14557,.T.);
#14583=EDGE_LOOP('',(#14577,#14579,#14581,#14582));
#14584=FACE_OUTER_BOUND('',#14583,.F.);
#14586=FILL_AREA_STYLE_COLOUR('',#2);
#14587=FILL_AREA_STYLE('',(#14586));
#14588=SURFACE_STYLE_FILL_AREA(#14587);
#14589=SURFACE_SIDE_STYLE('',(#14588));
#14590=SURFACE_STYLE_USAGE(.BOTH.,#14589);
#14591=PRESENTATION_STYLE_ASSIGNMENT((#14590));
#14592=STYLED_ITEM('',(#14591),#14585);
#14593=CARTESIAN_POINT('',(7.770832896232E-1,7.945E0,1.331914883852E0));
#14594=DIRECTION('',(0.E0,0.E0,1.E0));
#14595=DIRECTION('',(-1.E0,0.E0,0.E0));
#14596=AXIS2_PLACEMENT_3D('',#14593,#14594,#14595);
#14597=PLANE('',#14596);
#14598=ORIENTED_EDGE('',*,*,#9098,.T.);
#14600=ORIENTED_EDGE('',*,*,#14599,.F.);
#14602=ORIENTED_EDGE('',*,*,#14601,.T.);
#14603=ORIENTED_EDGE('',*,*,#14578,.T.);
#14604=EDGE_LOOP('',(#14598,#14600,#14602,#14603));
#14605=FACE_OUTER_BOUND('',#14604,.F.);
#14607=FILL_AREA_STYLE_COLOUR('',#2);
#14608=FILL_AREA_STYLE('',(#14607));
#14609=SURFACE_STYLE_FILL_AREA(#14608);
#14610=SURFACE_SIDE_STYLE('',(#14609));
#14611=SURFACE_STYLE_USAGE(.BOTH.,#14610);
#14612=PRESENTATION_STYLE_ASSIGNMENT((#14611));
#14613=STYLED_ITEM('',(#14612),#14606);
#14614=CARTESIAN_POINT('',(8.916665792465E-1,7.945E0,1.402127657831E0));
#14615=DIRECTION('',(1.E0,0.E0,0.E0));
#14616=DIRECTION('',(0.E0,0.E0,-1.E0));
#14617=AXIS2_PLACEMENT_3D('',#14614,#14615,#14616);
#14618=PLANE('',#14617);
#14619=ORIENTED_EDGE('',*,*,#9096,.T.);
#14621=ORIENTED_EDGE('',*,*,#14620,.F.);
#14623=ORIENTED_EDGE('',*,*,#14622,.T.);
#14624=ORIENTED_EDGE('',*,*,#14599,.T.);
#14625=EDGE_LOOP('',(#14619,#14621,#14623,#14624));
#14626=FACE_OUTER_BOUND('',#14625,.F.);
#14628=FILL_AREA_STYLE_COLOUR('',#2);
#14629=FILL_AREA_STYLE('',(#14628));
#14630=SURFACE_STYLE_FILL_AREA(#14629);
#14631=SURFACE_SIDE_STYLE('',(#14630));
#14632=SURFACE_STYLE_USAGE(.BOTH.,#14631);
#14633=PRESENTATION_STYLE_ASSIGNMENT((#14632));
#14634=STYLED_ITEM('',(#14633),#14627);
#14635=CARTESIAN_POINT('',(7.770832896233E-1,7.945E0,1.472340431809E0));
#14636=DIRECTION('',(0.E0,0.E0,1.E0));
#14637=DIRECTION('',(1.E0,0.E0,0.E0));
#14638=AXIS2_PLACEMENT_3D('',#14635,#14636,#14637);
#14639=PLANE('',#14638);
#14640=ORIENTED_EDGE('',*,*,#9094,.T.);
#14642=ORIENTED_EDGE('',*,*,#14641,.F.);
#14644=ORIENTED_EDGE('',*,*,#14643,.T.);
#14645=ORIENTED_EDGE('',*,*,#14620,.T.);
#14646=EDGE_LOOP('',(#14640,#14642,#14644,#14645));
#14647=FACE_OUTER_BOUND('',#14646,.F.);
#14649=FILL_AREA_STYLE_COLOUR('',#2);
#14650=FILL_AREA_STYLE('',(#14649));
#14651=SURFACE_STYLE_FILL_AREA(#14650);
#14652=SURFACE_SIDE_STYLE('',(#14651));
#14653=SURFACE_STYLE_USAGE(.BOTH.,#14652);
#14654=PRESENTATION_STYLE_ASSIGNMENT((#14653));
#14655=STYLED_ITEM('',(#14654),#14648);
#14656=CARTESIAN_POINT('',(6.625E-1,7.945E0,1.636170215904E0));
#14657=DIRECTION('',(1.E0,0.E0,0.E0));
#14658=DIRECTION('',(0.E0,0.E0,-1.E0));
#14659=AXIS2_PLACEMENT_3D('',#14656,#14657,#14658);
#14660=PLANE('',#14659);
#14661=ORIENTED_EDGE('',*,*,#9092,.T.);
#14663=ORIENTED_EDGE('',*,*,#14662,.F.);
#14665=ORIENTED_EDGE('',*,*,#14664,.T.);
#14666=ORIENTED_EDGE('',*,*,#14641,.T.);
#14667=EDGE_LOOP('',(#14661,#14663,#14665,#14666));
#14668=FACE_OUTER_BOUND('',#14667,.F.);
#14670=FILL_AREA_STYLE_COLOUR('',#2);
#14671=FILL_AREA_STYLE('',(#14670));
#14672=SURFACE_STYLE_FILL_AREA(#14671);
#14673=SURFACE_SIDE_STYLE('',(#14672));
#14674=SURFACE_STYLE_USAGE(.BOTH.,#14673);
#14675=PRESENTATION_STYLE_ASSIGNMENT((#14674));
#14676=STYLED_ITEM('',(#14675),#14669);
#14677=CARTESIAN_POINT('',(5.9375E-1,7.945E0,1.8E0));
#14678=DIRECTION('',(0.E0,0.E0,1.E0));
#14679=DIRECTION('',(1.E0,0.E0,0.E0));
#14680=AXIS2_PLACEMENT_3D('',#14677,#14678,#14679);
#14681=PLANE('',#14680);
#14682=ORIENTED_EDGE('',*,*,#9090,.T.);
#14684=ORIENTED_EDGE('',*,*,#14683,.F.);
#14686=ORIENTED_EDGE('',*,*,#14685,.T.);
#14687=ORIENTED_EDGE('',*,*,#14662,.T.);
#14688=EDGE_LOOP('',(#14682,#14684,#14686,#14687));
#14689=FACE_OUTER_BOUND('',#14688,.F.);
#14691=FILL_AREA_STYLE_COLOUR('',#2);
#14692=FILL_AREA_STYLE('',(#14691));
#14693=SURFACE_STYLE_FILL_AREA(#14692);
#14694=SURFACE_SIDE_STYLE('',(#14693));
#14695=SURFACE_STYLE_USAGE(.BOTH.,#14694);
#14696=PRESENTATION_STYLE_ASSIGNMENT((#14695));
#14697=STYLED_ITEM('',(#14696),#14690);
#14698=CARTESIAN_POINT('',(5.25E-1,7.945E0,1.636170215905E0));
#14699=DIRECTION('',(1.E0,0.E0,0.E0));
#14700=DIRECTION('',(0.E0,0.E0,1.E0));
#14701=AXIS2_PLACEMENT_3D('',#14698,#14699,#14700);
#14702=PLANE('',#14701);
#14703=ORIENTED_EDGE('',*,*,#9088,.T.);
#14705=ORIENTED_EDGE('',*,*,#14704,.F.);
#14707=ORIENTED_EDGE('',*,*,#14706,.T.);
#14708=ORIENTED_EDGE('',*,*,#14683,.T.);
#14709=EDGE_LOOP('',(#14703,#14705,#14707,#14708));
#14710=FACE_OUTER_BOUND('',#14709,.F.);
#14712=FILL_AREA_STYLE_COLOUR('',#2);
#14713=FILL_AREA_STYLE('',(#14712));
#14714=SURFACE_STYLE_FILL_AREA(#14713);
#14715=SURFACE_SIDE_STYLE('',(#14714));
#14716=SURFACE_STYLE_USAGE(.BOTH.,#14715);
#14717=PRESENTATION_STYLE_ASSIGNMENT((#14716));
#14718=STYLED_ITEM('',(#14717),#14711);
#14719=CARTESIAN_POINT('',(2.5E-1,7.945E0,1.472340431809E0));
#14720=DIRECTION('',(0.E0,0.E0,1.E0));
#14721=DIRECTION('',(1.E0,0.E0,0.E0));
#14722=AXIS2_PLACEMENT_3D('',#14719,#14720,#14721);
#14723=PLANE('',#14722);
#14724=ORIENTED_EDGE('',*,*,#9086,.T.);
#14726=ORIENTED_EDGE('',*,*,#14725,.F.);
#14728=ORIENTED_EDGE('',*,*,#14727,.T.);
#14729=ORIENTED_EDGE('',*,*,#14704,.T.);
#14730=EDGE_LOOP('',(#14724,#14726,#14728,#14729));
#14731=FACE_OUTER_BOUND('',#14730,.F.);
#14733=FILL_AREA_STYLE_COLOUR('',#2);
#14734=FILL_AREA_STYLE('',(#14733));
#14735=SURFACE_STYLE_FILL_AREA(#14734);
#14736=SURFACE_SIDE_STYLE('',(#14735));
#14737=SURFACE_STYLE_USAGE(.BOTH.,#14736);
#14738=PRESENTATION_STYLE_ASSIGNMENT((#14737));
#14739=STYLED_ITEM('',(#14738),#14732);
#14740=CARTESIAN_POINT('',(-2.5E-2,7.945E0,1.402127657831E0));
#14741=DIRECTION('',(1.E0,0.E0,0.E0));
#14742=DIRECTION('',(0.E0,0.E0,1.E0));
#14743=AXIS2_PLACEMENT_3D('',#14740,#14741,#14742);
#14744=PLANE('',#14743);
#14745=ORIENTED_EDGE('',*,*,#9084,.T.);
#14746=ORIENTED_EDGE('',*,*,#14539,.T.);
#14748=ORIENTED_EDGE('',*,*,#14747,.T.);
#14749=ORIENTED_EDGE('',*,*,#14725,.T.);
#14750=EDGE_LOOP('',(#14745,#14746,#14748,#14749));
#14751=FACE_OUTER_BOUND('',#14750,.F.);
#14753=FILL_AREA_STYLE_COLOUR('',#2);
#14754=FILL_AREA_STYLE('',(#14753));
#14755=SURFACE_STYLE_FILL_AREA(#14754);
#14756=SURFACE_SIDE_STYLE('',(#14755));
#14757=SURFACE_STYLE_USAGE(.BOTH.,#14756);
#14758=PRESENTATION_STYLE_ASSIGNMENT((#14757));
#14759=STYLED_ITEM('',(#14758),#14752);
#14760=CARTESIAN_POINT('',(4.333332896233E-1,7.94E0,1.25E0));
#14761=DIRECTION('',(0.E0,1.E0,0.E0));
#14762=DIRECTION('',(1.E0,0.E0,0.E0));
#14763=AXIS2_PLACEMENT_3D('',#14760,#14761,#14762);
#14764=PLANE('',#14763);
#14765=ORIENTED_EDGE('',*,*,#14537,.T.);
#14766=ORIENTED_EDGE('',*,*,#14559,.F.);
#14767=ORIENTED_EDGE('',*,*,#14580,.F.);
#14768=ORIENTED_EDGE('',*,*,#14601,.F.);
#14769=ORIENTED_EDGE('',*,*,#14622,.F.);
#14770=ORIENTED_EDGE('',*,*,#14643,.F.);
#14771=ORIENTED_EDGE('',*,*,#14664,.F.);
#14772=ORIENTED_EDGE('',*,*,#14685,.F.);
#14773=ORIENTED_EDGE('',*,*,#14706,.F.);
#14774=ORIENTED_EDGE('',*,*,#14727,.F.);
#14775=ORIENTED_EDGE('',*,*,#14747,.F.);
#14776=EDGE_LOOP('',(#14765,#14766,#14767,#14768,#14769,#14770,#14771,#14772,
#14773,#14774,#14775));
#14777=FACE_OUTER_BOUND('',#14776,.F.);
#14779=ORIENTED_EDGE('',*,*,#14778,.T.);
#14781=ORIENTED_EDGE('',*,*,#14780,.F.);
#14783=ORIENTED_EDGE('',*,*,#14782,.F.);
#14784=EDGE_LOOP('',(#14779,#14781,#14783));
#14785=FACE_BOUND('',#14784,.F.);
#14787=FILL_AREA_STYLE_COLOUR('',#1);
#14788=FILL_AREA_STYLE('',(#14787));
#14789=SURFACE_STYLE_FILL_AREA(#14788);
#14790=SURFACE_SIDE_STYLE('',(#14789));
#14791=SURFACE_STYLE_USAGE(.BOTH.,#14790);
#14792=PRESENTATION_STYLE_ASSIGNMENT((#14791));
#14793=STYLED_ITEM('',(#14792),#14786);
#14794=CARTESIAN_POINT('',(3.302082896233E-1,7.945E0,1.109574452043E0));
#14795=DIRECTION('',(7.521677622759E-1,0.E0,6.589716666086E-1));
#14796=DIRECTION('',(6.589716666086E-1,0.E0,-7.521677622759E-1));
#14797=AXIS2_PLACEMENT_3D('',#14794,#14795,#14796);
#14798=PLANE('',#14797);
#14800=ORIENTED_EDGE('',*,*,#14799,.F.);
#14802=ORIENTED_EDGE('',*,*,#14801,.F.);
#14803=ORIENTED_EDGE('',*,*,#14778,.F.);
#14805=ORIENTED_EDGE('',*,*,#14804,.F.);
#14806=EDGE_LOOP('',(#14800,#14802,#14803,#14805));
#14807=FACE_OUTER_BOUND('',#14806,.F.);
#14809=FILL_AREA_STYLE_COLOUR('',#2);
#14810=FILL_AREA_STYLE('',(#14809));
#14811=SURFACE_STYLE_FILL_AREA(#14810);
#14812=SURFACE_SIDE_STYLE('',(#14811));
#14813=SURFACE_STYLE_USAGE(.BOTH.,#14812);
#14814=PRESENTATION_STYLE_ASSIGNMENT((#14813));
#14815=STYLED_ITEM('',(#14814),#14808);
#14816=CARTESIAN_POINT('',(3.302082896233E-1,7.95E0,1.109574452043E0));
#14817=DIRECTION('',(0.E0,1.E0,0.E0));
#14818=DIRECTION('',(1.E0,0.E0,0.E0));
#14819=AXIS2_PLACEMENT_3D('',#14816,#14817,#14818);
#14820=PLANE('',#14819);
#14821=ORIENTED_EDGE('',*,*,#14799,.T.);
#14823=ORIENTED_EDGE('',*,*,#14822,.F.);
#14825=ORIENTED_EDGE('',*,*,#14824,.F.);
#14826=EDGE_LOOP('',(#14821,#14823,#14825));
#14827=FACE_OUTER_BOUND('',#14826,.F.);
#14829=FILL_AREA_STYLE_COLOUR('',#2);
#14830=FILL_AREA_STYLE('',(#14829));
#14831=SURFACE_STYLE_FILL_AREA(#14830);
#14832=SURFACE_SIDE_STYLE('',(#14831));
#14833=SURFACE_STYLE_USAGE(.BOTH.,#14832);
#14834=PRESENTATION_STYLE_ASSIGNMENT((#14833));
#14835=STYLED_ITEM('',(#14834),#14828);
#14836=CARTESIAN_POINT('',(5.25E-1,7.945E0,1.109574452043E0));
#14837=DIRECTION('',(1.E0,0.E0,0.E0));
#14838=DIRECTION('',(0.E0,0.E0,1.E0));
#14839=AXIS2_PLACEMENT_3D('',#14836,#14837,#14838);
#14840=PLANE('',#14839);
#14841=ORIENTED_EDGE('',*,*,#14822,.T.);
#14842=ORIENTED_EDGE('',*,*,#14804,.T.);
#14843=ORIENTED_EDGE('',*,*,#14782,.T.);
#14845=ORIENTED_EDGE('',*,*,#14844,.T.);
#14846=EDGE_LOOP('',(#14841,#14842,#14843,#14845));
#14847=FACE_OUTER_BOUND('',#14846,.F.);
#14849=FILL_AREA_STYLE_COLOUR('',#2);
#14850=FILL_AREA_STYLE('',(#14849));
#14851=SURFACE_STYLE_FILL_AREA(#14850);
#14852=SURFACE_SIDE_STYLE('',(#14851));
#14853=SURFACE_STYLE_USAGE(.BOTH.,#14852);
#14854=PRESENTATION_STYLE_ASSIGNMENT((#14853));
#14855=STYLED_ITEM('',(#14854),#14848);
#14856=CARTESIAN_POINT('',(3.302082896232E-1,7.945E0,1.331914883852E0));
#14857=DIRECTION('',(0.E0,0.E0,1.E0));
#14858=DIRECTION('',(-1.E0,0.E0,0.E0));
#14859=AXIS2_PLACEMENT_3D('',#14856,#14857,#14858);
#14860=PLANE('',#14859);
#14861=ORIENTED_EDGE('',*,*,#14824,.T.);
#14862=ORIENTED_EDGE('',*,*,#14844,.F.);
#14863=ORIENTED_EDGE('',*,*,#14780,.T.);
#14864=ORIENTED_EDGE('',*,*,#14801,.T.);
#14865=EDGE_LOOP('',(#14861,#14862,#14863,#14864));
#14866=FACE_OUTER_BOUND('',#14865,.F.);
#14868=FILL_AREA_STYLE_COLOUR('',#2);
#14869=FILL_AREA_STYLE('',(#14868));
#14870=SURFACE_STYLE_FILL_AREA(#14869);
#14871=SURFACE_SIDE_STYLE('',(#14870));
#14872=SURFACE_STYLE_USAGE(.BOTH.,#14871);
#14873=PRESENTATION_STYLE_ASSIGNMENT((#14872));
#14874=STYLED_ITEM('',(#14873),#14867);
#14875=CARTESIAN_POINT('',(1.819791579247E0,7.945E0,1.226595747471E0));
#14876=DIRECTION('',(7.145103848035E-1,0.E0,-6.996248351852E-1));
#14877=DIRECTION('',(-6.996248351852E-1,0.E0,-7.145103848035E-1));
#14878=AXIS2_PLACEMENT_3D('',#14875,#14876,#14877);
#14879=PLANE('',#14878);
#14880=ORIENTED_EDGE('',*,*,#9106,.F.);
#14882=ORIENTED_EDGE('',*,*,#14881,.F.);
#14884=ORIENTED_EDGE('',*,*,#14883,.F.);
#14886=ORIENTED_EDGE('',*,*,#14885,.F.);
#14887=EDGE_LOOP('',(#14880,#14882,#14884,#14886));
#14888=FACE_OUTER_BOUND('',#14887,.F.);
#14890=FILL_AREA_STYLE_COLOUR('',#2);
#14891=FILL_AREA_STYLE('',(#14890));
#14892=SURFACE_STYLE_FILL_AREA(#14891);
#14893=SURFACE_SIDE_STYLE('',(#14892));
#14894=SURFACE_STYLE_USAGE(.BOTH.,#14893);
#14895=PRESENTATION_STYLE_ASSIGNMENT((#14894));
#14896=STYLED_ITEM('',(#14895),#14889);
#14897=CARTESIAN_POINT('',(1.877083289623E0,7.945E0,1.320212757588E0));
#14898=DIRECTION('',(9.311279997968E-1,0.E0,-3.646925389893E-1));
#14899=DIRECTION('',(-3.646925389893E-1,0.E0,-9.311279997968E-1));
#14900=AXIS2_PLACEMENT_3D('',#14897,#14898,#14899);
#14901=PLANE('',#14900);
#14902=ORIENTED_EDGE('',*,*,#9184,.F.);
#14904=ORIENTED_EDGE('',*,*,#14903,.F.);
#14906=ORIENTED_EDGE('',*,*,#14905,.F.);
#14907=ORIENTED_EDGE('',*,*,#14881,.T.);
#14908=EDGE_LOOP('',(#14902,#14904,#14906,#14907));
#14909=FACE_OUTER_BOUND('',#14908,.F.);
#14911=FILL_AREA_STYLE_COLOUR('',#2);
#14912=FILL_AREA_STYLE('',(#14911));
#14913=SURFACE_STYLE_FILL_AREA(#14912);
#14914=SURFACE_SIDE_STYLE('',(#14913));
#14915=SURFACE_STYLE_USAGE(.BOTH.,#14914);
#14916=PRESENTATION_STYLE_ASSIGNMENT((#14915));
#14917=STYLED_ITEM('',(#14916),#14910);
#14918=CARTESIAN_POINT('',(1.9E0,7.945E0,1.437234036624E0));
#14919=DIRECTION('',(1.E0,0.E0,0.E0));
#14920=DIRECTION('',(0.E0,0.E0,-1.E0));
#14921=AXIS2_PLACEMENT_3D('',#14918,#14919,#14920);
#14922=PLANE('',#14921);
#14923=ORIENTED_EDGE('',*,*,#9182,.T.);
#14925=ORIENTED_EDGE('',*,*,#14924,.F.);
#14927=ORIENTED_EDGE('',*,*,#14926,.T.);
#14928=ORIENTED_EDGE('',*,*,#14903,.T.);
#14929=EDGE_LOOP('',(#14923,#14925,#14927,#14928));
#14930=FACE_OUTER_BOUND('',#14929,.F.);
#14932=FILL_AREA_STYLE_COLOUR('',#2);
#14933=FILL_AREA_STYLE('',(#14932));
#14934=SURFACE_STYLE_FILL_AREA(#14933);
#14935=SURFACE_SIDE_STYLE('',(#14934));
#14936=SURFACE_STYLE_USAGE(.BOTH.,#14935);
#14937=PRESENTATION_STYLE_ASSIGNMENT((#14936));
#14938=STYLED_ITEM('',(#14937),#14931);
#14939=CARTESIAN_POINT('',(1.877083289623E0,7.945E0,1.554255323857E0));
#14940=DIRECTION('',(9.311280171441E-1,0.E0,3.646924946983E-1));
#14941=DIRECTION('',(3.646924946983E-1,0.E0,-9.311280171441E-1));
#14942=AXIS2_PLACEMENT_3D('',#14939,#14940,#14941);
#14943=PLANE('',#14942);
#14944=ORIENTED_EDGE('',*,*,#9180,.F.);
#14946=ORIENTED_EDGE('',*,*,#14945,.F.);
#14948=ORIENTED_EDGE('',*,*,#14947,.F.);
#14949=ORIENTED_EDGE('',*,*,#14924,.T.);
#14950=EDGE_LOOP('',(#14944,#14946,#14948,#14949));
#14951=FACE_OUTER_BOUND('',#14950,.F.);
#14953=FILL_AREA_STYLE_COLOUR('',#2);
#14954=FILL_AREA_STYLE('',(#14953));
#14955=SURFACE_STYLE_FILL_AREA(#14954);
#14956=SURFACE_SIDE_STYLE('',(#14955));
#14957=SURFACE_STYLE_USAGE(.BOTH.,#14956);
#14958=PRESENTATION_STYLE_ASSIGNMENT((#14957));
#14959=STYLED_ITEM('',(#14958),#14952);
#14960=CARTESIAN_POINT('',(1.819791579246E0,7.945E0,1.659574472532E0));
#14961=DIRECTION('',(8.060044205511E-1,0.E0,5.919095150884E-1));
#14962=DIRECTION('',(5.919095150884E-1,0.E0,-8.060044205511E-1));
#14963=AXIS2_PLACEMENT_3D('',#14960,#14961,#14962);
#14964=PLANE('',#14963);
#14965=ORIENTED_EDGE('',*,*,#9178,.F.);
#14967=ORIENTED_EDGE('',*,*,#14966,.F.);
#14969=ORIENTED_EDGE('',*,*,#14968,.F.);
#14970=ORIENTED_EDGE('',*,*,#14945,.T.);
#14971=EDGE_LOOP('',(#14965,#14967,#14969,#14970));
#14972=FACE_OUTER_BOUND('',#14971,.F.);
#14974=FILL_AREA_STYLE_COLOUR('',#2);
#14975=FILL_AREA_STYLE('',(#14974));
#14976=SURFACE_STYLE_FILL_AREA(#14975);
#14977=SURFACE_SIDE_STYLE('',(#14976));
#14978=SURFACE_STYLE_USAGE(.BOTH.,#14977);
#14979=PRESENTATION_STYLE_ASSIGNMENT((#14978));
#14980=STYLED_ITEM('',(#14979),#14973);
#14981=CARTESIAN_POINT('',(1.728125E0,7.945E0,1.741489363555E0));
#14982=DIRECTION('',(5.224775414507E-1,0.E0,8.526530470711E-1));
#14983=DIRECTION('',(8.526530470711E-1,0.E0,-5.224775414507E-1));
#14984=AXIS2_PLACEMENT_3D('',#14981,#14982,#14983);
#14985=PLANE('',#14984);
#14986=ORIENTED_EDGE('',*,*,#9176,.F.);
#14988=ORIENTED_EDGE('',*,*,#14987,.F.);
#14990=ORIENTED_EDGE('',*,*,#14989,.F.);
#14991=ORIENTED_EDGE('',*,*,#14966,.T.);
#14992=EDGE_LOOP('',(#14986,#14988,#14990,#14991));
#14993=FACE_OUTER_BOUND('',#14992,.F.);
#14995=FILL_AREA_STYLE_COLOUR('',#2);
#14996=FILL_AREA_STYLE('',(#14995));
#14997=SURFACE_STYLE_FILL_AREA(#14996);
#14998=SURFACE_SIDE_STYLE('',(#14997));
#14999=SURFACE_STYLE_USAGE(.BOTH.,#14998);
#15000=PRESENTATION_STYLE_ASSIGNMENT((#14999));
#15001=STYLED_ITEM('',(#15000),#14994);
#15002=CARTESIAN_POINT('',(1.613541710376E0,7.945E0,1.788297872711E0));
#15003=DIRECTION('',(2.001232253056E-1,0.E0,9.797707357812E-1));
#15004=DIRECTION('',(9.797707357812E-1,0.E0,-2.001232253056E-1));
#15005=AXIS2_PLACEMENT_3D('',#15002,#15003,#15004);
#15006=PLANE('',#15005);
#15007=ORIENTED_EDGE('',*,*,#9174,.F.);
#15009=ORIENTED_EDGE('',*,*,#15008,.F.);
#15011=ORIENTED_EDGE('',*,*,#15010,.F.);
#15012=ORIENTED_EDGE('',*,*,#14987,.T.);
#15013=EDGE_LOOP('',(#15007,#15009,#15011,#15012));
#15014=FACE_OUTER_BOUND('',#15013,.F.);
#15016=FILL_AREA_STYLE_COLOUR('',#2);
#15017=FILL_AREA_STYLE('',(#15016));
#15018=SURFACE_STYLE_FILL_AREA(#15017);
#15019=SURFACE_SIDE_STYLE('',(#15018));
#15020=SURFACE_STYLE_USAGE(.BOTH.,#15019);
#15021=PRESENTATION_STYLE_ASSIGNMENT((#15020));
#15022=STYLED_ITEM('',(#15021),#15015);
#15023=CARTESIAN_POINT('',(1.498958289623E0,7.945E0,1.8E0));
#15024=DIRECTION('',(0.E0,0.E0,1.E0));
#15025=DIRECTION('',(1.E0,0.E0,0.E0));
#15026=AXIS2_PLACEMENT_3D('',#15023,#15024,#15025);
#15027=PLANE('',#15026);
#15028=ORIENTED_EDGE('',*,*,#9172,.T.);
#15030=ORIENTED_EDGE('',*,*,#15029,.F.);
#15032=ORIENTED_EDGE('',*,*,#15031,.T.);
#15033=ORIENTED_EDGE('',*,*,#15008,.T.);
#15034=EDGE_LOOP('',(#15028,#15030,#15032,#15033));
#15035=FACE_OUTER_BOUND('',#15034,.F.);
#15037=FILL_AREA_STYLE_COLOUR('',#2);
#15038=FILL_AREA_STYLE('',(#15037));
#15039=SURFACE_STYLE_FILL_AREA(#15038);
#15040=SURFACE_SIDE_STYLE('',(#15039));
#15041=SURFACE_STYLE_USAGE(.BOTH.,#15040);
#15042=PRESENTATION_STYLE_ASSIGNMENT((#15041));
#15043=STYLED_ITEM('',(#15042),#15036);
#15044=CARTESIAN_POINT('',(1.384375E0,7.945E0,1.788297872711E0));
#15045=DIRECTION('',(-2.001236650075E-1,0.E0,9.797706459697E-1));
#15046=DIRECTION('',(9.797706459697E-1,0.E0,2.001236650075E-1));
#15047=AXIS2_PLACEMENT_3D('',#15044,#15045,#15046);
#15048=PLANE('',#15047);
#15049=ORIENTED_EDGE('',*,*,#9170,.F.);
#15051=ORIENTED_EDGE('',*,*,#15050,.F.);
#15053=ORIENTED_EDGE('',*,*,#15052,.F.);
#15054=ORIENTED_EDGE('',*,*,#15029,.T.);
#15055=EDGE_LOOP('',(#15049,#15051,#15053,#15054));
#15056=FACE_OUTER_BOUND('',#15055,.F.);
#15058=FILL_AREA_STYLE_COLOUR('',#2);
#15059=FILL_AREA_STYLE('',(#15058));
#15060=SURFACE_STYLE_FILL_AREA(#15059);
#15061=SURFACE_SIDE_STYLE('',(#15060));
#15062=SURFACE_STYLE_USAGE(.BOTH.,#15061);
#15063=PRESENTATION_STYLE_ASSIGNMENT((#15062));
#15064=STYLED_ITEM('',(#15063),#15057);
#15065=CARTESIAN_POINT('',(1.269791710377E0,7.945E0,1.741489363555E0));
#15066=DIRECTION('',(-5.224766720424E-1,0.E0,8.526535798151E-1));
#15067=DIRECTION('',(8.526535798151E-1,0.E0,5.224766720424E-1));
#15068=AXIS2_PLACEMENT_3D('',#15065,#15066,#15067);
#15069=PLANE('',#15068);
#15070=ORIENTED_EDGE('',*,*,#9168,.F.);
#15072=ORIENTED_EDGE('',*,*,#15071,.F.);
#15074=ORIENTED_EDGE('',*,*,#15073,.F.);
#15075=ORIENTED_EDGE('',*,*,#15050,.T.);
#15076=EDGE_LOOP('',(#15070,#15072,#15074,#15075));
#15077=FACE_OUTER_BOUND('',#15076,.F.);
#15079=FILL_AREA_STYLE_COLOUR('',#2);
#15080=FILL_AREA_STYLE('',(#15079));
#15081=SURFACE_STYLE_FILL_AREA(#15080);
#15082=SURFACE_SIDE_STYLE('',(#15081));
#15083=SURFACE_STYLE_USAGE(.BOTH.,#15082);
#15084=PRESENTATION_STYLE_ASSIGNMENT((#15083));
#15085=STYLED_ITEM('',(#15084),#15078);
#15086=CARTESIAN_POINT('',(1.178125E0,7.945E0,1.659574472532E0));
#15087=DIRECTION('',(8.060044205540E-1,0.E0,-5.919095150843E-1));
#15088=DIRECTION('',(5.919095150843E-1,0.E0,8.060044205540E-1));
#15089=AXIS2_PLACEMENT_3D('',#15086,#15087,#15088);
#15090=PLANE('',#15089);
#15091=ORIENTED_EDGE('',*,*,#9166,.F.);
#15093=ORIENTED_EDGE('',*,*,#15092,.F.);
#15095=ORIENTED_EDGE('',*,*,#15094,.F.);
#15096=ORIENTED_EDGE('',*,*,#15071,.T.);
#15097=EDGE_LOOP('',(#15091,#15093,#15095,#15096));
#15098=FACE_OUTER_BOUND('',#15097,.F.);
#15100=FILL_AREA_STYLE_COLOUR('',#2);
#15101=FILL_AREA_STYLE('',(#15100));
#15102=SURFACE_STYLE_FILL_AREA(#15101);
#15103=SURFACE_SIDE_STYLE('',(#15102));
#15104=SURFACE_STYLE_USAGE(.BOTH.,#15103);
#15105=PRESENTATION_STYLE_ASSIGNMENT((#15104));
#15106=STYLED_ITEM('',(#15105),#15099);
#15107=CARTESIAN_POINT('',(1.120833289624E0,7.945E0,1.554255323857E0));
#15108=DIRECTION('',(9.311280171441E-1,0.E0,-3.646924946983E-1));
#15109=DIRECTION('',(3.646924946983E-1,0.E0,9.311280171441E-1));
#15110=AXIS2_PLACEMENT_3D('',#15107,#15108,#15109);
#15111=PLANE('',#15110);
#15112=ORIENTED_EDGE('',*,*,#9164,.F.);
#15114=ORIENTED_EDGE('',*,*,#15113,.F.);
#15116=ORIENTED_EDGE('',*,*,#15115,.F.);
#15117=ORIENTED_EDGE('',*,*,#15092,.T.);
#15118=EDGE_LOOP('',(#15112,#15114,#15116,#15117));
#15119=FACE_OUTER_BOUND('',#15118,.F.);
#15121=FILL_AREA_STYLE_COLOUR('',#2);
#15122=FILL_AREA_STYLE('',(#15121));
#15123=SURFACE_STYLE_FILL_AREA(#15122);
#15124=SURFACE_SIDE_STYLE('',(#15123));
#15125=SURFACE_STYLE_USAGE(.BOTH.,#15124);
#15126=PRESENTATION_STYLE_ASSIGNMENT((#15125));
#15127=STYLED_ITEM('',(#15126),#15120);
#15128=CARTESIAN_POINT('',(1.086458289623E0,7.945E0,1.413829784096E0));
#15129=DIRECTION('',(9.903580026311E-1,0.E0,-1.385316809417E-1));
#15130=DIRECTION('',(1.385316809417E-1,0.E0,9.903580026311E-1));
#15131=AXIS2_PLACEMENT_3D('',#15128,#15129,#15130);
#15132=PLANE('',#15131);
#15133=ORIENTED_EDGE('',*,*,#9162,.F.);
#15135=ORIENTED_EDGE('',*,*,#15134,.F.);
#15137=ORIENTED_EDGE('',*,*,#15136,.F.);
#15138=ORIENTED_EDGE('',*,*,#15113,.T.);
#15139=EDGE_LOOP('',(#15133,#15135,#15137,#15138));
#15140=FACE_OUTER_BOUND('',#15139,.F.);
#15142=FILL_AREA_STYLE_COLOUR('',#2);
#15143=FILL_AREA_STYLE('',(#15142));
#15144=SURFACE_STYLE_FILL_AREA(#15143);
#15145=SURFACE_SIDE_STYLE('',(#15144));
#15146=SURFACE_STYLE_USAGE(.BOTH.,#15145);
#15147=PRESENTATION_STYLE_ASSIGNMENT((#15146));
#15148=STYLED_ITEM('',(#15147),#15141);
#15149=CARTESIAN_POINT('',(1.075E0,7.945E0,1.25E0));
#15150=DIRECTION('',(1.E0,0.E0,0.E0));
#15151=DIRECTION('',(0.E0,0.E0,1.E0));
#15152=AXIS2_PLACEMENT_3D('',#15149,#15150,#15151);
#15153=PLANE('',#15152);
#15154=ORIENTED_EDGE('',*,*,#9160,.T.);
#15156=ORIENTED_EDGE('',*,*,#15155,.F.);
#15158=ORIENTED_EDGE('',*,*,#15157,.T.);
#15159=ORIENTED_EDGE('',*,*,#15134,.T.);
#15160=EDGE_LOOP('',(#15154,#15156,#15158,#15159));
#15161=FACE_OUTER_BOUND('',#15160,.F.);
#15163=FILL_AREA_STYLE_COLOUR('',#2);
#15164=FILL_AREA_STYLE('',(#15163));
#15165=SURFACE_STYLE_FILL_AREA(#15164);
#15166=SURFACE_SIDE_STYLE('',(#15165));
#15167=SURFACE_STYLE_USAGE(.BOTH.,#15166);
#15168=PRESENTATION_STYLE_ASSIGNMENT((#15167));
#15169=STYLED_ITEM('',(#15168),#15162);
#15170=CARTESIAN_POINT('',(1.086458289623E0,7.945E0,1.086170232296E0));
#15171=DIRECTION('',(9.903579988280E-1,0.E0,1.385317081300E-1));
#15172=DIRECTION('',(-1.385317081300E-1,0.E0,9.903579988280E-1));
#15173=AXIS2_PLACEMENT_3D('',#15170,#15171,#15172);
#15174=PLANE('',#15173);
#15175=ORIENTED_EDGE('',*,*,#9158,.F.);
#15177=ORIENTED_EDGE('',*,*,#15176,.F.);
#15179=ORIENTED_EDGE('',*,*,#15178,.F.);
#15180=ORIENTED_EDGE('',*,*,#15155,.T.);
#15181=EDGE_LOOP('',(#15175,#15177,#15179,#15180));
#15182=FACE_OUTER_BOUND('',#15181,.F.);
#15184=FILL_AREA_STYLE_COLOUR('',#2);
#15185=FILL_AREA_STYLE('',(#15184));
#15186=SURFACE_STYLE_FILL_AREA(#15185);
#15187=SURFACE_SIDE_STYLE('',(#15186));
#15188=SURFACE_STYLE_USAGE(.BOTH.,#15187);
#15189=PRESENTATION_STYLE_ASSIGNMENT((#15188));
#15190=STYLED_ITEM('',(#15189),#15183);
#15191=CARTESIAN_POINT('',(1.120833289623E0,7.945E0,9.457446843384E-1));
#15192=DIRECTION('',(9.311280691820E-1,0.E0,3.646923618359E-1));
#15193=DIRECTION('',(-3.646923618359E-1,0.E0,9.311280691820E-1));
#15194=AXIS2_PLACEMENT_3D('',#15191,#15192,#15193);
#15195=PLANE('',#15194);
#15196=ORIENTED_EDGE('',*,*,#9156,.F.);
#15198=ORIENTED_EDGE('',*,*,#15197,.F.);
#15200=ORIENTED_EDGE('',*,*,#15199,.F.);
#15201=ORIENTED_EDGE('',*,*,#15176,.T.);
#15202=EDGE_LOOP('',(#15196,#15198,#15200,#15201));
#15203=FACE_OUTER_BOUND('',#15202,.F.);
#15205=FILL_AREA_STYLE_COLOUR('',#2);
#15206=FILL_AREA_STYLE('',(#15205));
#15207=SURFACE_STYLE_FILL_AREA(#15206);
#15208=SURFACE_SIDE_STYLE('',(#15207));
#15209=SURFACE_STYLE_USAGE(.BOTH.,#15208);
#15210=PRESENTATION_STYLE_ASSIGNMENT((#15209));
#15211=STYLED_ITEM('',(#15210),#15204);
#15212=CARTESIAN_POINT('',(1.178125E0,7.945E0,8.404255151749E-1));
#15213=DIRECTION('',(8.060043958284E-1,0.E0,5.919095487533E-1));
#15214=DIRECTION('',(-5.919095487533E-1,0.E0,8.060043958284E-1));
#15215=AXIS2_PLACEMENT_3D('',#15212,#15213,#15214);
#15216=PLANE('',#15215);
#15217=ORIENTED_EDGE('',*,*,#9154,.F.);
#15219=ORIENTED_EDGE('',*,*,#15218,.F.);
#15221=ORIENTED_EDGE('',*,*,#15220,.F.);
#15222=ORIENTED_EDGE('',*,*,#15197,.T.);
#15223=EDGE_LOOP('',(#15217,#15219,#15221,#15222));
#15224=FACE_OUTER_BOUND('',#15223,.F.);
#15226=FILL_AREA_STYLE_COLOUR('',#2);
#15227=FILL_AREA_STYLE('',(#15226));
#15228=SURFACE_STYLE_FILL_AREA(#15227);
#15229=SURFACE_SIDE_STYLE('',(#15228));
#15230=SURFACE_STYLE_USAGE(.BOTH.,#15229);
#15231=PRESENTATION_STYLE_ASSIGNMENT((#15230));
#15232=STYLED_ITEM('',(#15231),#15225);
#15233=CARTESIAN_POINT('',(1.269791710376E0,7.945E0,7.585106313229E-1));
#15234=DIRECTION('',(5.224766387881E-1,0.E0,8.526536001922E-1));
#15235=DIRECTION('',(-8.526536001922E-1,0.E0,5.224766387881E-1));
#15236=AXIS2_PLACEMENT_3D('',#15233,#15234,#15235);
#15237=PLANE('',#15236);
#15238=ORIENTED_EDGE('',*,*,#9152,.F.);
#15240=ORIENTED_EDGE('',*,*,#15239,.F.);
#15242=ORIENTED_EDGE('',*,*,#15241,.F.);
#15243=ORIENTED_EDGE('',*,*,#15218,.T.);
#15244=EDGE_LOOP('',(#15238,#15240,#15242,#15243));
#15245=FACE_OUTER_BOUND('',#15244,.F.);
#15247=FILL_AREA_STYLE_COLOUR('',#2);
#15248=FILL_AREA_STYLE('',(#15247));
#15249=SURFACE_STYLE_FILL_AREA(#15248);
#15250=SURFACE_SIDE_STYLE('',(#15249));
#15251=SURFACE_STYLE_USAGE(.BOTH.,#15250);
#15252=PRESENTATION_STYLE_ASSIGNMENT((#15251));
#15253=STYLED_ITEM('',(#15252),#15246);
#15254=CARTESIAN_POINT('',(1.384375E0,7.945E0,7.117021262646E-1));
#15255=DIRECTION('',(2.001236481949E-1,0.E0,9.797706494038E-1));
#15256=DIRECTION('',(-9.797706494038E-1,0.E0,2.001236481949E-1));
#15257=AXIS2_PLACEMENT_3D('',#15254,#15255,#15256);
#15258=PLANE('',#15257);
#15259=ORIENTED_EDGE('',*,*,#9150,.F.);
#15261=ORIENTED_EDGE('',*,*,#15260,.F.);
#15263=ORIENTED_EDGE('',*,*,#15262,.F.);
#15264=ORIENTED_EDGE('',*,*,#15239,.T.);
#15265=EDGE_LOOP('',(#15259,#15261,#15263,#15264));
#15266=FACE_OUTER_BOUND('',#15265,.F.);
#15268=FILL_AREA_STYLE_COLOUR('',#2);
#15269=FILL_AREA_STYLE('',(#15268));
#15270=SURFACE_STYLE_FILL_AREA(#15269);
#15271=SURFACE_SIDE_STYLE('',(#15270));
#15272=SURFACE_STYLE_USAGE(.BOTH.,#15271);
#15273=PRESENTATION_STYLE_ASSIGNMENT((#15272));
#15274=STYLED_ITEM('',(#15273),#15267);
#15275=CARTESIAN_POINT('',(1.4875E0,7.945E0,7.E-1));
#15276=DIRECTION('',(0.E0,0.E0,1.E0));
#15277=DIRECTION('',(-1.E0,0.E0,0.E0));
#15278=AXIS2_PLACEMENT_3D('',#15275,#15276,#15277);
#15279=PLANE('',#15278);
#15280=ORIENTED_EDGE('',*,*,#9148,.T.);
#15282=ORIENTED_EDGE('',*,*,#15281,.F.);
#15284=ORIENTED_EDGE('',*,*,#15283,.T.);
#15285=ORIENTED_EDGE('',*,*,#15260,.T.);
#15286=EDGE_LOOP('',(#15280,#15282,#15284,#15285));
#15287=FACE_OUTER_BOUND('',#15286,.F.);
#15289=FILL_AREA_STYLE_COLOUR('',#2);
#15290=FILL_AREA_STYLE('',(#15289));
#15291=SURFACE_STYLE_FILL_AREA(#15290);
#15292=SURFACE_SIDE_STYLE('',(#15291));
#15293=SURFACE_STYLE_USAGE(.BOTH.,#15292);
#15294=PRESENTATION_STYLE_ASSIGNMENT((#15293));
#15295=STYLED_ITEM('',(#15294),#15288);
#15296=CARTESIAN_POINT('',(1.590625E0,7.945E0,7.117021262646E-1));
#15297=DIRECTION('',(-2.001236481949E-1,0.E0,9.797706494038E-1));
#15298=DIRECTION('',(-9.797706494038E-1,0.E0,-2.001236481949E-1));
#15299=AXIS2_PLACEMENT_3D('',#15296,#15297,#15298);
#15300=PLANE('',#15299);
#15301=ORIENTED_EDGE('',*,*,#9146,.F.);
#15303=ORIENTED_EDGE('',*,*,#15302,.F.);
#15305=ORIENTED_EDGE('',*,*,#15304,.F.);
#15306=ORIENTED_EDGE('',*,*,#15281,.T.);
#15307=EDGE_LOOP('',(#15301,#15303,#15305,#15306));
#15308=FACE_OUTER_BOUND('',#15307,.F.);
#15310=FILL_AREA_STYLE_COLOUR('',#2);
#15311=FILL_AREA_STYLE('',(#15310));
#15312=SURFACE_STYLE_FILL_AREA(#15311);
#15313=SURFACE_SIDE_STYLE('',(#15312));
#15314=SURFACE_STYLE_USAGE(.BOTH.,#15313);
#15315=PRESENTATION_STYLE_ASSIGNMENT((#15314));
#15316=STYLED_ITEM('',(#15315),#15309);
#15317=CARTESIAN_POINT('',(1.705208289624E0,7.945E0,7.585106313229E-1));
#15318=DIRECTION('',(-5.224766387881E-1,0.E0,8.526536001922E-1));
#15319=DIRECTION('',(-8.526536001922E-1,0.E0,-5.224766387881E-1));
#15320=AXIS2_PLACEMENT_3D('',#15317,#15318,#15319);
#15321=PLANE('',#15320);
#15322=ORIENTED_EDGE('',*,*,#9144,.F.);
#15324=ORIENTED_EDGE('',*,*,#15323,.F.);
#15326=ORIENTED_EDGE('',*,*,#15325,.F.);
#15327=ORIENTED_EDGE('',*,*,#15302,.T.);
#15328=EDGE_LOOP('',(#15322,#15324,#15326,#15327));
#15329=FACE_OUTER_BOUND('',#15328,.F.);
#15331=FILL_AREA_STYLE_COLOUR('',#2);
#15332=FILL_AREA_STYLE('',(#15331));
#15333=SURFACE_STYLE_FILL_AREA(#15332);
#15334=SURFACE_SIDE_STYLE('',(#15333));
#15335=SURFACE_STYLE_USAGE(.BOTH.,#15334);
#15336=PRESENTATION_STYLE_ASSIGNMENT((#15335));
#15337=STYLED_ITEM('',(#15336),#15330);
#15338=CARTESIAN_POINT('',(1.796875E0,7.945E0,8.404255151749E-1));
#15339=DIRECTION('',(8.060043958284E-1,0.E0,-5.919095487533E-1));
#15340=DIRECTION('',(-5.919095487533E-1,0.E0,-8.060043958284E-1));
#15341=AXIS2_PLACEMENT_3D('',#15338,#15339,#15340);
#15342=PLANE('',#15341);
#15343=ORIENTED_EDGE('',*,*,#9142,.F.);
#15345=ORIENTED_EDGE('',*,*,#15344,.F.);
#15347=ORIENTED_EDGE('',*,*,#15346,.F.);
#15348=ORIENTED_EDGE('',*,*,#15323,.T.);
#15349=EDGE_LOOP('',(#15343,#15345,#15347,#15348));
#15350=FACE_OUTER_BOUND('',#15349,.F.);
#15352=FILL_AREA_STYLE_COLOUR('',#2);
#15353=FILL_AREA_STYLE('',(#15352));
#15354=SURFACE_STYLE_FILL_AREA(#15353);
#15355=SURFACE_SIDE_STYLE('',(#15354));
#15356=SURFACE_STYLE_USAGE(.BOTH.,#15355);
#15357=PRESENTATION_STYLE_ASSIGNMENT((#15356));
#15358=STYLED_ITEM('',(#15357),#15351);
#15359=CARTESIAN_POINT('',(1.842708289624E0,7.945E0,9.223403990269E-1));
#15360=DIRECTION('',(9.506455412402E-1,0.E0,-3.102789952933E-1));
#15361=DIRECTION('',(-3.102789952933E-1,0.E0,-9.506455412402E-1));
#15362=AXIS2_PLACEMENT_3D('',#15359,#15360,#15361);
#15363=PLANE('',#15362);
#15364=ORIENTED_EDGE('',*,*,#9140,.F.);
#15366=ORIENTED_EDGE('',*,*,#15365,.F.);
#15368=ORIENTED_EDGE('',*,*,#15367,.F.);
#15369=ORIENTED_EDGE('',*,*,#15344,.T.);
#15370=EDGE_LOOP('',(#15364,#15366,#15368,#15369));
#15371=FACE_OUTER_BOUND('',#15370,.F.);
#15373=FILL_AREA_STYLE_COLOUR('',#2);
#15374=FILL_AREA_STYLE('',(#15373));
#15375=SURFACE_STYLE_FILL_AREA(#15374);
#15376=SURFACE_SIDE_STYLE('',(#15375));
#15377=SURFACE_STYLE_USAGE(.BOTH.,#15376);
#15378=PRESENTATION_STYLE_ASSIGNMENT((#15377));
#15379=STYLED_ITEM('',(#15378),#15372);
#15380=CARTESIAN_POINT('',(1.796875E0,7.945E0,9.574467778206E-1));
#15381=DIRECTION('',(0.E0,0.E0,1.E0));
#15382=DIRECTION('',(1.E0,0.E0,0.E0));
#15383=AXIS2_PLACEMENT_3D('',#15380,#15381,#15382);
#15384=PLANE('',#15383);
#15385=ORIENTED_EDGE('',*,*,#9138,.T.);
#15387=ORIENTED_EDGE('',*,*,#15386,.F.);
#15389=ORIENTED_EDGE('',*,*,#15388,.T.);
#15390=ORIENTED_EDGE('',*,*,#15365,.T.);
#15391=EDGE_LOOP('',(#15385,#15387,#15389,#15390));
#15392=FACE_OUTER_BOUND('',#15391,.F.);
#15394=FILL_AREA_STYLE_COLOUR('',#2);
#15395=FILL_AREA_STYLE('',(#15394));
#15396=SURFACE_STYLE_FILL_AREA(#15395);
#15397=SURFACE_SIDE_STYLE('',(#15396));
#15398=SURFACE_STYLE_USAGE(.BOTH.,#15397);
#15399=PRESENTATION_STYLE_ASSIGNMENT((#15398));
#15400=STYLED_ITEM('',(#15399),#15393);
#15401=CARTESIAN_POINT('',(1.716666710377E0,7.945E0,9.223403990269E-1));
#15402=DIRECTION('',(8.373786433124E-1,0.E0,-5.466232777007E-1));
#15403=DIRECTION('',(5.466232777007E-1,0.E0,8.373786433124E-1));
#15404=AXIS2_PLACEMENT_3D('',#15401,#15402,#15403);
#15405=PLANE('',#15404);
#15406=ORIENTED_EDGE('',*,*,#9136,.F.);
#15408=ORIENTED_EDGE('',*,*,#15407,.F.);
#15410=ORIENTED_EDGE('',*,*,#15409,.F.);
#15411=ORIENTED_EDGE('',*,*,#15386,.T.);
#15412=EDGE_LOOP('',(#15406,#15408,#15410,#15411));
#15413=FACE_OUTER_BOUND('',#15412,.F.);
#15415=FILL_AREA_STYLE_COLOUR('',#2);
#15416=FILL_AREA_STYLE('',(#15415));
#15417=SURFACE_STYLE_FILL_AREA(#15416);
#15418=SURFACE_SIDE_STYLE('',(#15417));
#15419=SURFACE_STYLE_USAGE(.BOTH.,#15418);
#15420=PRESENTATION_STYLE_ASSIGNMENT((#15419));
#15421=STYLED_ITEM('',(#15420),#15414);
#15422=CARTESIAN_POINT('',(1.659375E0,7.945E0,8.638297677040E-1));
#15423=DIRECTION('',(-5.627909312412E-1,0.E0,8.265992788E-1));
#15424=DIRECTION('',(8.265992788E-1,0.E0,5.627909312412E-1));
#15425=AXIS2_PLACEMENT_3D('',#15422,#15423,#15424);
#15426=PLANE('',#15425);
#15427=ORIENTED_EDGE('',*,*,#9134,.F.);
#15429=ORIENTED_EDGE('',*,*,#15428,.F.);
#15431=ORIENTED_EDGE('',*,*,#15430,.F.);
#15432=ORIENTED_EDGE('',*,*,#15407,.T.);
#15433=EDGE_LOOP('',(#15427,#15429,#15431,#15432));
#15434=FACE_OUTER_BOUND('',#15433,.F.);
#15436=FILL_AREA_STYLE_COLOUR('',#2);
#15437=FILL_AREA_STYLE('',(#15436));
#15438=SURFACE_STYLE_FILL_AREA(#15437);
#15439=SURFACE_SIDE_STYLE('',(#15438));
#15440=SURFACE_STYLE_USAGE(.BOTH.,#15439);
#15441=PRESENTATION_STYLE_ASSIGNMENT((#15440));
#15442=STYLED_ITEM('',(#15441),#15435);
#15443=CARTESIAN_POINT('',(1.590625E0,7.945E0,8.287233889103E-1));
#15444=DIRECTION('',(-3.222637633759E-1,0.E0,9.466499177704E-1));
#15445=DIRECTION('',(9.466499177704E-1,0.E0,3.222637633759E-1));
#15446=AXIS2_PLACEMENT_3D('',#15443,#15444,#15445);
#15447=PLANE('',#15446);
#15448=ORIENTED_EDGE('',*,*,#9132,.F.);
#15450=ORIENTED_EDGE('',*,*,#15449,.F.);
#15452=ORIENTED_EDGE('',*,*,#15451,.F.);
#15453=ORIENTED_EDGE('',*,*,#15428,.T.);
#15454=EDGE_LOOP('',(#15448,#15450,#15452,#15453));
#15455=FACE_OUTER_BOUND('',#15454,.F.);
#15457=FILL_AREA_STYLE_COLOUR('',#2);
#15458=FILL_AREA_STYLE('',(#15457));
#15459=SURFACE_STYLE_FILL_AREA(#15458);
#15460=SURFACE_SIDE_STYLE('',(#15459));
#15461=SURFACE_STYLE_USAGE(.BOTH.,#15460);
#15462=PRESENTATION_STYLE_ASSIGNMENT((#15461));
#15463=STYLED_ITEM('',(#15462),#15456);
#15464=CARTESIAN_POINT('',(1.4875E0,7.945E0,8.170212626457E-1));
#15465=DIRECTION('',(0.E0,0.E0,1.E0));
#15466=DIRECTION('',(1.E0,0.E0,0.E0));
#15467=AXIS2_PLACEMENT_3D('',#15464,#15465,#15466);
#15468=PLANE('',#15467);
#15469=ORIENTED_EDGE('',*,*,#9130,.T.);
#15471=ORIENTED_EDGE('',*,*,#15470,.F.);
#15473=ORIENTED_EDGE('',*,*,#15472,.T.);
#15474=ORIENTED_EDGE('',*,*,#15449,.T.);
#15475=EDGE_LOOP('',(#15469,#15471,#15473,#15474));
#15476=FACE_OUTER_BOUND('',#15475,.F.);
#15478=FILL_AREA_STYLE_COLOUR('',#2);
#15479=FILL_AREA_STYLE('',(#15478));
#15480=SURFACE_STYLE_FILL_AREA(#15479);
#15481=SURFACE_SIDE_STYLE('',(#15480));
#15482=SURFACE_STYLE_USAGE(.BOTH.,#15481);
#15483=PRESENTATION_STYLE_ASSIGNMENT((#15482));
#15484=STYLED_ITEM('',(#15483),#15477);
#15485=CARTESIAN_POINT('',(1.384375E0,7.945E0,8.287233889103E-1));
#15486=DIRECTION('',(3.222637633759E-1,0.E0,9.466499177704E-1));
#15487=DIRECTION('',(9.466499177704E-1,0.E0,-3.222637633759E-1));
#15488=AXIS2_PLACEMENT_3D('',#15485,#15486,#15487);
#15489=PLANE('',#15488);
#15490=ORIENTED_EDGE('',*,*,#9128,.F.);
#15492=ORIENTED_EDGE('',*,*,#15491,.F.);
#15494=ORIENTED_EDGE('',*,*,#15493,.F.);
#15495=ORIENTED_EDGE('',*,*,#15470,.T.);
#15496=EDGE_LOOP('',(#15490,#15492,#15494,#15495));
#15497=FACE_OUTER_BOUND('',#15496,.F.);
#15499=FILL_AREA_STYLE_COLOUR('',#2);
#15500=FILL_AREA_STYLE('',(#15499));
#15501=SURFACE_STYLE_FILL_AREA(#15500);
#15502=SURFACE_SIDE_STYLE('',(#15501));
#15503=SURFACE_STYLE_USAGE(.BOTH.,#15502);
#15504=PRESENTATION_STYLE_ASSIGNMENT((#15503));
#15505=STYLED_ITEM('',(#15504),#15498);
#15506=CARTESIAN_POINT('',(1.315625E0,7.945E0,8.638297677040E-1));
#15507=DIRECTION('',(5.627909312412E-1,0.E0,8.265992788E-1));
#15508=DIRECTION('',(8.265992788E-1,0.E0,-5.627909312412E-1));
#15509=AXIS2_PLACEMENT_3D('',#15506,#15507,#15508);
#15510=PLANE('',#15509);
#15511=ORIENTED_EDGE('',*,*,#9126,.F.);
#15513=ORIENTED_EDGE('',*,*,#15512,.F.);
#15515=ORIENTED_EDGE('',*,*,#15514,.F.);
#15516=ORIENTED_EDGE('',*,*,#15491,.T.);
#15517=EDGE_LOOP('',(#15511,#15513,#15515,#15516));
#15518=FACE_OUTER_BOUND('',#15517,.F.);
#15520=FILL_AREA_STYLE_COLOUR('',#2);
#15521=FILL_AREA_STYLE('',(#15520));
#15522=SURFACE_STYLE_FILL_AREA(#15521);
#15523=SURFACE_SIDE_STYLE('',(#15522));
#15524=SURFACE_STYLE_USAGE(.BOTH.,#15523);
#15525=PRESENTATION_STYLE_ASSIGNMENT((#15524));
#15526=STYLED_ITEM('',(#15525),#15519);
#15527=CARTESIAN_POINT('',(1.258333289623E0,7.945E0,9.223403990269E-1));
#15528=DIRECTION('',(8.373786433124E-1,0.E0,5.466232777007E-1));
#15529=DIRECTION('',(5.466232777007E-1,0.E0,-8.373786433124E-1));
#15530=AXIS2_PLACEMENT_3D('',#15527,#15528,#15529);
#15531=PLANE('',#15530);
#15532=ORIENTED_EDGE('',*,*,#9124,.F.);
#15534=ORIENTED_EDGE('',*,*,#15533,.F.);
#15536=ORIENTED_EDGE('',*,*,#15535,.F.);
#15537=ORIENTED_EDGE('',*,*,#15512,.T.);
#15538=EDGE_LOOP('',(#15532,#15534,#15536,#15537));
#15539=FACE_OUTER_BOUND('',#15538,.F.);
#15541=FILL_AREA_STYLE_COLOUR('',#2);
#15542=FILL_AREA_STYLE('',(#15541));
#15543=SURFACE_STYLE_FILL_AREA(#15542);
#15544=SURFACE_SIDE_STYLE('',(#15543));
#15545=SURFACE_STYLE_USAGE(.BOTH.,#15544);
#15546=PRESENTATION_STYLE_ASSIGNMENT((#15545));
#15547=STYLED_ITEM('',(#15546),#15540);
#15548=CARTESIAN_POINT('',(1.223958289623E0,7.945E0,9.925531893967E-1));
#15549=DIRECTION('',(9.506456267022E-1,0.E0,3.102787334510E-1));
#15550=DIRECTION('',(3.102787334510E-1,0.E0,-9.506456267022E-1));
#15551=AXIS2_PLACEMENT_3D('',#15548,#15549,#15550);
#15552=PLANE('',#15551);
#15553=ORIENTED_EDGE('',*,*,#9122,.F.);
#15555=ORIENTED_EDGE('',*,*,#15554,.F.);
#15557=ORIENTED_EDGE('',*,*,#15556,.F.);
#15558=ORIENTED_EDGE('',*,*,#15533,.T.);
#15559=EDGE_LOOP('',(#15553,#15555,#15557,#15558));
#15560=FACE_OUTER_BOUND('',#15559,.F.);
#15562=FILL_AREA_STYLE_COLOUR('',#2);
#15563=FILL_AREA_STYLE('',(#15562));
#15564=SURFACE_STYLE_FILL_AREA(#15563);
#15565=SURFACE_SIDE_STYLE('',(#15564));
#15566=SURFACE_STYLE_USAGE(.BOTH.,#15565);
#15567=PRESENTATION_STYLE_ASSIGNMENT((#15566));
#15568=STYLED_ITEM('',(#15567),#15561);
#15569=CARTESIAN_POINT('',(1.201041710376E0,7.945E0,1.097872358560E0));
#15570=DIRECTION('',(9.869440947882E-1,0.E0,1.610631980396E-1));
#15571=DIRECTION('',(1.610631980396E-1,0.E0,-9.869440947882E-1));
#15572=AXIS2_PLACEMENT_3D('',#15569,#15570,#15571);
#15573=PLANE('',#15572);
#15574=ORIENTED_EDGE('',*,*,#9120,.F.);
#15576=ORIENTED_EDGE('',*,*,#15575,.F.);
#15578=ORIENTED_EDGE('',*,*,#15577,.F.);
#15579=ORIENTED_EDGE('',*,*,#15554,.T.);
#15580=EDGE_LOOP('',(#15574,#15576,#15578,#15579));
#15581=FACE_OUTER_BOUND('',#15580,.F.);
#15583=FILL_AREA_STYLE_COLOUR('',#2);
#15584=FILL_AREA_STYLE('',(#15583));
#15585=SURFACE_STYLE_FILL_AREA(#15584);
#15586=SURFACE_SIDE_STYLE('',(#15585));
#15587=SURFACE_STYLE_USAGE(.BOTH.,#15586);
#15588=PRESENTATION_STYLE_ASSIGNMENT((#15587));
#15589=STYLED_ITEM('',(#15588),#15582);
#15590=CARTESIAN_POINT('',(1.189583420753E0,7.945E0,1.191489368677E0));
#15591=DIRECTION('',(1.E0,0.E0,0.E0));
#15592=DIRECTION('',(0.E0,0.E0,-1.E0));
#15593=AXIS2_PLACEMENT_3D('',#15590,#15591,#15592);
#15594=PLANE('',#15593);
#15595=ORIENTED_EDGE('',*,*,#9118,.T.);
#15597=ORIENTED_EDGE('',*,*,#15596,.F.);
#15599=ORIENTED_EDGE('',*,*,#15598,.T.);
#15600=ORIENTED_EDGE('',*,*,#15575,.T.);
#15601=EDGE_LOOP('',(#15595,#15597,#15599,#15600));
#15602=FACE_OUTER_BOUND('',#15601,.F.);
#15604=FILL_AREA_STYLE_COLOUR('',#2);
#15605=FILL_AREA_STYLE('',(#15604));
#15606=SURFACE_STYLE_FILL_AREA(#15605);
#15607=SURFACE_SIDE_STYLE('',(#15606));
#15608=SURFACE_STYLE_USAGE(.BOTH.,#15607);
#15609=PRESENTATION_STYLE_ASSIGNMENT((#15608));
#15610=STYLED_ITEM('',(#15609),#15603);
#15611=CARTESIAN_POINT('',(1.258333420753E0,7.945E0,1.168085116148E0));
#15612=DIRECTION('',(5.627909312446E-1,0.E0,8.265992787977E-1));
#15613=DIRECTION('',(-8.265992787977E-1,0.E0,5.627909312446E-1));
#15614=AXIS2_PLACEMENT_3D('',#15611,#15612,#15613);
#15615=PLANE('',#15614);
#15616=ORIENTED_EDGE('',*,*,#9116,.F.);
#15618=ORIENTED_EDGE('',*,*,#15617,.F.);
#15620=ORIENTED_EDGE('',*,*,#15619,.F.);
#15621=ORIENTED_EDGE('',*,*,#15596,.T.);
#15622=EDGE_LOOP('',(#15616,#15618,#15620,#15621));
#15623=FACE_OUTER_BOUND('',#15622,.F.);
#15625=FILL_AREA_STYLE_COLOUR('',#2);
#15626=FILL_AREA_STYLE('',(#15625));
#15627=SURFACE_STYLE_FILL_AREA(#15626);
#15628=SURFACE_SIDE_STYLE('',(#15627));
#15629=SURFACE_STYLE_USAGE(.BOTH.,#15628);
#15630=PRESENTATION_STYLE_ASSIGNMENT((#15629));
#15631=STYLED_ITEM('',(#15630),#15624);
#15632=CARTESIAN_POINT('',(1.384375E0,7.945E0,1.109574484825E0));
#15633=DIRECTION('',(2.001236481937E-1,0.E0,9.797706494041E-1));
#15634=DIRECTION('',(-9.797706494041E-1,0.E0,2.001236481937E-1));
#15635=AXIS2_PLACEMENT_3D('',#15632,#15633,#15634);
#15636=PLANE('',#15635);
#15637=ORIENTED_EDGE('',*,*,#9114,.F.);
#15639=ORIENTED_EDGE('',*,*,#15638,.F.);
#15641=ORIENTED_EDGE('',*,*,#15640,.F.);
#15642=ORIENTED_EDGE('',*,*,#15617,.T.);
#15643=EDGE_LOOP('',(#15637,#15639,#15641,#15642));
#15644=FACE_OUTER_BOUND('',#15643,.F.);
#15646=FILL_AREA_STYLE_COLOUR('',#2);
#15647=FILL_AREA_STYLE('',(#15646));
#15648=SURFACE_STYLE_FILL_AREA(#15647);
#15649=SURFACE_SIDE_STYLE('',(#15648));
#15650=SURFACE_STYLE_USAGE(.BOTH.,#15649);
#15651=PRESENTATION_STYLE_ASSIGNMENT((#15650));
#15652=STYLED_ITEM('',(#15651),#15645);
#15653=CARTESIAN_POINT('',(1.498958289623E0,7.945E0,1.097872358561E0));
#15654=DIRECTION('',(0.E0,0.E0,1.E0));
#15655=DIRECTION('',(-1.E0,0.E0,0.E0));
#15656=AXIS2_PLACEMENT_3D('',#15653,#15654,#15655);
#15657=PLANE('',#15656);
#15658=ORIENTED_EDGE('',*,*,#9112,.T.);
#15660=ORIENTED_EDGE('',*,*,#15659,.F.);
#15662=ORIENTED_EDGE('',*,*,#15661,.T.);
#15663=ORIENTED_EDGE('',*,*,#15638,.T.);
#15664=EDGE_LOOP('',(#15658,#15660,#15662,#15663));
#15665=FACE_OUTER_BOUND('',#15664,.F.);
#15667=FILL_AREA_STYLE_COLOUR('',#2);
#15668=FILL_AREA_STYLE('',(#15667));
#15669=SURFACE_STYLE_FILL_AREA(#15668);
#15670=SURFACE_SIDE_STYLE('',(#15669));
#15671=SURFACE_STYLE_USAGE(.BOTH.,#15670);
#15672=PRESENTATION_STYLE_ASSIGNMENT((#15671));
#15673=STYLED_ITEM('',(#15672),#15666);
#15674=CARTESIAN_POINT('',(1.613541710377E0,7.945E0,1.109574484825E0));
#15675=DIRECTION('',(-2.001232084906E-1,0.E0,9.797707392158E-1));
#15676=DIRECTION('',(-9.797707392158E-1,0.E0,-2.001232084906E-1));
#15677=AXIS2_PLACEMENT_3D('',#15674,#15675,#15676);
#15678=PLANE('',#15677);
#15679=ORIENTED_EDGE('',*,*,#9110,.F.);
#15681=ORIENTED_EDGE('',*,*,#15680,.F.);
#15683=ORIENTED_EDGE('',*,*,#15682,.F.);
#15684=ORIENTED_EDGE('',*,*,#15659,.T.);
#15685=EDGE_LOOP('',(#15679,#15681,#15683,#15684));
#15686=FACE_OUTER_BOUND('',#15685,.F.);
#15688=FILL_AREA_STYLE_COLOUR('',#2);
#15689=FILL_AREA_STYLE('',(#15688));
#15690=SURFACE_STYLE_FILL_AREA(#15689);
#15691=SURFACE_SIDE_STYLE('',(#15690));
#15692=SURFACE_STYLE_USAGE(.BOTH.,#15691);
#15693=PRESENTATION_STYLE_ASSIGNMENT((#15692));
#15694=STYLED_ITEM('',(#15693),#15687);
#15695=CARTESIAN_POINT('',(1.728125E0,7.945E0,1.156382989883E0));
#15696=DIRECTION('',(-5.224775082034E-1,0.E0,8.526530674440E-1));
#15697=DIRECTION('',(-8.526530674440E-1,0.E0,-5.224775082034E-1));
#15698=AXIS2_PLACEMENT_3D('',#15695,#15696,#15697);
#15699=PLANE('',#15698);
#15700=ORIENTED_EDGE('',*,*,#9108,.F.);
#15701=ORIENTED_EDGE('',*,*,#14885,.T.);
#15703=ORIENTED_EDGE('',*,*,#15702,.F.);
#15704=ORIENTED_EDGE('',*,*,#15680,.T.);
#15705=EDGE_LOOP('',(#15700,#15701,#15703,#15704));
#15706=FACE_OUTER_BOUND('',#15705,.F.);
#15708=FILL_AREA_STYLE_COLOUR('',#2);
#15709=FILL_AREA_STYLE('',(#15708));
#15710=SURFACE_STYLE_FILL_AREA(#15709);
#15711=SURFACE_SIDE_STYLE('',(#15710));
#15712=SURFACE_STYLE_USAGE(.BOTH.,#15711);
#15713=PRESENTATION_STYLE_ASSIGNMENT((#15712));
#15714=STYLED_ITEM('',(#15713),#15707);
#15715=CARTESIAN_POINT('',(1.4875E0,7.94E0,1.25E0));
#15716=DIRECTION('',(0.E0,1.E0,0.E0));
#15717=DIRECTION('',(1.E0,0.E0,0.E0));
#15718=AXIS2_PLACEMENT_3D('',#15715,#15716,#15717);
#15719=PLANE('',#15718);
#15720=ORIENTED_EDGE('',*,*,#14883,.T.);
#15721=ORIENTED_EDGE('',*,*,#14905,.T.);
#15722=ORIENTED_EDGE('',*,*,#14926,.F.);
#15723=ORIENTED_EDGE('',*,*,#14947,.T.);
#15724=ORIENTED_EDGE('',*,*,#14968,.T.);
#15725=ORIENTED_EDGE('',*,*,#14989,.T.);
#15726=ORIENTED_EDGE('',*,*,#15010,.T.);
#15727=ORIENTED_EDGE('',*,*,#15031,.F.);
#15728=ORIENTED_EDGE('',*,*,#15052,.T.);
#15729=ORIENTED_EDGE('',*,*,#15073,.T.);
#15730=ORIENTED_EDGE('',*,*,#15094,.T.);
#15731=ORIENTED_EDGE('',*,*,#15115,.T.);
#15732=ORIENTED_EDGE('',*,*,#15136,.T.);
#15733=ORIENTED_EDGE('',*,*,#15157,.F.);
#15734=ORIENTED_EDGE('',*,*,#15178,.T.);
#15735=ORIENTED_EDGE('',*,*,#15199,.T.);
#15736=ORIENTED_EDGE('',*,*,#15220,.T.);
#15737=ORIENTED_EDGE('',*,*,#15241,.T.);
#15738=ORIENTED_EDGE('',*,*,#15262,.T.);
#15739=ORIENTED_EDGE('',*,*,#15283,.F.);
#15740=ORIENTED_EDGE('',*,*,#15304,.T.);
#15741=ORIENTED_EDGE('',*,*,#15325,.T.);
#15742=ORIENTED_EDGE('',*,*,#15346,.T.);
#15743=ORIENTED_EDGE('',*,*,#15367,.T.);
#15744=ORIENTED_EDGE('',*,*,#15388,.F.);
#15745=ORIENTED_EDGE('',*,*,#15409,.T.);
#15746=ORIENTED_EDGE('',*,*,#15430,.T.);
#15747=ORIENTED_EDGE('',*,*,#15451,.T.);
#15748=ORIENTED_EDGE('',*,*,#15472,.F.);
#15749=ORIENTED_EDGE('',*,*,#15493,.T.);
#15750=ORIENTED_EDGE('',*,*,#15514,.T.);
#15751=ORIENTED_EDGE('',*,*,#15535,.T.);
#15752=ORIENTED_EDGE('',*,*,#15556,.T.);
#15753=ORIENTED_EDGE('',*,*,#15577,.T.);
#15754=ORIENTED_EDGE('',*,*,#15598,.F.);
#15755=ORIENTED_EDGE('',*,*,#15619,.T.);
#15756=ORIENTED_EDGE('',*,*,#15640,.T.);
#15757=ORIENTED_EDGE('',*,*,#15661,.F.);
#15758=ORIENTED_EDGE('',*,*,#15682,.T.);
#15759=ORIENTED_EDGE('',*,*,#15702,.T.);
#15760=EDGE_LOOP('',(#15720,#15721,#15722,#15723,#15724,#15725,#15726,#15727,
#15728,#15729,#15730,#15731,#15732,#15733,#15734,#15735,#15736,#15737,#15738,
#15739,#15740,#15741,#15742,#15743,#15744,#15745,#15746,#15747,#15748,#15749,
#15750,#15751,#15752,#15753,#15754,#15755,#15756,#15757,#15758,#15759));
#15761=FACE_OUTER_BOUND('',#15760,.F.);
#15763=ORIENTED_EDGE('',*,*,#15762,.T.);
#15765=ORIENTED_EDGE('',*,*,#15764,.T.);
#15767=ORIENTED_EDGE('',*,*,#15766,.T.);
#15769=ORIENTED_EDGE('',*,*,#15768,.T.);
#15771=ORIENTED_EDGE('',*,*,#15770,.F.);
#15773=ORIENTED_EDGE('',*,*,#15772,.T.);
#15775=ORIENTED_EDGE('',*,*,#15774,.T.);
#15777=ORIENTED_EDGE('',*,*,#15776,.T.);
#15779=ORIENTED_EDGE('',*,*,#15778,.T.);
#15781=ORIENTED_EDGE('',*,*,#15780,.F.);
#15783=ORIENTED_EDGE('',*,*,#15782,.T.);
#15785=ORIENTED_EDGE('',*,*,#15784,.T.);
#15787=ORIENTED_EDGE('',*,*,#15786,.T.);
#15789=ORIENTED_EDGE('',*,*,#15788,.T.);
#15791=ORIENTED_EDGE('',*,*,#15790,.F.);
#15793=ORIENTED_EDGE('',*,*,#15792,.T.);
#15795=ORIENTED_EDGE('',*,*,#15794,.T.);
#15797=ORIENTED_EDGE('',*,*,#15796,.T.);
#15799=ORIENTED_EDGE('',*,*,#15798,.T.);
#15801=ORIENTED_EDGE('',*,*,#15800,.F.);
#15802=EDGE_LOOP('',(#15763,#15765,#15767,#15769,#15771,#15773,#15775,#15777,
#15779,#15781,#15783,#15785,#15787,#15789,#15791,#15793,#15795,#15797,#15799,
#15801));
#15803=FACE_BOUND('',#15802,.F.);
#15805=FILL_AREA_STYLE_COLOUR('',#1);
#15806=FILL_AREA_STYLE('',(#15805));
#15807=SURFACE_STYLE_FILL_AREA(#15806);
#15808=SURFACE_SIDE_STYLE('',(#15807));
#15809=SURFACE_STYLE_USAGE(.BOTH.,#15808);
#15810=PRESENTATION_STYLE_ASSIGNMENT((#15809));
#15811=STYLED_ITEM('',(#15810),#15804);
#15812=CARTESIAN_POINT('',(1.773958289623E0,7.945E0,1.367021279037E0));
#15813=DIRECTION('',(9.506455839695E-1,0.E0,-3.102788643772E-1));
#15814=DIRECTION('',(3.102788643772E-1,0.E0,9.506455839695E-1));
#15815=AXIS2_PLACEMENT_3D('',#15812,#15813,#15814);
#15816=PLANE('',#15815);
#15818=ORIENTED_EDGE('',*,*,#15817,.F.);
#15820=ORIENTED_EDGE('',*,*,#15819,.F.);
#15821=ORIENTED_EDGE('',*,*,#15762,.F.);
#15823=ORIENTED_EDGE('',*,*,#15822,.F.);
#15824=EDGE_LOOP('',(#15818,#15820,#15821,#15823));
#15825=FACE_OUTER_BOUND('',#15824,.F.);
#15827=FILL_AREA_STYLE_COLOUR('',#2);
#15828=FILL_AREA_STYLE('',(#15827));
#15829=SURFACE_STYLE_FILL_AREA(#15828);
#15830=SURFACE_SIDE_STYLE('',(#15829));
#15831=SURFACE_STYLE_USAGE(.BOTH.,#15830);
#15832=PRESENTATION_STYLE_ASSIGNMENT((#15831));
#15833=STYLED_ITEM('',(#15832),#15826);
#15834=CARTESIAN_POINT('',(1.498958289624E0,7.95E0,1.448936171084E0));
#15835=DIRECTION('',(0.E0,1.E0,0.E0));
#15836=DIRECTION('',(1.E0,0.E0,0.E0));
#15837=AXIS2_PLACEMENT_3D('',#15834,#15835,#15836);
#15838=PLANE('',#15837);
#15839=ORIENTED_EDGE('',*,*,#15817,.T.);
#15841=ORIENTED_EDGE('',*,*,#15840,.F.);
#15843=ORIENTED_EDGE('',*,*,#15842,.T.);
#15845=ORIENTED_EDGE('',*,*,#15844,.T.);
#15847=ORIENTED_EDGE('',*,*,#15846,.T.);
#15849=ORIENTED_EDGE('',*,*,#15848,.T.);
#15851=ORIENTED_EDGE('',*,*,#15850,.F.);
#15853=ORIENTED_EDGE('',*,*,#15852,.T.);
#15855=ORIENTED_EDGE('',*,*,#15854,.T.);
#15857=ORIENTED_EDGE('',*,*,#15856,.T.);
#15859=ORIENTED_EDGE('',*,*,#15858,.T.);
#15861=ORIENTED_EDGE('',*,*,#15860,.F.);
#15863=ORIENTED_EDGE('',*,*,#15862,.T.);
#15865=ORIENTED_EDGE('',*,*,#15864,.T.);
#15867=ORIENTED_EDGE('',*,*,#15866,.T.);
#15869=ORIENTED_EDGE('',*,*,#15868,.T.);
#15871=ORIENTED_EDGE('',*,*,#15870,.F.);
#15873=ORIENTED_EDGE('',*,*,#15872,.T.);
#15875=ORIENTED_EDGE('',*,*,#15874,.T.);
#15877=ORIENTED_EDGE('',*,*,#15876,.T.);
#15878=EDGE_LOOP('',(#15839,#15841,#15843,#15845,#15847,#15849,#15851,#15853,
#15855,#15857,#15859,#15861,#15863,#15865,#15867,#15869,#15871,#15873,#15875,
#15877));
#15879=FACE_OUTER_BOUND('',#15878,.F.);
#15881=FILL_AREA_STYLE_COLOUR('',#2);
#15882=FILL_AREA_STYLE('',(#15881));
#15883=SURFACE_STYLE_FILL_AREA(#15882);
#15884=SURFACE_SIDE_STYLE('',(#15883));
#15885=SURFACE_STYLE_USAGE(.BOTH.,#15884);
#15886=PRESENTATION_STYLE_ASSIGNMENT((#15885));
#15887=STYLED_ITEM('',(#15886),#15880);
#15888=CARTESIAN_POINT('',(1.785416579247E0,7.945E0,1.437234053016E0));
#15889=DIRECTION('',(1.E0,0.E0,0.E0));
#15890=DIRECTION('',(0.E0,0.E0,1.E0));
#15891=AXIS2_PLACEMENT_3D('',#15888,#15889,#15890);
#15892=PLANE('',#15891);
#15893=ORIENTED_EDGE('',*,*,#15840,.T.);
#15894=ORIENTED_EDGE('',*,*,#15822,.T.);
#15895=ORIENTED_EDGE('',*,*,#15800,.T.);
#15897=ORIENTED_EDGE('',*,*,#15896,.T.);
#15898=EDGE_LOOP('',(#15893,#15894,#15895,#15897));
#15899=FACE_OUTER_BOUND('',#15898,.F.);
#15901=FILL_AREA_STYLE_COLOUR('',#2);
#15902=FILL_AREA_STYLE('',(#15901));
#15903=SURFACE_STYLE_FILL_AREA(#15902);
#15904=SURFACE_SIDE_STYLE('',(#15903));
#15905=SURFACE_STYLE_USAGE(.BOTH.,#15904);
#15906=PRESENTATION_STYLE_ASSIGNMENT((#15905));
#15907=STYLED_ITEM('',(#15906),#15900);
#15908=CARTESIAN_POINT('',(1.773958289623E0,7.945E0,1.507446810603E0));
#15909=DIRECTION('',(9.506455412396E-1,0.E0,3.102789952950E-1));
#15910=DIRECTION('',(-3.102789952950E-1,0.E0,9.506455412396E-1));
#15911=AXIS2_PLACEMENT_3D('',#15908,#15909,#15910);
#15912=PLANE('',#15911);
#15913=ORIENTED_EDGE('',*,*,#15842,.F.);
#15914=ORIENTED_EDGE('',*,*,#15896,.F.);
#15915=ORIENTED_EDGE('',*,*,#15798,.F.);
#15917=ORIENTED_EDGE('',*,*,#15916,.T.);
#15918=EDGE_LOOP('',(#15913,#15914,#15915,#15917));
#15919=FACE_OUTER_BOUND('',#15918,.F.);
#15921=FILL_AREA_STYLE_COLOUR('',#2);
#15922=FILL_AREA_STYLE('',(#15921));
#15923=SURFACE_STYLE_FILL_AREA(#15922);
#15924=SURFACE_SIDE_STYLE('',(#15923));
#15925=SURFACE_STYLE_USAGE(.BOTH.,#15924);
#15926=PRESENTATION_STYLE_ASSIGNMENT((#15925));
#15927=STYLED_ITEM('',(#15926),#15920);
#15928=CARTESIAN_POINT('',(1.739583289623E0,7.945E0,1.577659576387E0));
#15929=DIRECTION('',(8.373787017218E-1,0.E0,5.466231882227E-1));
#15930=DIRECTION('',(-5.466231882227E-1,0.E0,8.373787017218E-1));
#15931=AXIS2_PLACEMENT_3D('',#15928,#15929,#15930);
#15932=PLANE('',#15931);
#15933=ORIENTED_EDGE('',*,*,#15844,.F.);
#15934=ORIENTED_EDGE('',*,*,#15916,.F.);
#15935=ORIENTED_EDGE('',*,*,#15796,.F.);
#15937=ORIENTED_EDGE('',*,*,#15936,.T.);
#15938=EDGE_LOOP('',(#15933,#15934,#15935,#15937));
#15939=FACE_OUTER_BOUND('',#15938,.F.);
#15941=FILL_AREA_STYLE_COLOUR('',#2);
#15942=FILL_AREA_STYLE('',(#15941));
#15943=SURFACE_STYLE_FILL_AREA(#15942);
#15944=SURFACE_SIDE_STYLE('',(#15943));
#15945=SURFACE_STYLE_USAGE(.BOTH.,#15944);
#15946=PRESENTATION_STYLE_ASSIGNMENT((#15945));
#15947=STYLED_ITEM('',(#15946),#15940);
#15948=CARTESIAN_POINT('',(1.682291579247E0,7.945E0,1.636170215904E0));
#15949=DIRECTION('',(5.627909312427E-1,0.E0,8.265992787990E-1));
#15950=DIRECTION('',(-8.265992787990E-1,0.E0,5.627909312427E-1));
#15951=AXIS2_PLACEMENT_3D('',#15948,#15949,#15950);
#15952=PLANE('',#15951);
#15953=ORIENTED_EDGE('',*,*,#15846,.F.);
#15954=ORIENTED_EDGE('',*,*,#15936,.F.);
#15955=ORIENTED_EDGE('',*,*,#15794,.F.);
#15957=ORIENTED_EDGE('',*,*,#15956,.T.);
#15958=EDGE_LOOP('',(#15953,#15954,#15955,#15957));
#15959=FACE_OUTER_BOUND('',#15958,.F.);
#15961=FILL_AREA_STYLE_COLOUR('',#2);
#15962=FILL_AREA_STYLE('',(#15961));
#15963=SURFACE_STYLE_FILL_AREA(#15962);
#15964=SURFACE_SIDE_STYLE('',(#15963));
#15965=SURFACE_STYLE_USAGE(.BOTH.,#15964);
#15966=PRESENTATION_STYLE_ASSIGNMENT((#15965));
#15967=STYLED_ITEM('',(#15966),#15960);
#15968=CARTESIAN_POINT('',(1.613541579247E0,7.945E0,1.671276594698E0));
#15969=DIRECTION('',(3.222637633785E-1,0.E0,9.466499177696E-1));
#15970=DIRECTION('',(-9.466499177696E-1,0.E0,3.222637633785E-1));
#15971=AXIS2_PLACEMENT_3D('',#15968,#15969,#15970);
#15972=PLANE('',#15971);
#15973=ORIENTED_EDGE('',*,*,#15848,.F.);
#15974=ORIENTED_EDGE('',*,*,#15956,.F.);
#15975=ORIENTED_EDGE('',*,*,#15792,.F.);
#15977=ORIENTED_EDGE('',*,*,#15976,.T.);
#15978=EDGE_LOOP('',(#15973,#15974,#15975,#15977));
#15979=FACE_OUTER_BOUND('',#15978,.F.);
#15981=FILL_AREA_STYLE_COLOUR('',#2);
#15982=FILL_AREA_STYLE('',(#15981));
#15983=SURFACE_STYLE_FILL_AREA(#15982);
#15984=SURFACE_SIDE_STYLE('',(#15983));
#15985=SURFACE_STYLE_USAGE(.BOTH.,#15984);
#15986=PRESENTATION_STYLE_ASSIGNMENT((#15985));
#15987=STYLED_ITEM('',(#15986),#15980);
#15988=CARTESIAN_POINT('',(1.498958289623E0,7.945E0,1.682978720963E0));
#15989=DIRECTION('',(0.E0,0.E0,1.E0));
#15990=DIRECTION('',(-1.E0,0.E0,0.E0));
#15991=AXIS2_PLACEMENT_3D('',#15988,#15989,#15990);
#15992=PLANE('',#15991);
#15993=ORIENTED_EDGE('',*,*,#15850,.T.);
#15994=ORIENTED_EDGE('',*,*,#15976,.F.);
#15995=ORIENTED_EDGE('',*,*,#15790,.T.);
#15997=ORIENTED_EDGE('',*,*,#15996,.T.);
#15998=EDGE_LOOP('',(#15993,#15994,#15995,#15997));
#15999=FACE_OUTER_BOUND('',#15998,.F.);
#16001=FILL_AREA_STYLE_COLOUR('',#2);
#16002=FILL_AREA_STYLE('',(#16001));
#16003=SURFACE_STYLE_FILL_AREA(#16002);
#16004=SURFACE_SIDE_STYLE('',(#16003));
#16005=SURFACE_STYLE_USAGE(.BOTH.,#16004);
#16006=PRESENTATION_STYLE_ASSIGNMENT((#16005));
#16007=STYLED_ITEM('',(#16006),#16000);
#16008=CARTESIAN_POINT('',(1.384375E0,7.945E0,1.671276594698E0));
#16009=DIRECTION('',(-3.222637633759E-1,0.E0,9.466499177704E-1));
#16010=DIRECTION('',(-9.466499177704E-1,0.E0,-3.222637633759E-1));
#16011=AXIS2_PLACEMENT_3D('',#16008,#16009,#16010);
#16012=PLANE('',#16011);
#16013=ORIENTED_EDGE('',*,*,#15852,.F.);
#16014=ORIENTED_EDGE('',*,*,#15996,.F.);
#16015=ORIENTED_EDGE('',*,*,#15788,.F.);
#16017=ORIENTED_EDGE('',*,*,#16016,.T.);
#16018=EDGE_LOOP('',(#16013,#16014,#16015,#16017));
#16019=FACE_OUTER_BOUND('',#16018,.F.);
#16021=FILL_AREA_STYLE_COLOUR('',#2);
#16022=FILL_AREA_STYLE('',(#16021));
#16023=SURFACE_STYLE_FILL_AREA(#16022);
#16024=SURFACE_SIDE_STYLE('',(#16023));
#16025=SURFACE_STYLE_USAGE(.BOTH.,#16024);
#16026=PRESENTATION_STYLE_ASSIGNMENT((#16025));
#16027=STYLED_ITEM('',(#16026),#16020);
#16028=CARTESIAN_POINT('',(1.315625E0,7.945E0,1.636170215905E0));
#16029=DIRECTION('',(-5.627909312390E-1,0.E0,8.265992788015E-1));
#16030=DIRECTION('',(-8.265992788015E-1,0.E0,-5.627909312390E-1));
#16031=AXIS2_PLACEMENT_3D('',#16028,#16029,#16030);
#16032=PLANE('',#16031);
#16033=ORIENTED_EDGE('',*,*,#15854,.F.);
#16034=ORIENTED_EDGE('',*,*,#16016,.F.);
#16035=ORIENTED_EDGE('',*,*,#15786,.F.);
#16037=ORIENTED_EDGE('',*,*,#16036,.T.);
#16038=EDGE_LOOP('',(#16033,#16034,#16035,#16037));
#16039=FACE_OUTER_BOUND('',#16038,.F.);
#16041=FILL_AREA_STYLE_COLOUR('',#2);
#16042=FILL_AREA_STYLE('',(#16041));
#16043=SURFACE_STYLE_FILL_AREA(#16042);
#16044=SURFACE_SIDE_STYLE('',(#16043));
#16045=SURFACE_STYLE_USAGE(.BOTH.,#16044);
#16046=PRESENTATION_STYLE_ASSIGNMENT((#16045));
#16047=STYLED_ITEM('',(#16046),#16040);
#16048=CARTESIAN_POINT('',(1.258333289623E0,7.945E0,1.577659576387E0));
#16049=DIRECTION('',(8.373787017218E-1,0.E0,-5.466231882227E-1));
#16050=DIRECTION('',(-5.466231882227E-1,0.E0,-8.373787017218E-1));
#16051=AXIS2_PLACEMENT_3D('',#16048,#16049,#16050);
#16052=PLANE('',#16051);
#16053=ORIENTED_EDGE('',*,*,#15856,.F.);
#16054=ORIENTED_EDGE('',*,*,#16036,.F.);
#16055=ORIENTED_EDGE('',*,*,#15784,.F.);
#16057=ORIENTED_EDGE('',*,*,#16056,.T.);
#16058=EDGE_LOOP('',(#16053,#16054,#16055,#16057));
#16059=FACE_OUTER_BOUND('',#16058,.F.);
#16061=FILL_AREA_STYLE_COLOUR('',#2);
#16062=FILL_AREA_STYLE('',(#16061));
#16063=SURFACE_STYLE_FILL_AREA(#16062);
#16064=SURFACE_SIDE_STYLE('',(#16063));
#16065=SURFACE_STYLE_USAGE(.BOTH.,#16064);
#16066=PRESENTATION_STYLE_ASSIGNMENT((#16065));
#16067=STYLED_ITEM('',(#16066),#16060);
#16068=CARTESIAN_POINT('',(1.223958289623E0,7.945E0,1.507446810603E0));
#16069=DIRECTION('',(9.506455412396E-1,0.E0,-3.102789952950E-1));
#16070=DIRECTION('',(-3.102789952950E-1,0.E0,-9.506455412396E-1));
#16071=AXIS2_PLACEMENT_3D('',#16068,#16069,#16070);
#16072=PLANE('',#16071);
#16073=ORIENTED_EDGE('',*,*,#15858,.F.);
#16074=ORIENTED_EDGE('',*,*,#16056,.F.);
#16075=ORIENTED_EDGE('',*,*,#15782,.F.);
#16077=ORIENTED_EDGE('',*,*,#16076,.T.);
#16078=EDGE_LOOP('',(#16073,#16074,#16075,#16077));
#16079=FACE_OUTER_BOUND('',#16078,.F.);
#16081=FILL_AREA_STYLE_COLOUR('',#2);
#16082=FILL_AREA_STYLE('',(#16081));
#16083=SURFACE_STYLE_FILL_AREA(#16082);
#16084=SURFACE_SIDE_STYLE('',(#16083));
#16085=SURFACE_STYLE_USAGE(.BOTH.,#16084);
#16086=PRESENTATION_STYLE_ASSIGNMENT((#16085));
#16087=STYLED_ITEM('',(#16086),#16080);
#16088=CARTESIAN_POINT('',(1.2125E0,7.945E0,1.437234053015E0));
#16089=DIRECTION('',(1.E0,0.E0,0.E0));
#16090=DIRECTION('',(0.E0,0.E0,-1.E0));
#16091=AXIS2_PLACEMENT_3D('',#16088,#16089,#16090);
#16092=PLANE('',#16091);
#16093=ORIENTED_EDGE('',*,*,#15860,.T.);
#16094=ORIENTED_EDGE('',*,*,#16076,.F.);
#16095=ORIENTED_EDGE('',*,*,#15780,.T.);
#16097=ORIENTED_EDGE('',*,*,#16096,.T.);
#16098=EDGE_LOOP('',(#16093,#16094,#16095,#16097));
#16099=FACE_OUTER_BOUND('',#16098,.F.);
#16101=FILL_AREA_STYLE_COLOUR('',#2);
#16102=FILL_AREA_STYLE('',(#16101));
#16103=SURFACE_STYLE_FILL_AREA(#16102);
#16104=SURFACE_SIDE_STYLE('',(#16103));
#16105=SURFACE_STYLE_USAGE(.BOTH.,#16104);
#16106=PRESENTATION_STYLE_ASSIGNMENT((#16105));
#16107=STYLED_ITEM('',(#16106),#16100);
#16108=CARTESIAN_POINT('',(1.223958289623E0,7.945E0,1.367021279037E0));
#16109=DIRECTION('',(9.506455839695E-1,0.E0,3.102788643772E-1));
#16110=DIRECTION('',(3.102788643772E-1,0.E0,-9.506455839695E-1));
#16111=AXIS2_PLACEMENT_3D('',#16108,#16109,#16110);
#16112=PLANE('',#16111);
#16113=ORIENTED_EDGE('',*,*,#15862,.F.);
#16114=ORIENTED_EDGE('',*,*,#16096,.F.);
#16115=ORIENTED_EDGE('',*,*,#15778,.F.);
#16117=ORIENTED_EDGE('',*,*,#16116,.T.);
#16118=EDGE_LOOP('',(#16113,#16114,#16115,#16117));
#16119=FACE_OUTER_BOUND('',#16118,.F.);
#16121=FILL_AREA_STYLE_COLOUR('',#2);
#16122=FILL_AREA_STYLE('',(#16121));
#16123=SURFACE_STYLE_FILL_AREA(#16122);
#16124=SURFACE_SIDE_STYLE('',(#16123));
#16125=SURFACE_STYLE_USAGE(.BOTH.,#16124);
#16126=PRESENTATION_STYLE_ASSIGNMENT((#16125));
#16127=STYLED_ITEM('',(#16126),#16120);
#16128=CARTESIAN_POINT('',(1.258333289623E0,7.945E0,1.308510631323E0));
#16129=DIRECTION('',(7.145097177333E-1,0.E0,6.996255164476E-1));
#16130=DIRECTION('',(6.996255164476E-1,0.E0,-7.145097177333E-1));
#16131=AXIS2_PLACEMENT_3D('',#16128,#16129,#16130);
#16132=PLANE('',#16131);
#16133=ORIENTED_EDGE('',*,*,#15864,.F.);
#16134=ORIENTED_EDGE('',*,*,#16116,.F.);
#16135=ORIENTED_EDGE('',*,*,#15776,.F.);
#16137=ORIENTED_EDGE('',*,*,#16136,.T.);
#16138=EDGE_LOOP('',(#16133,#16134,#16135,#16137));
#16139=FACE_OUTER_BOUND('',#16138,.F.);
#16141=FILL_AREA_STYLE_COLOUR('',#2);
#16142=FILL_AREA_STYLE('',(#16141));
#16143=SURFACE_STYLE_FILL_AREA(#16142);
#16144=SURFACE_SIDE_STYLE('',(#16143));
#16145=SURFACE_STYLE_USAGE(.BOTH.,#16144);
#16146=PRESENTATION_STYLE_ASSIGNMENT((#16145));
#16147=STYLED_ITEM('',(#16146),#16140);
#16148=CARTESIAN_POINT('',(1.315625E0,7.945E0,1.261702126265E0));
#16149=DIRECTION('',(5.627909312390E-1,0.E0,8.265992788015E-1));
#16150=DIRECTION('',(8.265992788015E-1,0.E0,-5.627909312390E-1));
#16151=AXIS2_PLACEMENT_3D('',#16148,#16149,#16150);
#16152=PLANE('',#16151);
#16153=ORIENTED_EDGE('',*,*,#15866,.F.);
#16154=ORIENTED_EDGE('',*,*,#16136,.F.);
#16155=ORIENTED_EDGE('',*,*,#15774,.F.);
#16157=ORIENTED_EDGE('',*,*,#16156,.T.);
#16158=EDGE_LOOP('',(#16153,#16154,#16155,#16157));
#16159=FACE_OUTER_BOUND('',#16158,.F.);
#16161=FILL_AREA_STYLE_COLOUR('',#2);
#16162=FILL_AREA_STYLE('',(#16161));
#16163=SURFACE_STYLE_FILL_AREA(#16162);
#16164=SURFACE_SIDE_STYLE('',(#16163));
#16165=SURFACE_STYLE_USAGE(.BOTH.,#16164);
#16166=PRESENTATION_STYLE_ASSIGNMENT((#16165));
#16167=STYLED_ITEM('',(#16166),#16160);
#16168=CARTESIAN_POINT('',(1.384375E0,7.945E0,1.226595747471E0));
#16169=DIRECTION('',(3.222637633759E-1,0.E0,9.466499177704E-1));
#16170=DIRECTION('',(9.466499177704E-1,0.E0,-3.222637633759E-1));
#16171=AXIS2_PLACEMENT_3D('',#16168,#16169,#16170);
#16172=PLANE('',#16171);
#16173=ORIENTED_EDGE('',*,*,#15868,.F.);
#16174=ORIENTED_EDGE('',*,*,#16156,.F.);
#16175=ORIENTED_EDGE('',*,*,#15772,.F.);
#16177=ORIENTED_EDGE('',*,*,#16176,.T.);
#16178=EDGE_LOOP('',(#16173,#16174,#16175,#16177));
#16179=FACE_OUTER_BOUND('',#16178,.F.);
#16181=FILL_AREA_STYLE_COLOUR('',#2);
#16182=FILL_AREA_STYLE('',(#16181));
#16183=SURFACE_STYLE_FILL_AREA(#16182);
#16184=SURFACE_SIDE_STYLE('',(#16183));
#16185=SURFACE_STYLE_USAGE(.BOTH.,#16184);
#16186=PRESENTATION_STYLE_ASSIGNMENT((#16185));
#16187=STYLED_ITEM('',(#16186),#16180);
#16188=CARTESIAN_POINT('',(1.498958289623E0,7.945E0,1.214893621206E0));
#16189=DIRECTION('',(0.E0,0.E0,1.E0));
#16190=DIRECTION('',(1.E0,0.E0,0.E0));
#16191=AXIS2_PLACEMENT_3D('',#16188,#16189,#16190);
#16192=PLANE('',#16191);
#16193=ORIENTED_EDGE('',*,*,#15870,.T.);
#16194=ORIENTED_EDGE('',*,*,#16176,.F.);
#16195=ORIENTED_EDGE('',*,*,#15770,.T.);
#16197=ORIENTED_EDGE('',*,*,#16196,.T.);
#16198=EDGE_LOOP('',(#16193,#16194,#16195,#16197));
#16199=FACE_OUTER_BOUND('',#16198,.F.);
#16201=FILL_AREA_STYLE_COLOUR('',#2);
#16202=FILL_AREA_STYLE('',(#16201));
#16203=SURFACE_STYLE_FILL_AREA(#16202);
#16204=SURFACE_SIDE_STYLE('',(#16203));
#16205=SURFACE_STYLE_USAGE(.BOTH.,#16204);
#16206=PRESENTATION_STYLE_ASSIGNMENT((#16205));
#16207=STYLED_ITEM('',(#16206),#16200);
#16208=CARTESIAN_POINT('',(1.613541579247E0,7.945E0,1.226595747471E0));
#16209=DIRECTION('',(-3.222637633785E-1,0.E0,9.466499177696E-1));
#16210=DIRECTION('',(9.466499177696E-1,0.E0,3.222637633785E-1));
#16211=AXIS2_PLACEMENT_3D('',#16208,#16209,#16210);
#16212=PLANE('',#16211);
#16213=ORIENTED_EDGE('',*,*,#15872,.F.);
#16214=ORIENTED_EDGE('',*,*,#16196,.F.);
#16215=ORIENTED_EDGE('',*,*,#15768,.F.);
#16217=ORIENTED_EDGE('',*,*,#16216,.T.);
#16218=EDGE_LOOP('',(#16213,#16214,#16215,#16217));
#16219=FACE_OUTER_BOUND('',#16218,.F.);
#16221=FILL_AREA_STYLE_COLOUR('',#2);
#16222=FILL_AREA_STYLE('',(#16221));
#16223=SURFACE_STYLE_FILL_AREA(#16222);
#16224=SURFACE_SIDE_STYLE('',(#16223));
#16225=SURFACE_STYLE_USAGE(.BOTH.,#16224);
#16226=PRESENTATION_STYLE_ASSIGNMENT((#16225));
#16227=STYLED_ITEM('',(#16226),#16220);
#16228=CARTESIAN_POINT('',(1.682291579247E0,7.945E0,1.261702126265E0));
#16229=DIRECTION('',(-5.627909312427E-1,0.E0,8.265992787990E-1));
#16230=DIRECTION('',(8.265992787990E-1,0.E0,5.627909312427E-1));
#16231=AXIS2_PLACEMENT_3D('',#16228,#16229,#16230);
#16232=PLANE('',#16231);
#16233=ORIENTED_EDGE('',*,*,#15874,.F.);
#16234=ORIENTED_EDGE('',*,*,#16216,.F.);
#16235=ORIENTED_EDGE('',*,*,#15766,.F.);
#16237=ORIENTED_EDGE('',*,*,#16236,.T.);
#16238=EDGE_LOOP('',(#16233,#16234,#16235,#16237));
#16239=FACE_OUTER_BOUND('',#16238,.F.);
#16241=FILL_AREA_STYLE_COLOUR('',#2);
#16242=FILL_AREA_STYLE('',(#16241));
#16243=SURFACE_STYLE_FILL_AREA(#16242);
#16244=SURFACE_SIDE_STYLE('',(#16243));
#16245=SURFACE_STYLE_USAGE(.BOTH.,#16244);
#16246=PRESENTATION_STYLE_ASSIGNMENT((#16245));
#16247=STYLED_ITEM('',(#16246),#16240);
#16248=CARTESIAN_POINT('',(1.739583289623E0,7.945E0,1.308510631323E0));
#16249=DIRECTION('',(7.145097177333E-1,0.E0,-6.996255164476E-1));
#16250=DIRECTION('',(6.996255164476E-1,0.E0,7.145097177333E-1));
#16251=AXIS2_PLACEMENT_3D('',#16248,#16249,#16250);
#16252=PLANE('',#16251);
#16253=ORIENTED_EDGE('',*,*,#15876,.F.);
#16254=ORIENTED_EDGE('',*,*,#16236,.F.);
#16255=ORIENTED_EDGE('',*,*,#15764,.F.);
#16256=ORIENTED_EDGE('',*,*,#15819,.T.);
#16257=EDGE_LOOP('',(#16253,#16254,#16255,#16256));
#16258=FACE_OUTER_BOUND('',#16257,.F.);
#16260=FILL_AREA_STYLE_COLOUR('',#2);
#16261=FILL_AREA_STYLE('',(#16260));
#16262=SURFACE_STYLE_FILL_AREA(#16261);
#16263=SURFACE_SIDE_STYLE('',(#16262));
#16264=SURFACE_STYLE_USAGE(.BOTH.,#16263);
#16265=PRESENTATION_STYLE_ASSIGNMENT((#16264));
#16266=STYLED_ITEM('',(#16265),#16259);
#16267=CARTESIAN_POINT('',(2.083333158493E0,7.945E0,1.25E0));
#16268=DIRECTION('',(1.E0,0.E0,0.E0));
#16269=DIRECTION('',(0.E0,0.E0,1.E0));
#16270=AXIS2_PLACEMENT_3D('',#16267,#16268,#16269);
#16271=PLANE('',#16270);
#16272=ORIENTED_EDGE('',*,*,#9188,.T.);
#16274=ORIENTED_EDGE('',*,*,#16273,.F.);
#16276=ORIENTED_EDGE('',*,*,#16275,.T.);
#16278=ORIENTED_EDGE('',*,*,#16277,.F.);
#16279=EDGE_LOOP('',(#16272,#16274,#16276,#16278));
#16280=FACE_OUTER_BOUND('',#16279,.F.);
#16282=FILL_AREA_STYLE_COLOUR('',#2);
#16283=FILL_AREA_STYLE('',(#16282));
#16284=SURFACE_STYLE_FILL_AREA(#16283);
#16285=SURFACE_SIDE_STYLE('',(#16284));
#16286=SURFACE_STYLE_USAGE(.BOTH.,#16285);
#16287=PRESENTATION_STYLE_ASSIGNMENT((#16286));
#16288=STYLED_ITEM('',(#16287),#16281);
#16289=CARTESIAN_POINT('',(2.094791579246E0,7.945E0,1.086170232296E0));
#16290=DIRECTION('',(9.813588579599E-1,0.E0,1.921842654947E-1));
#16291=DIRECTION('',(-1.921842654947E-1,0.E0,9.813588579599E-1));
#16292=AXIS2_PLACEMENT_3D('',#16289,#16290,#16291);
#16293=PLANE('',#16292);
#16294=ORIENTED_EDGE('',*,*,#9238,.F.);
#16296=ORIENTED_EDGE('',*,*,#16295,.F.);
#16298=ORIENTED_EDGE('',*,*,#16297,.F.);
#16299=ORIENTED_EDGE('',*,*,#16273,.T.);
#16300=EDGE_LOOP('',(#16294,#16296,#16298,#16299));
#16301=FACE_OUTER_BOUND('',#16300,.F.);
#16303=FILL_AREA_STYLE_COLOUR('',#2);
#16304=FILL_AREA_STYLE('',(#16303));
#16305=SURFACE_STYLE_FILL_AREA(#16304);
#16306=SURFACE_SIDE_STYLE('',(#16305));
#16307=SURFACE_STYLE_USAGE(.BOTH.,#16306);
#16308=PRESENTATION_STYLE_ASSIGNMENT((#16307));
#16309=STYLED_ITEM('',(#16308),#16302);
#16310=CARTESIAN_POINT('',(2.117708420754E0,7.945E0,9.925531893968E-1));
#16311=DIRECTION('',(9.506445793167E-1,0.E0,3.102819424585E-1));
#16312=DIRECTION('',(-3.102819424585E-1,0.E0,9.506445793167E-1));
#16313=AXIS2_PLACEMENT_3D('',#16310,#16311,#16312);
#16314=PLANE('',#16313);
#16315=ORIENTED_EDGE('',*,*,#9236,.F.);
#16317=ORIENTED_EDGE('',*,*,#16316,.F.);
#16319=ORIENTED_EDGE('',*,*,#16318,.F.);
#16320=ORIENTED_EDGE('',*,*,#16295,.T.);
#16321=EDGE_LOOP('',(#16315,#16317,#16319,#16320));
#16322=FACE_OUTER_BOUND('',#16321,.F.);
#16324=FILL_AREA_STYLE_COLOUR('',#2);
#16325=FILL_AREA_STYLE('',(#16324));
#16326=SURFACE_STYLE_FILL_AREA(#16325);
#16327=SURFACE_SIDE_STYLE('',(#16326));
#16328=SURFACE_STYLE_USAGE(.BOTH.,#16327);
#16329=PRESENTATION_STYLE_ASSIGNMENT((#16328));
#16330=STYLED_ITEM('',(#16329),#16323);
#16331=CARTESIAN_POINT('',(2.152083420753E0,7.945E0,9.106382727623E-1));
#16332=DIRECTION('',(8.981387596051E-1,0.E0,4.397121427651E-1));
#16333=DIRECTION('',(-4.397121427651E-1,0.E0,8.981387596051E-1));
#16334=AXIS2_PLACEMENT_3D('',#16331,#16332,#16333);
#16335=PLANE('',#16334);
#16336=ORIENTED_EDGE('',*,*,#9234,.F.);
#16338=ORIENTED_EDGE('',*,*,#16337,.F.);
#16340=ORIENTED_EDGE('',*,*,#16339,.F.);
#16341=ORIENTED_EDGE('',*,*,#16316,.T.);
#16342=EDGE_LOOP('',(#16336,#16338,#16340,#16341));
#16343=FACE_OUTER_BOUND('',#16342,.F.);
#16345=FILL_AREA_STYLE_COLOUR('',#2);
#16346=FILL_AREA_STYLE('',(#16345));
#16347=SURFACE_STYLE_FILL_AREA(#16346);
#16348=SURFACE_SIDE_STYLE('',(#16347));
#16349=SURFACE_STYLE_USAGE(.BOTH.,#16348);
#16350=PRESENTATION_STYLE_ASSIGNMENT((#16349));
#16351=STYLED_ITEM('',(#16350),#16344);
#16352=CARTESIAN_POINT('',(2.209375E0,7.945E0,8.287233889103E-1));
#16353=DIRECTION('',(7.145103847994E-1,0.E0,6.996248351894E-1));
#16354=DIRECTION('',(-6.996248351894E-1,0.E0,7.145103847994E-1));
#16355=AXIS2_PLACEMENT_3D('',#16352,#16353,#16354);
#16356=PLANE('',#16355);
#16357=ORIENTED_EDGE('',*,*,#9232,.F.);
#16359=ORIENTED_EDGE('',*,*,#16358,.F.);
#16361=ORIENTED_EDGE('',*,*,#16360,.F.);
#16362=ORIENTED_EDGE('',*,*,#16337,.T.);
#16363=EDGE_LOOP('',(#16357,#16359,#16361,#16362));
#16364=FACE_OUTER_BOUND('',#16363,.F.);
#16366=FILL_AREA_STYLE_COLOUR('',#2);
#16367=FILL_AREA_STYLE('',(#16366));
#16368=SURFACE_STYLE_FILL_AREA(#16367);
#16369=SURFACE_SIDE_STYLE('',(#16368));
#16370=SURFACE_STYLE_USAGE(.BOTH.,#16369);
#16371=PRESENTATION_STYLE_ASSIGNMENT((#16370));
#16372=STYLED_ITEM('',(#16371),#16365);
#16373=CARTESIAN_POINT('',(2.301041579247E0,7.945E0,7.585106313229E-1));
#16374=DIRECTION('',(5.224775081973E-1,0.E0,8.526530674477E-1));
#16375=DIRECTION('',(-8.526530674477E-1,0.E0,5.224775081973E-1));
#16376=AXIS2_PLACEMENT_3D('',#16373,#16374,#16375);
#16377=PLANE('',#16376);
#16378=ORIENTED_EDGE('',*,*,#9230,.F.);
#16380=ORIENTED_EDGE('',*,*,#16379,.F.);
#16382=ORIENTED_EDGE('',*,*,#16381,.F.);
#16383=ORIENTED_EDGE('',*,*,#16358,.T.);
#16384=EDGE_LOOP('',(#16378,#16380,#16382,#16383));
#16385=FACE_OUTER_BOUND('',#16384,.F.);
#16387=FILL_AREA_STYLE_COLOUR('',#2);
#16388=FILL_AREA_STYLE('',(#16387));
#16389=SURFACE_STYLE_FILL_AREA(#16388);
#16390=SURFACE_SIDE_STYLE('',(#16389));
#16391=SURFACE_STYLE_USAGE(.BOTH.,#16390);
#16392=PRESENTATION_STYLE_ASSIGNMENT((#16391));
#16393=STYLED_ITEM('',(#16392),#16386);
#16394=CARTESIAN_POINT('',(2.427083158493E0,7.945E0,7.117021262645E-1));
#16395=DIRECTION('',(1.677993286084E-1,0.E0,9.858211730931E-1));
#16396=DIRECTION('',(-9.858211730931E-1,0.E0,1.677993286084E-1));
#16397=AXIS2_PLACEMENT_3D('',#16394,#16395,#16396);
#16398=PLANE('',#16397);
#16399=ORIENTED_EDGE('',*,*,#9228,.F.);
#16401=ORIENTED_EDGE('',*,*,#16400,.F.);
#16403=ORIENTED_EDGE('',*,*,#16402,.F.);
#16404=ORIENTED_EDGE('',*,*,#16379,.T.);
#16405=EDGE_LOOP('',(#16399,#16401,#16403,#16404));
#16406=FACE_OUTER_BOUND('',#16405,.F.);
#16408=FILL_AREA_STYLE_COLOUR('',#2);
#16409=FILL_AREA_STYLE('',(#16408));
#16410=SURFACE_STYLE_FILL_AREA(#16409);
#16411=SURFACE_SIDE_STYLE('',(#16410));
#16412=SURFACE_STYLE_USAGE(.BOTH.,#16411);
#16413=PRESENTATION_STYLE_ASSIGNMENT((#16412));
#16414=STYLED_ITEM('',(#16413),#16407);
#16415=CARTESIAN_POINT('',(2.564583158493E0,7.945E0,7.117021262645E-1));
#16416=DIRECTION('',(-1.677993286084E-1,0.E0,9.858211730931E-1));
#16417=DIRECTION('',(-9.858211730931E-1,0.E0,-1.677993286084E-1));
#16418=AXIS2_PLACEMENT_3D('',#16415,#16416,#16417);
#16419=PLANE('',#16418);
#16420=ORIENTED_EDGE('',*,*,#9226,.F.);
#16422=ORIENTED_EDGE('',*,*,#16421,.F.);
#16424=ORIENTED_EDGE('',*,*,#16423,.F.);
#16425=ORIENTED_EDGE('',*,*,#16400,.T.);
#16426=EDGE_LOOP('',(#16420,#16422,#16424,#16425));
#16427=FACE_OUTER_BOUND('',#16426,.F.);
#16429=FILL_AREA_STYLE_COLOUR('',#2);
#16430=FILL_AREA_STYLE('',(#16429));
#16431=SURFACE_STYLE_FILL_AREA(#16430);
#16432=SURFACE_SIDE_STYLE('',(#16431));
#16433=SURFACE_STYLE_USAGE(.BOTH.,#16432);
#16434=PRESENTATION_STYLE_ASSIGNMENT((#16433));
#16435=STYLED_ITEM('',(#16434),#16428);
#16436=CARTESIAN_POINT('',(2.690625E0,7.945E0,7.585106313228E-1));
#16437=DIRECTION('',(-5.224757693839E-1,0.E0,8.526541329324E-1));
#16438=DIRECTION('',(-8.526541329324E-1,0.E0,-5.224757693839E-1));
#16439=AXIS2_PLACEMENT_3D('',#16436,#16437,#16438);
#16440=PLANE('',#16439);
#16441=ORIENTED_EDGE('',*,*,#9224,.F.);
#16443=ORIENTED_EDGE('',*,*,#16442,.F.);
#16445=ORIENTED_EDGE('',*,*,#16444,.F.);
#16446=ORIENTED_EDGE('',*,*,#16421,.T.);
#16447=EDGE_LOOP('',(#16441,#16443,#16445,#16446));
#16448=FACE_OUTER_BOUND('',#16447,.F.);
#16450=FILL_AREA_STYLE_COLOUR('',#2);
#16451=FILL_AREA_STYLE('',(#16450));
#16452=SURFACE_STYLE_FILL_AREA(#16451);
#16453=SURFACE_SIDE_STYLE('',(#16452));
#16454=SURFACE_STYLE_USAGE(.BOTH.,#16453);
#16455=PRESENTATION_STYLE_ASSIGNMENT((#16454));
#16456=STYLED_ITEM('',(#16455),#16449);
#16457=CARTESIAN_POINT('',(2.782291841507E0,7.945E0,8.287233889103E-1));
#16458=DIRECTION('',(7.145103847994E-1,0.E0,-6.996248351894E-1));
#16459=DIRECTION('',(-6.996248351894E-1,0.E0,-7.145103847994E-1));
#16460=AXIS2_PLACEMENT_3D('',#16457,#16458,#16459);
#16461=PLANE('',#16460);
#16462=ORIENTED_EDGE('',*,*,#9222,.F.);
#16464=ORIENTED_EDGE('',*,*,#16463,.F.);
#16466=ORIENTED_EDGE('',*,*,#16465,.F.);
#16467=ORIENTED_EDGE('',*,*,#16442,.T.);
#16468=EDGE_LOOP('',(#16462,#16464,#16466,#16467));
#16469=FACE_OUTER_BOUND('',#16468,.F.);
#16471=FILL_AREA_STYLE_COLOUR('',#2);
#16472=FILL_AREA_STYLE('',(#16471));
#16473=SURFACE_STYLE_FILL_AREA(#16472);
#16474=SURFACE_SIDE_STYLE('',(#16473));
#16475=SURFACE_STYLE_USAGE(.BOTH.,#16474);
#16476=PRESENTATION_STYLE_ASSIGNMENT((#16475));
#16477=STYLED_ITEM('',(#16476),#16470);
#16478=CARTESIAN_POINT('',(2.839583420753E0,7.945E0,9.106382727623E-1));
#16479=DIRECTION('',(8.981387596051E-1,0.E0,-4.397121427651E-1));
#16480=DIRECTION('',(-4.397121427651E-1,0.E0,-8.981387596051E-1));
#16481=AXIS2_PLACEMENT_3D('',#16478,#16479,#16480);
#16482=PLANE('',#16481);
#16483=ORIENTED_EDGE('',*,*,#9220,.F.);
#16485=ORIENTED_EDGE('',*,*,#16484,.F.);
#16487=ORIENTED_EDGE('',*,*,#16486,.F.);
#16488=ORIENTED_EDGE('',*,*,#16463,.T.);
#16489=EDGE_LOOP('',(#16483,#16485,#16487,#16488));
#16490=FACE_OUTER_BOUND('',#16489,.F.);
#16492=FILL_AREA_STYLE_COLOUR('',#2);
#16493=FILL_AREA_STYLE('',(#16492));
#16494=SURFACE_STYLE_FILL_AREA(#16493);
#16495=SURFACE_SIDE_STYLE('',(#16494));
#16496=SURFACE_STYLE_USAGE(.BOTH.,#16495);
#16497=PRESENTATION_STYLE_ASSIGNMENT((#16496));
#16498=STYLED_ITEM('',(#16497),#16491);
#16499=CARTESIAN_POINT('',(2.873958420753E0,7.945E0,9.925531893968E-1));
#16500=DIRECTION('',(9.506445793167E-1,0.E0,-3.102819424585E-1));
#16501=DIRECTION('',(-3.102819424585E-1,0.E0,-9.506445793167E-1));
#16502=AXIS2_PLACEMENT_3D('',#16499,#16500,#16501);
#16503=PLANE('',#16502);
#16504=ORIENTED_EDGE('',*,*,#9218,.F.);
#16506=ORIENTED_EDGE('',*,*,#16505,.F.);
#16508=ORIENTED_EDGE('',*,*,#16507,.F.);
#16509=ORIENTED_EDGE('',*,*,#16484,.T.);
#16510=EDGE_LOOP('',(#16504,#16506,#16508,#16509));
#16511=FACE_OUTER_BOUND('',#16510,.F.);
#16513=FILL_AREA_STYLE_COLOUR('',#2);
#16514=FILL_AREA_STYLE('',(#16513));
#16515=SURFACE_STYLE_FILL_AREA(#16514);
#16516=SURFACE_SIDE_STYLE('',(#16515));
#16517=SURFACE_STYLE_USAGE(.BOTH.,#16516);
#16518=PRESENTATION_STYLE_ASSIGNMENT((#16517));
#16519=STYLED_ITEM('',(#16518),#16512);
#16520=CARTESIAN_POINT('',(2.896875E0,7.945E0,1.086170232296E0));
#16521=DIRECTION('',(9.813596875571E-1,0.E0,-1.921800292377E-1));
#16522=DIRECTION('',(-1.921800292377E-1,0.E0,-9.813596875571E-1));
#16523=AXIS2_PLACEMENT_3D('',#16520,#16521,#16522);
#16524=PLANE('',#16523);
#16525=ORIENTED_EDGE('',*,*,#9216,.F.);
#16527=ORIENTED_EDGE('',*,*,#16526,.F.);
#16529=ORIENTED_EDGE('',*,*,#16528,.F.);
#16530=ORIENTED_EDGE('',*,*,#16505,.T.);
#16531=EDGE_LOOP('',(#16525,#16527,#16529,#16530));
#16532=FACE_OUTER_BOUND('',#16531,.F.);
#16534=FILL_AREA_STYLE_COLOUR('',#2);
#16535=FILL_AREA_STYLE('',(#16534));
#16536=SURFACE_STYLE_FILL_AREA(#16535);
#16537=SURFACE_SIDE_STYLE('',(#16536));
#16538=SURFACE_STYLE_USAGE(.BOTH.,#16537);
#16539=PRESENTATION_STYLE_ASSIGNMENT((#16538));
#16540=STYLED_ITEM('',(#16539),#16533);
#16541=CARTESIAN_POINT('',(2.908333158493E0,7.945E0,1.25E0));
#16542=DIRECTION('',(1.E0,0.E0,0.E0));
#16543=DIRECTION('',(0.E0,0.E0,-1.E0));
#16544=AXIS2_PLACEMENT_3D('',#16541,#16542,#16543);
#16545=PLANE('',#16544);
#16546=ORIENTED_EDGE('',*,*,#9214,.T.);
#16548=ORIENTED_EDGE('',*,*,#16547,.F.);
#16550=ORIENTED_EDGE('',*,*,#16549,.T.);
#16551=ORIENTED_EDGE('',*,*,#16526,.T.);
#16552=EDGE_LOOP('',(#16546,#16548,#16550,#16551));
#16553=FACE_OUTER_BOUND('',#16552,.F.);
#16555=FILL_AREA_STYLE_COLOUR('',#2);
#16556=FILL_AREA_STYLE('',(#16555));
#16557=SURFACE_STYLE_FILL_AREA(#16556);
#16558=SURFACE_SIDE_STYLE('',(#16557));
#16559=SURFACE_STYLE_USAGE(.BOTH.,#16558);
#16560=PRESENTATION_STYLE_ASSIGNMENT((#16559));
#16561=STYLED_ITEM('',(#16560),#16554);
#16562=CARTESIAN_POINT('',(2.896875E0,7.945E0,1.413829784095E0));
#16563=DIRECTION('',(9.813596977102E-1,0.E0,1.921799773916E-1));
#16564=DIRECTION('',(1.921799773916E-1,0.E0,-9.813596977102E-1));
#16565=AXIS2_PLACEMENT_3D('',#16562,#16563,#16564);
#16566=PLANE('',#16565);
#16567=ORIENTED_EDGE('',*,*,#9212,.F.);
#16569=ORIENTED_EDGE('',*,*,#16568,.F.);
#16571=ORIENTED_EDGE('',*,*,#16570,.F.);
#16572=ORIENTED_EDGE('',*,*,#16547,.T.);
#16573=EDGE_LOOP('',(#16567,#16569,#16571,#16572));
#16574=FACE_OUTER_BOUND('',#16573,.F.);
#16576=FILL_AREA_STYLE_COLOUR('',#2);
#16577=FILL_AREA_STYLE('',(#16576));
#16578=SURFACE_STYLE_FILL_AREA(#16577);
#16579=SURFACE_SIDE_STYLE('',(#16578));
#16580=SURFACE_STYLE_USAGE(.BOTH.,#16579);
#16581=PRESENTATION_STYLE_ASSIGNMENT((#16580));
#16582=STYLED_ITEM('',(#16581),#16575);
#16583=CARTESIAN_POINT('',(2.873958420753E0,7.945E0,1.507446810603E0));
#16584=DIRECTION('',(9.506444938503E-1,0.E0,3.102822043109E-1));
#16585=DIRECTION('',(3.102822043109E-1,0.E0,-9.506444938503E-1));
#16586=AXIS2_PLACEMENT_3D('',#16583,#16584,#16585);
#16587=PLANE('',#16586);
#16588=ORIENTED_EDGE('',*,*,#9210,.F.);
#16590=ORIENTED_EDGE('',*,*,#16589,.F.);
#16592=ORIENTED_EDGE('',*,*,#16591,.F.);
#16593=ORIENTED_EDGE('',*,*,#16568,.T.);
#16594=EDGE_LOOP('',(#16588,#16590,#16592,#16593));
#16595=FACE_OUTER_BOUND('',#16594,.F.);
#16597=FILL_AREA_STYLE_COLOUR('',#2);
#16598=FILL_AREA_STYLE('',(#16597));
#16599=SURFACE_STYLE_FILL_AREA(#16598);
#16600=SURFACE_SIDE_STYLE('',(#16599));
#16601=SURFACE_STYLE_USAGE(.BOTH.,#16600);
#16602=PRESENTATION_STYLE_ASSIGNMENT((#16601));
#16603=STYLED_ITEM('',(#16602),#16596);
#16604=CARTESIAN_POINT('',(2.839583420753E0,7.945E0,1.589361702651E0));
#16605=DIRECTION('',(8.981387900100E-1,0.E0,4.397120806612E-1));
#16606=DIRECTION('',(4.397120806612E-1,0.E0,-8.981387900100E-1));
#16607=AXIS2_PLACEMENT_3D('',#16604,#16605,#16606);
#16608=PLANE('',#16607);
#16609=ORIENTED_EDGE('',*,*,#9208,.F.);
#16611=ORIENTED_EDGE('',*,*,#16610,.F.);
#16613=ORIENTED_EDGE('',*,*,#16612,.F.);
#16614=ORIENTED_EDGE('',*,*,#16589,.T.);
#16615=EDGE_LOOP('',(#16609,#16611,#16613,#16614));
#16616=FACE_OUTER_BOUND('',#16615,.F.);
#16618=FILL_AREA_STYLE_COLOUR('',#2);
#16619=FILL_AREA_STYLE('',(#16618));
#16620=SURFACE_STYLE_FILL_AREA(#16619);
#16621=SURFACE_SIDE_STYLE('',(#16620));
#16622=SURFACE_STYLE_USAGE(.BOTH.,#16621);
#16623=PRESENTATION_STYLE_ASSIGNMENT((#16622));
#16624=STYLED_ITEM('',(#16623),#16617);
#16625=CARTESIAN_POINT('',(2.782291841507E0,7.945E0,1.671276598796E0));
#16626=DIRECTION('',(7.145104256220E-1,0.E0,6.996247934982E-1));
#16627=DIRECTION('',(6.996247934982E-1,0.E0,-7.145104256220E-1));
#16628=AXIS2_PLACEMENT_3D('',#16625,#16626,#16627);
#16629=PLANE('',#16628);
#16630=ORIENTED_EDGE('',*,*,#9206,.F.);
#16632=ORIENTED_EDGE('',*,*,#16631,.F.);
#16634=ORIENTED_EDGE('',*,*,#16633,.F.);
#16635=ORIENTED_EDGE('',*,*,#16610,.T.);
#16636=EDGE_LOOP('',(#16630,#16632,#16634,#16635));
#16637=FACE_OUTER_BOUND('',#16636,.F.);
#16639=FILL_AREA_STYLE_COLOUR('',#2);
#16640=FILL_AREA_STYLE('',(#16639));
#16641=SURFACE_STYLE_FILL_AREA(#16640);
#16642=SURFACE_SIDE_STYLE('',(#16641));
#16643=SURFACE_STYLE_USAGE(.BOTH.,#16642);
#16644=PRESENTATION_STYLE_ASSIGNMENT((#16643));
#16645=STYLED_ITEM('',(#16644),#16638);
#16646=CARTESIAN_POINT('',(2.690625E0,7.945E0,1.741489363555E0));
#16647=DIRECTION('',(5.224758026357E-1,0.E0,8.526541125569E-1));
#16648=DIRECTION('',(8.526541125569E-1,0.E0,-5.224758026357E-1));
#16649=AXIS2_PLACEMENT_3D('',#16646,#16647,#16648);
#16650=PLANE('',#16649);
#16651=ORIENTED_EDGE('',*,*,#9204,.F.);
#16653=ORIENTED_EDGE('',*,*,#16652,.F.);
#16655=ORIENTED_EDGE('',*,*,#16654,.F.);
#16656=ORIENTED_EDGE('',*,*,#16631,.T.);
#16657=EDGE_LOOP('',(#16651,#16653,#16655,#16656));
#16658=FACE_OUTER_BOUND('',#16657,.F.);
#16660=FILL_AREA_STYLE_COLOUR('',#2);
#16661=FILL_AREA_STYLE('',(#16660));
#16662=SURFACE_STYLE_FILL_AREA(#16661);
#16663=SURFACE_SIDE_STYLE('',(#16662));
#16664=SURFACE_STYLE_USAGE(.BOTH.,#16663);
#16665=PRESENTATION_STYLE_ASSIGNMENT((#16664));
#16666=STYLED_ITEM('',(#16665),#16659);
#16667=CARTESIAN_POINT('',(2.564583158493E0,7.945E0,1.788297872711E0));
#16668=DIRECTION('',(1.677993428791E-1,0.E0,9.858211706640E-1));
#16669=DIRECTION('',(9.858211706640E-1,0.E0,-1.677993428791E-1));
#16670=AXIS2_PLACEMENT_3D('',#16667,#16668,#16669);
#16671=PLANE('',#16670);
#16672=ORIENTED_EDGE('',*,*,#9202,.F.);
#16674=ORIENTED_EDGE('',*,*,#16673,.F.);
#16676=ORIENTED_EDGE('',*,*,#16675,.F.);
#16677=ORIENTED_EDGE('',*,*,#16652,.T.);
#16678=EDGE_LOOP('',(#16672,#16674,#16676,#16677));
#16679=FACE_OUTER_BOUND('',#16678,.F.);
#16681=FILL_AREA_STYLE_COLOUR('',#2);
#16682=FILL_AREA_STYLE('',(#16681));
#16683=SURFACE_STYLE_FILL_AREA(#16682);
#16684=SURFACE_SIDE_STYLE('',(#16683));
#16685=SURFACE_STYLE_USAGE(.BOTH.,#16684);
#16686=PRESENTATION_STYLE_ASSIGNMENT((#16685));
#16687=STYLED_ITEM('',(#16686),#16680);
#16688=CARTESIAN_POINT('',(2.427083158493E0,7.945E0,1.788297872711E0));
#16689=DIRECTION('',(-1.677993428791E-1,0.E0,9.858211706640E-1));
#16690=DIRECTION('',(9.858211706640E-1,0.E0,1.677993428791E-1));
#16691=AXIS2_PLACEMENT_3D('',#16688,#16689,#16690);
#16692=PLANE('',#16691);
#16693=ORIENTED_EDGE('',*,*,#9200,.F.);
#16695=ORIENTED_EDGE('',*,*,#16694,.F.);
#16697=ORIENTED_EDGE('',*,*,#16696,.F.);
#16698=ORIENTED_EDGE('',*,*,#16673,.T.);
#16699=EDGE_LOOP('',(#16693,#16695,#16697,#16698));
#16700=FACE_OUTER_BOUND('',#16699,.F.);
#16702=FILL_AREA_STYLE_COLOUR('',#2);
#16703=FILL_AREA_STYLE('',(#16702));
#16704=SURFACE_STYLE_FILL_AREA(#16703);
#16705=SURFACE_SIDE_STYLE('',(#16704));
#16706=SURFACE_STYLE_USAGE(.BOTH.,#16705);
#16707=PRESENTATION_STYLE_ASSIGNMENT((#16706));
#16708=STYLED_ITEM('',(#16707),#16701);
#16709=CARTESIAN_POINT('',(2.301041579247E0,7.945E0,1.741489363555E0));
#16710=DIRECTION('',(-5.224775414482E-1,0.E0,8.526530470726E-1));
#16711=DIRECTION('',(8.526530470726E-1,0.E0,5.224775414482E-1));
#16712=AXIS2_PLACEMENT_3D('',#16709,#16710,#16711);
#16713=PLANE('',#16712);
#16714=ORIENTED_EDGE('',*,*,#9198,.F.);
#16716=ORIENTED_EDGE('',*,*,#16715,.F.);
#16718=ORIENTED_EDGE('',*,*,#16717,.F.);
#16719=ORIENTED_EDGE('',*,*,#16694,.T.);
#16720=EDGE_LOOP('',(#16714,#16716,#16718,#16719));
#16721=FACE_OUTER_BOUND('',#16720,.F.);
#16723=FILL_AREA_STYLE_COLOUR('',#2);
#16724=FILL_AREA_STYLE('',(#16723));
#16725=SURFACE_STYLE_FILL_AREA(#16724);
#16726=SURFACE_SIDE_STYLE('',(#16725));
#16727=SURFACE_STYLE_USAGE(.BOTH.,#16726);
#16728=PRESENTATION_STYLE_ASSIGNMENT((#16727));
#16729=STYLED_ITEM('',(#16728),#16722);
#16730=CARTESIAN_POINT('',(2.209375E0,7.945E0,1.671276598796E0));
#16731=DIRECTION('',(7.145104256220E-1,0.E0,-6.996247934982E-1));
#16732=DIRECTION('',(6.996247934982E-1,0.E0,7.145104256220E-1));
#16733=AXIS2_PLACEMENT_3D('',#16730,#16731,#16732);
#16734=PLANE('',#16733);
#16735=ORIENTED_EDGE('',*,*,#9196,.F.);
#16737=ORIENTED_EDGE('',*,*,#16736,.F.);
#16739=ORIENTED_EDGE('',*,*,#16738,.F.);
#16740=ORIENTED_EDGE('',*,*,#16715,.T.);
#16741=EDGE_LOOP('',(#16735,#16737,#16739,#16740));
#16742=FACE_OUTER_BOUND('',#16741,.F.);
#16744=FILL_AREA_STYLE_COLOUR('',#2);
#16745=FILL_AREA_STYLE('',(#16744));
#16746=SURFACE_STYLE_FILL_AREA(#16745);
#16747=SURFACE_SIDE_STYLE('',(#16746));
#16748=SURFACE_STYLE_USAGE(.BOTH.,#16747);
#16749=PRESENTATION_STYLE_ASSIGNMENT((#16748));
#16750=STYLED_ITEM('',(#16749),#16743);
#16751=CARTESIAN_POINT('',(2.152083420753E0,7.945E0,1.589361702651E0));
#16752=DIRECTION('',(8.981387900100E-1,0.E0,-4.397120806612E-1));
#16753=DIRECTION('',(4.397120806612E-1,0.E0,8.981387900100E-1));
#16754=AXIS2_PLACEMENT_3D('',#16751,#16752,#16753);
#16755=PLANE('',#16754);
#16756=ORIENTED_EDGE('',*,*,#9194,.F.);
#16758=ORIENTED_EDGE('',*,*,#16757,.F.);
#16760=ORIENTED_EDGE('',*,*,#16759,.F.);
#16761=ORIENTED_EDGE('',*,*,#16736,.T.);
#16762=EDGE_LOOP('',(#16756,#16758,#16760,#16761));
#16763=FACE_OUTER_BOUND('',#16762,.F.);
#16765=FILL_AREA_STYLE_COLOUR('',#2);
#16766=FILL_AREA_STYLE('',(#16765));
#16767=SURFACE_STYLE_FILL_AREA(#16766);
#16768=SURFACE_SIDE_STYLE('',(#16767));
#16769=SURFACE_STYLE_USAGE(.BOTH.,#16768);
#16770=PRESENTATION_STYLE_ASSIGNMENT((#16769));
#16771=STYLED_ITEM('',(#16770),#16764);
#16772=CARTESIAN_POINT('',(2.117708420753E0,7.945E0,1.507446810603E0));
#16773=DIRECTION('',(9.506444938503E-1,0.E0,-3.102822043109E-1));
#16774=DIRECTION('',(3.102822043109E-1,0.E0,9.506444938503E-1));
#16775=AXIS2_PLACEMENT_3D('',#16772,#16773,#16774);
#16776=PLANE('',#16775);
#16777=ORIENTED_EDGE('',*,*,#9192,.F.);
#16779=ORIENTED_EDGE('',*,*,#16778,.F.);
#16781=ORIENTED_EDGE('',*,*,#16780,.F.);
#16782=ORIENTED_EDGE('',*,*,#16757,.T.);
#16783=EDGE_LOOP('',(#16777,#16779,#16781,#16782));
#16784=FACE_OUTER_BOUND('',#16783,.F.);
#16786=FILL_AREA_STYLE_COLOUR('',#2);
#16787=FILL_AREA_STYLE('',(#16786));
#16788=SURFACE_STYLE_FILL_AREA(#16787);
#16789=SURFACE_SIDE_STYLE('',(#16788));
#16790=SURFACE_STYLE_USAGE(.BOTH.,#16789);
#16791=PRESENTATION_STYLE_ASSIGNMENT((#16790));
#16792=STYLED_ITEM('',(#16791),#16785);
#16793=CARTESIAN_POINT('',(2.094791579246E0,7.945E0,1.413829784095E0));
#16794=DIRECTION('',(9.813588681131E-1,0.E0,-1.921842136489E-1));
#16795=DIRECTION('',(1.921842136489E-1,0.E0,9.813588681131E-1));
#16796=AXIS2_PLACEMENT_3D('',#16793,#16794,#16795);
#16797=PLANE('',#16796);
#16798=ORIENTED_EDGE('',*,*,#9190,.F.);
#16799=ORIENTED_EDGE('',*,*,#16277,.T.);
#16801=ORIENTED_EDGE('',*,*,#16800,.F.);
#16802=ORIENTED_EDGE('',*,*,#16778,.T.);
#16803=EDGE_LOOP('',(#16798,#16799,#16801,#16802));
#16804=FACE_OUTER_BOUND('',#16803,.F.);
#16806=FILL_AREA_STYLE_COLOUR('',#2);
#16807=FILL_AREA_STYLE('',(#16806));
#16808=SURFACE_STYLE_FILL_AREA(#16807);
#16809=SURFACE_SIDE_STYLE('',(#16808));
#16810=SURFACE_STYLE_USAGE(.BOTH.,#16809);
#16811=PRESENTATION_STYLE_ASSIGNMENT((#16810));
#16812=STYLED_ITEM('',(#16811),#16805);
#16813=CARTESIAN_POINT('',(2.495833158493E0,7.94E0,1.25E0));
#16814=DIRECTION('',(0.E0,1.E0,0.E0));
#16815=DIRECTION('',(1.E0,0.E0,0.E0));
#16816=AXIS2_PLACEMENT_3D('',#16813,#16814,#16815);
#16817=PLANE('',#16816);
#16818=ORIENTED_EDGE('',*,*,#16275,.F.);
#16819=ORIENTED_EDGE('',*,*,#16297,.T.);
#16820=ORIENTED_EDGE('',*,*,#16318,.T.);
#16821=ORIENTED_EDGE('',*,*,#16339,.T.);
#16822=ORIENTED_EDGE('',*,*,#16360,.T.);
#16823=ORIENTED_EDGE('',*,*,#16381,.T.);
#16824=ORIENTED_EDGE('',*,*,#16402,.T.);
#16825=ORIENTED_EDGE('',*,*,#16423,.T.);
#16826=ORIENTED_EDGE('',*,*,#16444,.T.);
#16827=ORIENTED_EDGE('',*,*,#16465,.T.);
#16828=ORIENTED_EDGE('',*,*,#16486,.T.);
#16829=ORIENTED_EDGE('',*,*,#16507,.T.);
#16830=ORIENTED_EDGE('',*,*,#16528,.T.);
#16831=ORIENTED_EDGE('',*,*,#16549,.F.);
#16832=ORIENTED_EDGE('',*,*,#16570,.T.);
#16833=ORIENTED_EDGE('',*,*,#16591,.T.);
#16834=ORIENTED_EDGE('',*,*,#16612,.T.);
#16835=ORIENTED_EDGE('',*,*,#16633,.T.);
#16836=ORIENTED_EDGE('',*,*,#16654,.T.);
#16837=ORIENTED_EDGE('',*,*,#16675,.T.);
#16838=ORIENTED_EDGE('',*,*,#16696,.T.);
#16839=ORIENTED_EDGE('',*,*,#16717,.T.);
#16840=ORIENTED_EDGE('',*,*,#16738,.T.);
#16841=ORIENTED_EDGE('',*,*,#16759,.T.);
#16842=ORIENTED_EDGE('',*,*,#16780,.T.);
#16843=ORIENTED_EDGE('',*,*,#16800,.T.);
#16844=EDGE_LOOP('',(#16818,#16819,#16820,#16821,#16822,#16823,#16824,#16825,
#16826,#16827,#16828,#16829,#16830,#16831,#16832,#16833,#16834,#16835,#16836,
#16837,#16838,#16839,#16840,#16841,#16842,#16843));
#16845=FACE_OUTER_BOUND('',#16844,.F.);
#16847=ORIENTED_EDGE('',*,*,#16846,.T.);
#16849=ORIENTED_EDGE('',*,*,#16848,.F.);
#16851=ORIENTED_EDGE('',*,*,#16850,.T.);
#16853=ORIENTED_EDGE('',*,*,#16852,.T.);
#16855=ORIENTED_EDGE('',*,*,#16854,.T.);
#16857=ORIENTED_EDGE('',*,*,#16856,.T.);
#16859=ORIENTED_EDGE('',*,*,#16858,.T.);
#16861=ORIENTED_EDGE('',*,*,#16860,.T.);
#16863=ORIENTED_EDGE('',*,*,#16862,.T.);
#16865=ORIENTED_EDGE('',*,*,#16864,.T.);
#16867=ORIENTED_EDGE('',*,*,#16866,.F.);
#16869=ORIENTED_EDGE('',*,*,#16868,.T.);
#16871=ORIENTED_EDGE('',*,*,#16870,.T.);
#16873=ORIENTED_EDGE('',*,*,#16872,.T.);
#16875=ORIENTED_EDGE('',*,*,#16874,.T.);
#16877=ORIENTED_EDGE('',*,*,#16876,.T.);
#16879=ORIENTED_EDGE('',*,*,#16878,.T.);
#16881=ORIENTED_EDGE('',*,*,#16880,.T.);
#16882=EDGE_LOOP('',(#16847,#16849,#16851,#16853,#16855,#16857,#16859,#16861,
#16863,#16865,#16867,#16869,#16871,#16873,#16875,#16877,#16879,#16881));
#16883=FACE_BOUND('',#16882,.F.);
#16885=FILL_AREA_STYLE_COLOUR('',#1);
#16886=FILL_AREA_STYLE('',(#16885));
#16887=SURFACE_STYLE_FILL_AREA(#16886);
#16888=SURFACE_SIDE_STYLE('',(#16887));
#16889=SURFACE_STYLE_USAGE(.BOTH.,#16888);
#16890=PRESENTATION_STYLE_ASSIGNMENT((#16889));
#16891=STYLED_ITEM('',(#16890),#16884);
#16892=CARTESIAN_POINT('',(2.209375E0,7.945E0,1.097872358561E0));
#16893=DIRECTION('',(9.869443877873E-1,0.E0,1.610614026237E-1));
#16894=DIRECTION('',(1.610614026237E-1,0.E0,-9.869443877873E-1));
#16895=AXIS2_PLACEMENT_3D('',#16892,#16893,#16894);
#16896=PLANE('',#16895);
#16898=ORIENTED_EDGE('',*,*,#16897,.F.);
#16900=ORIENTED_EDGE('',*,*,#16899,.F.);
#16901=ORIENTED_EDGE('',*,*,#16846,.F.);
#16903=ORIENTED_EDGE('',*,*,#16902,.F.);
#16904=EDGE_LOOP('',(#16898,#16900,#16901,#16903));
#16905=FACE_OUTER_BOUND('',#16904,.F.);
#16907=FILL_AREA_STYLE_COLOUR('',#2);
#16908=FILL_AREA_STYLE('',(#16907));
#16909=SURFACE_STYLE_FILL_AREA(#16908);
#16910=SURFACE_SIDE_STYLE('',(#16909));
#16911=SURFACE_STYLE_USAGE(.BOTH.,#16910);
#16912=PRESENTATION_STYLE_ASSIGNMENT((#16911));
#16913=STYLED_ITEM('',(#16912),#16906);
#16914=CARTESIAN_POINT('',(2.495833420753E0,7.95E0,1.249999991804E0));
#16915=DIRECTION('',(0.E0,1.E0,0.E0));
#16916=DIRECTION('',(1.E0,0.E0,0.E0));
#16917=AXIS2_PLACEMENT_3D('',#16914,#16915,#16916);
#16918=PLANE('',#16917);
#16919=ORIENTED_EDGE('',*,*,#16897,.T.);
#16921=ORIENTED_EDGE('',*,*,#16920,.T.);
#16923=ORIENTED_EDGE('',*,*,#16922,.T.);
#16925=ORIENTED_EDGE('',*,*,#16924,.T.);
#16927=ORIENTED_EDGE('',*,*,#16926,.T.);
#16929=ORIENTED_EDGE('',*,*,#16928,.T.);
#16931=ORIENTED_EDGE('',*,*,#16930,.T.);
#16933=ORIENTED_EDGE('',*,*,#16932,.T.);
#16935=ORIENTED_EDGE('',*,*,#16934,.F.);
#16937=ORIENTED_EDGE('',*,*,#16936,.T.);
#16939=ORIENTED_EDGE('',*,*,#16938,.T.);
#16941=ORIENTED_EDGE('',*,*,#16940,.T.);
#16943=ORIENTED_EDGE('',*,*,#16942,.T.);
#16945=ORIENTED_EDGE('',*,*,#16944,.T.);
#16947=ORIENTED_EDGE('',*,*,#16946,.T.);
#16949=ORIENTED_EDGE('',*,*,#16948,.T.);
#16951=ORIENTED_EDGE('',*,*,#16950,.T.);
#16953=ORIENTED_EDGE('',*,*,#16952,.F.);
#16954=EDGE_LOOP('',(#16919,#16921,#16923,#16925,#16927,#16929,#16931,#16933,
#16935,#16937,#16939,#16941,#16943,#16945,#16947,#16949,#16951,#16953));
#16955=FACE_OUTER_BOUND('',#16954,.F.);
#16957=FILL_AREA_STYLE_COLOUR('',#2);
#16958=FILL_AREA_STYLE('',(#16957));
#16959=SURFACE_STYLE_FILL_AREA(#16958);
#16960=SURFACE_SIDE_STYLE('',(#16959));
#16961=SURFACE_STYLE_USAGE(.BOTH.,#16960);
#16962=PRESENTATION_STYLE_ASSIGNMENT((#16961));
#16963=STYLED_ITEM('',(#16962),#16956);
#16964=CARTESIAN_POINT('',(2.266666579247E0,7.945E0,9.574468106032E-1));
#16965=DIRECTION('',(8.373787601360E-1,0.E0,5.466230987372E-1));
#16966=DIRECTION('',(5.466230987372E-1,0.E0,-8.373787601360E-1));
#16967=AXIS2_PLACEMENT_3D('',#16964,#16965,#16966);
#16968=PLANE('',#16967);
#16969=ORIENTED_EDGE('',*,*,#16920,.F.);
#16970=ORIENTED_EDGE('',*,*,#16902,.T.);
#16971=ORIENTED_EDGE('',*,*,#16880,.F.);
#16973=ORIENTED_EDGE('',*,*,#16972,.T.);
#16974=EDGE_LOOP('',(#16969,#16970,#16971,#16973));
#16975=FACE_OUTER_BOUND('',#16974,.F.);
#16977=FILL_AREA_STYLE_COLOUR('',#2);
#16978=FILL_AREA_STYLE('',(#16977));
#16979=SURFACE_STYLE_FILL_AREA(#16978);
#16980=SURFACE_SIDE_STYLE('',(#16979));
#16981=SURFACE_STYLE_USAGE(.BOTH.,#16980);
#16982=PRESENTATION_STYLE_ASSIGNMENT((#16981));
#16983=STYLED_ITEM('',(#16982),#16976);
#16984=CARTESIAN_POINT('',(2.346875E0,7.945E0,8.638297677040E-1));
#16985=DIRECTION('',(5.627909312412E-1,0.E0,8.265992788E-1));
#16986=DIRECTION('',(8.265992788E-1,0.E0,-5.627909312412E-1));
#16987=AXIS2_PLACEMENT_3D('',#16984,#16985,#16986);
#16988=PLANE('',#16987);
#16989=ORIENTED_EDGE('',*,*,#16922,.F.);
#16990=ORIENTED_EDGE('',*,*,#16972,.F.);
#16991=ORIENTED_EDGE('',*,*,#16878,.F.);
#16993=ORIENTED_EDGE('',*,*,#16992,.T.);
#16994=EDGE_LOOP('',(#16989,#16990,#16991,#16993));
#16995=FACE_OUTER_BOUND('',#16994,.F.);
#16997=FILL_AREA_STYLE_COLOUR('',#2);
#16998=FILL_AREA_STYLE('',(#16997));
#16999=SURFACE_STYLE_FILL_AREA(#16998);
#17000=SURFACE_SIDE_STYLE('',(#16999));
#17001=SURFACE_STYLE_USAGE(.BOTH.,#17000);
#17002=PRESENTATION_STYLE_ASSIGNMENT((#17001));
#17003=STYLED_ITEM('',(#17002),#16996);
#17004=CARTESIAN_POINT('',(2.438541579246E0,7.945E0,8.287233889103E-1));
#17005=DIRECTION('',(2.001236481937E-1,0.E0,9.797706494041E-1));
#17006=DIRECTION('',(9.797706494041E-1,0.E0,-2.001236481937E-1));
#17007=AXIS2_PLACEMENT_3D('',#17004,#17005,#17006);
#17008=PLANE('',#17007);
#17009=ORIENTED_EDGE('',*,*,#16924,.F.);
#17010=ORIENTED_EDGE('',*,*,#16992,.F.);
#17011=ORIENTED_EDGE('',*,*,#16876,.F.);
#17013=ORIENTED_EDGE('',*,*,#17012,.T.);
#17014=EDGE_LOOP('',(#17009,#17010,#17011,#17013));
#17015=FACE_OUTER_BOUND('',#17014,.F.);
#17017=FILL_AREA_STYLE_COLOUR('',#2);
#17018=FILL_AREA_STYLE('',(#17017));
#17019=SURFACE_STYLE_FILL_AREA(#17018);
#17020=SURFACE_SIDE_STYLE('',(#17019));
#17021=SURFACE_STYLE_USAGE(.BOTH.,#17020);
#17022=PRESENTATION_STYLE_ASSIGNMENT((#17021));
#17023=STYLED_ITEM('',(#17022),#17016);
#17024=CARTESIAN_POINT('',(2.553125E0,7.945E0,8.287233889103E-1));
#17025=DIRECTION('',(-2.001227687935E-1,0.E0,9.797708290261E-1));
#17026=DIRECTION('',(9.797708290261E-1,0.E0,2.001227687935E-1));
#17027=AXIS2_PLACEMENT_3D('',#17024,#17025,#17026);
#17028=PLANE('',#17027);
#17029=ORIENTED_EDGE('',*,*,#16926,.F.);
#17030=ORIENTED_EDGE('',*,*,#17012,.F.);
#17031=ORIENTED_EDGE('',*,*,#16874,.F.);
#17033=ORIENTED_EDGE('',*,*,#17032,.T.);
#17034=EDGE_LOOP('',(#17029,#17030,#17031,#17033));
#17035=FACE_OUTER_BOUND('',#17034,.F.);
#17037=FILL_AREA_STYLE_COLOUR('',#2);
#17038=FILL_AREA_STYLE('',(#17037));
#17039=SURFACE_STYLE_FILL_AREA(#17038);
#17040=SURFACE_SIDE_STYLE('',(#17039));
#17041=SURFACE_STYLE_USAGE(.BOTH.,#17040);
#17042=PRESENTATION_STYLE_ASSIGNMENT((#17041));
#17043=STYLED_ITEM('',(#17042),#17036);
#17044=CARTESIAN_POINT('',(2.644791841507E0,7.945E0,8.638297677040E-1));
#17045=DIRECTION('',(-5.627909312412E-1,0.E0,8.265992788E-1));
#17046=DIRECTION('',(8.265992788E-1,0.E0,5.627909312412E-1));
#17047=AXIS2_PLACEMENT_3D('',#17044,#17045,#17046);
#17048=PLANE('',#17047);
#17049=ORIENTED_EDGE('',*,*,#16928,.F.);
#17050=ORIENTED_EDGE('',*,*,#17032,.F.);
#17051=ORIENTED_EDGE('',*,*,#16872,.F.);
#17053=ORIENTED_EDGE('',*,*,#17052,.T.);
#17054=EDGE_LOOP('',(#17049,#17050,#17051,#17053));
#17055=FACE_OUTER_BOUND('',#17054,.F.);
#17057=FILL_AREA_STYLE_COLOUR('',#2);
#17058=FILL_AREA_STYLE('',(#17057));
#17059=SURFACE_STYLE_FILL_AREA(#17058);
#17060=SURFACE_SIDE_STYLE('',(#17059));
#17061=SURFACE_STYLE_USAGE(.BOTH.,#17060);
#17062=PRESENTATION_STYLE_ASSIGNMENT((#17061));
#17063=STYLED_ITEM('',(#17062),#17056);
#17064=CARTESIAN_POINT('',(2.725E0,7.945E0,9.574468106031E-1));
#17065=DIRECTION('',(8.373801918207E-1,0.E0,-5.466209055152E-1));
#17066=DIRECTION('',(5.466209055152E-1,0.E0,8.373801918207E-1));
#17067=AXIS2_PLACEMENT_3D('',#17064,#17065,#17066);
#17068=PLANE('',#17067);
#17069=ORIENTED_EDGE('',*,*,#16930,.F.);
#17070=ORIENTED_EDGE('',*,*,#17052,.F.);
#17071=ORIENTED_EDGE('',*,*,#16870,.F.);
#17073=ORIENTED_EDGE('',*,*,#17072,.T.);
#17074=EDGE_LOOP('',(#17069,#17070,#17071,#17073));
#17075=FACE_OUTER_BOUND('',#17074,.F.);
#17077=FILL_AREA_STYLE_COLOUR('',#2);
#17078=FILL_AREA_STYLE('',(#17077));
#17079=SURFACE_STYLE_FILL_AREA(#17078);
#17080=SURFACE_SIDE_STYLE('',(#17079));
#17081=SURFACE_STYLE_USAGE(.BOTH.,#17080);
#17082=PRESENTATION_STYLE_ASSIGNMENT((#17081));
#17083=STYLED_ITEM('',(#17082),#17076);
#17084=CARTESIAN_POINT('',(2.782291579246E0,7.945E0,1.097872358561E0));
#17085=DIRECTION('',(9.869438017866E-1,0.E0,-1.610649934499E-1));
#17086=DIRECTION('',(1.610649934499E-1,0.E0,9.869438017866E-1));
#17087=AXIS2_PLACEMENT_3D('',#17084,#17085,#17086);
#17088=PLANE('',#17087);
#17089=ORIENTED_EDGE('',*,*,#16932,.F.);
#17090=ORIENTED_EDGE('',*,*,#17072,.F.);
#17091=ORIENTED_EDGE('',*,*,#16868,.F.);
#17093=ORIENTED_EDGE('',*,*,#17092,.T.);
#17094=EDGE_LOOP('',(#17089,#17090,#17091,#17093));
#17095=FACE_OUTER_BOUND('',#17094,.F.);
#17097=FILL_AREA_STYLE_COLOUR('',#2);
#17098=FILL_AREA_STYLE('',(#17097));
#17099=SURFACE_STYLE_FILL_AREA(#17098);
#17100=SURFACE_SIDE_STYLE('',(#17099));
#17101=SURFACE_STYLE_USAGE(.BOTH.,#17100);
#17102=PRESENTATION_STYLE_ASSIGNMENT((#17101));
#17103=STYLED_ITEM('',(#17102),#17096);
#17104=CARTESIAN_POINT('',(2.79375E0,7.945E0,1.25E0));
#17105=DIRECTION('',(1.E0,0.E0,0.E0));
#17106=DIRECTION('',(0.E0,0.E0,1.E0));
#17107=AXIS2_PLACEMENT_3D('',#17104,#17105,#17106);
#17108=PLANE('',#17107);
#17109=ORIENTED_EDGE('',*,*,#16934,.T.);
#17110=ORIENTED_EDGE('',*,*,#17092,.F.);
#17111=ORIENTED_EDGE('',*,*,#16866,.T.);
#17113=ORIENTED_EDGE('',*,*,#17112,.T.);
#17114=EDGE_LOOP('',(#17109,#17110,#17111,#17113));
#17115=FACE_OUTER_BOUND('',#17114,.F.);
#17117=FILL_AREA_STYLE_COLOUR('',#2);
#17118=FILL_AREA_STYLE('',(#17117));
#17119=SURFACE_STYLE_FILL_AREA(#17118);
#17120=SURFACE_SIDE_STYLE('',(#17119));
#17121=SURFACE_STYLE_USAGE(.BOTH.,#17120);
#17122=PRESENTATION_STYLE_ASSIGNMENT((#17121));
#17123=STYLED_ITEM('',(#17122),#17116);
#17124=CARTESIAN_POINT('',(2.782291579247E0,7.945E0,1.402127657831E0));
#17125=DIRECTION('',(9.869438077639E-1,0.E0,1.610649568232E-1));
#17126=DIRECTION('',(-1.610649568232E-1,0.E0,9.869438077639E-1));
#17127=AXIS2_PLACEMENT_3D('',#17124,#17125,#17126);
#17128=PLANE('',#17127);
#17129=ORIENTED_EDGE('',*,*,#16936,.F.);
#17130=ORIENTED_EDGE('',*,*,#17112,.F.);
#17131=ORIENTED_EDGE('',*,*,#16864,.F.);
#17133=ORIENTED_EDGE('',*,*,#17132,.T.);
#17134=EDGE_LOOP('',(#17129,#17130,#17131,#17133));
#17135=FACE_OUTER_BOUND('',#17134,.F.);
#17137=FILL_AREA_STYLE_COLOUR('',#2);
#17138=FILL_AREA_STYLE('',(#17137));
#17139=SURFACE_STYLE_FILL_AREA(#17138);
#17140=SURFACE_SIDE_STYLE('',(#17139));
#17141=SURFACE_STYLE_USAGE(.BOTH.,#17140);
#17142=PRESENTATION_STYLE_ASSIGNMENT((#17141));
#17143=STYLED_ITEM('',(#17142),#17136);
#17144=CARTESIAN_POINT('',(2.725E0,7.945E0,1.542553197592E0));
#17145=DIRECTION('',(8.373801042042E-1,0.E0,5.466210397368E-1));
#17146=DIRECTION('',(-5.466210397368E-1,0.E0,8.373801042042E-1));
#17147=AXIS2_PLACEMENT_3D('',#17144,#17145,#17146);
#17148=PLANE('',#17147);
#17149=ORIENTED_EDGE('',*,*,#16938,.F.);
#17150=ORIENTED_EDGE('',*,*,#17132,.F.);
#17151=ORIENTED_EDGE('',*,*,#16862,.F.);
#17153=ORIENTED_EDGE('',*,*,#17152,.T.);
#17154=EDGE_LOOP('',(#17149,#17150,#17151,#17153));
#17155=FACE_OUTER_BOUND('',#17154,.F.);
#17157=FILL_AREA_STYLE_COLOUR('',#2);
#17158=FILL_AREA_STYLE('',(#17157));
#17159=SURFACE_STYLE_FILL_AREA(#17158);
#17160=SURFACE_SIDE_STYLE('',(#17159));
#17161=SURFACE_STYLE_USAGE(.BOTH.,#17160);
#17162=PRESENTATION_STYLE_ASSIGNMENT((#17161));
#17163=STYLED_ITEM('',(#17162),#17156);
#17164=CARTESIAN_POINT('',(2.644791841507E0,7.945E0,1.636170215905E0));
#17165=DIRECTION('',(5.627909312390E-1,0.E0,8.265992788015E-1));
#17166=DIRECTION('',(-8.265992788015E-1,0.E0,5.627909312390E-1));
#17167=AXIS2_PLACEMENT_3D('',#17164,#17165,#17166);
#17168=PLANE('',#17167);
#17169=ORIENTED_EDGE('',*,*,#16940,.F.);
#17170=ORIENTED_EDGE('',*,*,#17152,.F.);
#17171=ORIENTED_EDGE('',*,*,#16860,.F.);
#17173=ORIENTED_EDGE('',*,*,#17172,.T.);
#17174=EDGE_LOOP('',(#17169,#17170,#17171,#17173));
#17175=FACE_OUTER_BOUND('',#17174,.F.);
#17177=FILL_AREA_STYLE_COLOUR('',#2);
#17178=FILL_AREA_STYLE('',(#17177));
#17179=SURFACE_STYLE_FILL_AREA(#17178);
#17180=SURFACE_SIDE_STYLE('',(#17179));
#17181=SURFACE_STYLE_USAGE(.BOTH.,#17180);
#17182=PRESENTATION_STYLE_ASSIGNMENT((#17181));
#17183=STYLED_ITEM('',(#17182),#17176);
#17184=CARTESIAN_POINT('',(2.553125E0,7.945E0,1.671276594699E0));
#17185=DIRECTION('',(2.001227687947E-1,0.E0,9.797708290258E-1));
#17186=DIRECTION('',(-9.797708290258E-1,0.E0,2.001227687947E-1));
#17187=AXIS2_PLACEMENT_3D('',#17184,#17185,#17186);
#17188=PLANE('',#17187);
#17189=ORIENTED_EDGE('',*,*,#16942,.F.);
#17190=ORIENTED_EDGE('',*,*,#17172,.F.);
#17191=ORIENTED_EDGE('',*,*,#16858,.F.);
#17193=ORIENTED_EDGE('',*,*,#17192,.T.);
#17194=EDGE_LOOP('',(#17189,#17190,#17191,#17193));
#17195=FACE_OUTER_BOUND('',#17194,.F.);
#17197=FILL_AREA_STYLE_COLOUR('',#2);
#17198=FILL_AREA_STYLE('',(#17197));
#17199=SURFACE_STYLE_FILL_AREA(#17198);
#17200=SURFACE_SIDE_STYLE('',(#17199));
#17201=SURFACE_STYLE_USAGE(.BOTH.,#17200);
#17202=PRESENTATION_STYLE_ASSIGNMENT((#17201));
#17203=STYLED_ITEM('',(#17202),#17196);
#17204=CARTESIAN_POINT('',(2.438541579247E0,7.945E0,1.671276594698E0));
#17205=DIRECTION('',(-2.001236481984E-1,0.E0,9.797706494031E-1));
#17206=DIRECTION('',(-9.797706494031E-1,0.E0,-2.001236481984E-1));
#17207=AXIS2_PLACEMENT_3D('',#17204,#17205,#17206);
#17208=PLANE('',#17207);
#17209=ORIENTED_EDGE('',*,*,#16944,.F.);
#17210=ORIENTED_EDGE('',*,*,#17192,.F.);
#17211=ORIENTED_EDGE('',*,*,#16856,.F.);
#17213=ORIENTED_EDGE('',*,*,#17212,.T.);
#17214=EDGE_LOOP('',(#17209,#17210,#17211,#17213));
#17215=FACE_OUTER_BOUND('',#17214,.F.);
#17217=FILL_AREA_STYLE_COLOUR('',#2);
#17218=FILL_AREA_STYLE('',(#17217));
#17219=SURFACE_STYLE_FILL_AREA(#17218);
#17220=SURFACE_SIDE_STYLE('',(#17219));
#17221=SURFACE_STYLE_USAGE(.BOTH.,#17220);
#17222=PRESENTATION_STYLE_ASSIGNMENT((#17221));
#17223=STYLED_ITEM('',(#17222),#17216);
#17224=CARTESIAN_POINT('',(2.346875E0,7.945E0,1.636170215905E0));
#17225=DIRECTION('',(-5.627909312390E-1,0.E0,8.265992788015E-1));
#17226=DIRECTION('',(-8.265992788015E-1,0.E0,-5.627909312390E-1));
#17227=AXIS2_PLACEMENT_3D('',#17224,#17225,#17226);
#17228=PLANE('',#17227);
#17229=ORIENTED_EDGE('',*,*,#16946,.F.);
#17230=ORIENTED_EDGE('',*,*,#17212,.F.);
#17231=ORIENTED_EDGE('',*,*,#16854,.F.);
#17233=ORIENTED_EDGE('',*,*,#17232,.T.);
#17234=EDGE_LOOP('',(#17229,#17230,#17231,#17233));
#17235=FACE_OUTER_BOUND('',#17234,.F.);
#17237=FILL_AREA_STYLE_COLOUR('',#2);
#17238=FILL_AREA_STYLE('',(#17237));
#17239=SURFACE_STYLE_FILL_AREA(#17238);
#17240=SURFACE_SIDE_STYLE('',(#17239));
#17241=SURFACE_STYLE_USAGE(.BOTH.,#17240);
#17242=PRESENTATION_STYLE_ASSIGNMENT((#17241));
#17243=STYLED_ITEM('',(#17242),#17236);
#17244=CARTESIAN_POINT('',(2.266666579246E0,7.945E0,1.542553197592E0));
#17245=DIRECTION('',(8.373786725196E-1,0.E0,-5.466232329579E-1));
#17246=DIRECTION('',(-5.466232329579E-1,0.E0,-8.373786725196E-1));
#17247=AXIS2_PLACEMENT_3D('',#17244,#17245,#17246);
#17248=PLANE('',#17247);
#17249=ORIENTED_EDGE('',*,*,#16948,.F.);
#17250=ORIENTED_EDGE('',*,*,#17232,.F.);
#17251=ORIENTED_EDGE('',*,*,#16852,.F.);
#17253=ORIENTED_EDGE('',*,*,#17252,.T.);
#17254=EDGE_LOOP('',(#17249,#17250,#17251,#17253));
#17255=FACE_OUTER_BOUND('',#17254,.F.);
#17257=FILL_AREA_STYLE_COLOUR('',#2);
#17258=FILL_AREA_STYLE('',(#17257));
#17259=SURFACE_STYLE_FILL_AREA(#17258);
#17260=SURFACE_SIDE_STYLE('',(#17259));
#17261=SURFACE_STYLE_USAGE(.BOTH.,#17260);
#17262=PRESENTATION_STYLE_ASSIGNMENT((#17261));
#17263=STYLED_ITEM('',(#17262),#17256);
#17264=CARTESIAN_POINT('',(2.209375E0,7.945E0,1.402127657831E0));
#17265=DIRECTION('',(9.869443937643E-1,0.E0,-1.610613659983E-1));
#17266=DIRECTION('',(-1.610613659983E-1,0.E0,-9.869443937643E-1));
#17267=AXIS2_PLACEMENT_3D('',#17264,#17265,#17266);
#17268=PLANE('',#17267);
#17269=ORIENTED_EDGE('',*,*,#16950,.F.);
#17270=ORIENTED_EDGE('',*,*,#17252,.F.);
#17271=ORIENTED_EDGE('',*,*,#16850,.F.);
#17273=ORIENTED_EDGE('',*,*,#17272,.T.);
#17274=EDGE_LOOP('',(#17269,#17270,#17271,#17273));
#17275=FACE_OUTER_BOUND('',#17274,.F.);
#17277=FILL_AREA_STYLE_COLOUR('',#2);
#17278=FILL_AREA_STYLE('',(#17277));
#17279=SURFACE_STYLE_FILL_AREA(#17278);
#17280=SURFACE_SIDE_STYLE('',(#17279));
#17281=SURFACE_STYLE_USAGE(.BOTH.,#17280);
#17282=PRESENTATION_STYLE_ASSIGNMENT((#17281));
#17283=STYLED_ITEM('',(#17282),#17276);
#17284=CARTESIAN_POINT('',(2.197916841507E0,7.945E0,1.25E0));
#17285=DIRECTION('',(1.E0,0.E0,0.E0));
#17286=DIRECTION('',(0.E0,0.E0,-1.E0));
#17287=AXIS2_PLACEMENT_3D('',#17284,#17285,#17286);
#17288=PLANE('',#17287);
#17289=ORIENTED_EDGE('',*,*,#16952,.T.);
#17290=ORIENTED_EDGE('',*,*,#17272,.F.);
#17291=ORIENTED_EDGE('',*,*,#16848,.T.);
#17292=ORIENTED_EDGE('',*,*,#16899,.T.);
#17293=EDGE_LOOP('',(#17289,#17290,#17291,#17292));
#17294=FACE_OUTER_BOUND('',#17293,.F.);
#17296=FILL_AREA_STYLE_COLOUR('',#2);
#17297=FILL_AREA_STYLE('',(#17296));
#17298=SURFACE_STYLE_FILL_AREA(#17297);
#17299=SURFACE_SIDE_STYLE('',(#17298));
#17300=SURFACE_STYLE_USAGE(.BOTH.,#17299);
#17301=PRESENTATION_STYLE_ASSIGNMENT((#17300));
#17302=STYLED_ITEM('',(#17301),#17295);
#17303=CARTESIAN_POINT('',(-1.8E0,7.9398E0,2.6E0));
#17304=DIRECTION('',(0.E0,1.E0,0.E0));
#17305=DIRECTION('',(1.E0,0.E0,0.E0));
#17306=AXIS2_PLACEMENT_3D('',#17303,#17304,#17305);
#17307=CYLINDRICAL_SURFACE('',#17306,5.5E-1);
#17308=ORIENTED_EDGE('',*,*,#9242,.F.);
#17310=ORIENTED_EDGE('',*,*,#17309,.F.);
#17312=ORIENTED_EDGE('',*,*,#17311,.F.);
#17314=ORIENTED_EDGE('',*,*,#17313,.F.);
#17315=EDGE_LOOP('',(#17308,#17310,#17312,#17314));
#17316=FACE_OUTER_BOUND('',#17315,.F.);
#17318=FILL_AREA_STYLE_COLOUR('',#2);
#17319=FILL_AREA_STYLE('',(#17318));
#17320=SURFACE_STYLE_FILL_AREA(#17319);
#17321=SURFACE_SIDE_STYLE('',(#17320));
#17322=SURFACE_STYLE_USAGE(.BOTH.,#17321);
#17323=PRESENTATION_STYLE_ASSIGNMENT((#17322));
#17324=STYLED_ITEM('',(#17323),#17317);
#17325=CARTESIAN_POINT('',(-1.8E0,7.9398E0,2.6E0));
#17326=DIRECTION('',(0.E0,1.E0,0.E0));
#17327=DIRECTION('',(1.E0,0.E0,0.E0));
#17328=AXIS2_PLACEMENT_3D('',#17325,#17326,#17327);
#17329=CYLINDRICAL_SURFACE('',#17328,5.5E-1);
#17330=ORIENTED_EDGE('',*,*,#9244,.F.);
#17331=ORIENTED_EDGE('',*,*,#17313,.T.);
#17333=ORIENTED_EDGE('',*,*,#17332,.F.);
#17334=ORIENTED_EDGE('',*,*,#17309,.T.);
#17335=EDGE_LOOP('',(#17330,#17331,#17333,#17334));
#17336=FACE_OUTER_BOUND('',#17335,.F.);
#17338=FILL_AREA_STYLE_COLOUR('',#2);
#17339=FILL_AREA_STYLE('',(#17338));
#17340=SURFACE_STYLE_FILL_AREA(#17339);
#17341=SURFACE_SIDE_STYLE('',(#17340));
#17342=SURFACE_STYLE_USAGE(.BOTH.,#17341);
#17343=PRESENTATION_STYLE_ASSIGNMENT((#17342));
#17344=STYLED_ITEM('',(#17343),#17337);
#17345=CARTESIAN_POINT('',(-1.8E0,7.94E0,2.6E0));
#17346=DIRECTION('',(0.E0,1.E0,0.E0));
#17347=DIRECTION('',(1.E0,0.E0,0.E0));
#17348=AXIS2_PLACEMENT_3D('',#17345,#17346,#17347);
#17349=PLANE('',#17348);
#17350=ORIENTED_EDGE('',*,*,#17311,.T.);
#17351=ORIENTED_EDGE('',*,*,#17332,.T.);
#17352=EDGE_LOOP('',(#17350,#17351));
#17353=FACE_OUTER_BOUND('',#17352,.F.);
#17355=FILL_AREA_STYLE_COLOUR('',#1);
#17356=FILL_AREA_STYLE('',(#17355));
#17357=SURFACE_STYLE_FILL_AREA(#17356);
#17358=SURFACE_SIDE_STYLE('',(#17357));
#17359=SURFACE_STYLE_USAGE(.BOTH.,#17358);
#17360=PRESENTATION_STYLE_ASSIGNMENT((#17359));
#17361=STYLED_ITEM('',(#17360),#17354);
#17362=CARTESIAN_POINT('',(4.561153579357E0,5.394736082334E-1,
-5.027693340901E0));
#17363=DIRECTION('',(-1.227878039690E-1,9.848077530122E-1,1.227878039690E-1));
#17364=DIRECTION('',(9.924038765061E-1,1.227878039690E-1,7.596123493864E-3));
#17365=AXIS2_PLACEMENT_3D('',#17362,#17363,#17364);
#17366=PLANE('',#17365);
#17367=ORIENTED_EDGE('',*,*,#8561,.F.);
#17369=ORIENTED_EDGE('',*,*,#17368,.F.);
#17371=ORIENTED_EDGE('',*,*,#17370,.F.);
#17373=ORIENTED_EDGE('',*,*,#17372,.F.);
#17374=EDGE_LOOP('',(#17367,#17369,#17371,#17373));
#17375=FACE_OUTER_BOUND('',#17374,.F.);
#17377=CARTESIAN_POINT('',(4.288892393275E0,7.599157879472E-1,
-5.988892393275E0));
#17378=DIRECTION('',(9.924038765062E-1,1.227878039679E-1,7.596123492454E-3));
#17379=DIRECTION('',(-7.596123495238E-3,1.227878039692E-1,-9.924038765061E-1));
#17380=AXIS2_PLACEMENT_3D('',#17377,#17378,#17379);
#17381=PLANE('',#17380);
#17382=ORIENTED_EDGE('',*,*,#8567,.T.);
#17384=ORIENTED_EDGE('',*,*,#17383,.F.);
#17385=ORIENTED_EDGE('',*,*,#17368,.T.);
#17386=EDGE_LOOP('',(#17382,#17384,#17385));
#17387=FACE_OUTER_BOUND('',#17386,.F.);
#17389=CARTESIAN_POINT('',(3.940791424149E0,7.292188369550E-1,
-6.090791424149E0));
#17390=DIRECTION('',(7.596123494716E-3,-1.227878039694E-1,9.924038765060E-1));
#17391=DIRECTION('',(9.924038765061E-1,1.227878039689E-1,7.596123493126E-3));
#17392=AXIS2_PLACEMENT_3D('',#17389,#17390,#17391);
#17393=PLANE('',#17392);
#17394=ORIENTED_EDGE('',*,*,#8565,.F.);
#17396=ORIENTED_EDGE('',*,*,#17395,.F.);
#17397=ORIENTED_EDGE('',*,*,#17370,.T.);
#17398=ORIENTED_EDGE('',*,*,#17383,.T.);
#17399=EDGE_LOOP('',(#17394,#17396,#17397,#17398));
#17400=FACE_OUTER_BOUND('',#17399,.F.);
#17402=CARTESIAN_POINT('',(3.596518783441E0,6.366387373044E-1,
-5.692534294280E0));
#17403=DIRECTION('',(9.924038765060E-1,1.227878039695E-1,7.596123494094E-3));
#17404=DIRECTION('',(7.596123493768E-3,-1.227878039690E-1,9.924038765061E-1));
#17405=AXIS2_PLACEMENT_3D('',#17402,#17403,#17404);
#17406=PLANE('',#17405);
#17407=ORIENTED_EDGE('',*,*,#8563,.T.);
#17408=ORIENTED_EDGE('',*,*,#17372,.T.);
#17409=ORIENTED_EDGE('',*,*,#17395,.T.);
#17410=EDGE_LOOP('',(#17407,#17408,#17409));
#17411=FACE_OUTER_BOUND('',#17410,.F.);
#17413=CARTESIAN_POINT('',(-5.031261201889E0,5.398167830011E-1,
-4.566524501259E0));
#17414=DIRECTION('',(1.227878039690E-1,9.848077530122E-1,1.227878039690E-1));
#17415=DIRECTION('',(9.924038765061E-1,-1.227878039690E-1,-7.596123494084E-3));
#17416=AXIS2_PLACEMENT_3D('',#17413,#17414,#17415);
#17417=PLANE('',#17416);
#17418=ORIENTED_EDGE('',*,*,#8452,.F.);
#17420=ORIENTED_EDGE('',*,*,#17419,.F.);
#17422=ORIENTED_EDGE('',*,*,#17421,.F.);
#17424=ORIENTED_EDGE('',*,*,#17423,.F.);
#17425=EDGE_LOOP('',(#17418,#17420,#17422,#17424));
#17426=FACE_OUTER_BOUND('',#17425,.F.);
#17428=CARTESIAN_POINT('',(-5.988954859080E0,7.591600340765E-1,
-4.288954859081E0));
#17429=DIRECTION('',(-7.596123495029E-3,-1.227878039694E-1,9.924038765060E-1));
#17430=DIRECTION('',(-9.924038765061E-1,1.227878039693E-1,7.596123492849E-3));
#17431=AXIS2_PLACEMENT_3D('',#17428,#17429,#17430);
#17432=PLANE('',#17431);
#17433=ORIENTED_EDGE('',*,*,#8458,.F.);
#17435=ORIENTED_EDGE('',*,*,#17434,.F.);
#17436=ORIENTED_EDGE('',*,*,#17419,.T.);
#17437=EDGE_LOOP('',(#17433,#17435,#17436));
#17438=FACE_OUTER_BOUND('',#17437,.F.);
#17440=CARTESIAN_POINT('',(-6.090853889954E0,7.284630830842E-1,
-3.940853889954E0));
#17441=DIRECTION('',(9.924038765063E-1,-1.227878039678E-1,-7.596123493820E-3));
#17442=DIRECTION('',(7.596123493818E-3,1.227878039689E-1,-9.924038765061E-1));
#17443=AXIS2_PLACEMENT_3D('',#17440,#17441,#17442);
#17444=PLANE('',#17443);
#17445=ORIENTED_EDGE('',*,*,#8456,.F.);
#17447=ORIENTED_EDGE('',*,*,#17446,.F.);
#17448=ORIENTED_EDGE('',*,*,#17421,.T.);
#17449=ORIENTED_EDGE('',*,*,#17434,.T.);
#17450=EDGE_LOOP('',(#17445,#17447,#17448,#17449));
#17451=FACE_OUTER_BOUND('',#17450,.F.);
#17453=CARTESIAN_POINT('',(-5.690103219722E0,6.355744635329E-1,
-3.596600335468E0));
#17454=DIRECTION('',(-7.596123494565E-3,-1.227878039694E-1,9.924038765060E-1));
#17455=DIRECTION('',(9.924038765061E-1,-1.227878039689E-1,-7.596123493278E-3));
#17456=AXIS2_PLACEMENT_3D('',#17453,#17454,#17455);
#17457=PLANE('',#17456);
#17458=ORIENTED_EDGE('',*,*,#8454,.F.);
#17459=ORIENTED_EDGE('',*,*,#17423,.T.);
#17460=ORIENTED_EDGE('',*,*,#17446,.T.);
#17461=EDGE_LOOP('',(#17458,#17459,#17460));
#17462=FACE_OUTER_BOUND('',#17461,.F.);
#17464=CARTESIAN_POINT('',(-5.029138421257E0,5.390416529033E-1,
4.558099957705E0));
#17465=DIRECTION('',(1.227878039689E-1,9.848077530122E-1,-1.227878039690E-1));
#17466=DIRECTION('',(9.924038765061E-1,-1.227878039689E-1,7.596123493912E-3));
#17467=AXIS2_PLACEMENT_3D('',#17464,#17465,#17466);
#17468=PLANE('',#17467);
#17469=ORIENTED_EDGE('',*,*,#8462,.T.);
#17471=ORIENTED_EDGE('',*,*,#17470,.F.);
#17473=ORIENTED_EDGE('',*,*,#17472,.F.);
#17475=ORIENTED_EDGE('',*,*,#17474,.F.);
#17476=EDGE_LOOP('',(#17469,#17471,#17473,#17475));
#17477=FACE_OUTER_BOUND('',#17476,.F.);
#17479=CARTESIAN_POINT('',(-5.690059493659E0,6.361034912426E-1,
3.596556609404E0));
#17480=DIRECTION('',(7.596123493409E-3,1.227878039696E-1,9.924038765060E-1));
#17481=DIRECTION('',(-9.924038765061E-1,1.227878039690E-1,-7.596123494465E-3));
#17482=AXIS2_PLACEMENT_3D('',#17479,#17480,#17481);
#17483=PLANE('',#17482);
#17484=ORIENTED_EDGE('',*,*,#8468,.F.);
#17486=ORIENTED_EDGE('',*,*,#17485,.T.);
#17487=ORIENTED_EDGE('',*,*,#17470,.T.);
#17488=EDGE_LOOP('',(#17484,#17486,#17487));
#17489=FACE_OUTER_BOUND('',#17488,.F.);
#17491=CARTESIAN_POINT('',(-6.090810163890E0,7.289921107938E-1,
3.940810163890E0));
#17492=DIRECTION('',(9.924038765060E-1,-1.227878039696E-1,7.596123493362E-3));
#17493=DIRECTION('',(-7.596123494510E-3,-1.227878039690E-1,-9.924038765061E-1));
#17494=AXIS2_PLACEMENT_3D('',#17491,#17492,#17493);
#17495=PLANE('',#17494);
#17496=ORIENTED_EDGE('',*,*,#8466,.F.);
#17498=ORIENTED_EDGE('',*,*,#17497,.T.);
#17499=ORIENTED_EDGE('',*,*,#17472,.T.);
#17500=ORIENTED_EDGE('',*,*,#17485,.F.);
#17501=EDGE_LOOP('',(#17496,#17498,#17499,#17500));
#17502=FACE_OUTER_BOUND('',#17501,.F.);
#17504=CARTESIAN_POINT('',(-5.988911133016E0,7.596890617861E-1,
4.288911133016E0));
#17505=DIRECTION('',(7.596123495010E-3,1.227878039694E-1,9.924038765060E-1));
#17506=DIRECTION('',(9.924038765061E-1,-1.227878039690E-1,7.596123492833E-3));
#17507=AXIS2_PLACEMENT_3D('',#17504,#17505,#17506);
#17508=PLANE('',#17507);
#17509=ORIENTED_EDGE('',*,*,#8464,.F.);
#17510=ORIENTED_EDGE('',*,*,#17474,.T.);
#17511=ORIENTED_EDGE('',*,*,#17497,.F.);
#17512=EDGE_LOOP('',(#17509,#17510,#17511));
#17513=FACE_OUTER_BOUND('',#17512,.F.);
#17515=CARTESIAN_POINT('',(1.625E0,9.E-1,5.95E0));
#17516=DIRECTION('',(0.E0,1.E0,0.E0));
#17517=DIRECTION('',(1.E0,0.E0,0.E0));
#17518=AXIS2_PLACEMENT_3D('',#17515,#17516,#17517);
#17519=PLANE('',#17518);
#17521=ORIENTED_EDGE('',*,*,#17520,.F.);
#17522=ORIENTED_EDGE('',*,*,#8336,.F.);
#17523=ORIENTED_EDGE('',*,*,#8386,.F.);
#17524=ORIENTED_EDGE('',*,*,#8290,.F.);
#17525=EDGE_LOOP('',(#17521,#17522,#17523,#17524));
#17526=FACE_OUTER_BOUND('',#17525,.F.);
#17528=FILL_AREA_STYLE_COLOUR('',#2);
#17529=FILL_AREA_STYLE('',(#17528));
#17530=SURFACE_STYLE_FILL_AREA(#17529);
#17531=SURFACE_SIDE_STYLE('',(#17530));
#17532=SURFACE_STYLE_USAGE(.BOTH.,#17531);
#17533=PRESENTATION_STYLE_ASSIGNMENT((#17532));
#17534=STYLED_ITEM('',(#17533),#17527);
#17535=CARTESIAN_POINT('',(1.625E0,6.579482770775E-1,6.065E0));
#17536=DIRECTION('',(0.E0,0.E0,1.E0));
#17537=DIRECTION('',(1.E0,0.E0,0.E0));
#17538=AXIS2_PLACEMENT_3D('',#17535,#17536,#17537);
#17539=PLANE('',#17538);
#17540=ORIENTED_EDGE('',*,*,#17520,.T.);
#17541=ORIENTED_EDGE('',*,*,#8288,.T.);
#17542=ORIENTED_EDGE('',*,*,#8313,.T.);
#17543=ORIENTED_EDGE('',*,*,#8338,.F.);
#17544=EDGE_LOOP('',(#17540,#17541,#17542,#17543));
#17545=FACE_OUTER_BOUND('',#17544,.F.);
#17547=CARTESIAN_POINT('',(4.555828704869E0,5.387207574849E-1,
5.028835963303E0));
#17548=DIRECTION('',(-1.227878039690E-1,9.848077530122E-1,-1.227878039690E-1));
#17549=DIRECTION('',(9.924038765061E-1,1.227878039690E-1,-7.596123494077E-3));
#17550=AXIS2_PLACEMENT_3D('',#17547,#17548,#17549);
#17551=PLANE('',#17550);
#17552=ORIENTED_EDGE('',*,*,#8393,.T.);
#17554=ORIENTED_EDGE('',*,*,#17553,.F.);
#17556=ORIENTED_EDGE('',*,*,#17555,.F.);
#17558=ORIENTED_EDGE('',*,*,#17557,.F.);
#17559=EDGE_LOOP('',(#17552,#17554,#17556,#17558));
#17560=FACE_OUTER_BOUND('',#17559,.F.);
#17562=CARTESIAN_POINT('',(3.596537523182E0,6.364120111431E-1,
5.692553034021E0));
#17563=DIRECTION('',(9.924038765060E-1,1.227878039695E-1,-7.596123494091E-3));
#17564=DIRECTION('',(-7.596123493758E-3,1.227878039689E-1,9.924038765061E-1));
#17565=AXIS2_PLACEMENT_3D('',#17562,#17563,#17564);
#17566=PLANE('',#17565);
#17567=ORIENTED_EDGE('',*,*,#8399,.F.);
#17569=ORIENTED_EDGE('',*,*,#17568,.F.);
#17570=ORIENTED_EDGE('',*,*,#17553,.T.);
#17571=EDGE_LOOP('',(#17567,#17569,#17570));
#17572=FACE_OUTER_BOUND('',#17571,.F.);
#17574=CARTESIAN_POINT('',(3.940810163890E0,7.289921107938E-1,
6.090810163890E0));
#17575=DIRECTION('',(-7.596123493374E-3,1.227878039696E-1,9.924038765060E-1));
#17576=DIRECTION('',(-9.924038765061E-1,-1.227878039691E-1,7.596123494510E-3));
#17577=AXIS2_PLACEMENT_3D('',#17574,#17575,#17576);
#17578=PLANE('',#17577);
#17579=ORIENTED_EDGE('',*,*,#8397,.F.);
#17581=ORIENTED_EDGE('',*,*,#17580,.F.);
#17582=ORIENTED_EDGE('',*,*,#17555,.T.);
#17583=ORIENTED_EDGE('',*,*,#17568,.T.);
#17584=EDGE_LOOP('',(#17579,#17581,#17582,#17583));
#17585=FACE_OUTER_BOUND('',#17584,.F.);
#17587=CARTESIAN_POINT('',(4.288911133016E0,7.596890617861E-1,
5.988911133016E0));
#17588=DIRECTION('',(9.924038765060E-1,1.227878039694E-1,-7.596123495010E-3));
#17589=DIRECTION('',(7.596123492833E-3,-1.227878039690E-1,-9.924038765061E-1));
#17590=AXIS2_PLACEMENT_3D('',#17587,#17588,#17589);
#17591=PLANE('',#17590);
#17592=ORIENTED_EDGE('',*,*,#8395,.F.);
#17593=ORIENTED_EDGE('',*,*,#17557,.T.);
#17594=ORIENTED_EDGE('',*,*,#17580,.T.);
#17595=EDGE_LOOP('',(#17592,#17593,#17594));
#17596=FACE_OUTER_BOUND('',#17595,.F.);
#17598=CARTESIAN_POINT('',(2.5E0,1.575E-1,5.8075E0));
#17599=DIRECTION('',(1.E0,0.E0,0.E0));
#17600=DIRECTION('',(0.E0,0.E0,-1.E0));
#17601=AXIS2_PLACEMENT_3D('',#17598,#17599,#17600);
#17602=PLANE('',#17601);
#17603=ORIENTED_EDGE('',*,*,#7286,.T.);
#17605=ORIENTED_EDGE('',*,*,#17604,.F.);
#17607=ORIENTED_EDGE('',*,*,#17606,.T.);
#17608=ORIENTED_EDGE('',*,*,#8316,.T.);
#17609=EDGE_LOOP('',(#17603,#17605,#17607,#17608));
#17610=FACE_OUTER_BOUND('',#17609,.F.);
#17612=CARTESIAN_POINT('',(2.462040650111E0,-1.205423275915E-1,
5.289456968960E0));
#17613=CARTESIAN_POINT('',(2.468033604079E0,-7.230185741425E-2,
5.289456968960E0));
#17614=CARTESIAN_POINT('',(2.474026558047E0,-2.406138723700E-2,
5.289456968960E0));
#17615=CARTESIAN_POINT('',(2.480019512015E0,2.417908294024E-2,
5.289456968960E0));
#17616=CARTESIAN_POINT('',(2.474630323742E0,-1.221377463351E-1,
5.290003191258E0));
#17617=CARTESIAN_POINT('',(2.478635702215E0,-7.364600445631E-2,
5.290003191258E0));
#17618=CARTESIAN_POINT('',(2.482641080687E0,-2.515426257747E-2,
5.290003191258E0));
#17619=CARTESIAN_POINT('',(2.486646459160E0,2.333747930136E-2,
5.290003191258E0));
#17620=CARTESIAN_POINT('',(2.519562673457E0,-1.249365479488E-1,
5.291937990325E0));
#17621=CARTESIAN_POINT('',(2.516474172544E0,-7.600371387259E-2,
5.291937990325E0));
#17622=CARTESIAN_POINT('',(2.513385671631E0,-2.707087979641E-2,
5.291937990325E0));
#17623=CARTESIAN_POINT('',(2.510297170718E0,2.186195427977E-2,
5.291937990325E0));
#17624=CARTESIAN_POINT('',(2.596732543033E0,-1.127152825796E-1,
5.295261366162E0));
#17625=CARTESIAN_POINT('',(2.581459743808E0,-6.570852456747E-2,
5.295261366162E0));
#17626=CARTESIAN_POINT('',(2.566186944584E0,-1.870176655533E-2,
5.295261366162E0));
#17627=CARTESIAN_POINT('',(2.550914145359E0,2.830499145682E-2,
5.295261366162E0));
#17628=CARTESIAN_POINT('',(2.683997057434E0,-6.825022327198E-2,
5.299427096470E0));
#17629=CARTESIAN_POINT('',(2.654948000839E0,-2.826762696792E-2,
5.299427096470E0));
#17630=CARTESIAN_POINT('',(2.625898944244E0,1.171496933614E-2,
5.299427096470E0));
#17631=CARTESIAN_POINT('',(2.596849887649E0,5.169756564020E-2,
5.299427096470E0));
#17632=CARTESIAN_POINT('',(2.733507905878E0,-1.874078768122E-2,
5.302405203969E0));
#17633=CARTESIAN_POINT('',(2.696639579621E0,1.342687015537E-2,
5.302405203969E0));
#17634=CARTESIAN_POINT('',(2.659771253364E0,4.559452799197E-2,
5.302405203969E0));
#17635=CARTESIAN_POINT('',(2.622902927107E0,7.776218582857E-2,
5.302405203969E0));
#17636=CARTESIAN_POINT('',(2.754518650867E0,1.161730978305E-2,
5.303994734700E0));
#17637=CARTESIAN_POINT('',(2.714333407140E0,3.899192259206E-2,
5.303994734700E0));
#17638=CARTESIAN_POINT('',(2.674148163412E0,6.636653540106E-2,
5.303994734700E0));
#17639=CARTESIAN_POINT('',(2.633962919685E0,9.374114821006E-2,
5.303994734700E0));
#17640=CARTESIAN_POINT('',(2.757086161344E0,1.551383993809E-2,
5.304195688661E0));
#17641=CARTESIAN_POINT('',(2.716495609663E0,4.227324361486E-2,
5.304195688661E0));
#17642=CARTESIAN_POINT('',(2.675905057982E0,6.903264729162E-2,
5.304195688661E0));
#17643=CARTESIAN_POINT('',(2.635314506300E0,9.579205096839E-2,
5.304195688661E0));
#17644=B_SPLINE_SURFACE_WITH_KNOTS('',3,3,((#17612,#17613,#17614,#17615),
(#17616,#17617,#17618,#17619),(#17620,#17621,#17622,#17623),(#17624,#17625,
#17626,#17627),(#17628,#17629,#17630,#17631),(#17632,#17633,#17634,#17635),(
#17636,#17637,#17638,#17639),(#17640,#17641,#17642,#17643)),.UNSPECIFIED.,.F.,
.F.,.F.,(4,1,1,1,1,4),(4,4),(-9.834211369737E-2,0.E0,2.500000000004E-1,
5.000000000003E-1,7.500000000003E-1,7.861798436031E-1),(-6.392728010737E-2,
4.652598689772E-1),.UNSPECIFIED.);
#17645=ORIENTED_EDGE('',*,*,#7284,.F.);
#17647=ORIENTED_EDGE('',*,*,#17646,.F.);
#17648=ORIENTED_EDGE('',*,*,#17604,.T.);
#17649=EDGE_LOOP('',(#17645,#17647,#17648));
#17650=FACE_OUTER_BOUND('',#17649,.F.);
#17652=CARTESIAN_POINT('',(2.5E0,1.85E-1,5.316425073935E0));
#17653=DIRECTION('',(0.E0,0.E0,-1.E0));
#17654=DIRECTION('',(0.E0,1.E0,0.E0));
#17655=AXIS2_PLACEMENT_3D('',#17652,#17653,#17654);
#17656=CYLINDRICAL_SURFACE('',#17655,2.85E-1);
#17657=ORIENTED_EDGE('',*,*,#7282,.T.);
#17659=ORIENTED_EDGE('',*,*,#17658,.T.);
#17661=ORIENTED_EDGE('',*,*,#17660,.T.);
#17662=ORIENTED_EDGE('',*,*,#17646,.T.);
#17663=EDGE_LOOP('',(#17657,#17659,#17661,#17662));
#17664=FACE_OUTER_BOUND('',#17663,.F.);
#17666=CARTESIAN_POINT('',(2.480019512015E0,2.417908294024E-2,
4.892734302748E0));
#17667=CARTESIAN_POINT('',(2.474026558022E0,-2.406138743787E-2,
4.892734302748E0));
#17668=CARTESIAN_POINT('',(2.468033604029E0,-7.230185781598E-2,
4.892734302748E0));
#17669=CARTESIAN_POINT('',(2.462040650036E0,-1.205423281941E-1,
4.892734302748E0));
#17670=CARTESIAN_POINT('',(2.486646459160E0,2.333747930136E-2,
4.892188080450E0));
#17671=CARTESIAN_POINT('',(2.482641080671E0,-2.515426277939E-2,
4.892188080450E0));
#17672=CARTESIAN_POINT('',(2.478635702181E0,-7.364600486014E-2,
4.892188080450E0));
#17673=CARTESIAN_POINT('',(2.474630323692E0,-1.221377469409E-1,
4.892188080450E0));
#17674=CARTESIAN_POINT('',(2.510297170718E0,2.186195427977E-2,
4.890253281383E0));
#17675=CARTESIAN_POINT('',(2.513385671644E0,-2.707088000016E-2,
4.890253281383E0));
#17676=CARTESIAN_POINT('',(2.516474172570E0,-7.600371428010E-2,
4.890253281383E0));
#17677=CARTESIAN_POINT('',(2.519562673496E0,-1.249365485600E-1,
4.890253281383E0));
#17678=CARTESIAN_POINT('',(2.550914145359E0,2.830499145682E-2,
4.886929905546E0));
#17679=CARTESIAN_POINT('',(2.566186944647E0,-1.870176675106E-2,
4.886929905546E0));
#17680=CARTESIAN_POINT('',(2.581459743935E0,-6.570852495894E-2,
4.886929905546E0));
#17681=CARTESIAN_POINT('',(2.596732543223E0,-1.127152831668E-1,
4.886929905546E0));
#17682=CARTESIAN_POINT('',(2.596849887649E0,5.169756564019E-2,
4.882764175238E0));
#17683=CARTESIAN_POINT('',(2.625898944365E0,1.171496916964E-2,
4.882764175238E0));
#17684=CARTESIAN_POINT('',(2.654948001081E0,-2.826762730090E-2,
4.882764175238E0));
#17685=CARTESIAN_POINT('',(2.683997057797E0,-6.825022377145E-2,
4.882764175238E0));
#17686=CARTESIAN_POINT('',(2.622902927107E0,7.776218582854E-2,
4.879786067738E0));
#17687=CARTESIAN_POINT('',(2.659771253518E0,4.559452785799E-2,
4.879786067738E0));
#17688=CARTESIAN_POINT('',(2.696639579928E0,1.342686988745E-2,
4.879786067738E0));
#17689=CARTESIAN_POINT('',(2.733507906338E0,-1.874078808310E-2,
4.879786067738E0));
#17690=CARTESIAN_POINT('',(2.633962919685E0,9.374114821004E-2,
4.878196537007E0));
#17691=CARTESIAN_POINT('',(2.674148163580E0,6.636653528704E-2,
4.878196537007E0));
#17692=CARTESIAN_POINT('',(2.714333407474E0,3.899192236404E-2,
4.878196537007E0));
#17693=CARTESIAN_POINT('',(2.754518651369E0,1.161730944105E-2,
4.878196537007E0));
#17694=CARTESIAN_POINT('',(2.635314506300E0,9.579205096837E-2,
4.877995583046E0));
#17695=CARTESIAN_POINT('',(2.675905058151E0,6.903264718018E-2,
4.877995583046E0));
#17696=CARTESIAN_POINT('',(2.716495610001E0,4.227324339198E-2,
4.877995583046E0));
#17697=CARTESIAN_POINT('',(2.757086161851E0,1.551383960379E-2,
4.877995583046E0));
#17698=B_SPLINE_SURFACE_WITH_KNOTS('',3,3,((#17666,#17667,#17668,#17669),
(#17670,#17671,#17672,#17673),(#17674,#17675,#17676,#17677),(#17678,#17679,
#17680,#17681),(#17682,#17683,#17684,#17685),(#17686,#17687,#17688,#17689),(
#17690,#17691,#17692,#17693),(#17694,#17695,#17696,#17697)),.UNSPECIFIED.,.F.,
.F.,.F.,(4,1,1,1,1,4),(4,4),(-9.834211369743E-2,0.E0,2.500000000001E-1,
4.999999999999E-1,7.499999999997E-1,7.861798436026E-1),(5.347401310228E-1,
1.063927282311E0),.UNSPECIFIED.);
#17699=ORIENTED_EDGE('',*,*,#7280,.F.);
#17701=ORIENTED_EDGE('',*,*,#17700,.F.);
#17702=ORIENTED_EDGE('',*,*,#17658,.F.);
#17703=EDGE_LOOP('',(#17699,#17701,#17702));
#17704=FACE_OUTER_BOUND('',#17703,.F.);
#17706=CARTESIAN_POINT('',(2.5E0,3.250000000001E-2,4.245648724307E0));
#17707=DIRECTION('',(1.E0,0.E0,0.E0));
#17708=DIRECTION('',(0.E0,0.E0,-1.E0));
#17709=AXIS2_PLACEMENT_3D('',#17706,#17707,#17708);
#17710=PLANE('',#17709);
#17711=ORIENTED_EDGE('',*,*,#7278,.T.);
#17713=ORIENTED_EDGE('',*,*,#17712,.T.);
#17715=ORIENTED_EDGE('',*,*,#17714,.T.);
#17716=ORIENTED_EDGE('',*,*,#17700,.T.);
#17717=EDGE_LOOP('',(#17711,#17713,#17715,#17716));
#17718=FACE_OUTER_BOUND('',#17717,.F.);
#17720=CARTESIAN_POINT('',(7.15E-1,2.65E-1,3.600201812760E0));
#17721=DIRECTION('',(1.E0,0.E0,0.E0));
#17722=DIRECTION('',(0.E0,5.000000000004E-1,8.660254037842E-1));
#17723=AXIS2_PLACEMENT_3D('',#17720,#17721,#17722);
#17724=CYLINDRICAL_SURFACE('',#17723,3.649999999997E-1);
#17725=ORIENTED_EDGE('',*,*,#7276,.F.);
#17727=ORIENTED_EDGE('',*,*,#17726,.F.);
#17729=ORIENTED_EDGE('',*,*,#17728,.F.);
#17730=ORIENTED_EDGE('',*,*,#17712,.F.);
#17731=EDGE_LOOP('',(#17725,#17727,#17729,#17730));
#17732=FACE_OUTER_BOUND('',#17731,.F.);
#17734=CARTESIAN_POINT('',(7.5E-1,2.437499999995E-2,3.499526359570E0));
#17735=DIRECTION('',(1.E0,0.E0,0.E0));
#17736=DIRECTION('',(0.E0,-8.660254037848E-1,4.999999999993E-1));
#17737=AXIS2_PLACEMENT_3D('',#17734,#17735,#17736);
#17738=PLANE('',#17737);
#17739=ORIENTED_EDGE('',*,*,#7274,.T.);
#17741=ORIENTED_EDGE('',*,*,#17740,.T.);
#17743=ORIENTED_EDGE('',*,*,#17742,.T.);
#17744=ORIENTED_EDGE('',*,*,#17726,.T.);
#17745=EDGE_LOOP('',(#17739,#17741,#17743,#17744));
#17746=FACE_OUTER_BOUND('',#17745,.F.);
#17748=CARTESIAN_POINT('',(7.879593498896E-1,-1.205423275916E-1,
4.892734302748E0));
#17749=CARTESIAN_POINT('',(7.819663959215E-1,-7.230185741430E-2,
4.892734302748E0));
#17750=CARTESIAN_POINT('',(7.759734419534E-1,-2.406138723705E-2,
4.892734302748E0));
#17751=CARTESIAN_POINT('',(7.699804879852E-1,2.417908294020E-2,
4.892734302748E0));
#17752=CARTESIAN_POINT('',(7.753696762583E-1,-1.221377463352E-1,
4.892188080450E0));
#17753=CARTESIAN_POINT('',(7.713642977855E-1,-7.364600445633E-2,
4.892188080450E0));
#17754=CARTESIAN_POINT('',(7.673589193127E-1,-2.515426257749E-2,
4.892188080450E0));
#17755=CARTESIAN_POINT('',(7.633535408399E-1,2.333747930135E-2,
4.892188080450E0));
#17756=CARTESIAN_POINT('',(7.304373265421E-1,-1.249365479487E-1,
4.890253281383E0));
#17757=CARTESIAN_POINT('',(7.335258274552E-1,-7.600371387256E-2,
4.890253281383E0));
#17758=CARTESIAN_POINT('',(7.366143283683E-1,-2.707087979638E-2,
4.890253281383E0));
#17759=CARTESIAN_POINT('',(7.397028292814E-1,2.186195427979E-2,
4.890253281383E0));
#17760=CARTESIAN_POINT('',(6.532674569675E-1,-1.127152825796E-1,
4.886929905546E0));
#17761=CARTESIAN_POINT('',(6.685402561921E-1,-6.570852456747E-2,
4.886929905546E0));
#17762=CARTESIAN_POINT('',(6.838130554167E-1,-1.870176655532E-2,
4.886929905546E0));
#17763=CARTESIAN_POINT('',(6.990858546413E-1,2.830499145682E-2,
4.886929905546E0));
#17764=CARTESIAN_POINT('',(5.660029425661E-1,-6.825022327199E-2,
4.882764175238E0));
#17765=CARTESIAN_POINT('',(5.950519991610E-1,-2.826762696793E-2,
4.882764175238E0));
#17766=CARTESIAN_POINT('',(6.241010557560E-1,1.171496933613E-2,
4.882764175238E0));
#17767=CARTESIAN_POINT('',(6.531501123510E-1,5.169756564019E-2,
4.882764175238E0));
#17768=CARTESIAN_POINT('',(5.164920941221E-1,-1.874078768122E-2,
4.879786067738E0));
#17769=CARTESIAN_POINT('',(5.533604203789E-1,1.342687015538E-2,
4.879786067738E0));
#17770=CARTESIAN_POINT('',(5.902287466357E-1,4.559452799197E-2,
4.879786067738E0));
#17771=CARTESIAN_POINT('',(6.270970728925E-1,7.776218582857E-2,
4.879786067738E0));
#17772=CARTESIAN_POINT('',(4.954813491329E-1,1.161730978308E-2,
4.878196537007E0));
#17773=CARTESIAN_POINT('',(5.356665928602E-1,3.899192259208E-2,
4.878196537007E0));
#17774=CARTESIAN_POINT('',(5.758518365875E-1,6.636653540108E-2,
4.878196537007E0));
#17775=CARTESIAN_POINT('',(6.160370803149E-1,9.374114821008E-2,
4.878196537007E0));
#17776=CARTESIAN_POINT('',(4.929138386557E-1,1.551383993814E-2,
4.877995583046E0));
#17777=CARTESIAN_POINT('',(5.335043903370E-1,4.227324361490E-2,
4.877995583046E0));
#17778=CARTESIAN_POINT('',(5.740949420183E-1,6.903264729166E-2,
4.877995583046E0));
#17779=CARTESIAN_POINT('',(6.146854936996E-1,9.579205096841E-2,
4.877995583046E0));
#17780=B_SPLINE_SURFACE_WITH_KNOTS('',3,3,((#17748,#17749,#17750,#17751),
(#17752,#17753,#17754,#17755),(#17756,#17757,#17758,#17759),(#17760,#17761,
#17762,#17763),(#17764,#17765,#17766,#17767),(#17768,#17769,#17770,#17771),(
#17772,#17773,#17774,#17775),(#17776,#17777,#17778,#17779)),.UNSPECIFIED.,.F.,
.F.,.F.,(4,1,1,1,1,4),(4,4),(-9.834211369605E-2,0.E0,2.500000000001E-1,
5.000000000001E-1,7.500000000001E-1,7.861798436031E-1),(-6.392728010736E-2,
4.652598689772E-1),.UNSPECIFIED.);
#17781=ORIENTED_EDGE('',*,*,#7272,.F.);
#17783=ORIENTED_EDGE('',*,*,#17782,.F.);
#17784=ORIENTED_EDGE('',*,*,#17740,.F.);
#17785=EDGE_LOOP('',(#17781,#17783,#17784));
#17786=FACE_OUTER_BOUND('',#17785,.F.);
#17788=CARTESIAN_POINT('',(7.5E-1,1.85E-1,4.865766197773E0));
#17789=DIRECTION('',(0.E0,0.E0,1.E0));
#17790=DIRECTION('',(0.E0,1.E0,0.E0));
#17791=AXIS2_PLACEMENT_3D('',#17788,#17789,#17790);
#17792=CYLINDRICAL_SURFACE('',#17791,2.85E-1);
#17793=ORIENTED_EDGE('',*,*,#7270,.T.);
#17795=ORIENTED_EDGE('',*,*,#17794,.T.);
#17797=ORIENTED_EDGE('',*,*,#17796,.T.);
#17798=ORIENTED_EDGE('',*,*,#17782,.T.);
#17799=EDGE_LOOP('',(#17793,#17795,#17797,#17798));
#17800=FACE_OUTER_BOUND('',#17799,.F.);
#17802=CARTESIAN_POINT('',(7.699804879852E-1,2.417908294020E-2,
5.289456968960E0));
#17803=CARTESIAN_POINT('',(7.759734419783E-1,-2.406138743792E-2,
5.289456968960E0));
#17804=CARTESIAN_POINT('',(7.819663959714E-1,-7.230185781605E-2,
5.289456968960E0));
#17805=CARTESIAN_POINT('',(7.879593499645E-1,-1.205423281942E-1,
5.289456968960E0));
#17806=CARTESIAN_POINT('',(7.633535408399E-1,2.333747930135E-2,
5.290003191258E0));
#17807=CARTESIAN_POINT('',(7.673589193294E-1,-2.515426277941E-2,
5.290003191258E0));
#17808=CARTESIAN_POINT('',(7.713642978189E-1,-7.364600486016E-2,
5.290003191258E0));
#17809=CARTESIAN_POINT('',(7.753696763083E-1,-1.221377469409E-1,
5.290003191258E0));
#17810=CARTESIAN_POINT('',(7.397028292814E-1,2.186195427979E-2,
5.291937990325E0));
#17811=CARTESIAN_POINT('',(7.366143283554E-1,-2.707088000014E-2,
5.291937990325E0));
#17812=CARTESIAN_POINT('',(7.335258274295E-1,-7.600371428007E-2,
5.291937990325E0));
#17813=CARTESIAN_POINT('',(7.304373265035E-1,-1.249365485600E-1,
5.291937990325E0));
#17814=CARTESIAN_POINT('',(6.990858546413E-1,2.830499145682E-2,
5.295261366162E0));
#17815=CARTESIAN_POINT('',(6.838130553531E-1,-1.870176675106E-2,
5.295261366162E0));
#17816=CARTESIAN_POINT('',(6.685402560649E-1,-6.570852495894E-2,
5.295261366162E0));
#17817=CARTESIAN_POINT('',(6.532674567767E-1,-1.127152831668E-1,
5.295261366162E0));
#17818=CARTESIAN_POINT('',(6.531501123510E-1,5.169756564020E-2,
5.299427096470E0));
#17819=CARTESIAN_POINT('',(6.241010556350E-1,1.171496916965E-2,
5.299427096470E0));
#17820=CARTESIAN_POINT('',(5.950519989191E-1,-2.826762730089E-2,
5.299427096470E0));
#17821=CARTESIAN_POINT('',(5.660029422032E-1,-6.825022377144E-2,
5.299427096470E0));
#17822=CARTESIAN_POINT('',(6.270970728925E-1,7.776218582858E-2,
5.302405203969E0));
#17823=CARTESIAN_POINT('',(5.902287464822E-1,4.559452785804E-2,
5.302405203969E0));
#17824=CARTESIAN_POINT('',(5.533604200718E-1,1.342686988750E-2,
5.302405203969E0));
#17825=CARTESIAN_POINT('',(5.164920936615E-1,-1.874078808304E-2,
5.302405203969E0));
#17826=CARTESIAN_POINT('',(6.160370803149E-1,9.374114821009E-2,
5.303994734700E0));
#17827=CARTESIAN_POINT('',(5.758518364202E-1,6.636653528711E-2,
5.303994734700E0));
#17828=CARTESIAN_POINT('',(5.356665925255E-1,3.899192236413E-2,
5.303994734700E0));
#17829=CARTESIAN_POINT('',(4.954813486309E-1,1.161730944115E-2,
5.303994734700E0));
#17830=CARTESIAN_POINT('',(6.146854936996E-1,9.579205096844E-2,
5.304195688661E0));
#17831=CARTESIAN_POINT('',(5.740949418493E-1,6.903264718026E-2,
5.304195688661E0));
#17832=CARTESIAN_POINT('',(5.335043899989E-1,4.227324339208E-2,
5.304195688661E0));
#17833=CARTESIAN_POINT('',(4.929138381486E-1,1.551383960391E-2,
5.304195688661E0));
#17834=B_SPLINE_SURFACE_WITH_KNOTS('',3,3,((#17802,#17803,#17804,#17805),
(#17806,#17807,#17808,#17809),(#17810,#17811,#17812,#17813),(#17814,#17815,
#17816,#17817),(#17818,#17819,#17820,#17821),(#17822,#17823,#17824,#17825),(
#17826,#17827,#17828,#17829),(#17830,#17831,#17832,#17833)),.UNSPECIFIED.,.F.,
.F.,.F.,(4,1,1,1,1,4),(4,4),(-9.834211369608E-2,0.E0,2.500000000001E-1,
5.000000000001E-1,7.500000000001E-1,7.861798436032E-1),(5.347401310228E-1,
1.063927282311E0),.UNSPECIFIED.);
#17835=ORIENTED_EDGE('',*,*,#7268,.F.);
#17837=ORIENTED_EDGE('',*,*,#17836,.T.);
#17838=ORIENTED_EDGE('',*,*,#17794,.F.);
#17839=EDGE_LOOP('',(#17835,#17837,#17838));
#17840=FACE_OUTER_BOUND('',#17839,.F.);
#17842=CARTESIAN_POINT('',(7.5E-1,1.575E-1,5.8075E0));
#17843=DIRECTION('',(1.E0,0.E0,0.E0));
#17844=DIRECTION('',(0.E0,0.E0,1.E0));
#17845=AXIS2_PLACEMENT_3D('',#17842,#17843,#17844);
#17846=PLANE('',#17845);
#17847=ORIENTED_EDGE('',*,*,#8320,.T.);
#17849=ORIENTED_EDGE('',*,*,#17848,.T.);
#17850=ORIENTED_EDGE('',*,*,#17836,.F.);
#17851=ORIENTED_EDGE('',*,*,#7266,.T.);
#17852=EDGE_LOOP('',(#17847,#17849,#17850,#17851));
#17853=FACE_OUTER_BOUND('',#17852,.F.);
#17855=CARTESIAN_POINT('',(1.625E0,-9.999999999997E-2,4.575100906380E0));
#17856=DIRECTION('',(0.E0,1.E0,0.E0));
#17857=DIRECTION('',(1.E0,0.E0,0.E0));
#17858=AXIS2_PLACEMENT_3D('',#17855,#17856,#17857);
#17859=PLANE('',#17858);
#17860=ORIENTED_EDGE('',*,*,#8318,.F.);
#17861=ORIENTED_EDGE('',*,*,#17606,.F.);
#17862=ORIENTED_EDGE('',*,*,#17660,.F.);
#17863=ORIENTED_EDGE('',*,*,#17714,.F.);
#17864=ORIENTED_EDGE('',*,*,#17728,.T.);
#17865=ORIENTED_EDGE('',*,*,#17742,.F.);
#17866=ORIENTED_EDGE('',*,*,#17796,.F.);
#17867=ORIENTED_EDGE('',*,*,#17848,.F.);
#17868=EDGE_LOOP('',(#17860,#17861,#17862,#17863,#17864,#17865,#17866,#17867));
#17869=FACE_OUTER_BOUND('',#17868,.F.);
#17871=CARTESIAN_POINT('',(7.5E-1,1.575E-1,-5.8075E0));
#17872=DIRECTION('',(1.E0,0.E0,0.E0));
#17873=DIRECTION('',(0.E0,0.E0,1.E0));
#17874=AXIS2_PLACEMENT_3D('',#17871,#17872,#17873);
#17875=PLANE('',#17874);
#17876=ORIENTED_EDGE('',*,*,#7322,.T.);
#17878=ORIENTED_EDGE('',*,*,#17877,.F.);
#17880=ORIENTED_EDGE('',*,*,#17879,.F.);
#17881=ORIENTED_EDGE('',*,*,#8142,.T.);
#17882=EDGE_LOOP('',(#17876,#17878,#17880,#17881));
#17883=FACE_OUTER_BOUND('',#17882,.F.);
#17885=CARTESIAN_POINT('',(7.879593498896E-1,-1.205423275916E-1,
-5.289456968960E0));
#17886=CARTESIAN_POINT('',(7.819663959215E-1,-7.230185741430E-2,
-5.289456968960E0));
#17887=CARTESIAN_POINT('',(7.759734419534E-1,-2.406138723705E-2,
-5.289456968960E0));
#17888=CARTESIAN_POINT('',(7.699804879852E-1,2.417908294020E-2,
-5.289456968960E0));
#17889=CARTESIAN_POINT('',(7.753696762583E-1,-1.221377463352E-1,
-5.290003191258E0));
#17890=CARTESIAN_POINT('',(7.713642977855E-1,-7.364600445633E-2,
-5.290003191258E0));
#17891=CARTESIAN_POINT('',(7.673589193127E-1,-2.515426257749E-2,
-5.290003191258E0));
#17892=CARTESIAN_POINT('',(7.633535408399E-1,2.333747930135E-2,
-5.290003191258E0));
#17893=CARTESIAN_POINT('',(7.304373265421E-1,-1.249365479487E-1,
-5.291937990325E0));
#17894=CARTESIAN_POINT('',(7.335258274552E-1,-7.600371387256E-2,
-5.291937990325E0));
#17895=CARTESIAN_POINT('',(7.366143283683E-1,-2.707087979638E-2,
-5.291937990325E0));
#17896=CARTESIAN_POINT('',(7.397028292814E-1,2.186195427979E-2,
-5.291937990325E0));
#17897=CARTESIAN_POINT('',(6.532674569675E-1,-1.127152825796E-1,
-5.295261366162E0));
#17898=CARTESIAN_POINT('',(6.685402561921E-1,-6.570852456747E-2,
-5.295261366162E0));
#17899=CARTESIAN_POINT('',(6.838130554167E-1,-1.870176655532E-2,
-5.295261366162E0));
#17900=CARTESIAN_POINT('',(6.990858546413E-1,2.830499145682E-2,
-5.295261366162E0));
#17901=CARTESIAN_POINT('',(5.660029425661E-1,-6.825022327198E-2,
-5.299427096470E0));
#17902=CARTESIAN_POINT('',(5.950519991610E-1,-2.826762696792E-2,
-5.299427096470E0));
#17903=CARTESIAN_POINT('',(6.241010557560E-1,1.171496933614E-2,
-5.299427096470E0));
#17904=CARTESIAN_POINT('',(6.531501123510E-1,5.169756564020E-2,
-5.299427096470E0));
#17905=CARTESIAN_POINT('',(5.164920941221E-1,-1.874078768120E-2,
-5.302405203969E0));
#17906=CARTESIAN_POINT('',(5.533604203789E-1,1.342687015539E-2,
-5.302405203969E0));
#17907=CARTESIAN_POINT('',(5.902287466357E-1,4.559452799198E-2,
-5.302405203969E0));
#17908=CARTESIAN_POINT('',(6.270970728925E-1,7.776218582857E-2,
-5.302405203969E0));
#17909=CARTESIAN_POINT('',(4.954813491329E-1,1.161730978310E-2,
-5.303994734700E0));
#17910=CARTESIAN_POINT('',(5.356665928602E-1,3.899192259210E-2,
-5.303994734700E0));
#17911=CARTESIAN_POINT('',(5.758518365875E-1,6.636653540109E-2,
-5.303994734700E0));
#17912=CARTESIAN_POINT('',(6.160370803149E-1,9.374114821009E-2,
-5.303994734700E0));
#17913=CARTESIAN_POINT('',(4.929138386556E-1,1.551383993817E-2,
-5.304195688661E0));
#17914=CARTESIAN_POINT('',(5.335043903370E-1,4.227324361493E-2,
-5.304195688661E0));
#17915=CARTESIAN_POINT('',(5.740949420183E-1,6.903264729168E-2,
-5.304195688661E0));
#17916=CARTESIAN_POINT('',(6.146854936996E-1,9.579205096843E-2,
-5.304195688661E0));
#17917=B_SPLINE_SURFACE_WITH_KNOTS('',3,3,((#17885,#17886,#17887,#17888),
(#17889,#17890,#17891,#17892),(#17893,#17894,#17895,#17896),(#17897,#17898,
#17899,#17900),(#17901,#17902,#17903,#17904),(#17905,#17906,#17907,#17908),(
#17909,#17910,#17911,#17912),(#17913,#17914,#17915,#17916)),.UNSPECIFIED.,.F.,
.F.,.F.,(4,1,1,1,1,4),(4,4),(-9.834211369607E-2,0.E0,2.500000000001E-1,
5.000000000001E-1,7.500000000001E-1,7.861798436032E-1),(-6.392728010737E-2,
4.652598689772E-1),.UNSPECIFIED.);
#17918=ORIENTED_EDGE('',*,*,#7320,.F.);
#17920=ORIENTED_EDGE('',*,*,#17919,.F.);
#17921=ORIENTED_EDGE('',*,*,#17877,.T.);
#17922=EDGE_LOOP('',(#17918,#17920,#17921));
#17923=FACE_OUTER_BOUND('',#17922,.F.);
#17925=CARTESIAN_POINT('',(7.5E-1,1.85E-1,-5.316425073935E0));
#17926=DIRECTION('',(0.E0,0.E0,1.E0));
#17927=DIRECTION('',(0.E0,1.E0,0.E0));
#17928=AXIS2_PLACEMENT_3D('',#17925,#17926,#17927);
#17929=CYLINDRICAL_SURFACE('',#17928,2.85E-1);
#17930=ORIENTED_EDGE('',*,*,#7318,.T.);
#17932=ORIENTED_EDGE('',*,*,#17931,.T.);
#17934=ORIENTED_EDGE('',*,*,#17933,.F.);
#17935=ORIENTED_EDGE('',*,*,#17919,.T.);
#17936=EDGE_LOOP('',(#17930,#17932,#17934,#17935));
#17937=FACE_OUTER_BOUND('',#17936,.F.);
#17939=CARTESIAN_POINT('',(7.699804879852E-1,2.417908294020E-2,
-4.892734302748E0));
#17940=CARTESIAN_POINT('',(7.759734419783E-1,-2.406138743792E-2,
-4.892734302748E0));
#17941=CARTESIAN_POINT('',(7.819663959714E-1,-7.230185781605E-2,
-4.892734302748E0));
#17942=CARTESIAN_POINT('',(7.879593499645E-1,-1.205423281942E-1,
-4.892734302748E0));
#17943=CARTESIAN_POINT('',(7.633535408399E-1,2.333747930135E-2,
-4.892188080450E0));
#17944=CARTESIAN_POINT('',(7.673589193294E-1,-2.515426277941E-2,
-4.892188080450E0));
#17945=CARTESIAN_POINT('',(7.713642978189E-1,-7.364600486016E-2,
-4.892188080450E0));
#17946=CARTESIAN_POINT('',(7.753696763083E-1,-1.221377469409E-1,
-4.892188080450E0));
#17947=CARTESIAN_POINT('',(7.397028292814E-1,2.186195427979E-2,
-4.890253281383E0));
#17948=CARTESIAN_POINT('',(7.366143283554E-1,-2.707088000014E-2,
-4.890253281383E0));
#17949=CARTESIAN_POINT('',(7.335258274294E-1,-7.600371428006E-2,
-4.890253281383E0));
#17950=CARTESIAN_POINT('',(7.304373265035E-1,-1.249365485600E-1,
-4.890253281383E0));
#17951=CARTESIAN_POINT('',(6.990858546413E-1,2.830499145682E-2,
-4.886929905546E0));
#17952=CARTESIAN_POINT('',(6.838130553531E-1,-1.870176675106E-2,
-4.886929905546E0));
#17953=CARTESIAN_POINT('',(6.685402560649E-1,-6.570852495894E-2,
-4.886929905546E0));
#17954=CARTESIAN_POINT('',(6.532674567767E-1,-1.127152831668E-1,
-4.886929905546E0));
#17955=CARTESIAN_POINT('',(6.531501123510E-1,5.169756564019E-2,
-4.882764175238E0));
#17956=CARTESIAN_POINT('',(6.241010556350E-1,1.171496916965E-2,
-4.882764175238E0));
#17957=CARTESIAN_POINT('',(5.950519989191E-1,-2.826762730090E-2,
-4.882764175238E0));
#17958=CARTESIAN_POINT('',(5.660029422032E-1,-6.825022377145E-2,
-4.882764175238E0));
#17959=CARTESIAN_POINT('',(6.270970728925E-1,7.776218582857E-2,
-4.879786067738E0));
#17960=CARTESIAN_POINT('',(5.902287464822E-1,4.559452785803E-2,
-4.879786067738E0));
#17961=CARTESIAN_POINT('',(5.533604200718E-1,1.342686988749E-2,
-4.879786067738E0));
#17962=CARTESIAN_POINT('',(5.164920936615E-1,-1.874078808305E-2,
-4.879786067738E0));
#17963=CARTESIAN_POINT('',(6.160370803149E-1,9.374114821008E-2,
-4.878196537007E0));
#17964=CARTESIAN_POINT('',(5.758518364202E-1,6.636653528709E-2,
-4.878196537007E0));
#17965=CARTESIAN_POINT('',(5.356665925255E-1,3.899192236410E-2,
-4.878196537007E0));
#17966=CARTESIAN_POINT('',(4.954813486309E-1,1.161730944112E-2,
-4.878196537007E0));
#17967=CARTESIAN_POINT('',(6.146854936996E-1,9.579205096841E-2,
-4.877995583046E0));
#17968=CARTESIAN_POINT('',(5.740949418493E-1,6.903264718023E-2,
-4.877995583046E0));
#17969=CARTESIAN_POINT('',(5.335043899989E-1,4.227324339205E-2,
-4.877995583046E0));
#17970=CARTESIAN_POINT('',(4.929138381486E-1,1.551383960387E-2,
-4.877995583046E0));
#17971=B_SPLINE_SURFACE_WITH_KNOTS('',3,3,((#17939,#17940,#17941,#17942),
(#17943,#17944,#17945,#17946),(#17947,#17948,#17949,#17950),(#17951,#17952,
#17953,#17954),(#17955,#17956,#17957,#17958),(#17959,#17960,#17961,#17962),(
#17963,#17964,#17965,#17966),(#17967,#17968,#17969,#17970)),.UNSPECIFIED.,.F.,
.F.,.F.,(4,1,1,1,1,4),(4,4),(-9.834211369605E-2,0.E0,2.500000000001E-1,
5.000000000001E-1,7.500000000001E-1,7.861798436031E-1),(5.347401310228E-1,
1.063927282311E0),.UNSPECIFIED.);
#17972=ORIENTED_EDGE('',*,*,#7316,.F.);
#17974=ORIENTED_EDGE('',*,*,#17973,.F.);
#17975=ORIENTED_EDGE('',*,*,#17931,.F.);
#17976=EDGE_LOOP('',(#17972,#17974,#17975));
#17977=FACE_OUTER_BOUND('',#17976,.F.);
#17979=CARTESIAN_POINT('',(7.5E-1,2.437499999995E-2,-3.499526359570E0));
#17980=DIRECTION('',(1.E0,0.E0,0.E0));
#17981=DIRECTION('',(0.E0,8.660254037848E-1,4.999999999993E-1));
#17982=AXIS2_PLACEMENT_3D('',#17979,#17980,#17981);
#17983=PLANE('',#17982);
#17985=ORIENTED_EDGE('',*,*,#17984,.T.);
#17987=ORIENTED_EDGE('',*,*,#17986,.T.);
#17988=ORIENTED_EDGE('',*,*,#17973,.T.);
#17989=ORIENTED_EDGE('',*,*,#7314,.T.);
#17990=EDGE_LOOP('',(#17985,#17987,#17988,#17989));
#17991=FACE_OUTER_BOUND('',#17990,.F.);
#17993=CARTESIAN_POINT('',(2.535E0,2.65E-1,-3.600201812760E0));
#17994=DIRECTION('',(-1.E0,0.E0,0.E0));
#17995=DIRECTION('',(0.E0,5.000000000004E-1,-8.660254037842E-1));
#17996=AXIS2_PLACEMENT_3D('',#17993,#17994,#17995);
#17997=CYLINDRICAL_SURFACE('',#17996,3.649999999997E-1);
#17998=ORIENTED_EDGE('',*,*,#7312,.F.);
#18000=ORIENTED_EDGE('',*,*,#17999,.F.);
#18002=ORIENTED_EDGE('',*,*,#18001,.T.);
#18003=ORIENTED_EDGE('',*,*,#17984,.F.);
#18004=EDGE_LOOP('',(#17998,#18000,#18002,#18003));
#18005=FACE_OUTER_BOUND('',#18004,.F.);
#18007=CARTESIAN_POINT('',(2.5E0,3.250000000001E-2,-4.245648724307E0));
#18008=DIRECTION('',(1.E0,0.E0,0.E0));
#18009=DIRECTION('',(0.E0,0.E0,-1.E0));
#18010=AXIS2_PLACEMENT_3D('',#18007,#18008,#18009);
#18011=PLANE('',#18010);
#18013=ORIENTED_EDGE('',*,*,#18012,.T.);
#18014=ORIENTED_EDGE('',*,*,#17999,.T.);
#18015=ORIENTED_EDGE('',*,*,#7310,.T.);
#18017=ORIENTED_EDGE('',*,*,#18016,.T.);
#18018=EDGE_LOOP('',(#18013,#18014,#18015,#18017));
#18019=FACE_OUTER_BOUND('',#18018,.F.);
#18021=CARTESIAN_POINT('',(1.625E0,-9.999999999997E-2,-4.575100906380E0));
#18022=DIRECTION('',(0.E0,1.E0,0.E0));
#18023=DIRECTION('',(1.E0,0.E0,0.E0));
#18024=AXIS2_PLACEMENT_3D('',#18021,#18022,#18023);
#18025=PLANE('',#18024);
#18026=ORIENTED_EDGE('',*,*,#8144,.F.);
#18027=ORIENTED_EDGE('',*,*,#17879,.T.);
#18028=ORIENTED_EDGE('',*,*,#17933,.T.);
#18029=ORIENTED_EDGE('',*,*,#17986,.F.);
#18030=ORIENTED_EDGE('',*,*,#18001,.F.);
#18031=ORIENTED_EDGE('',*,*,#18012,.F.);
#18033=ORIENTED_EDGE('',*,*,#18032,.F.);
#18035=ORIENTED_EDGE('',*,*,#18034,.F.);
#18036=EDGE_LOOP('',(#18026,#18027,#18028,#18029,#18030,#18031,#18033,#18035));
#18037=FACE_OUTER_BOUND('',#18036,.F.);
#18039=CARTESIAN_POINT('',(2.5E0,1.85E-1,-4.865766197773E0));
#18040=DIRECTION('',(0.E0,0.E0,-1.E0));
#18041=DIRECTION('',(0.E0,1.E0,0.E0));
#18042=AXIS2_PLACEMENT_3D('',#18039,#18040,#18041);
#18043=CYLINDRICAL_SURFACE('',#18042,2.85E-1);
#18044=ORIENTED_EDGE('',*,*,#7306,.T.);
#18046=ORIENTED_EDGE('',*,*,#18045,.T.);
#18047=ORIENTED_EDGE('',*,*,#18032,.T.);
#18049=ORIENTED_EDGE('',*,*,#18048,.T.);
#18050=EDGE_LOOP('',(#18044,#18046,#18047,#18049));
#18051=FACE_OUTER_BOUND('',#18050,.F.);
#18053=CARTESIAN_POINT('',(2.480019512015E0,2.417908294024E-2,
-5.289456968960E0));
#18054=CARTESIAN_POINT('',(2.474026558022E0,-2.406138743787E-2,
-5.289456968960E0));
#18055=CARTESIAN_POINT('',(2.468033604029E0,-7.230185781598E-2,
-5.289456968960E0));
#18056=CARTESIAN_POINT('',(2.462040650036E0,-1.205423281941E-1,
-5.289456968960E0));
#18057=CARTESIAN_POINT('',(2.486646459160E0,2.333747930136E-2,
-5.290003191258E0));
#18058=CARTESIAN_POINT('',(2.482641080671E0,-2.515426277939E-2,
-5.290003191258E0));
#18059=CARTESIAN_POINT('',(2.478635702181E0,-7.364600486014E-2,
-5.290003191258E0));
#18060=CARTESIAN_POINT('',(2.474630323692E0,-1.221377469409E-1,
-5.290003191258E0));
#18061=CARTESIAN_POINT('',(2.510297170718E0,2.186195427977E-2,
-5.291937990325E0));
#18062=CARTESIAN_POINT('',(2.513385671644E0,-2.707088000016E-2,
-5.291937990325E0));
#18063=CARTESIAN_POINT('',(2.516474172570E0,-7.600371428010E-2,
-5.291937990325E0));
#18064=CARTESIAN_POINT('',(2.519562673496E0,-1.249365485600E-1,
-5.291937990325E0));
#18065=CARTESIAN_POINT('',(2.550914145359E0,2.830499145682E-2,
-5.295261366162E0));
#18066=CARTESIAN_POINT('',(2.566186944647E0,-1.870176675106E-2,
-5.295261366162E0));
#18067=CARTESIAN_POINT('',(2.581459743935E0,-6.570852495894E-2,
-5.295261366162E0));
#18068=CARTESIAN_POINT('',(2.596732543223E0,-1.127152831668E-1,
-5.295261366162E0));
#18069=CARTESIAN_POINT('',(2.596849887649E0,5.169756564020E-2,
-5.299427096470E0));
#18070=CARTESIAN_POINT('',(2.625898944365E0,1.171496916965E-2,
-5.299427096470E0));
#18071=CARTESIAN_POINT('',(2.654948001081E0,-2.826762730090E-2,
-5.299427096470E0));
#18072=CARTESIAN_POINT('',(2.683997057797E0,-6.825022377144E-2,
-5.299427096470E0));
#18073=CARTESIAN_POINT('',(2.622902927107E0,7.776218582857E-2,
-5.302405203970E0));
#18074=CARTESIAN_POINT('',(2.659771253518E0,4.559452785803E-2,
-5.302405203970E0));
#18075=CARTESIAN_POINT('',(2.696639579928E0,1.342686988749E-2,
-5.302405203970E0));
#18076=CARTESIAN_POINT('',(2.733507906339E0,-1.874078808305E-2,
-5.302405203970E0));
#18077=CARTESIAN_POINT('',(2.633962919685E0,9.374114821007E-2,
-5.303994734700E0));
#18078=CARTESIAN_POINT('',(2.674148163580E0,6.636653528708E-2,
-5.303994734700E0));
#18079=CARTESIAN_POINT('',(2.714333407475E0,3.899192236409E-2,
-5.303994734701E0));
#18080=CARTESIAN_POINT('',(2.754518651369E0,1.161730944110E-2,
-5.303994734701E0));
#18081=CARTESIAN_POINT('',(2.635314506300E0,9.579205096839E-2,
-5.304195688662E0));
#18082=CARTESIAN_POINT('',(2.675905058151E0,6.903264718020E-2,
-5.304195688662E0));
#18083=CARTESIAN_POINT('',(2.716495610001E0,4.227324339201E-2,
-5.304195688662E0));
#18084=CARTESIAN_POINT('',(2.757086161851E0,1.551383960382E-2,
-5.304195688662E0));
#18085=B_SPLINE_SURFACE_WITH_KNOTS('',3,3,((#18053,#18054,#18055,#18056),
(#18057,#18058,#18059,#18060),(#18061,#18062,#18063,#18064),(#18065,#18066,
#18067,#18068),(#18069,#18070,#18071,#18072),(#18073,#18074,#18075,#18076),(
#18077,#18078,#18079,#18080),(#18081,#18082,#18083,#18084)),.UNSPECIFIED.,.F.,
.F.,.F.,(4,1,1,1,1,4),(4,4),(-9.834211369747E-2,0.E0,2.500000000004E-1,
5.000000000004E-1,7.500000000003E-1,7.861798436031E-1),(5.347401310228E-1,
1.063927282311E0),.UNSPECIFIED.);
#18086=ORIENTED_EDGE('',*,*,#7304,.F.);
#18088=ORIENTED_EDGE('',*,*,#18087,.T.);
#18089=ORIENTED_EDGE('',*,*,#18045,.F.);
#18090=EDGE_LOOP('',(#18086,#18088,#18089));
#18091=FACE_OUTER_BOUND('',#18090,.F.);
#18093=CARTESIAN_POINT('',(2.5E0,1.575E-1,-5.8075E0));
#18094=DIRECTION('',(1.E0,0.E0,0.E0));
#18095=DIRECTION('',(0.E0,0.E0,-1.E0));
#18096=AXIS2_PLACEMENT_3D('',#18093,#18094,#18095);
#18097=PLANE('',#18096);
#18098=ORIENTED_EDGE('',*,*,#8146,.T.);
#18099=ORIENTED_EDGE('',*,*,#18034,.T.);
#18100=ORIENTED_EDGE('',*,*,#18087,.F.);
#18101=ORIENTED_EDGE('',*,*,#7302,.T.);
#18102=EDGE_LOOP('',(#18098,#18099,#18100,#18101));
#18103=FACE_OUTER_BOUND('',#18102,.F.);
#18105=CARTESIAN_POINT('',(2.462040650111E0,-1.205423275915E-1,
-4.892734302748E0));
#18106=CARTESIAN_POINT('',(2.468033604079E0,-7.230185741424E-2,
-4.892734302748E0));
#18107=CARTESIAN_POINT('',(2.474026558047E0,-2.406138723700E-2,
-4.892734302748E0));
#18108=CARTESIAN_POINT('',(2.480019512015E0,2.417908294024E-2,
-4.892734302748E0));
#18109=CARTESIAN_POINT('',(2.474630323742E0,-1.221377463351E-1,
-4.892188080450E0));
#18110=CARTESIAN_POINT('',(2.478635702215E0,-7.364600445631E-2,
-4.892188080450E0));
#18111=CARTESIAN_POINT('',(2.482641080687E0,-2.515426257747E-2,
-4.892188080450E0));
#18112=CARTESIAN_POINT('',(2.486646459160E0,2.333747930136E-2,
-4.892188080450E0));
#18113=CARTESIAN_POINT('',(2.519562673457E0,-1.249365479488E-1,
-4.890253281383E0));
#18114=CARTESIAN_POINT('',(2.516474172544E0,-7.600371387259E-2,
-4.890253281383E0));
#18115=CARTESIAN_POINT('',(2.513385671631E0,-2.707087979641E-2,
-4.890253281383E0));
#18116=CARTESIAN_POINT('',(2.510297170718E0,2.186195427977E-2,
-4.890253281383E0));
#18117=CARTESIAN_POINT('',(2.596732543033E0,-1.127152825796E-1,
-4.886929905546E0));
#18118=CARTESIAN_POINT('',(2.581459743808E0,-6.570852456747E-2,
-4.886929905546E0));
#18119=CARTESIAN_POINT('',(2.566186944584E0,-1.870176655532E-2,
-4.886929905546E0));
#18120=CARTESIAN_POINT('',(2.550914145359E0,2.830499145682E-2,
-4.886929905546E0));
#18121=CARTESIAN_POINT('',(2.683997057434E0,-6.825022327199E-2,
-4.882764175238E0));
#18122=CARTESIAN_POINT('',(2.654948000839E0,-2.826762696793E-2,
-4.882764175238E0));
#18123=CARTESIAN_POINT('',(2.625898944244E0,1.171496933613E-2,
-4.882764175238E0));
#18124=CARTESIAN_POINT('',(2.596849887649E0,5.169756564019E-2,
-4.882764175238E0));
#18125=CARTESIAN_POINT('',(2.733507905878E0,-1.874078768126E-2,
-4.879786067738E0));
#18126=CARTESIAN_POINT('',(2.696639579621E0,1.342687015534E-2,
-4.879786067738E0));
#18127=CARTESIAN_POINT('',(2.659771253364E0,4.559452799194E-2,
-4.879786067738E0));
#18128=CARTESIAN_POINT('',(2.622902927107E0,7.776218582854E-2,
-4.879786067738E0));
#18129=CARTESIAN_POINT('',(2.754518650867E0,1.161730978301E-2,
-4.878196537007E0));
#18130=CARTESIAN_POINT('',(2.714333407140E0,3.899192259202E-2,
-4.878196537007E0));
#18131=CARTESIAN_POINT('',(2.674148163412E0,6.636653540103E-2,
-4.878196537007E0));
#18132=CARTESIAN_POINT('',(2.633962919685E0,9.374114821004E-2,
-4.878196537007E0));
#18133=CARTESIAN_POINT('',(2.757086161344E0,1.551383993806E-2,
-4.877995583046E0));
#18134=CARTESIAN_POINT('',(2.716495609663E0,4.227324361483E-2,
-4.877995583046E0));
#18135=CARTESIAN_POINT('',(2.675905057982E0,6.903264729160E-2,
-4.877995583046E0));
#18136=CARTESIAN_POINT('',(2.635314506300E0,9.579205096837E-2,
-4.877995583046E0));
#18137=B_SPLINE_SURFACE_WITH_KNOTS('',3,3,((#18105,#18106,#18107,#18108),
(#18109,#18110,#18111,#18112),(#18113,#18114,#18115,#18116),(#18117,#18118,
#18119,#18120),(#18121,#18122,#18123,#18124),(#18125,#18126,#18127,#18128),(
#18129,#18130,#18131,#18132),(#18133,#18134,#18135,#18136)),.UNSPECIFIED.,.F.,
.F.,.F.,(4,1,1,1,1,4),(4,4),(-9.834211369731E-2,0.E0,2.500000000002E-1,
4.999999999999E-1,7.499999999997E-1,7.861798436026E-1),(-6.392728010736E-2,
4.652598689772E-1),.UNSPECIFIED.);
#18138=ORIENTED_EDGE('',*,*,#7308,.F.);
#18139=ORIENTED_EDGE('',*,*,#18048,.F.);
#18140=ORIENTED_EDGE('',*,*,#18016,.F.);
#18141=EDGE_LOOP('',(#18138,#18139,#18140));
#18142=FACE_OUTER_BOUND('',#18141,.F.);
#18144=CARTESIAN_POINT('',(-7.5E-1,1.575E-1,5.8075E0));
#18145=DIRECTION('',(1.E0,0.E0,0.E0));
#18146=DIRECTION('',(0.E0,0.E0,-1.E0));
#18147=AXIS2_PLACEMENT_3D('',#18144,#18145,#18146);
#18148=PLANE('',#18147);
#18149=ORIENTED_EDGE('',*,*,#7258,.T.);
#18151=ORIENTED_EDGE('',*,*,#18150,.F.);
#18153=ORIENTED_EDGE('',*,*,#18152,.T.);
#18154=ORIENTED_EDGE('',*,*,#7502,.T.);
#18155=EDGE_LOOP('',(#18149,#18151,#18153,#18154));
#18156=FACE_OUTER_BOUND('',#18155,.F.);
#18158=CARTESIAN_POINT('',(-7.879594499341E-1,-1.205423149135E-1,
4.139457814063E0));
#18159=CARTESIAN_POINT('',(-7.819664801716E-1,-7.230184673299E-2,
4.139457814063E0));
#18160=CARTESIAN_POINT('',(-7.759735104091E-1,-2.406137855247E-2,
4.139457814063E0));
#18161=CARTESIAN_POINT('',(-7.699805406466E-1,2.417908962804E-2,
4.139457814063E0));
#18162=CARTESIAN_POINT('',(-7.753697434600E-1,-1.221377421493E-1,
4.140003754660E0));
#18163=CARTESIAN_POINT('',(-7.713643543774E-1,-7.364600093011E-2,
4.140003754660E0));
#18164=CARTESIAN_POINT('',(-7.673589652949E-1,-2.515425971097E-2,
4.140003754660E0));
#18165=CARTESIAN_POINT('',(-7.633535762124E-1,2.333748150816E-2,
4.140003754660E0));
#18166=CARTESIAN_POINT('',(-7.304373601387E-1,-1.249365532693E-1,
4.141937552224E0));
#18167=CARTESIAN_POINT('',(-7.335258557472E-1,-7.600371835464E-2,
4.141937552224E0));
#18168=CARTESIAN_POINT('',(-7.366143513558E-1,-2.707088343994E-2,
4.141937552224E0));
#18169=CARTESIAN_POINT('',(-7.397028469644E-1,2.186195147477E-2,
4.141937552224E0));
#18170=CARTESIAN_POINT('',(-6.532674569675E-1,-1.127152825796E-1,
4.145259206756E0));
#18171=CARTESIAN_POINT('',(-6.685402561921E-1,-6.570852456745E-2,
4.145259206756E0));
#18172=CARTESIAN_POINT('',(-6.838130554167E-1,-1.870176655531E-2,
4.145259206756E0));
#18173=CARTESIAN_POINT('',(-6.990858546413E-1,2.830499145683E-2,
4.145259206756E0));
#18174=CARTESIAN_POINT('',(-5.660029425661E-1,-6.825022327195E-2,
4.149422777659E0));
#18175=CARTESIAN_POINT('',(-5.950519991610E-1,-2.826762696790E-2,
4.149422777659E0));
#18176=CARTESIAN_POINT('',(-6.241010557560E-1,1.171496933615E-2,
4.149422777659E0));
#18177=CARTESIAN_POINT('',(-6.531501123509E-1,5.169756564020E-2,
4.149422777659E0));
#18178=CARTESIAN_POINT('',(-5.164920700686E-1,-1.874076362833E-2,
4.152399342832E0));
#18179=CARTESIAN_POINT('',(-5.533604001241E-1,1.342689041157E-2,
4.152399342832E0));
#18180=CARTESIAN_POINT('',(-5.902287301797E-1,4.559454445148E-2,
4.152399342832E0));
#18181=CARTESIAN_POINT('',(-6.270970602353E-1,7.776219849138E-2,
4.152399342832E0));
#18182=CARTESIAN_POINT('',(-4.954813108834E-1,1.161736504929E-2,
4.153988051038E0));
#18183=CARTESIAN_POINT('',(-5.356665606491E-1,3.899196913266E-2,
4.153988051038E0));
#18184=CARTESIAN_POINT('',(-5.758518104148E-1,6.636657321604E-2,
4.153988051038E0));
#18185=CARTESIAN_POINT('',(-6.160370601805E-1,9.374117729941E-2,
4.153988051038E0));
#18186=CARTESIAN_POINT('',(-4.929137831979E-1,1.551392410265E-2,
4.154188902276E0));
#18187=CARTESIAN_POINT('',(-5.335043436338E-1,4.227331449098E-2,
4.154188902276E0));
#18188=CARTESIAN_POINT('',(-5.740949040697E-1,6.903270487931E-2,
4.154188902276E0));
#18189=CARTESIAN_POINT('',(-6.146854645056E-1,9.579209526764E-2,
4.154188902276E0));
#18190=B_SPLINE_SURFACE_WITH_KNOTS('',3,3,((#18158,#18159,#18160,#18161),
(#18162,#18163,#18164,#18165),(#18166,#18167,#18168,#18169),(#18170,#18171,
#18172,#18173),(#18174,#18175,#18176,#18177),(#18178,#18179,#18180,#18181),(
#18182,#18183,#18184,#18185),(#18186,#18187,#18188,#18189)),.UNSPECIFIED.,.F.,
.F.,.F.,(4,1,1,1,1,4),(4,4),(-9.834237418875E-2,0.E0,2.499999999976E-1,
4.999999999951E-1,7.499999999926E-1,7.861801040912E-1),(-6.392728010728E-2,
4.652598689772E-1),.UNSPECIFIED.);
#18191=ORIENTED_EDGE('',*,*,#7256,.F.);
#18193=ORIENTED_EDGE('',*,*,#18192,.F.);
#18194=ORIENTED_EDGE('',*,*,#18150,.T.);
#18195=EDGE_LOOP('',(#18191,#18193,#18194));
#18196=FACE_OUTER_BOUND('',#18195,.F.);
#18198=CARTESIAN_POINT('',(-7.5E-1,1.85E-1,4.166416090808E0));
#18199=DIRECTION('',(0.E0,0.E0,-1.E0));
#18200=DIRECTION('',(0.E0,1.E0,0.E0));
#18201=AXIS2_PLACEMENT_3D('',#18198,#18199,#18200);
#18202=CYLINDRICAL_SURFACE('',#18201,2.85E-1);
#18203=ORIENTED_EDGE('',*,*,#7254,.T.);
#18205=ORIENTED_EDGE('',*,*,#18204,.T.);
#18207=ORIENTED_EDGE('',*,*,#18206,.T.);
#18208=ORIENTED_EDGE('',*,*,#18192,.T.);
#18209=EDGE_LOOP('',(#18203,#18205,#18207,#18208));
#18210=FACE_OUTER_BOUND('',#18209,.F.);
#18212=CARTESIAN_POINT('',(-7.699805406465E-1,2.417908962800E-2,
3.742733457644E0));
#18213=CARTESIAN_POINT('',(-7.759735104339E-1,-2.406137875342E-2,
3.742733457644E0));
#18214=CARTESIAN_POINT('',(-7.819664802213E-1,-7.230184713483E-2,
3.742733457644E0));
#18215=CARTESIAN_POINT('',(-7.879594500087E-1,-1.205423155162E-1,
3.742733457644E0));
#18216=CARTESIAN_POINT('',(-7.633535762126E-1,2.333748150818E-2,
3.742187517047E0));
#18217=CARTESIAN_POINT('',(-7.673589653119E-1,-2.515425991288E-2,
3.742187517047E0));
#18218=CARTESIAN_POINT('',(-7.713643544112E-1,-7.364600133394E-2,
3.742187517047E0));
#18219=CARTESIAN_POINT('',(-7.753697435105E-1,-1.221377427550E-1,
3.742187517047E0));
#18220=CARTESIAN_POINT('',(-7.397028469645E-1,2.186195147475E-2,
3.740253719483E0));
#18221=CARTESIAN_POINT('',(-7.366143513431E-1,-2.707088364373E-2,
3.740253719483E0));
#18222=CARTESIAN_POINT('',(-7.335258557217E-1,-7.600371876220E-2,
3.740253719483E0));
#18223=CARTESIAN_POINT('',(-7.304373601003E-1,-1.249365538807E-1,
3.740253719483E0));
#18224=CARTESIAN_POINT('',(-6.990858546413E-1,2.830499145683E-2,
3.736932064951E0));
#18225=CARTESIAN_POINT('',(-6.838130553531E-1,-1.870176675105E-2,
3.736932064951E0));
#18226=CARTESIAN_POINT('',(-6.685402560649E-1,-6.570852495893E-2,
3.736932064951E0));
#18227=CARTESIAN_POINT('',(-6.532674567767E-1,-1.127152831668E-1,
3.736932064951E0));
#18228=CARTESIAN_POINT('',(-6.531501123509E-1,5.169756564020E-2,
3.732768494049E0));
#18229=CARTESIAN_POINT('',(-6.241010556350E-1,1.171496916965E-2,
3.732768494049E0));
#18230=CARTESIAN_POINT('',(-5.950519989191E-1,-2.826762730089E-2,
3.732768494049E0));
#18231=CARTESIAN_POINT('',(-5.660029422032E-1,-6.825022377144E-2,
3.732768494049E0));
#18232=CARTESIAN_POINT('',(-6.270970602351E-1,7.776219849158E-2,
3.729791928875E0));
#18233=CARTESIAN_POINT('',(-5.902287300259E-1,4.559454431778E-2,
3.729791928875E0));
#18234=CARTESIAN_POINT('',(-5.533603998168E-1,1.342689014398E-2,
3.729791928875E0));
#18235=CARTESIAN_POINT('',(-5.164920696076E-1,-1.874076402982E-2,
3.729791928875E0));
#18236=CARTESIAN_POINT('',(-6.160370601803E-1,9.374117729953E-2,
3.728203220670E0));
#18237=CARTESIAN_POINT('',(-5.758518102473E-1,6.636657310220E-2,
3.728203220670E0));
#18238=CARTESIAN_POINT('',(-5.356665603142E-1,3.899196890488E-2,
3.728203220670E0));
#18239=CARTESIAN_POINT('',(-4.954813103812E-1,1.161736470755E-2,
3.728203220670E0));
#18240=CARTESIAN_POINT('',(-6.146854645056E-1,9.579209526760E-2,
3.728002369432E0));
#18241=CARTESIAN_POINT('',(-5.740949039007E-1,6.903270476783E-2,
3.728002369432E0));
#18242=CARTESIAN_POINT('',(-5.335043432957E-1,4.227331426806E-2,
3.728002369432E0));
#18243=CARTESIAN_POINT('',(-4.929137826908E-1,1.551392376829E-2,
3.728002369432E0));
#18244=B_SPLINE_SURFACE_WITH_KNOTS('',3,3,((#18212,#18213,#18214,#18215),
(#18216,#18217,#18218,#18219),(#18220,#18221,#18222,#18223),(#18224,#18225,
#18226,#18227),(#18228,#18229,#18230,#18231),(#18232,#18233,#18234,#18235),(
#18236,#18237,#18238,#18239),(#18240,#18241,#18242,#18243)),.UNSPECIFIED.,.F.,
.F.,.F.,(4,1,1,1,1,4),(4,4),(-9.834237418279E-2,0.E0,2.500000000061E-1,
5.000000000040E-1,7.500000000019E-1,7.861801040976E-1),(5.347401310228E-1,
1.063927282311E0),.UNSPECIFIED.);
#18245=ORIENTED_EDGE('',*,*,#7252,.F.);
#18247=ORIENTED_EDGE('',*,*,#18246,.F.);
#18248=ORIENTED_EDGE('',*,*,#18204,.F.);
#18249=EDGE_LOOP('',(#18245,#18247,#18248));
#18250=FACE_OUTER_BOUND('',#18249,.F.);
#18252=CARTESIAN_POINT('',(-7.5E-1,3.250000000001E-2,3.670648724307E0));
#18253=DIRECTION('',(1.E0,0.E0,0.E0));
#18254=DIRECTION('',(0.E0,0.E0,-1.E0));
#18255=AXIS2_PLACEMENT_3D('',#18252,#18253,#18254);
#18256=PLANE('',#18255);
#18257=ORIENTED_EDGE('',*,*,#7250,.T.);
#18259=ORIENTED_EDGE('',*,*,#18258,.T.);
#18261=ORIENTED_EDGE('',*,*,#18260,.T.);
#18262=ORIENTED_EDGE('',*,*,#18246,.T.);
#18263=EDGE_LOOP('',(#18257,#18259,#18261,#18262));
#18264=FACE_OUTER_BOUND('',#18263,.F.);
#18266=CARTESIAN_POINT('',(-2.535E0,2.65E-1,3.600201812760E0));
#18267=DIRECTION('',(1.E0,0.E0,0.E0));
#18268=DIRECTION('',(0.E0,5.000000000004E-1,8.660254037842E-1));
#18269=AXIS2_PLACEMENT_3D('',#18266,#18267,#18268);
#18270=CYLINDRICAL_SURFACE('',#18269,3.649999999997E-1);
#18271=ORIENTED_EDGE('',*,*,#7248,.F.);
#18273=ORIENTED_EDGE('',*,*,#18272,.F.);
#18275=ORIENTED_EDGE('',*,*,#18274,.F.);
#18276=ORIENTED_EDGE('',*,*,#18258,.F.);
#18277=EDGE_LOOP('',(#18271,#18273,#18275,#18276));
#18278=FACE_OUTER_BOUND('',#18277,.F.);
#18280=CARTESIAN_POINT('',(-2.5E0,3.250000000001E-2,4.245648724307E0));
#18281=DIRECTION('',(1.E0,0.E0,0.E0));
#18282=DIRECTION('',(0.E0,0.E0,1.E0));
#18283=AXIS2_PLACEMENT_3D('',#18280,#18281,#18282);
#18284=PLANE('',#18283);
#18286=ORIENTED_EDGE('',*,*,#18285,.F.);
#18287=ORIENTED_EDGE('',*,*,#18272,.T.);
#18288=ORIENTED_EDGE('',*,*,#7246,.T.);
#18289=ORIENTED_EDGE('',*,*,#7422,.T.);
#18290=EDGE_LOOP('',(#18286,#18287,#18288,#18289));
#18291=FACE_OUTER_BOUND('',#18290,.F.);
#18293=CARTESIAN_POINT('',(-1.625E0,-9.999999999997E-2,4.575100906380E0));
#18294=DIRECTION('',(0.E0,1.E0,0.E0));
#18295=DIRECTION('',(1.E0,0.E0,0.E0));
#18296=AXIS2_PLACEMENT_3D('',#18293,#18294,#18295);
#18297=PLANE('',#18296);
#18298=ORIENTED_EDGE('',*,*,#7504,.F.);
#18299=ORIENTED_EDGE('',*,*,#18152,.F.);
#18300=ORIENTED_EDGE('',*,*,#18206,.F.);
#18301=ORIENTED_EDGE('',*,*,#18260,.F.);
#18302=ORIENTED_EDGE('',*,*,#18274,.T.);
#18303=ORIENTED_EDGE('',*,*,#18285,.T.);
#18304=ORIENTED_EDGE('',*,*,#7435,.T.);
#18305=ORIENTED_EDGE('',*,*,#7489,.T.);
#18306=EDGE_LOOP('',(#18298,#18299,#18300,#18301,#18302,#18303,#18304,#18305));
#18307=FACE_OUTER_BOUND('',#18306,.F.);
#18309=CLOSED_SHELL('',(#7378,#7426,#7440,#7480,#7494,#7513,#7531,#7552,#7566,
#7589,#7610,#7631,#7652,#7673,#7694,#7715,#7736,#7761,#7787,#7801,#7841,#7855,
#7895,#7909,#7923,#7937,#7977,#7991,#8031,#8044,#8060,#8078,#8099,#8124,#8150,
#8168,#8189,#8210,#8231,#8252,#8273,#8298,#8324,#8342,#8362,#8403,#8424,#8472,
#8492,#8509,#8530,#8571,#8591,#8610,#8623,#8642,#8656,#8677,#8697,#9248,#9270,
#9291,#9311,#9337,#9359,#9379,#9399,#9418,#9440,#9461,#9482,#9503,#9524,#9545,
#9565,#9587,#9609,#9630,#9651,#9672,#9693,#9714,#9735,#9756,#9777,#9798,#9819,
#9840,#9861,#9882,#9903,#9924,#9945,#9966,#9987,#10008,#10029,#10050,#10071,
#10092,#10113,#10134,#10155,#10176,#10197,#10218,#10239,#10260,#10281,#10302,
#10323,#10344,#10365,#10386,#10407,#10427,#10482,#10504,#10525,#10546,#10567,
#10588,#10609,#10630,#10651,#10672,#10693,#10714,#10735,#10756,#10777,#10798,
#10819,#10840,#10861,#10882,#10903,#10924,#10945,#10966,#10987,#11008,#11028,
#11107,#11129,#11179,#11199,#11219,#11239,#11259,#11279,#11299,#11319,#11339,
#11359,#11379,#11399,#11419,#11439,#11459,#11479,#11499,#11518,#11540,#11561,
#11582,#11603,#11624,#11645,#11666,#11687,#11708,#11729,#11750,#11771,#11792,
#11813,#11834,#11855,#11876,#11897,#11918,#11939,#11960,#11981,#12002,#12023,
#12044,#12065,#12086,#12107,#12128,#12149,#12170,#12191,#12212,#12232,#12349,
#12371,#12417,#12437,#12457,#12477,#12497,#12517,#12537,#12557,#12577,#12597,
#12617,#12637,#12657,#12677,#12697,#12716,#12738,#12784,#12804,#12824,#12844,
#12864,#12884,#12904,#12924,#12944,#12964,#12984,#13004,#13024,#13044,#13064,
#13083,#13105,#13126,#13147,#13168,#13189,#13210,#13230,#13252,#13274,#13295,
#13316,#13337,#13358,#13379,#13400,#13421,#13442,#13463,#13484,#13505,#13526,
#13547,#13568,#13589,#13610,#13631,#13652,#13673,#13694,#13715,#13736,#13757,
#13778,#13799,#13820,#13841,#13862,#13883,#13904,#13925,#13946,#13967,#13988,
#14009,#14030,#14051,#14072,#14093,#14114,#14135,#14156,#14177,#14198,#14219,
#14240,#14261,#14282,#14303,#14324,#14345,#14366,#14387,#14408,#14429,#14449,
#14521,#14543,#14564,#14585,#14606,#14627,#14648,#14669,#14690,#14711,#14732,
#14752,#14786,#14808,#14828,#14848,#14867,#14889,#14910,#14931,#14952,#14973,
#14994,#15015,#15036,#15057,#15078,#15099,#15120,#15141,#15162,#15183,#15204,
#15225,#15246,#15267,#15288,#15309,#15330,#15351,#15372,#15393,#15414,#15435,
#15456,#15477,#15498,#15519,#15540,#15561,#15582,#15603,#15624,#15645,#15666,
#15687,#15707,#15804,#15826,#15880,#15900,#15920,#15940,#15960,#15980,#16000,
#16020,#16040,#16060,#16080,#16100,#16120,#16140,#16160,#16180,#16200,#16220,
#16240,#16259,#16281,#16302,#16323,#16344,#16365,#16386,#16407,#16428,#16449,
#16470,#16491,#16512,#16533,#16554,#16575,#16596,#16617,#16638,#16659,#16680,
#16701,#16722,#16743,#16764,#16785,#16805,#16884,#16906,#16956,#16976,#16996,
#17016,#17036,#17056,#17076,#17096,#17116,#17136,#17156,#17176,#17196,#17216,
#17236,#17256,#17276,#17295,#17317,#17337,#17354,#17376,#17388,#17401,#17412,
#17427,#17439,#17452,#17463,#17478,#17490,#17503,#17514,#17527,#17546,#17561,
#17573,#17586,#17597,#17611,#17651,#17665,#17705,#17719,#17733,#17747,#17787,
#17801,#17841,#17854,#17870,#17884,#17924,#17938,#17978,#17992,#18006,#18020,
#18038,#18052,#18092,#18104,#18143,#18157,#18197,#18211,#18251,#18265,#18279,
#18292,#18308));
#18310=MANIFOLD_SOLID_BREP('',#18309);
#18311=PRESENTATION_LAYER_ASSIGNMENT('COLOR2','',(#18310));
#18312=PRESENTATION_LAYER_ASSIGNMENT('___SHELL','',(#18310));
#18313=PRESENTATION_LAYER_ASSIGNMENT('77D4M900','',(#18310));
#18314=PRESENTATION_LAYER_ASSIGNMENT('C62330-A127-K590002-03','',(#18310));
#18317=PLANE_ANGLE_MEASURE_WITH_UNIT(PLANE_ANGLE_MEASURE(1.745329251994E-2),
#18316);
#18318=(CONVERSION_BASED_UNIT('DEGREE',#18317)NAMED_UNIT(*)PLANE_ANGLE_UNIT());
#18320=UNCERTAINTY_MEASURE_WITH_UNIT(LENGTH_MEASURE(1.91E-3),#18315,
'distance_accuracy_value',
'Maximum model space distance between geometric entities at asserted connectivities');
#18323=MECHANICAL_DESIGN_GEOMETRIC_PRESENTATION_REPRESENTATION('',(#7385,#7538,
#7573,#7596,#7617,#7638,#7659,#7680,#7701,#7722,#7743,#7768,#8085,#8106,#8131,
#8175,#8196,#8217,#8238,#8259,#8280,#8305,#8349,#8369,#8410,#8431,#8479,#8499,
#8516,#8537,#8578,#8598,#8630,#8663,#8684,#8704,#9255,#9277,#9298,#9318,#9344,
#9366,#9386,#9406,#9425,#9447,#9468,#9489,#9510,#9531,#9552,#9572,#9594,#9616,
#9637,#9658,#9679,#9700,#9721,#9742,#9763,#9784,#9805,#9826,#9847,#9868,#9889,
#9910,#9931,#9952,#9973,#9994,#10015,#10036,#10057,#10078,#10099,#10120,#10141,
#10162,#10183,#10204,#10225,#10246,#10267,#10288,#10309,#10330,#10351,#10372,
#10393,#10414,#10434,#10489,#10511,#10532,#10553,#10574,#10595,#10616,#10637,
#10658,#10679,#10700,#10721,#10742,#10763,#10784,#10805,#10826,#10847,#10868,
#10889,#10910,#10931,#10952,#10973,#10994,#11015,#11035,#11114,#11136,#11186,
#11206,#11226,#11246,#11266,#11286,#11306,#11326,#11346,#11366,#11386,#11406,
#11426,#11446,#11466,#11486,#11506,#11525,#11547,#11568,#11589,#11610,#11631,
#11652,#11673,#11694,#11715,#11736,#11757,#11778,#11799,#11820,#11841,#11862,
#11883,#11904,#11925,#11946,#11967,#11988,#12009,#12030,#12051,#12072,#12093,
#12114,#12135,#12156,#12177,#12198,#12219,#12239,#12356,#12378,#12424,#12444,
#12464,#12484,#12504,#12524,#12544,#12564,#12584,#12604,#12624,#12644,#12664,
#12684,#12704,#12723,#12745,#12791,#12811,#12831,#12851,#12871,#12891,#12911,
#12931,#12951,#12971,#12991,#13011,#13031,#13051,#13071,#13090,#13112,#13133,
#13154,#13175,#13196,#13217,#13237,#13259,#13281,#13302,#13323,#13344,#13365,
#13386,#13407,#13428,#13449,#13470,#13491,#13512,#13533,#13554,#13575,#13596,
#13617,#13638,#13659,#13680,#13701,#13722,#13743,#13764,#13785,#13806,#13827,
#13848,#13869,#13890,#13911,#13932,#13953,#13974,#13995,#14016,#14037,#14058,
#14079,#14100,#14121,#14142,#14163,#14184,#14205,#14226,#14247,#14268,#14289,
#14310,#14331,#14352,#14373,#14394,#14415,#14436,#14456,#14528,#14550,#14571,
#14592,#14613,#14634,#14655,#14676,#14697,#14718,#14739,#14759,#14793,#14815,
#14835,#14855,#14874,#14896,#14917,#14938,#14959,#14980,#15001,#15022,#15043,
#15064,#15085,#15106,#15127,#15148,#15169,#15190,#15211,#15232,#15253,#15274,
#15295,#15316,#15337,#15358,#15379,#15400,#15421,#15442,#15463,#15484,#15505,
#15526,#15547,#15568,#15589,#15610,#15631,#15652,#15673,#15694,#15714,#15811,
#15833,#15887,#15907,#15927,#15947,#15967,#15987,#16007,#16027,#16047,#16067,
#16087,#16107,#16127,#16147,#16167,#16187,#16207,#16227,#16247,#16266,#16288,
#16309,#16330,#16351,#16372,#16393,#16414,#16435,#16456,#16477,#16498,#16519,
#16540,#16561,#16582,#16603,#16624,#16645,#16666,#16687,#16708,#16729,#16750,
#16771,#16792,#16812,#16891,#16913,#16963,#16983,#17003,#17023,#17043,#17063,
#17083,#17103,#17123,#17143,#17163,#17183,#17203,#17223,#17243,#17263,#17283,
#17302,#17324,#17344,#17361,#17534),#18321);
#18324=APPLICATION_CONTEXT('automotive_design');
#18325=APPLICATION_PROTOCOL_DEFINITION('international standard',
'automotive_design',2001,#18324);
#18326=PRODUCT_DEFINITION_CONTEXT('part definition',#18324,'design');
#18327=PRODUCT_CONTEXT('',#18324,'mechanical');
#18328=PRODUCT('PRT0004','PRT0004','NOT SPECIFIED',(#18327));
#18329=PRODUCT_DEFINITION_FORMATION('1','LAST_VERSION',#18328);
#18337=DERIVED_UNIT_ELEMENT(#18336,2.E0);
#18338=DERIVED_UNIT((#18337));
#18339=MEASURE_REPRESENTATION_ITEM('surface area measure',AREA_MEASURE(
6.789371810609E2),#18338);
#18344=DERIVED_UNIT_ELEMENT(#18343,3.E0);
#18345=DERIVED_UNIT((#18344));
#18346=MEASURE_REPRESENTATION_ITEM('volume measure',VOLUME_MEASURE(
1.181939835940E3),#18345);
#18350=CARTESIAN_POINT('centre point',(3.349628653296E-3,3.972825343843E0,
-8.764220119696E-4));
#18355=DERIVED_UNIT_ELEMENT(#18354,2.E0);
#18356=DERIVED_UNIT((#18355));
#18357=MEASURE_REPRESENTATION_ITEM('surface area measure',AREA_MEASURE(
6.789371810609E2),#18356);
#18362=DERIVED_UNIT_ELEMENT(#18361,3.E0);
#18363=DERIVED_UNIT((#18362));
#18364=MEASURE_REPRESENTATION_ITEM('volume measure',VOLUME_MEASURE(
1.181939835940E3),#18363);
#18368=CARTESIAN_POINT('centre point',(3.349628653296E-3,3.972825343843E0,
-8.764220119696E-4));
#18373=PRODUCT_RELATED_PRODUCT_CATEGORY('part','',(#18328));
#1=COLOUR_RGB('',1.17647E-1,1.17647E-1,1.17647E-1);
#2=COLOUR_RGB('',3.92157E-1,3.92157E-1,3.92157E-1);
#3=COLOUR_RGB('',8.784E-1,9.49E-1,1.E0);
#14=B_SPLINE_CURVE_WITH_KNOTS('',3,(#4,#5,#6,#7,#8,#9,#10,#11,#12,#13),
.UNSPECIFIED.,.F.,.F.,(4,1,1,1,1,1,1,4),(0.E0,1.428571428571E-1,
2.857142857143E-1,4.285714285714E-1,5.714285714286E-1,7.142857142857E-1,
8.571428571429E-1,1.E0),.UNSPECIFIED.);
#28=B_SPLINE_CURVE_WITH_KNOTS('',3,(#19,#20,#21,#22,#23,#24,#25,#26,#27),
.UNSPECIFIED.,.F.,.F.,(4,1,1,1,1,1,4),(0.E0,1.666666666667E-1,3.333333333333E-1,
5.E-1,6.666666666667E-1,8.333333333333E-1,1.E0),.UNSPECIFIED.);
#43=B_SPLINE_CURVE_WITH_KNOTS('',3,(#33,#34,#35,#36,#37,#38,#39,#40,#41,#42),
.UNSPECIFIED.,.F.,.F.,(4,1,1,1,1,1,1,4),(0.E0,1.428571428571E-1,
2.857142857143E-1,4.285714285714E-1,5.714285714286E-1,7.142857142857E-1,
8.571428571429E-1,1.E0),.UNSPECIFIED.);
#53=B_SPLINE_CURVE_WITH_KNOTS('',3,(#44,#45,#46,#47,#48,#49,#50,#51,#52),
.UNSPECIFIED.,.F.,.F.,(4,1,1,1,1,1,4),(0.E0,1.666666666667E-1,3.333333333333E-1,
5.E-1,6.666666666667E-1,8.333333333333E-1,1.E0),.UNSPECIFIED.);
#68=B_SPLINE_CURVE_WITH_KNOTS('',3,(#58,#59,#60,#61,#62,#63,#64,#65,#66,#67),
.UNSPECIFIED.,.F.,.F.,(4,1,1,1,1,1,1,4),(0.E0,1.428571428571E-1,
2.857142857143E-1,4.285714285714E-1,5.714285714286E-1,7.142857142857E-1,
8.571428571429E-1,1.E0),.UNSPECIFIED.);
#82=B_SPLINE_CURVE_WITH_KNOTS('',3,(#73,#74,#75,#76,#77,#78,#79,#80,#81),
.UNSPECIFIED.,.F.,.F.,(4,1,1,1,1,1,4),(0.E0,1.666666666667E-1,3.333333333333E-1,
5.E-1,6.666666666667E-1,8.333333333333E-1,1.E0),.UNSPECIFIED.);
#97=B_SPLINE_CURVE_WITH_KNOTS('',3,(#87,#88,#89,#90,#91,#92,#93,#94,#95,#96),
.UNSPECIFIED.,.F.,.F.,(4,1,1,1,1,1,1,4),(0.E0,1.428571428571E-1,
2.857142857143E-1,4.285714285714E-1,5.714285714286E-1,7.142857142857E-1,
8.571428571429E-1,1.E0),.UNSPECIFIED.);
#102=CIRCLE('',#101,3.5E-1);
#107=CIRCLE('',#106,3.5E-1);
#117=B_SPLINE_CURVE_WITH_KNOTS('',3,(#108,#109,#110,#111,#112,#113,#114,#115,
#116),.UNSPECIFIED.,.F.,.F.,(4,1,1,1,1,1,4),(0.E0,1.666666666667E-1,
3.333333333333E-1,5.E-1,6.666666666667E-1,8.333333333333E-1,1.E0),
.UNSPECIFIED.);
#132=B_SPLINE_CURVE_WITH_KNOTS('',3,(#122,#123,#124,#125,#126,#127,#128,#129,
#130,#131),.UNSPECIFIED.,.F.,.F.,(4,1,1,1,1,1,1,4),(0.E0,1.428571428571E-1,
2.857142857143E-1,4.285714285714E-1,5.714285714286E-1,7.142857142857E-1,
8.571428571429E-1,1.E0),.UNSPECIFIED.);
#146=B_SPLINE_CURVE_WITH_KNOTS('',3,(#137,#138,#139,#140,#141,#142,#143,#144,
#145),.UNSPECIFIED.,.F.,.F.,(4,1,1,1,1,1,4),(0.E0,1.666666666667E-1,
3.333333333333E-1,5.E-1,6.666666666667E-1,8.333333333333E-1,1.E0),
.UNSPECIFIED.);
#161=B_SPLINE_CURVE_WITH_KNOTS('',3,(#151,#152,#153,#154,#155,#156,#157,#158,
#159,#160),.UNSPECIFIED.,.F.,.F.,(4,1,1,1,1,1,1,4),(0.E0,1.428571428571E-1,
2.857142857143E-1,4.285714285714E-1,5.714285714286E-1,7.142857142857E-1,
8.571428571429E-1,1.E0),.UNSPECIFIED.);
#171=B_SPLINE_CURVE_WITH_KNOTS('',3,(#162,#163,#164,#165,#166,#167,#168,#169,
#170),.UNSPECIFIED.,.F.,.F.,(4,1,1,1,1,1,4),(0.E0,1.666666666667E-1,
3.333333333333E-1,5.E-1,6.666666666667E-1,8.333333333333E-1,1.E0),
.UNSPECIFIED.);
#186=B_SPLINE_CURVE_WITH_KNOTS('',3,(#176,#177,#178,#179,#180,#181,#182,#183,
#184,#185),.UNSPECIFIED.,.F.,.F.,(4,1,1,1,1,1,1,4),(0.E0,1.428571428571E-1,
2.857142857143E-1,4.285714285714E-1,5.714285714286E-1,7.142857142857E-1,
8.571428571429E-1,1.E0),.UNSPECIFIED.);
#200=B_SPLINE_CURVE_WITH_KNOTS('',3,(#191,#192,#193,#194,#195,#196,#197,#198,
#199),.UNSPECIFIED.,.F.,.F.,(4,1,1,1,1,1,4),(0.E0,1.666666666667E-1,
3.333333333333E-1,5.E-1,6.666666666667E-1,8.333333333333E-1,1.E0),
.UNSPECIFIED.);
#215=B_SPLINE_CURVE_WITH_KNOTS('',3,(#205,#206,#207,#208,#209,#210,#211,#212,
#213,#214),.UNSPECIFIED.,.F.,.F.,(4,1,1,1,1,1,1,4),(0.E0,1.428571428571E-1,
2.857142857143E-1,4.285714285714E-1,5.714285714286E-1,7.142857142857E-1,
8.571428571429E-1,1.E0),.UNSPECIFIED.);
#220=CIRCLE('',#219,3.5E-1);
#225=CIRCLE('',#224,6.5E-1);
#230=CIRCLE('',#229,3.5E-1);
#240=B_SPLINE_CURVE_WITH_KNOTS('',3,(#231,#232,#233,#234,#235,#236,#237,#238,
#239),.UNSPECIFIED.,.F.,.F.,(4,1,1,1,1,1,4),(0.E0,1.666666666667E-1,
3.333333333333E-1,5.E-1,6.666666666667E-1,8.333333333333E-1,1.E0),
.UNSPECIFIED.);
#252=B_SPLINE_CURVE_WITH_KNOTS('',3,(#245,#246,#247,#248,#249,#250,#251),
.UNSPECIFIED.,.F.,.F.,(4,1,1,1,4),(0.E0,2.5E-1,5.E-1,7.5E-1,1.E0),
.UNSPECIFIED.);
#260=B_SPLINE_CURVE_WITH_KNOTS('',3,(#253,#254,#255,#256,#257,#258,#259),
.UNSPECIFIED.,.F.,.F.,(4,1,1,1,4),(0.E0,2.5E-1,5.E-1,7.5E-1,1.E0),
.UNSPECIFIED.);
#269=CIRCLE('',#268,5.15E-1);
#282=CIRCLE('',#281,5.15E-1);
#295=CIRCLE('',#294,1.5E-1);
#312=CIRCLE('',#311,5.15E-1);
#321=CIRCLE('',#320,1.5E-1);
#338=CIRCLE('',#337,1.5E-1);
#343=CIRCLE('',#342,4.999999999995E-1);
#348=CIRCLE('',#347,1.5E-1);
#370=B_SPLINE_CURVE_WITH_KNOTS('',3,(#357,#358,#359,#360,#361,#362,#363,#364,
#365,#366,#367,#368,#369),.UNSPECIFIED.,.F.,.F.,(4,1,1,1,1,1,1,1,1,1,4),(0.E0,
1.E-1,2.E-1,3.E-1,4.E-1,5.E-1,6.E-1,7.E-1,8.E-1,9.E-1,1.E0),.UNSPECIFIED.);
#388=B_SPLINE_CURVE_WITH_KNOTS('',3,(#375,#376,#377,#378,#379,#380,#381,#382,
#383,#384,#385,#386,#387),.UNSPECIFIED.,.F.,.F.,(4,1,1,1,1,1,1,1,1,1,4),(0.E0,
1.E-1,2.E-1,3.E-1,4.E-1,5.E-1,6.E-1,7.E-1,8.E-1,9.E-1,1.E0),.UNSPECIFIED.);
#397=CIRCLE('',#396,1.5E-1);
#402=CIRCLE('',#401,1.5E-1);
#411=CIRCLE('',#410,5.15E-1);
#420=CIRCLE('',#419,1.5E-1);
#441=CIRCLE('',#440,5.15E-1);
#453=B_SPLINE_CURVE_WITH_KNOTS('',3,(#446,#447,#448,#449,#450,#451,#452),
.UNSPECIFIED.,.F.,.F.,(4,1,1,1,4),(0.E0,2.5E-1,5.E-1,7.5E-1,1.E0),
.UNSPECIFIED.);
#465=B_SPLINE_CURVE_WITH_KNOTS('',3,(#458,#459,#460,#461,#462,#463,#464),
.UNSPECIFIED.,.F.,.F.,(4,1,1,1,4),(0.E0,2.5E-1,5.E-1,7.5E-1,1.E0),
.UNSPECIFIED.);
#474=CIRCLE('',#473,3.649999999997E-1);
#499=CIRCLE('',#498,3.649999999997E-1);
#507=B_SPLINE_CURVE_WITH_KNOTS('',3,(#500,#501,#502,#503,#504,#505,#506),
.UNSPECIFIED.,.F.,.F.,(4,1,1,1,4),(0.E0,2.5E-1,5.E-1,7.5E-1,1.E0),
.UNSPECIFIED.);
#519=B_SPLINE_CURVE_WITH_KNOTS('',3,(#512,#513,#514,#515,#516,#517,#518),
.UNSPECIFIED.,.F.,.F.,(4,1,1,1,4),(0.E0,2.5E-1,5.E-1,7.5E-1,1.E0),
.UNSPECIFIED.);
#528=CIRCLE('',#527,5.15E-1);
#545=CIRCLE('',#544,5.15E-1);
#554=CIRCLE('',#553,1.5E-1);
#567=CIRCLE('',#566,5.15E-1);
#580=CIRCLE('',#579,1.5E-1);
#593=CIRCLE('',#592,5.15E-1);
#602=CIRCLE('',#601,1.5E-1);
#619=CIRCLE('',#618,4.999999999995E-1);
#624=CIRCLE('',#623,1.5E-1);
#633=CIRCLE('',#632,1.5E-1);
#638=CIRCLE('',#637,1.5E-1);
#643=CIRCLE('',#642,1.5E-1);
#652=CIRCLE('',#651,5.15E-1);
#665=CIRCLE('',#664,1.5E-1);
#678=CIRCLE('',#677,5.15E-1);
#687=CIRCLE('',#686,1.5E-1);
#796=CIRCLE('',#795,5.E-1);
#809=CIRCLE('',#808,5.E-1);
#818=CIRCLE('',#817,5.E-1);
#927=CIRCLE('',#926,5.E-1);
#936=CIRCLE('',#935,5.E-1);
#945=CIRCLE('',#944,5.E-1);
#954=CIRCLE('',#953,5.E-1);
#959=CIRCLE('',#958,5.E-1);
#968=CIRCLE('',#967,2.202780668807E0);
#1717=CIRCLE('',#1716,5.5E-1);
#1722=CIRCLE('',#1721,5.5E-1);
#1739=CIRCLE('',#1738,2.202780668807E0);
#1760=CIRCLE('',#1759,2.302780668807E0);
#1769=CIRCLE('',#1768,2.302780668807E0);
#5130=CIRCLE('',#5129,5.5E-1);
#5135=CIRCLE('',#5134,5.5E-1);
#5236=CIRCLE('',#5235,5.15E-1);
#5248=B_SPLINE_CURVE_WITH_KNOTS('',3,(#5241,#5242,#5243,#5244,#5245,#5246,
#5247),.UNSPECIFIED.,.F.,.F.,(4,1,1,1,4),(0.E0,2.5E-1,5.E-1,7.5E-1,1.E0),
.UNSPECIFIED.);
#5260=B_SPLINE_CURVE_WITH_KNOTS('',3,(#5253,#5254,#5255,#5256,#5257,#5258,
#5259),.UNSPECIFIED.,.F.,.F.,(4,1,1,1,4),(0.E0,2.5E-1,5.E-1,7.5E-1,1.E0),
.UNSPECIFIED.);
#5269=CIRCLE('',#5268,3.649999999997E-1);
#5294=CIRCLE('',#5293,3.649999999997E-1);
#5302=B_SPLINE_CURVE_WITH_KNOTS('',3,(#5295,#5296,#5297,#5298,#5299,#5300,
#5301),.UNSPECIFIED.,.F.,.F.,(4,1,1,1,4),(0.E0,2.5E-1,5.E-1,7.5E-1,1.E0),
.UNSPECIFIED.);
#5314=B_SPLINE_CURVE_WITH_KNOTS('',3,(#5307,#5308,#5309,#5310,#5311,#5312,
#5313),.UNSPECIFIED.,.F.,.F.,(4,1,1,1,4),(0.E0,2.5E-1,5.E-1,7.5E-1,1.E0),
.UNSPECIFIED.);
#5323=CIRCLE('',#5322,5.15E-1);
#5344=CIRCLE('',#5343,5.15E-1);
#5356=B_SPLINE_CURVE_WITH_KNOTS('',3,(#5349,#5350,#5351,#5352,#5353,#5354,
#5355),.UNSPECIFIED.,.F.,.F.,(4,1,1,1,4),(0.E0,2.5E-1,5.E-1,7.5E-1,1.E0),
.UNSPECIFIED.);
#5364=B_SPLINE_CURVE_WITH_KNOTS('',3,(#5357,#5358,#5359,#5360,#5361,#5362,
#5363),.UNSPECIFIED.,.F.,.F.,(4,1,1,1,4),(0.E0,2.5E-1,5.E-1,7.5E-1,1.E0),
.UNSPECIFIED.);
#5369=CIRCLE('',#5368,3.649999999997E-1);
#5394=CIRCLE('',#5393,3.649999999997E-1);
#5418=B_SPLINE_CURVE_WITH_KNOTS('',3,(#5411,#5412,#5413,#5414,#5415,#5416,
#5417),.UNSPECIFIED.,.F.,.F.,(4,1,1,1,4),(0.E0,2.5E-1,5.E-1,7.5E-1,1.E0),
.UNSPECIFIED.);
#5430=B_SPLINE_CURVE_WITH_KNOTS('',3,(#5423,#5424,#5425,#5426,#5427,#5428,
#5429),.UNSPECIFIED.,.F.,.F.,(4,1,1,1,4),(0.E0,2.5E-1,5.E-1,7.5E-1,1.E0),
.UNSPECIFIED.);
#5439=CIRCLE('',#5438,5.15E-1);
#5460=CIRCLE('',#5459,5.15E-1);
#5472=B_SPLINE_CURVE_WITH_KNOTS('',3,(#5465,#5466,#5467,#5468,#5469,#5470,
#5471),.UNSPECIFIED.,.F.,.F.,(4,1,1,1,4),(0.E0,2.5E-1,5.E-1,7.5E-1,1.E0),
.UNSPECIFIED.);
#5484=B_SPLINE_CURVE_WITH_KNOTS('',3,(#5477,#5478,#5479,#5480,#5481,#5482,
#5483),.UNSPECIFIED.,.F.,.F.,(4,1,1,1,4),(0.E0,2.5E-1,5.E-1,7.5E-1,1.E0),
.UNSPECIFIED.);
#5493=CIRCLE('',#5492,3.649999999997E-1);
#5506=CIRCLE('',#5505,3.649999999997E-1);
#7244=EDGE_CURVE('',#7206,#7207,#14,.T.);
#7246=EDGE_CURVE('',#7213,#7207,#5510,.T.);
#7248=EDGE_CURVE('',#7213,#7214,#18,.T.);
#7250=EDGE_CURVE('',#7217,#7214,#5488,.T.);
#7252=EDGE_CURVE('',#7217,#7218,#28,.T.);
#7254=EDGE_CURVE('',#7215,#7218,#32,.T.);
#7256=EDGE_CURVE('',#7215,#7216,#43,.T.);
#7258=EDGE_CURVE('',#7234,#7216,#5451,.T.);
#7260=EDGE_CURVE('',#5550,#7234,#299,.T.);
#7262=EDGE_CURVE('',#5549,#5550,#699,.T.);
#7264=EDGE_CURVE('',#7193,#5549,#682,.T.);
#7266=EDGE_CURVE('',#7177,#7193,#5331,.T.);
#7268=EDGE_CURVE('',#7177,#7178,#53,.T.);
#7270=EDGE_CURVE('',#7180,#7178,#57,.T.);
#7272=EDGE_CURVE('',#7180,#7181,#68,.T.);
#7274=EDGE_CURVE('',#7175,#7181,#5281,.T.);
#7276=EDGE_CURVE('',#7175,#7176,#72,.T.);
#7278=EDGE_CURVE('',#7184,#7176,#5264,.T.);
#7280=EDGE_CURVE('',#7184,#7185,#82,.T.);
#7282=EDGE_CURVE('',#7182,#7185,#86,.T.);
#7284=EDGE_CURVE('',#7182,#7183,#97,.T.);
#7286=EDGE_CURVE('',#7197,#7183,#5227,.T.);
#7288=EDGE_CURVE('',#5554,#7197,#669,.T.);
#7290=EDGE_CURVE('',#5553,#5554,#647,.T.);
#7292=EDGE_CURVE('',#5553,#5556,#102,.T.);
#7294=EDGE_CURVE('',#5558,#5556,#628,.T.);
#7296=EDGE_CURVE('',#5558,#5560,#107,.T.);
#7298=EDGE_CURVE('',#5562,#5560,#614,.T.);
#7300=EDGE_CURVE('',#7131,#5562,#597,.T.);
#7302=EDGE_CURVE('',#7111,#7131,#5447,.T.);
#7304=EDGE_CURVE('',#7111,#7112,#117,.T.);
#7306=EDGE_CURVE('',#7114,#7112,#121,.T.);
#7308=EDGE_CURVE('',#7114,#7115,#132,.T.);
#7310=EDGE_CURVE('',#7118,#7115,#5398,.T.);
#7312=EDGE_CURVE('',#7118,#7119,#136,.T.);
#7314=EDGE_CURVE('',#7109,#7119,#5381,.T.);
#7316=EDGE_CURVE('',#7109,#7110,#146,.T.);
#7318=EDGE_CURVE('',#7107,#7110,#150,.T.);
#7320=EDGE_CURVE('',#7107,#7108,#161,.T.);
#7322=EDGE_CURVE('',#7137,#7108,#5339,.T.);
#7324=EDGE_CURVE('',#5566,#7137,#584,.T.);
#7326=EDGE_CURVE('',#5565,#5566,#562,.T.);
#7328=EDGE_CURVE('',#7162,#5565,#549,.T.);
#7330=EDGE_CURVE('',#7144,#7162,#536,.T.);
#7332=EDGE_CURVE('',#7144,#7145,#171,.T.);
#7334=EDGE_CURVE('',#7147,#7145,#175,.T.);
#7336=EDGE_CURVE('',#7147,#7148,#186,.T.);
#7338=EDGE_CURVE('',#7142,#7148,#486,.T.);
#7340=EDGE_CURVE('',#7142,#7143,#190,.T.);
#7342=EDGE_CURVE('',#7151,#7143,#469,.T.);
#7344=EDGE_CURVE('',#7151,#7152,#200,.T.);
#7346=EDGE_CURVE('',#7149,#7152,#204,.T.);
#7348=EDGE_CURVE('',#7149,#7150,#215,.T.);
#7350=EDGE_CURVE('',#7156,#7150,#432,.T.);
#7352=EDGE_CURVE('',#5534,#7156,#424,.T.);
#7354=EDGE_CURVE('',#5533,#5534,#406,.T.);
#7356=EDGE_CURVE('',#5533,#5536,#220,.T.);
#7358=EDGE_CURVE('',#5538,#5536,#392,.T.);
#7360=EDGE_CURVE('',#5538,#5542,#225,.T.);
#7362=EDGE_CURVE('',#5541,#5542,#352,.T.);
#7364=EDGE_CURVE('',#5541,#5544,#230,.T.);
#7366=EDGE_CURVE('',#5546,#5544,#333,.T.);
#7368=EDGE_CURVE('',#7238,#5546,#316,.T.);
#7370=EDGE_CURVE('',#7210,#7238,#264,.T.);
#7372=EDGE_CURVE('',#7210,#7209,#240,.T.);
#7374=EDGE_CURVE('',#7206,#7209,#244,.T.);
#7378=ADVANCED_FACE('',(#7377),#7243,.F.);
#7420=EDGE_CURVE('',#7100,#7206,#260,.T.);
#7422=EDGE_CURVE('',#7207,#7100,#5514,.T.);
#7426=ADVANCED_FACE('',(#7425),#7418,.T.);
#7433=EDGE_CURVE('',#7209,#7102,#252,.T.);
#7435=EDGE_CURVE('',#7100,#7102,#5526,.T.);
#7440=ADVANCED_FACE('',(#7439),#7431,.T.);
#7475=EDGE_CURVE('',#7102,#7210,#273,.T.);
#7480=ADVANCED_FACE('',(#7479),#7473,.T.);
#7487=EDGE_CURVE('',#7238,#7094,#269,.T.);
#7489=EDGE_CURVE('',#7102,#7094,#5530,.T.);
#7494=ADVANCED_FACE('',(#7493),#7485,.F.);
#7500=EDGE_CURVE('',#7233,#7234,#282,.T.);
#7502=EDGE_CURVE('',#7093,#7234,#5460,.T.);
#7504=EDGE_CURVE('',#7093,#7094,#277,.T.);
#7507=EDGE_CURVE('',#7237,#7238,#312,.T.);
#7509=EDGE_CURVE('',#7233,#7237,#303,.T.);
#7513=ADVANCED_FACE('',(#7512),#7499,.T.);
#7520=EDGE_CURVE('',#7230,#7233,#286,.T.);
#7522=EDGE_CURVE('',#7230,#5619,#290,.T.);
#7524=EDGE_CURVE('',#5614,#5619,#735,.T.);
#7526=EDGE_CURVE('',#5614,#5550,#295,.T.);
#7531=ADVANCED_FACE('',(#7530),#7518,.F.);
#7544=EDGE_CURVE('',#7229,#7230,#307,.T.);
#7548=EDGE_CURVE('',#7229,#7237,#329,.T.);
#7552=ADVANCED_FACE('',(#7551),#7543,.T.);
#7559=EDGE_CURVE('',#5620,#7229,#325,.T.);
#7561=EDGE_CURVE('',#5619,#5620,#703,.T.);
#7566=ADVANCED_FACE('',(#7565),#7557,.F.);
#7581=EDGE_CURVE('',#5546,#5616,#321,.T.);
#7583=EDGE_CURVE('',#5620,#5616,#707,.T.);
#7589=ADVANCED_FACE('',(#7588),#7578,.T.);
#7604=EDGE_CURVE('',#5622,#5544,#348,.T.);
#7606=EDGE_CURVE('',#5616,#5622,#711,.T.);
#7610=ADVANCED_FACE('',(#7609),#7601,.T.);
#7624=EDGE_CURVE('',#5541,#5570,#338,.T.);
#7626=EDGE_CURVE('',#5570,#5622,#343,.T.);
#7631=ADVANCED_FACE('',(#7630),#7622,.T.);
#7645=EDGE_CURVE('',#5569,#5542,#370,.T.);
#7647=EDGE_CURVE('',#5569,#5570,#356,.T.);
#7652=ADVANCED_FACE('',(#7651),#7643,.T.);
#7666=EDGE_CURVE('',#5576,#5538,#388,.T.);
#7668=EDGE_CURVE('',#5569,#5576,#796,.T.);
#7673=ADVANCED_FACE('',(#7672),#7664,.T.);
#7686=EDGE_CURVE('',#5578,#5536,#397,.T.);
#7688=EDGE_CURVE('',#5578,#5576,#374,.T.);
#7694=ADVANCED_FACE('',(#7693),#7685,.T.);
#7708=EDGE_CURVE('',#5586,#5533,#402,.T.);
#7710=EDGE_CURVE('',#5578,#5586,#818,.T.);
#7715=ADVANCED_FACE('',(#7714),#7706,.T.);
#7728=EDGE_CURVE('',#5584,#5534,#420,.T.);
#7730=EDGE_CURVE('',#5586,#5584,#842,.T.);
#7736=ADVANCED_FACE('',(#7735),#7727,.T.);
#7749=EDGE_CURVE('',#7155,#7156,#411,.T.);
#7751=EDGE_CURVE('',#7158,#7155,#415,.T.);
#7753=EDGE_CURVE('',#5596,#7158,#878,.T.);
#7755=EDGE_CURVE('',#5584,#5596,#846,.T.);
#7761=ADVANCED_FACE('',(#7760),#7748,.T.);
#7775=EDGE_CURVE('',#7057,#7156,#441,.T.);
#7777=EDGE_CURVE('',#7057,#7058,#428,.T.);
#7779=EDGE_CURVE('',#7162,#7058,#528,.T.);
#7781=EDGE_CURVE('',#7161,#7162,#545,.T.);
#7783=EDGE_CURVE('',#7155,#7161,#882,.T.);
#7787=ADVANCED_FACE('',(#7786),#7773,.T.);
#7794=EDGE_CURVE('',#7060,#7150,#445,.T.);
#7796=EDGE_CURVE('',#7060,#7057,#436,.T.);
#7801=ADVANCED_FACE('',(#7800),#7792,.F.);
#7836=EDGE_CURVE('',#7060,#7149,#465,.T.);
#7841=ADVANCED_FACE('',(#7840),#7834,.T.);
#7848=EDGE_CURVE('',#7152,#7062,#453,.T.);
#7850=EDGE_CURVE('',#7062,#7060,#457,.T.);
#7855=ADVANCED_FACE('',(#7854),#7846,.T.);
#7890=EDGE_CURVE('',#7062,#7151,#482,.T.);
#7895=ADVANCED_FACE('',(#7894),#7888,.T.);
#7902=EDGE_CURVE('',#7143,#7053,#474,.T.);
#7904=EDGE_CURVE('',#7053,#7062,#478,.T.);
#7909=ADVANCED_FACE('',(#7908),#7900,.F.);
#7916=EDGE_CURVE('',#7054,#7142,#499,.T.);
#7918=EDGE_CURVE('',#7053,#7054,#540,.T.);
#7923=ADVANCED_FACE('',(#7922),#7914,.T.);
#7930=EDGE_CURVE('',#7148,#7064,#490,.T.);
#7932=EDGE_CURVE('',#7064,#7054,#494,.T.);
#7937=ADVANCED_FACE('',(#7936),#7928,.T.);
#7972=EDGE_CURVE('',#7064,#7147,#519,.T.);
#7977=ADVANCED_FACE('',(#7976),#7970,.T.);
#7984=EDGE_CURVE('',#7145,#7066,#507,.T.);
#7986=EDGE_CURVE('',#7066,#7064,#511,.T.);
#7991=ADVANCED_FACE('',(#7990),#7982,.T.);
#8026=EDGE_CURVE('',#7144,#7066,#523,.T.);
#8031=ADVANCED_FACE('',(#8030),#8024,.T.);
#8038=EDGE_CURVE('',#7058,#7066,#532,.T.);
#8044=ADVANCED_FACE('',(#8043),#8036,.T.);
#8060=ADVANCED_FACE('',(#8059),#8049,.F.);
#8068=EDGE_CURVE('',#5565,#5588,#554,.T.);
#8070=EDGE_CURVE('',#5595,#5588,#830,.T.);
#8072=EDGE_CURVE('',#7164,#5595,#870,.T.);
#8074=EDGE_CURVE('',#7164,#7161,#558,.T.);
#8078=ADVANCED_FACE('',(#8077),#8065,.F.);
#8093=EDGE_CURVE('',#5590,#5566,#580,.T.);
#8095=EDGE_CURVE('',#5588,#5590,#834,.T.);
#8099=ADVANCED_FACE('',(#8098),#8090,.T.);
#8112=EDGE_CURVE('',#7136,#7137,#567,.T.);
#8114=EDGE_CURVE('',#7139,#7136,#571,.T.);
#8116=EDGE_CURVE('',#5598,#7139,#898,.T.);
#8118=EDGE_CURVE('',#5598,#5590,#575,.T.);
#8124=ADVANCED_FACE('',(#8123),#8111,.T.);
#8137=EDGE_CURVE('',#7130,#7131,#593,.T.);
#8139=EDGE_CURVE('',#7136,#7130,#902,.T.);
#8142=EDGE_CURVE('',#7033,#7137,#5344,.T.);
#8144=EDGE_CURVE('',#7033,#7034,#588,.T.);
#8146=EDGE_CURVE('',#7131,#7034,#5439,.T.);
#8150=ADVANCED_FACE('',(#8149),#8136,.T.);
#8158=EDGE_CURVE('',#5562,#5592,#602,.T.);
#8160=EDGE_CURVE('',#5592,#5600,#606,.T.);
#8162=EDGE_CURVE('',#7133,#5600,#890,.T.);
#8164=EDGE_CURVE('',#7133,#7130,#610,.T.);
#8168=ADVANCED_FACE('',(#8167),#8155,.F.);
#8183=EDGE_CURVE('',#5602,#5560,#624,.T.);
#8185=EDGE_CURVE('',#5592,#5602,#838,.T.);
#8189=ADVANCED_FACE('',(#8188),#8180,.T.);
#8203=EDGE_CURVE('',#6330,#5558,#633,.T.);
#8205=EDGE_CURVE('',#6330,#5602,#619,.T.);
#8210=ADVANCED_FACE('',(#8209),#8201,.T.);
#8224=EDGE_CURVE('',#6332,#5556,#643,.T.);
#8226=EDGE_CURVE('',#6330,#6332,#910,.T.);
#8231=ADVANCED_FACE('',(#8230),#8222,.T.);
#8245=EDGE_CURVE('',#5553,#5610,#638,.T.);
#8247=EDGE_CURVE('',#6332,#5610,#927,.T.);
#8252=ADVANCED_FACE('',(#8251),#8243,.T.);
#8265=EDGE_CURVE('',#5608,#5554,#665,.T.);
#8267=EDGE_CURVE('',#5610,#5608,#715,.T.);
#8273=ADVANCED_FACE('',(#8272),#8264,.T.);
#8286=EDGE_CURVE('',#7196,#7197,#652,.T.);
#8288=EDGE_CURVE('',#7189,#7196,#656,.T.);
#8290=EDGE_CURVE('',#7189,#5628,#660,.T.);
#8292=EDGE_CURVE('',#5608,#5628,#719,.T.);
#8298=ADVANCED_FACE('',(#8297),#8285,.F.);
#8311=EDGE_CURVE('',#7192,#7193,#678,.T.);
#8313=EDGE_CURVE('',#7196,#7192,#5203,.T.);
#8316=EDGE_CURVE('',#7077,#7197,#5236,.T.);
#8318=EDGE_CURVE('',#7077,#7078,#673,.T.);
#8320=EDGE_CURVE('',#7193,#7078,#5323,.T.);
#8324=ADVANCED_FACE('',(#8323),#8310,.T.);
#8332=EDGE_CURVE('',#5549,#5612,#687,.T.);
#8334=EDGE_CURVE('',#5630,#5612,#727,.T.);
#8336=EDGE_CURVE('',#5630,#7188,#691,.T.);
#8338=EDGE_CURVE('',#7188,#7192,#695,.T.);
#8342=ADVANCED_FACE('',(#8341),#8329,.T.);
#8358=EDGE_CURVE('',#5612,#5614,#731,.T.);
#8362=ADVANCED_FACE('',(#8361),#8354,.T.);
#8378=EDGE_CURVE('',#5624,#5622,#759,.T.);
#8380=EDGE_CURVE('',#5626,#5624,#963,.T.);
#8382=EDGE_CURVE('',#5610,#5626,#931,.T.);
#8386=EDGE_CURVE('',#5628,#5630,#723,.T.);
#8393=EDGE_CURVE('',#7200,#7201,#739,.T.);
#8395=EDGE_CURVE('',#7200,#7205,#743,.T.);
#8397=EDGE_CURVE('',#7205,#7203,#747,.T.);
#8399=EDGE_CURVE('',#7203,#7201,#751,.T.);
#8403=ADVANCED_FACE('',(#8392,#8402),#8374,.T.);
#8417=EDGE_CURVE('',#5570,#5582,#755,.T.);
#8419=EDGE_CURVE('',#5624,#5582,#936,.T.);
#8424=ADVANCED_FACE('',(#8423),#8415,.T.);
#8438=EDGE_CURVE('',#5572,#5569,#804,.T.);
#8440=EDGE_CURVE('',#5574,#5572,#813,.T.);
#8442=EDGE_CURVE('',#5576,#5574,#800,.T.);
#8445=EDGE_CURVE('',#5580,#5578,#826,.T.);
#8447=EDGE_CURVE('',#5582,#5580,#940,.T.);
#8452=EDGE_CURVE('',#7167,#7168,#763,.T.);
#8454=EDGE_CURVE('',#7168,#7172,#767,.T.);
#8456=EDGE_CURVE('',#7172,#7170,#771,.T.);
#8458=EDGE_CURVE('',#7170,#7167,#775,.T.);
#8462=EDGE_CURVE('',#7221,#7222,#779,.T.);
#8464=EDGE_CURVE('',#7221,#7224,#783,.T.);
#8466=EDGE_CURVE('',#7224,#7226,#787,.T.);
#8468=EDGE_CURVE('',#7226,#7222,#791,.T.);
#8472=ADVANCED_FACE('',(#8451,#8461,#8471),#8436,.F.);
#8487=EDGE_CURVE('',#5572,#5574,#809,.T.);
#8492=ADVANCED_FACE('',(#8491),#8484,.F.);
#8509=ADVANCED_FACE('',(#8508),#8504,.F.);
#8523=EDGE_CURVE('',#5586,#5606,#822,.T.);
#8525=EDGE_CURVE('',#5580,#5606,#945,.T.);
#8530=ADVANCED_FACE('',(#8529),#8521,.T.);
#8543=EDGE_CURVE('',#5595,#5596,#874,.T.);
#8548=EDGE_CURVE('',#5600,#5598,#894,.T.);
#8552=EDGE_CURVE('',#5604,#5602,#906,.T.);
#8554=EDGE_CURVE('',#5606,#5604,#949,.T.);
#8561=EDGE_CURVE('',#7122,#7123,#850,.T.);
#8563=EDGE_CURVE('',#7127,#7123,#854,.T.);
#8565=EDGE_CURVE('',#7127,#7125,#858,.T.);
#8567=EDGE_CURVE('',#7122,#7125,#862,.T.);
#8571=ADVANCED_FACE('',(#8560,#8570),#8542,.F.);
#8584=EDGE_CURVE('',#7158,#7164,#866,.T.);
#8591=ADVANCED_FACE('',(#8590),#8583,.F.);
#8610=ADVANCED_FACE('',(#8609),#8603,.F.);
#8616=EDGE_CURVE('',#7139,#7133,#886,.T.);
#8623=ADVANCED_FACE('',(#8622),#8615,.F.);
#8642=ADVANCED_FACE('',(#8641),#8635,.F.);
#8649=EDGE_CURVE('',#5632,#6330,#922,.T.);
#8651=EDGE_CURVE('',#5604,#5632,#954,.T.);
#8656=ADVANCED_FACE('',(#8655),#8647,.T.);
#8670=EDGE_CURVE('',#6332,#5634,#914,.T.);
#8672=EDGE_CURVE('',#5634,#5632,#918,.T.);
#8677=ADVANCED_FACE('',(#8676),#8668,.T.);
#8692=EDGE_CURVE('',#5634,#5626,#959,.T.);
#8697=ADVANCED_FACE('',(#8696),#8689,.T.);
#8720=EDGE_CURVE('',#5637,#5638,#968,.T.);
#8722=EDGE_CURVE('',#5638,#5640,#972,.T.);
#8724=EDGE_CURVE('',#5640,#5637,#976,.T.);
#8728=EDGE_CURVE('',#5649,#5650,#1789,.T.);
#8730=EDGE_CURVE('',#5652,#5649,#1841,.T.);
#8732=EDGE_CURVE('',#5652,#5654,#980,.T.);
#8734=EDGE_CURVE('',#5656,#5654,#1825,.T.);
#8736=EDGE_CURVE('',#5656,#5658,#984,.T.);
#8738=EDGE_CURVE('',#5660,#5658,#1809,.T.);
#8740=EDGE_CURVE('',#5650,#5660,#1797,.T.);
#8744=EDGE_CURVE('',#5663,#5664,#988,.T.);
#8746=EDGE_CURVE('',#5664,#5666,#992,.T.);
#8748=EDGE_CURVE('',#5668,#5666,#2109,.T.);
#8750=EDGE_CURVE('',#5668,#5670,#996,.T.);
#8752=EDGE_CURVE('',#5670,#5672,#1000,.T.);
#8754=EDGE_CURVE('',#5672,#5674,#1004,.T.);
#8756=EDGE_CURVE('',#5674,#5676,#1008,.T.);
#8758=EDGE_CURVE('',#5678,#5676,#2081,.T.);
#8760=EDGE_CURVE('',#5678,#5680,#1012,.T.);
#8762=EDGE_CURVE('',#5680,#5682,#1016,.T.);
#8764=EDGE_CURVE('',#5682,#5684,#1020,.T.);
#8766=EDGE_CURVE('',#5684,#5686,#1024,.T.);
#8768=EDGE_CURVE('',#5688,#5686,#2053,.T.);
#8770=EDGE_CURVE('',#5688,#5690,#1028,.T.);
#8772=EDGE_CURVE('',#5690,#5692,#1032,.T.);
#8774=EDGE_CURVE('',#5692,#5694,#1036,.T.);
#8776=EDGE_CURVE('',#5696,#5694,#2029,.T.);
#8778=EDGE_CURVE('',#5696,#5698,#1040,.T.);
#8780=EDGE_CURVE('',#5698,#5700,#1044,.T.);
#8782=EDGE_CURVE('',#5700,#5702,#1048,.T.);
#8784=EDGE_CURVE('',#5702,#5704,#1052,.T.);
#8786=EDGE_CURVE('',#5706,#5704,#2001,.T.);
#8788=EDGE_CURVE('',#5706,#5708,#1056,.T.);
#8790=EDGE_CURVE('',#5708,#5710,#1060,.T.);
#8792=EDGE_CURVE('',#5710,#5712,#1064,.T.);
#8794=EDGE_CURVE('',#5712,#5714,#1068,.T.);
#8796=EDGE_CURVE('',#5716,#5714,#1973,.T.);
#8798=EDGE_CURVE('',#5716,#5718,#1072,.T.);
#8800=EDGE_CURVE('',#5718,#5720,#1076,.T.);
#8802=EDGE_CURVE('',#5720,#5722,#1080,.T.);
#8804=EDGE_CURVE('',#5722,#5724,#1084,.T.);
#8806=EDGE_CURVE('',#5726,#5724,#1945,.T.);
#8808=EDGE_CURVE('',#5726,#5728,#1088,.T.);
#8810=EDGE_CURVE('',#5728,#5730,#1092,.T.);
#8812=EDGE_CURVE('',#5732,#5730,#1925,.T.);
#8814=EDGE_CURVE('',#5734,#5732,#1913,.T.);
#8816=EDGE_CURVE('',#5736,#5734,#1901,.T.);
#8818=EDGE_CURVE('',#5738,#5736,#1889,.T.);
#8820=EDGE_CURVE('',#5740,#5738,#1877,.T.);
#8822=EDGE_CURVE('',#5663,#5740,#1865,.T.);
#8826=EDGE_CURVE('',#5743,#5744,#2237,.T.);
#8828=EDGE_CURVE('',#5743,#5746,#1096,.T.);
#8830=EDGE_CURVE('',#5746,#5748,#1100,.T.);
#8832=EDGE_CURVE('',#5748,#5750,#1104,.T.);
#8834=EDGE_CURVE('',#5750,#5752,#1108,.T.);
#8836=EDGE_CURVE('',#5752,#5754,#1112,.T.);
#8838=EDGE_CURVE('',#5754,#5756,#1116,.T.);
#8840=EDGE_CURVE('',#5756,#5758,#1120,.T.);
#8842=EDGE_CURVE('',#5758,#5760,#1124,.T.);
#8844=EDGE_CURVE('',#5760,#5762,#1128,.T.);
#8846=EDGE_CURVE('',#5762,#5764,#1132,.T.);
#8848=EDGE_CURVE('',#5764,#5766,#1136,.T.);
#8850=EDGE_CURVE('',#5766,#5768,#1140,.T.);
#8852=EDGE_CURVE('',#5770,#5768,#2293,.T.);
#8854=EDGE_CURVE('',#5770,#5772,#1144,.T.);
#8856=EDGE_CURVE('',#5772,#5774,#1148,.T.);
#8858=EDGE_CURVE('',#5774,#5776,#1152,.T.);
#8860=EDGE_CURVE('',#5776,#5778,#1156,.T.);
#8862=EDGE_CURVE('',#5778,#5780,#1160,.T.);
#8864=EDGE_CURVE('',#5780,#5782,#1164,.T.);
#8866=EDGE_CURVE('',#5782,#5784,#1168,.T.);
#8868=EDGE_CURVE('',#5784,#5786,#1172,.T.);
#8870=EDGE_CURVE('',#5786,#5788,#1176,.T.);
#8872=EDGE_CURVE('',#5788,#5790,#1180,.T.);
#8874=EDGE_CURVE('',#5790,#5792,#1184,.T.);
#8876=EDGE_CURVE('',#5792,#5744,#1188,.T.);
#8880=EDGE_CURVE('',#5831,#5832,#1192,.T.);
#8882=EDGE_CURVE('',#5832,#5834,#1196,.T.);
#8884=EDGE_CURVE('',#5834,#5836,#1200,.T.);
#8886=EDGE_CURVE('',#5838,#5836,#2829,.T.);
#8888=EDGE_CURVE('',#5838,#5840,#1204,.T.);
#8890=EDGE_CURVE('',#5840,#5842,#1208,.T.);
#8892=EDGE_CURVE('',#5842,#5844,#1212,.T.);
#8894=EDGE_CURVE('',#5844,#5846,#1216,.T.);
#8896=EDGE_CURVE('',#5848,#5846,#2801,.T.);
#8898=EDGE_CURVE('',#5848,#5850,#1220,.T.);
#8900=EDGE_CURVE('',#5850,#5852,#1224,.T.);
#8902=EDGE_CURVE('',#5852,#5854,#1228,.T.);
#8904=EDGE_CURVE('',#5854,#5856,#1232,.T.);
#8906=EDGE_CURVE('',#5858,#5856,#2773,.T.);
#8908=EDGE_CURVE('',#5858,#5860,#1236,.T.);
#8910=EDGE_CURVE('',#5860,#5862,#1240,.T.);
#8912=EDGE_CURVE('',#5862,#5864,#1244,.T.);
#8914=EDGE_CURVE('',#5864,#5866,#1248,.T.);
#8916=EDGE_CURVE('',#5866,#5868,#1252,.T.);
#8918=EDGE_CURVE('',#5868,#5870,#1256,.T.);
#8920=EDGE_CURVE('',#5872,#5870,#2737,.T.);
#8922=EDGE_CURVE('',#5872,#5874,#1260,.T.);
#8924=EDGE_CURVE('',#5874,#5876,#1264,.T.);
#8926=EDGE_CURVE('',#5876,#5878,#1268,.T.);
#8928=EDGE_CURVE('',#5878,#5880,#1272,.T.);
#8930=EDGE_CURVE('',#5882,#5880,#2709,.T.);
#8932=EDGE_CURVE('',#5882,#5884,#1276,.T.);
#8934=EDGE_CURVE('',#5884,#5886,#1280,.T.);
#8936=EDGE_CURVE('',#5886,#5888,#1284,.T.);
#8938=EDGE_CURVE('',#5888,#5890,#1288,.T.);
#8940=EDGE_CURVE('',#5892,#5890,#2681,.T.);
#8942=EDGE_CURVE('',#5892,#5894,#1292,.T.);
#8944=EDGE_CURVE('',#5894,#5896,#1296,.T.);
#8946=EDGE_CURVE('',#5896,#5831,#1300,.T.);
#8950=EDGE_CURVE('',#5963,#5964,#3349,.T.);
#8952=EDGE_CURVE('',#5966,#5963,#3401,.T.);
#8954=EDGE_CURVE('',#5966,#5968,#1304,.T.);
#8956=EDGE_CURVE('',#5970,#5968,#3385,.T.);
#8958=EDGE_CURVE('',#5970,#5972,#1308,.T.);
#8960=EDGE_CURVE('',#5974,#5972,#3369,.T.);
#8962=EDGE_CURVE('',#5964,#5974,#3357,.T.);
#8966=EDGE_CURVE('',#5977,#5978,#1312,.T.);
#8968=EDGE_CURVE('',#5978,#5980,#1316,.T.);
#8970=EDGE_CURVE('',#5982,#5980,#3737,.T.);
#8972=EDGE_CURVE('',#5982,#5984,#1320,.T.);
#8974=EDGE_CURVE('',#5984,#5986,#1324,.T.);
#8976=EDGE_CURVE('',#5986,#5988,#1328,.T.);
#8978=EDGE_CURVE('',#5988,#5990,#1332,.T.);
#8980=EDGE_CURVE('',#5990,#5992,#1336,.T.);
#8982=EDGE_CURVE('',#5992,#5994,#1340,.T.);
#8984=EDGE_CURVE('',#5996,#5994,#3701,.T.);
#8986=EDGE_CURVE('',#5996,#5998,#1344,.T.);
#8988=EDGE_CURVE('',#5998,#6000,#1348,.T.);
#8990=EDGE_CURVE('',#6000,#6002,#1352,.T.);
#8992=EDGE_CURVE('',#6002,#6004,#1356,.T.);
#8994=EDGE_CURVE('',#6006,#6004,#3673,.T.);
#8996=EDGE_CURVE('',#6006,#6008,#1360,.T.);
#8998=EDGE_CURVE('',#6008,#6010,#1364,.T.);
#9000=EDGE_CURVE('',#6010,#6012,#1368,.T.);
#9002=EDGE_CURVE('',#6012,#6014,#1372,.T.);
#9004=EDGE_CURVE('',#6016,#6014,#3645,.T.);
#9006=EDGE_CURVE('',#6016,#6018,#1376,.T.);
#9008=EDGE_CURVE('',#6018,#6020,#1380,.T.);
#9010=EDGE_CURVE('',#6020,#6022,#1384,.T.);
#9012=EDGE_CURVE('',#6024,#6022,#3621,.T.);
#9014=EDGE_CURVE('',#6024,#6026,#1388,.T.);
#9016=EDGE_CURVE('',#6026,#6028,#1392,.T.);
#9018=EDGE_CURVE('',#6028,#6030,#1396,.T.);
#9020=EDGE_CURVE('',#6032,#6030,#3597,.T.);
#9022=EDGE_CURVE('',#6032,#6034,#1400,.T.);
#9024=EDGE_CURVE('',#6034,#6036,#1404,.T.);
#9026=EDGE_CURVE('',#6036,#6038,#1408,.T.);
#9028=EDGE_CURVE('',#6040,#6038,#3573,.T.);
#9030=EDGE_CURVE('',#6042,#6040,#3561,.T.);
#9032=EDGE_CURVE('',#6044,#6042,#3549,.T.);
#9034=EDGE_CURVE('',#6044,#6046,#1412,.T.);
#9036=EDGE_CURVE('',#6046,#6048,#1416,.T.);
#9038=EDGE_CURVE('',#6048,#6050,#1420,.T.);
#9040=EDGE_CURVE('',#6052,#6050,#3525,.T.);
#9042=EDGE_CURVE('',#6052,#6054,#1424,.T.);
#9044=EDGE_CURVE('',#6054,#6056,#1428,.T.);
#9046=EDGE_CURVE('',#6056,#6058,#1432,.T.);
#9048=EDGE_CURVE('',#6058,#6060,#1436,.T.);
#9050=EDGE_CURVE('',#6062,#6060,#3497,.T.);
#9052=EDGE_CURVE('',#6062,#6064,#1440,.T.);
#9054=EDGE_CURVE('',#6064,#6066,#1444,.T.);
#9056=EDGE_CURVE('',#6066,#6068,#1448,.T.);
#9058=EDGE_CURVE('',#6068,#6070,#1452,.T.);
#9060=EDGE_CURVE('',#6072,#6070,#3469,.T.);
#9062=EDGE_CURVE('',#6072,#6074,#1456,.T.);
#9064=EDGE_CURVE('',#6074,#6076,#1460,.T.);
#9066=EDGE_CURVE('',#6076,#6078,#1464,.T.);
#9068=EDGE_CURVE('',#6078,#6080,#1468,.T.);
#9070=EDGE_CURVE('',#6080,#6082,#1472,.T.);
#9072=EDGE_CURVE('',#6084,#6082,#3437,.T.);
#9074=EDGE_CURVE('',#6084,#6086,#1476,.T.);
#9076=EDGE_CURVE('',#6086,#6088,#1480,.T.);
#9078=EDGE_CURVE('',#6088,#5977,#1484,.T.);
#9082=EDGE_CURVE('',#6091,#6092,#1488,.T.);
#9084=EDGE_CURVE('',#6094,#6092,#4041,.T.);
#9086=EDGE_CURVE('',#6096,#6094,#4029,.T.);
#9088=EDGE_CURVE('',#6098,#6096,#4017,.T.);
#9090=EDGE_CURVE('',#6100,#6098,#4005,.T.);
#9092=EDGE_CURVE('',#6102,#6100,#3993,.T.);
#9094=EDGE_CURVE('',#6104,#6102,#3981,.T.);
#9096=EDGE_CURVE('',#6106,#6104,#3969,.T.);
#9098=EDGE_CURVE('',#6108,#6106,#3957,.T.);
#9100=EDGE_CURVE('',#6110,#6108,#3945,.T.);
#9102=EDGE_CURVE('',#6091,#6110,#3933,.T.);
#9106=EDGE_CURVE('',#6119,#6120,#1492,.T.);
#9108=EDGE_CURVE('',#6120,#6122,#1496,.T.);
#9110=EDGE_CURVE('',#6122,#6124,#1500,.T.);
#9112=EDGE_CURVE('',#6126,#6124,#4297,.T.);
#9114=EDGE_CURVE('',#6126,#6128,#1504,.T.);
#9116=EDGE_CURVE('',#6128,#6130,#1508,.T.);
#9118=EDGE_CURVE('',#6132,#6130,#4277,.T.);
#9120=EDGE_CURVE('',#6132,#6134,#1512,.T.);
#9122=EDGE_CURVE('',#6134,#6136,#1516,.T.);
#9124=EDGE_CURVE('',#6136,#6138,#1520,.T.);
#9126=EDGE_CURVE('',#6138,#6140,#1524,.T.);
#9128=EDGE_CURVE('',#6140,#6142,#1528,.T.);
#9130=EDGE_CURVE('',#6144,#6142,#4245,.T.);
#9132=EDGE_CURVE('',#6144,#6146,#1532,.T.);
#9134=EDGE_CURVE('',#6146,#6148,#1536,.T.);
#9136=EDGE_CURVE('',#6148,#6150,#1540,.T.);
#9138=EDGE_CURVE('',#6152,#6150,#4221,.T.);
#9140=EDGE_CURVE('',#6152,#6154,#1544,.T.);
#9142=EDGE_CURVE('',#6154,#6156,#1548,.T.);
#9144=EDGE_CURVE('',#6156,#6158,#1552,.T.);
#9146=EDGE_CURVE('',#6158,#6160,#1556,.T.);
#9148=EDGE_CURVE('',#6162,#6160,#4193,.T.);
#9150=EDGE_CURVE('',#6162,#6164,#1560,.T.);
#9152=EDGE_CURVE('',#6164,#6166,#1564,.T.);
#9154=EDGE_CURVE('',#6166,#6168,#1568,.T.);
#9156=EDGE_CURVE('',#6168,#6170,#1572,.T.);
#9158=EDGE_CURVE('',#6170,#6172,#1576,.T.);
#9160=EDGE_CURVE('',#6174,#6172,#4161,.T.);
#9162=EDGE_CURVE('',#6174,#6176,#1580,.T.);
#9164=EDGE_CURVE('',#6176,#6178,#1584,.T.);
#9166=EDGE_CURVE('',#6178,#6180,#1588,.T.);
#9168=EDGE_CURVE('',#6180,#6182,#1592,.T.);
#9170=EDGE_CURVE('',#6182,#6184,#1596,.T.);
#9172=EDGE_CURVE('',#6186,#6184,#4129,.T.);
#9174=EDGE_CURVE('',#6186,#6188,#1600,.T.);
#9176=EDGE_CURVE('',#6188,#6190,#1604,.T.);
#9178=EDGE_CURVE('',#6190,#6192,#1608,.T.);
#9180=EDGE_CURVE('',#6192,#6194,#1612,.T.);
#9182=EDGE_CURVE('',#6196,#6194,#4101,.T.);
#9184=EDGE_CURVE('',#6196,#6119,#1616,.T.);
#9188=EDGE_CURVE('',#6239,#6240,#4689,.T.);
#9190=EDGE_CURVE('',#6239,#6242,#1620,.T.);
#9192=EDGE_CURVE('',#6242,#6244,#1624,.T.);
#9194=EDGE_CURVE('',#6244,#6246,#1628,.T.);
#9196=EDGE_CURVE('',#6246,#6248,#1632,.T.);
#9198=EDGE_CURVE('',#6248,#6250,#1636,.T.);
#9200=EDGE_CURVE('',#6250,#6252,#1640,.T.);
#9202=EDGE_CURVE('',#6252,#6254,#1644,.T.);
#9204=EDGE_CURVE('',#6254,#6256,#1648,.T.);
#9206=EDGE_CURVE('',#6256,#6258,#1652,.T.);
#9208=EDGE_CURVE('',#6258,#6260,#1656,.T.);
#9210=EDGE_CURVE('',#6260,#6262,#1660,.T.);
#9212=EDGE_CURVE('',#6262,#6264,#1664,.T.);
#9214=EDGE_CURVE('',#6266,#6264,#4745,.T.);
#9216=EDGE_CURVE('',#6266,#6268,#1668,.T.);
#9218=EDGE_CURVE('',#6268,#6270,#1672,.T.);
#9220=EDGE_CURVE('',#6270,#6272,#1676,.T.);
#9222=EDGE_CURVE('',#6272,#6274,#1680,.T.);
#9224=EDGE_CURVE('',#6274,#6276,#1684,.T.);
#9226=EDGE_CURVE('',#6276,#6278,#1688,.T.);
#9228=EDGE_CURVE('',#6278,#6280,#1692,.T.);
#9230=EDGE_CURVE('',#6280,#6282,#1696,.T.);
#9232=EDGE_CURVE('',#6282,#6284,#1700,.T.);
#9234=EDGE_CURVE('',#6284,#6286,#1704,.T.);
#9236=EDGE_CURVE('',#6286,#6288,#1708,.T.);
#9238=EDGE_CURVE('',#6288,#6240,#1712,.T.);
#9242=EDGE_CURVE('',#6327,#6328,#1717,.T.);
#9244=EDGE_CURVE('',#6328,#6327,#1722,.T.);
#9248=ADVANCED_FACE('',(#8719,#8727,#8743,#8825,#8879,#8949,#8965,#9081,#9105,
#9187,#9241,#9247),#8709,.T.);
#9262=EDGE_CURVE('',#6334,#5637,#1726,.T.);
#9264=EDGE_CURVE('',#6338,#6334,#1739,.T.);
#9266=EDGE_CURVE('',#5638,#6338,#1730,.T.);
#9270=ADVANCED_FACE('',(#9269),#9260,.T.);
#9284=EDGE_CURVE('',#6336,#5640,#1734,.T.);
#9286=EDGE_CURVE('',#6334,#6336,#1743,.T.);
#9291=ADVANCED_FACE('',(#9290),#9282,.T.);
#9306=EDGE_CURVE('',#6336,#6338,#1747,.T.);
#9311=ADVANCED_FACE('',(#9310),#9303,.F.);
#9329=EDGE_CURVE('',#6345,#6346,#1751,.T.);
#9331=EDGE_CURVE('',#6346,#6348,#1755,.T.);
#9333=EDGE_CURVE('',#6348,#6345,#1760,.T.);
#9337=ADVANCED_FACE('',(#9328,#9336),#9323,.T.);
#9350=EDGE_CURVE('',#5643,#5644,#1764,.T.);
#9352=EDGE_CURVE('',#6346,#5643,#1785,.T.);
#9355=EDGE_CURVE('',#5644,#6345,#1777,.T.);
#9359=ADVANCED_FACE('',(#9358),#9349,.T.);
#9373=EDGE_CURVE('',#5644,#5646,#1769,.T.);
#9375=EDGE_CURVE('',#5646,#5643,#1773,.T.);
#9379=ADVANCED_FACE('',(#9378),#9371,.T.);
#9395=EDGE_CURVE('',#6348,#5646,#1781,.T.);
#9399=ADVANCED_FACE('',(#9398),#9391,.F.);
#9418=ADVANCED_FACE('',(#9417),#9411,.F.);
#9432=EDGE_CURVE('',#6351,#5650,#1805,.T.);
#9434=EDGE_CURVE('',#6351,#6352,#1793,.T.);
#9436=EDGE_CURVE('',#5649,#6352,#1845,.T.);
#9440=ADVANCED_FACE('',(#9439),#9430,.F.);
#9454=EDGE_CURVE('',#6354,#5660,#1817,.T.);
#9456=EDGE_CURVE('',#6354,#6351,#1801,.T.);
#9461=ADVANCED_FACE('',(#9460),#9452,.F.);
#9475=EDGE_CURVE('',#6356,#5658,#1821,.T.);
#9477=EDGE_CURVE('',#6356,#6354,#1813,.T.);
#9482=ADVANCED_FACE('',(#9481),#9473,.T.);
#9496=EDGE_CURVE('',#6358,#5656,#1833,.T.);
#9498=EDGE_CURVE('',#6356,#6358,#1857,.T.);
#9503=ADVANCED_FACE('',(#9502),#9494,.F.);
#9517=EDGE_CURVE('',#6360,#5654,#1837,.T.);
#9519=EDGE_CURVE('',#6360,#6358,#1829,.T.);
#9524=ADVANCED_FACE('',(#9523),#9515,.T.);
#9538=EDGE_CURVE('',#6362,#5652,#1853,.T.);
#9540=EDGE_CURVE('',#6360,#6362,#1861,.T.);
#9545=ADVANCED_FACE('',(#9544),#9536,.T.);
#9560=EDGE_CURVE('',#6352,#6362,#1849,.T.);
#9565=ADVANCED_FACE('',(#9564),#9557,.T.);
#9587=ADVANCED_FACE('',(#9586),#9577,.T.);
#9601=EDGE_CURVE('',#6366,#5663,#1873,.T.);
#9603=EDGE_CURVE('',#6365,#6366,#2129,.T.);
#9605=EDGE_CURVE('',#5664,#6365,#2121,.T.);
#9609=ADVANCED_FACE('',(#9608),#9599,.F.);
#9623=EDGE_CURVE('',#6368,#5740,#1885,.T.);
#9625=EDGE_CURVE('',#6368,#6366,#1869,.T.);
#9630=ADVANCED_FACE('',(#9629),#9621,.F.);
#9644=EDGE_CURVE('',#6370,#5738,#1897,.T.);
#9646=EDGE_CURVE('',#6370,#6368,#1881,.T.);
#9651=ADVANCED_FACE('',(#9650),#9642,.T.);
#9665=EDGE_CURVE('',#6372,#5736,#1909,.T.);
#9667=EDGE_CURVE('',#6372,#6370,#1893,.T.);
#9672=ADVANCED_FACE('',(#9671),#9663,.T.);
#9686=EDGE_CURVE('',#6374,#5734,#1921,.T.);
#9688=EDGE_CURVE('',#6374,#6372,#1905,.T.);
#9693=ADVANCED_FACE('',(#9692),#9684,.F.);
#9707=EDGE_CURVE('',#6376,#5732,#1933,.T.);
#9709=EDGE_CURVE('',#6376,#6374,#1917,.T.);
#9714=ADVANCED_FACE('',(#9713),#9705,.F.);
#9728=EDGE_CURVE('',#6378,#5730,#1937,.T.);
#9730=EDGE_CURVE('',#6378,#6376,#1929,.T.);
#9735=ADVANCED_FACE('',(#9734),#9726,.F.);
#9749=EDGE_CURVE('',#6380,#5728,#1941,.T.);
#9751=EDGE_CURVE('',#6378,#6380,#2133,.T.);
#9756=ADVANCED_FACE('',(#9755),#9747,.T.);
#9770=EDGE_CURVE('',#6382,#5726,#1953,.T.);
#9772=EDGE_CURVE('',#6380,#6382,#2137,.T.);
#9777=ADVANCED_FACE('',(#9776),#9768,.T.);
#9791=EDGE_CURVE('',#6384,#5724,#1957,.T.);
#9793=EDGE_CURVE('',#6384,#6382,#1949,.T.);
#9798=ADVANCED_FACE('',(#9797),#9789,.T.);
#9812=EDGE_CURVE('',#6386,#5722,#1961,.T.);
#9814=EDGE_CURVE('',#6384,#6386,#2141,.T.);
#9819=ADVANCED_FACE('',(#9818),#9810,.T.);
#9833=EDGE_CURVE('',#6388,#5720,#1965,.T.);
#9835=EDGE_CURVE('',#6386,#6388,#2145,.T.);
#9840=ADVANCED_FACE('',(#9839),#9831,.T.);
#9854=EDGE_CURVE('',#6390,#5718,#1969,.T.);
#9856=EDGE_CURVE('',#6388,#6390,#2149,.T.);
#9861=ADVANCED_FACE('',(#9860),#9852,.F.);
#9875=EDGE_CURVE('',#6392,#5716,#1981,.T.);
#9877=EDGE_CURVE('',#6390,#6392,#2153,.T.);
#9882=ADVANCED_FACE('',(#9881),#9873,.F.);
#9896=EDGE_CURVE('',#6394,#5714,#1985,.T.);
#9898=EDGE_CURVE('',#6394,#6392,#1977,.T.);
#9903=ADVANCED_FACE('',(#9902),#9894,.F.);
#9917=EDGE_CURVE('',#6396,#5712,#1989,.T.);
#9919=EDGE_CURVE('',#6394,#6396,#2157,.T.);
#9924=ADVANCED_FACE('',(#9923),#9915,.F.);
#9938=EDGE_CURVE('',#6398,#5710,#1993,.T.);
#9940=EDGE_CURVE('',#6396,#6398,#2161,.T.);
#9945=ADVANCED_FACE('',(#9944),#9936,.F.);
#9959=EDGE_CURVE('',#6400,#5708,#1997,.T.);
#9961=EDGE_CURVE('',#6398,#6400,#2165,.T.);
#9966=ADVANCED_FACE('',(#9965),#9957,.F.);
#9980=EDGE_CURVE('',#6402,#5706,#2009,.T.);
#9982=EDGE_CURVE('',#6400,#6402,#2169,.T.);
#9987=ADVANCED_FACE('',(#9986),#9978,.F.);
#10001=EDGE_CURVE('',#6404,#5704,#2013,.T.);
#10003=EDGE_CURVE('',#6404,#6402,#2005,.T.);
#10008=ADVANCED_FACE('',(#10007),#9999,.F.);
#10022=EDGE_CURVE('',#6406,#5702,#2017,.T.);
#10024=EDGE_CURVE('',#6404,#6406,#2173,.T.);
#10029=ADVANCED_FACE('',(#10028),#10020,.F.);
#10043=EDGE_CURVE('',#6408,#5700,#2021,.T.);
#10045=EDGE_CURVE('',#6406,#6408,#2177,.T.);
#10050=ADVANCED_FACE('',(#10049),#10041,.F.);
#10064=EDGE_CURVE('',#6410,#5698,#2025,.T.);
#10066=EDGE_CURVE('',#6408,#6410,#2181,.T.);
#10071=ADVANCED_FACE('',(#10070),#10062,.T.);
#10085=EDGE_CURVE('',#6412,#5696,#2037,.T.);
#10087=EDGE_CURVE('',#6410,#6412,#2185,.T.);
#10092=ADVANCED_FACE('',(#10091),#10083,.T.);
#10106=EDGE_CURVE('',#6414,#5694,#2041,.T.);
#10108=EDGE_CURVE('',#6414,#6412,#2033,.T.);
#10113=ADVANCED_FACE('',(#10112),#10104,.T.);
#10127=EDGE_CURVE('',#6416,#5692,#2045,.T.);
#10129=EDGE_CURVE('',#6414,#6416,#2189,.T.);
#10134=ADVANCED_FACE('',(#10133),#10125,.F.);
#10148=EDGE_CURVE('',#6418,#5690,#2049,.T.);
#10150=EDGE_CURVE('',#6416,#6418,#2193,.T.);
#10155=ADVANCED_FACE('',(#10154),#10146,.T.);
#10169=EDGE_CURVE('',#6420,#5688,#2061,.T.);
#10171=EDGE_CURVE('',#6418,#6420,#2197,.T.);
#10176=ADVANCED_FACE('',(#10175),#10167,.T.);
#10190=EDGE_CURVE('',#6422,#5686,#2065,.T.);
#10192=EDGE_CURVE('',#6422,#6420,#2057,.T.);
#10197=ADVANCED_FACE('',(#10196),#10188,.T.);
#10211=EDGE_CURVE('',#6424,#5684,#2069,.T.);
#10213=EDGE_CURVE('',#6422,#6424,#2201,.T.);
#10218=ADVANCED_FACE('',(#10217),#10209,.T.);
#10232=EDGE_CURVE('',#6426,#5682,#2073,.T.);
#10234=EDGE_CURVE('',#6424,#6426,#2205,.T.);
#10239=ADVANCED_FACE('',(#10238),#10230,.T.);
#10253=EDGE_CURVE('',#6428,#5680,#2077,.T.);
#10255=EDGE_CURVE('',#6426,#6428,#2209,.T.);
#10260=ADVANCED_FACE('',(#10259),#10251,.T.);
#10274=EDGE_CURVE('',#6430,#5678,#2089,.T.);
#10276=EDGE_CURVE('',#6428,#6430,#2213,.T.);
#10281=ADVANCED_FACE('',(#10280),#10272,.T.);
#10295=EDGE_CURVE('',#6432,#5676,#2093,.T.);
#10297=EDGE_CURVE('',#6432,#6430,#2085,.T.);
#10302=ADVANCED_FACE('',(#10301),#10293,.T.);
#10316=EDGE_CURVE('',#6434,#5674,#2097,.T.);
#10318=EDGE_CURVE('',#6432,#6434,#2217,.T.);
#10323=ADVANCED_FACE('',(#10322),#10314,.T.);
#10337=EDGE_CURVE('',#6436,#5672,#2101,.T.);
#10339=EDGE_CURVE('',#6434,#6436,#2221,.T.);
#10344=ADVANCED_FACE('',(#10343),#10335,.T.);
#10358=EDGE_CURVE('',#6438,#5670,#2105,.T.);
#10360=EDGE_CURVE('',#6436,#6438,#2225,.T.);
#10365=ADVANCED_FACE('',(#10364),#10356,.F.);
#10379=EDGE_CURVE('',#6440,#5668,#2117,.T.);
#10381=EDGE_CURVE('',#6438,#6440,#2229,.T.);
#10386=ADVANCED_FACE('',(#10385),#10377,.F.);
#10400=EDGE_CURVE('',#6442,#5666,#2125,.T.);
#10402=EDGE_CURVE('',#6442,#6440,#2113,.T.);
#10407=ADVANCED_FACE('',(#10406),#10398,.F.);
#10422=EDGE_CURVE('',#6442,#6365,#2233,.T.);
#10427=ADVANCED_FACE('',(#10426),#10419,.F.);
#10482=ADVANCED_FACE('',(#10481),#10439,.T.);
#10496=EDGE_CURVE('',#6445,#5744,#2245,.T.);
#10498=EDGE_CURVE('',#6445,#6446,#2241,.T.);
#10500=EDGE_CURVE('',#5743,#6446,#2349,.T.);
#10504=ADVANCED_FACE('',(#10503),#10494,.T.);
#10518=EDGE_CURVE('',#6448,#5792,#2249,.T.);
#10520=EDGE_CURVE('',#6445,#6448,#2357,.T.);
#10525=ADVANCED_FACE('',(#10524),#10516,.T.);
#10539=EDGE_CURVE('',#6450,#5790,#2253,.T.);
#10541=EDGE_CURVE('',#6448,#6450,#2361,.T.);
#10546=ADVANCED_FACE('',(#10545),#10537,.T.);
#10560=EDGE_CURVE('',#6452,#5788,#2257,.T.);
#10562=EDGE_CURVE('',#6450,#6452,#2365,.T.);
#10567=ADVANCED_FACE('',(#10566),#10558,.T.);
#10581=EDGE_CURVE('',#6454,#5786,#2261,.T.);
#10583=EDGE_CURVE('',#6452,#6454,#2369,.T.);
#10588=ADVANCED_FACE('',(#10587),#10579,.T.);
#10602=EDGE_CURVE('',#6456,#5784,#2265,.T.);
#10604=EDGE_CURVE('',#6454,#6456,#2373,.T.);
#10609=ADVANCED_FACE('',(#10608),#10600,.T.);
#10623=EDGE_CURVE('',#6458,#5782,#2269,.T.);
#10625=EDGE_CURVE('',#6456,#6458,#2377,.T.);
#10630=ADVANCED_FACE('',(#10629),#10621,.T.);
#10644=EDGE_CURVE('',#6460,#5780,#2273,.T.);
#10646=EDGE_CURVE('',#6458,#6460,#2381,.T.);
#10651=ADVANCED_FACE('',(#10650),#10642,.T.);
#10665=EDGE_CURVE('',#6462,#5778,#2277,.T.);
#10667=EDGE_CURVE('',#6460,#6462,#2385,.T.);
#10672=ADVANCED_FACE('',(#10671),#10663,.T.);
#10686=EDGE_CURVE('',#6464,#5776,#2281,.T.);
#10688=EDGE_CURVE('',#6462,#6464,#2389,.T.);
#10693=ADVANCED_FACE('',(#10692),#10684,.F.);
#10707=EDGE_CURVE('',#6466,#5774,#2285,.T.);
#10709=EDGE_CURVE('',#6464,#6466,#2393,.T.);
#10714=ADVANCED_FACE('',(#10713),#10705,.F.);
#10728=EDGE_CURVE('',#6468,#5772,#2289,.T.);
#10730=EDGE_CURVE('',#6466,#6468,#2397,.T.);
#10735=ADVANCED_FACE('',(#10734),#10726,.F.);
#10749=EDGE_CURVE('',#6470,#5770,#2301,.T.);
#10751=EDGE_CURVE('',#6468,#6470,#2401,.T.);
#10756=ADVANCED_FACE('',(#10755),#10747,.F.);
#10770=EDGE_CURVE('',#6472,#5768,#2305,.T.);
#10772=EDGE_CURVE('',#6472,#6470,#2297,.T.);
#10777=ADVANCED_FACE('',(#10776),#10768,.F.);
#10791=EDGE_CURVE('',#6474,#5766,#2309,.T.);
#10793=EDGE_CURVE('',#6472,#6474,#2405,.T.);
#10798=ADVANCED_FACE('',(#10797),#10789,.F.);
#10812=EDGE_CURVE('',#6476,#5764,#2313,.T.);
#10814=EDGE_CURVE('',#6474,#6476,#2409,.T.);
#10819=ADVANCED_FACE('',(#10818),#10810,.F.);
#10833=EDGE_CURVE('',#6478,#5762,#2317,.T.);
#10835=EDGE_CURVE('',#6476,#6478,#2413,.T.);
#10840=ADVANCED_FACE('',(#10839),#10831,.F.);
#10854=EDGE_CURVE('',#6480,#5760,#2321,.T.);
#10856=EDGE_CURVE('',#6478,#6480,#2417,.T.);
#10861=ADVANCED_FACE('',(#10860),#10852,.F.);
#10875=EDGE_CURVE('',#6482,#5758,#2325,.T.);
#10877=EDGE_CURVE('',#6480,#6482,#2421,.T.);
#10882=ADVANCED_FACE('',(#10881),#10873,.F.);
#10896=EDGE_CURVE('',#6484,#5756,#2329,.T.);
#10898=EDGE_CURVE('',#6482,#6484,#2425,.T.);
#10903=ADVANCED_FACE('',(#10902),#10894,.F.);
#10917=EDGE_CURVE('',#6486,#5754,#2333,.T.);
#10919=EDGE_CURVE('',#6484,#6486,#2429,.T.);
#10924=ADVANCED_FACE('',(#10923),#10915,.F.);
#10938=EDGE_CURVE('',#6488,#5752,#2337,.T.);
#10940=EDGE_CURVE('',#6486,#6488,#2433,.T.);
#10945=ADVANCED_FACE('',(#10944),#10936,.F.);
#10959=EDGE_CURVE('',#6490,#5750,#2341,.T.);
#10961=EDGE_CURVE('',#6488,#6490,#2437,.T.);
#10966=ADVANCED_FACE('',(#10965),#10957,.T.);
#10980=EDGE_CURVE('',#6492,#5748,#2345,.T.);
#10982=EDGE_CURVE('',#6490,#6492,#2441,.T.);
#10987=ADVANCED_FACE('',(#10986),#10978,.T.);
#11001=EDGE_CURVE('',#6494,#5746,#2353,.T.);
#11003=EDGE_CURVE('',#6492,#6494,#2445,.T.);
#11008=ADVANCED_FACE('',(#11007),#10999,.T.);
#11023=EDGE_CURVE('',#6494,#6446,#2449,.T.);
#11028=ADVANCED_FACE('',(#11027),#11020,.T.);
#11069=EDGE_CURVE('',#6497,#6498,#2453,.T.);
#11071=EDGE_CURVE('',#6500,#6498,#2661,.T.);
#11073=EDGE_CURVE('',#6500,#6502,#2457,.T.);
#11075=EDGE_CURVE('',#6502,#6504,#2461,.T.);
#11077=EDGE_CURVE('',#6504,#6506,#2465,.T.);
#11079=EDGE_CURVE('',#6506,#6508,#2469,.T.);
#11081=EDGE_CURVE('',#6508,#6510,#2473,.T.);
#11083=EDGE_CURVE('',#6510,#6512,#2477,.T.);
#11085=EDGE_CURVE('',#6512,#6514,#2481,.T.);
#11087=EDGE_CURVE('',#6514,#6516,#2485,.T.);
#11089=EDGE_CURVE('',#6518,#6516,#2617,.T.);
#11091=EDGE_CURVE('',#6518,#6520,#2489,.T.);
#11093=EDGE_CURVE('',#6520,#6522,#2493,.T.);
#11095=EDGE_CURVE('',#6522,#6524,#2497,.T.);
#11097=EDGE_CURVE('',#6524,#6526,#2501,.T.);
#11099=EDGE_CURVE('',#6526,#6528,#2505,.T.);
#11101=EDGE_CURVE('',#6528,#6530,#2509,.T.);
#11103=EDGE_CURVE('',#6530,#6497,#2513,.T.);
#11107=ADVANCED_FACE('',(#11068,#11106),#11040,.T.);
#11120=EDGE_CURVE('',#5795,#5796,#2517,.T.);
#11122=EDGE_CURVE('',#6498,#5795,#2665,.T.);
#11125=EDGE_CURVE('',#5796,#6497,#2581,.T.);
#11129=ADVANCED_FACE('',(#11128),#11119,.F.);
#11143=EDGE_CURVE('',#5796,#5798,#2521,.T.);
#11145=EDGE_CURVE('',#5798,#5800,#2525,.T.);
#11147=EDGE_CURVE('',#5800,#5802,#2529,.T.);
#11149=EDGE_CURVE('',#5802,#5804,#2533,.T.);
#11151=EDGE_CURVE('',#5804,#5806,#2537,.T.);
#11153=EDGE_CURVE('',#5806,#5808,#2541,.T.);
#11155=EDGE_CURVE('',#5808,#5810,#2545,.T.);
#11157=EDGE_CURVE('',#5812,#5810,#2613,.T.);
#11159=EDGE_CURVE('',#5812,#5814,#2549,.T.);
#11161=EDGE_CURVE('',#5814,#5816,#2553,.T.);
#11163=EDGE_CURVE('',#5816,#5818,#2557,.T.);
#11165=EDGE_CURVE('',#5818,#5820,#2561,.T.);
#11167=EDGE_CURVE('',#5820,#5822,#2565,.T.);
#11169=EDGE_CURVE('',#5822,#5824,#2569,.T.);
#11171=EDGE_CURVE('',#5824,#5826,#2573,.T.);
#11173=EDGE_CURVE('',#5826,#5828,#2577,.T.);
#11175=EDGE_CURVE('',#5795,#5828,#2657,.T.);
#11179=ADVANCED_FACE('',(#11178),#11141,.T.);
#11195=EDGE_CURVE('',#6530,#5798,#2585,.T.);
#11199=ADVANCED_FACE('',(#11198),#11191,.F.);
#11215=EDGE_CURVE('',#6528,#5800,#2589,.T.);
#11219=ADVANCED_FACE('',(#11218),#11211,.F.);
#11235=EDGE_CURVE('',#6526,#5802,#2593,.T.);
#11239=ADVANCED_FACE('',(#11238),#11231,.F.);
#11255=EDGE_CURVE('',#6524,#5804,#2597,.T.);
#11259=ADVANCED_FACE('',(#11258),#11251,.F.);
#11275=EDGE_CURVE('',#6522,#5806,#2601,.T.);
#11279=ADVANCED_FACE('',(#11278),#11271,.F.);
#11295=EDGE_CURVE('',#6520,#5808,#2605,.T.);
#11299=ADVANCED_FACE('',(#11298),#11291,.T.);
#11315=EDGE_CURVE('',#6518,#5810,#2609,.T.);
#11319=ADVANCED_FACE('',(#11318),#11311,.T.);
#11335=EDGE_CURVE('',#6516,#5812,#2621,.T.);
#11339=ADVANCED_FACE('',(#11338),#11331,.T.);
#11355=EDGE_CURVE('',#6514,#5814,#2625,.T.);
#11359=ADVANCED_FACE('',(#11358),#11351,.T.);
#11375=EDGE_CURVE('',#6512,#5816,#2629,.T.);
#11379=ADVANCED_FACE('',(#11378),#11371,.T.);
#11395=EDGE_CURVE('',#6510,#5818,#2633,.T.);
#11399=ADVANCED_FACE('',(#11398),#11391,.T.);
#11415=EDGE_CURVE('',#6508,#5820,#2637,.T.);
#11419=ADVANCED_FACE('',(#11418),#11411,.T.);
#11435=EDGE_CURVE('',#6506,#5822,#2641,.T.);
#11439=ADVANCED_FACE('',(#11438),#11431,.T.);
#11455=EDGE_CURVE('',#6504,#5824,#2645,.T.);
#11459=ADVANCED_FACE('',(#11458),#11451,.T.);
#11475=EDGE_CURVE('',#6502,#5826,#2649,.T.);
#11479=ADVANCED_FACE('',(#11478),#11471,.F.);
#11495=EDGE_CURVE('',#6500,#5828,#2653,.T.);
#11499=ADVANCED_FACE('',(#11498),#11491,.F.);
#11518=ADVANCED_FACE('',(#11517),#11511,.F.);
#11532=EDGE_CURVE('',#6534,#5831,#2669,.T.);
#11534=EDGE_CURVE('',#6533,#6534,#2853,.T.);
#11536=EDGE_CURVE('',#5832,#6533,#2845,.T.);
#11540=ADVANCED_FACE('',(#11539),#11530,.T.);
#11554=EDGE_CURVE('',#6536,#5896,#2673,.T.);
#11556=EDGE_CURVE('',#6534,#6536,#2857,.T.);
#11561=ADVANCED_FACE('',(#11560),#11552,.F.);
#11575=EDGE_CURVE('',#6538,#5894,#2677,.T.);
#11577=EDGE_CURVE('',#6536,#6538,#2861,.T.);
#11582=ADVANCED_FACE('',(#11581),#11573,.T.);
#11596=EDGE_CURVE('',#6540,#5892,#2689,.T.);
#11598=EDGE_CURVE('',#6538,#6540,#2865,.T.);
#11603=ADVANCED_FACE('',(#11602),#11594,.T.);
#11617=EDGE_CURVE('',#6542,#5890,#2693,.T.);
#11619=EDGE_CURVE('',#6542,#6540,#2685,.T.);
#11624=ADVANCED_FACE('',(#11623),#11615,.T.);
#11638=EDGE_CURVE('',#6544,#5888,#2697,.T.);
#11640=EDGE_CURVE('',#6542,#6544,#2869,.T.);
#11645=ADVANCED_FACE('',(#11644),#11636,.T.);
#11659=EDGE_CURVE('',#6546,#5886,#2701,.T.);
#11661=EDGE_CURVE('',#6544,#6546,#2873,.T.);
#11666=ADVANCED_FACE('',(#11665),#11657,.T.);
#11680=EDGE_CURVE('',#6548,#5884,#2705,.T.);
#11682=EDGE_CURVE('',#6546,#6548,#2877,.T.);
#11687=ADVANCED_FACE('',(#11686),#11678,.T.);
#11701=EDGE_CURVE('',#6550,#5882,#2717,.T.);
#11703=EDGE_CURVE('',#6548,#6550,#2881,.T.);
#11708=ADVANCED_FACE('',(#11707),#11699,.T.);
#11722=EDGE_CURVE('',#6552,#5880,#2721,.T.);
#11724=EDGE_CURVE('',#6552,#6550,#2713,.T.);
#11729=ADVANCED_FACE('',(#11728),#11720,.T.);
#11743=EDGE_CURVE('',#6554,#5878,#2725,.T.);
#11745=EDGE_CURVE('',#6552,#6554,#2885,.T.);
#11750=ADVANCED_FACE('',(#11749),#11741,.T.);
#11764=EDGE_CURVE('',#6556,#5876,#2729,.T.);
#11766=EDGE_CURVE('',#6554,#6556,#2889,.T.);
#11771=ADVANCED_FACE('',(#11770),#11762,.T.);
#11785=EDGE_CURVE('',#6558,#5874,#2733,.T.);
#11787=EDGE_CURVE('',#6556,#6558,#2893,.T.);
#11792=ADVANCED_FACE('',(#11791),#11783,.F.);
#11806=EDGE_CURVE('',#6560,#5872,#2745,.T.);
#11808=EDGE_CURVE('',#6558,#6560,#2897,.T.);
#11813=ADVANCED_FACE('',(#11812),#11804,.F.);
#11827=EDGE_CURVE('',#6562,#5870,#2749,.T.);
#11829=EDGE_CURVE('',#6562,#6560,#2741,.T.);
#11834=ADVANCED_FACE('',(#11833),#11825,.F.);
#11848=EDGE_CURVE('',#6564,#5868,#2753,.T.);
#11850=EDGE_CURVE('',#6562,#6564,#2901,.T.);
#11855=ADVANCED_FACE('',(#11854),#11846,.F.);
#11869=EDGE_CURVE('',#6566,#5866,#2757,.T.);
#11871=EDGE_CURVE('',#6564,#6566,#2905,.T.);
#11876=ADVANCED_FACE('',(#11875),#11867,.F.);
#11890=EDGE_CURVE('',#6568,#5864,#2761,.T.);
#11892=EDGE_CURVE('',#6566,#6568,#2909,.T.);
#11897=ADVANCED_FACE('',(#11896),#11888,.F.);
#11911=EDGE_CURVE('',#6570,#5862,#2765,.T.);
#11913=EDGE_CURVE('',#6568,#6570,#2913,.T.);
#11918=ADVANCED_FACE('',(#11917),#11909,.T.);
#11932=EDGE_CURVE('',#6572,#5860,#2769,.T.);
#11934=EDGE_CURVE('',#6570,#6572,#2917,.T.);
#11939=ADVANCED_FACE('',(#11938),#11930,.T.);
#11953=EDGE_CURVE('',#6574,#5858,#2781,.T.);
#11955=EDGE_CURVE('',#6572,#6574,#2921,.T.);
#11960=ADVANCED_FACE('',(#11959),#11951,.F.);
#11974=EDGE_CURVE('',#6576,#5856,#2785,.T.);
#11976=EDGE_CURVE('',#6576,#6574,#2777,.T.);
#11981=ADVANCED_FACE('',(#11980),#11972,.F.);
#11995=EDGE_CURVE('',#6578,#5854,#2789,.T.);
#11997=EDGE_CURVE('',#6576,#6578,#2925,.T.);
#12002=ADVANCED_FACE('',(#12001),#11993,.F.);
#12016=EDGE_CURVE('',#6580,#5852,#2793,.T.);
#12018=EDGE_CURVE('',#6578,#6580,#2929,.T.);
#12023=ADVANCED_FACE('',(#12022),#12014,.F.);
#12037=EDGE_CURVE('',#6582,#5850,#2797,.T.);
#12039=EDGE_CURVE('',#6580,#6582,#2933,.T.);
#12044=ADVANCED_FACE('',(#12043),#12035,.F.);
#12058=EDGE_CURVE('',#6584,#5848,#2809,.T.);
#12060=EDGE_CURVE('',#6582,#6584,#2937,.T.);
#12065=ADVANCED_FACE('',(#12064),#12056,.F.);
#12079=EDGE_CURVE('',#6586,#5846,#2813,.T.);
#12081=EDGE_CURVE('',#6586,#6584,#2805,.T.);
#12086=ADVANCED_FACE('',(#12085),#12077,.F.);
#12100=EDGE_CURVE('',#6588,#5844,#2817,.T.);
#12102=EDGE_CURVE('',#6586,#6588,#2941,.T.);
#12107=ADVANCED_FACE('',(#12106),#12098,.F.);
#12121=EDGE_CURVE('',#6590,#5842,#2821,.T.);
#12123=EDGE_CURVE('',#6588,#6590,#2945,.T.);
#12128=ADVANCED_FACE('',(#12127),#12119,.F.);
#12142=EDGE_CURVE('',#6592,#5840,#2825,.T.);
#12144=EDGE_CURVE('',#6590,#6592,#2949,.T.);
#12149=ADVANCED_FACE('',(#12148),#12140,.T.);
#12163=EDGE_CURVE('',#6594,#5838,#2837,.T.);
#12165=EDGE_CURVE('',#6592,#6594,#2953,.T.);
#12170=ADVANCED_FACE('',(#12169),#12161,.T.);
#12184=EDGE_CURVE('',#6596,#5836,#2841,.T.);
#12186=EDGE_CURVE('',#6596,#6594,#2833,.T.);
#12191=ADVANCED_FACE('',(#12190),#12182,.T.);
#12205=EDGE_CURVE('',#6598,#5834,#2849,.T.);
#12207=EDGE_CURVE('',#6596,#6598,#2957,.T.);
#12212=ADVANCED_FACE('',(#12211),#12203,.T.);
#12227=EDGE_CURVE('',#6598,#6533,#2961,.T.);
#12232=ADVANCED_FACE('',(#12231),#12224,.T.);
#12281=EDGE_CURVE('',#6601,#6602,#2965,.T.);
#12283=EDGE_CURVE('',#6604,#6602,#3197,.T.);
#12285=EDGE_CURVE('',#6604,#6606,#2969,.T.);
#12287=EDGE_CURVE('',#6606,#6608,#2973,.T.);
#12289=EDGE_CURVE('',#6608,#6610,#2977,.T.);
#12291=EDGE_CURVE('',#6612,#6610,#3173,.T.);
#12293=EDGE_CURVE('',#6612,#6614,#2981,.T.);
#12295=EDGE_CURVE('',#6614,#6616,#2985,.T.);
#12297=EDGE_CURVE('',#6616,#6618,#2989,.T.);
#12299=EDGE_CURVE('',#6620,#6618,#3149,.T.);
#12301=EDGE_CURVE('',#6620,#6622,#2993,.T.);
#12303=EDGE_CURVE('',#6622,#6624,#2997,.T.);
#12305=EDGE_CURVE('',#6624,#6626,#3001,.T.);
#12307=EDGE_CURVE('',#6628,#6626,#3125,.T.);
#12309=EDGE_CURVE('',#6628,#6630,#3005,.T.);
#12311=EDGE_CURVE('',#6630,#6601,#3009,.T.);
#12315=EDGE_CURVE('',#6633,#6634,#3013,.T.);
#12317=EDGE_CURVE('',#6636,#6634,#3341,.T.);
#12319=EDGE_CURVE('',#6636,#6638,#3017,.T.);
#12321=EDGE_CURVE('',#6638,#6640,#3021,.T.);
#12323=EDGE_CURVE('',#6640,#6642,#3025,.T.);
#12325=EDGE_CURVE('',#6644,#6642,#3317,.T.);
#12327=EDGE_CURVE('',#6644,#6646,#3029,.T.);
#12329=EDGE_CURVE('',#6646,#6648,#3033,.T.);
#12331=EDGE_CURVE('',#6648,#6650,#3037,.T.);
#12333=EDGE_CURVE('',#6652,#6650,#3293,.T.);
#12335=EDGE_CURVE('',#6652,#6654,#3041,.T.);
#12337=EDGE_CURVE('',#6654,#6656,#3045,.T.);
#12339=EDGE_CURVE('',#6656,#6658,#3049,.T.);
#12341=EDGE_CURVE('',#6660,#6658,#3269,.T.);
#12343=EDGE_CURVE('',#6660,#6662,#3053,.T.);
#12345=EDGE_CURVE('',#6662,#6633,#3057,.T.);
#12349=ADVANCED_FACE('',(#12280,#12314,#12348),#12244,.T.);
#12362=EDGE_CURVE('',#5899,#5900,#3061,.T.);
#12364=EDGE_CURVE('',#6602,#5899,#3201,.T.);
#12367=EDGE_CURVE('',#5900,#6601,#3109,.T.);
#12371=ADVANCED_FACE('',(#12370),#12361,.T.);
#12385=EDGE_CURVE('',#5900,#5902,#3065,.T.);
#12387=EDGE_CURVE('',#5902,#5904,#3069,.T.);
#12389=EDGE_CURVE('',#5906,#5904,#3121,.T.);
#12391=EDGE_CURVE('',#5906,#5908,#3073,.T.);
#12393=EDGE_CURVE('',#5908,#5910,#3077,.T.);
#12395=EDGE_CURVE('',#5910,#5912,#3081,.T.);
#12397=EDGE_CURVE('',#5914,#5912,#3145,.T.);
#12399=EDGE_CURVE('',#5914,#5916,#3085,.T.);
#12401=EDGE_CURVE('',#5916,#5918,#3089,.T.);
#12403=EDGE_CURVE('',#5918,#5920,#3093,.T.);
#12405=EDGE_CURVE('',#5922,#5920,#3169,.T.);
#12407=EDGE_CURVE('',#5922,#5924,#3097,.T.);
#12409=EDGE_CURVE('',#5924,#5926,#3101,.T.);
#12411=EDGE_CURVE('',#5926,#5928,#3105,.T.);
#12413=EDGE_CURVE('',#5899,#5928,#3193,.T.);
#12417=ADVANCED_FACE('',(#12416),#12383,.T.);
#12433=EDGE_CURVE('',#6630,#5902,#3113,.T.);
#12437=ADVANCED_FACE('',(#12436),#12429,.T.);
#12453=EDGE_CURVE('',#6628,#5904,#3117,.T.);
#12457=ADVANCED_FACE('',(#12456),#12449,.F.);
#12473=EDGE_CURVE('',#6626,#5906,#3129,.T.);
#12477=ADVANCED_FACE('',(#12476),#12469,.F.);
#12493=EDGE_CURVE('',#6624,#5908,#3133,.T.);
#12497=ADVANCED_FACE('',(#12496),#12489,.F.);
#12513=EDGE_CURVE('',#6622,#5910,#3137,.T.);
#12517=ADVANCED_FACE('',(#12516),#12509,.F.);
#12533=EDGE_CURVE('',#6620,#5912,#3141,.T.);
#12537=ADVANCED_FACE('',(#12536),#12529,.F.);
#12553=EDGE_CURVE('',#6618,#5914,#3153,.T.);
#12557=ADVANCED_FACE('',(#12556),#12549,.F.);
#12573=EDGE_CURVE('',#6616,#5916,#3157,.T.);
#12577=ADVANCED_FACE('',(#12576),#12569,.F.);
#12593=EDGE_CURVE('',#6614,#5918,#3161,.T.);
#12597=ADVANCED_FACE('',(#12596),#12589,.F.);
#12613=EDGE_CURVE('',#6612,#5920,#3165,.T.);
#12617=ADVANCED_FACE('',(#12616),#12609,.T.);
#12633=EDGE_CURVE('',#6610,#5922,#3177,.T.);
#12637=ADVANCED_FACE('',(#12636),#12629,.T.);
#12653=EDGE_CURVE('',#6608,#5924,#3181,.T.);
#12657=ADVANCED_FACE('',(#12656),#12649,.T.);
#12673=EDGE_CURVE('',#6606,#5926,#3185,.T.);
#12677=ADVANCED_FACE('',(#12676),#12669,.T.);
#12693=EDGE_CURVE('',#6604,#5928,#3189,.T.);
#12697=ADVANCED_FACE('',(#12696),#12689,.T.);
#12716=ADVANCED_FACE('',(#12715),#12709,.T.);
#12729=EDGE_CURVE('',#5931,#5932,#3205,.T.);
#12731=EDGE_CURVE('',#6634,#5931,#3345,.T.);
#12734=EDGE_CURVE('',#5932,#6633,#3253,.T.);
#12738=ADVANCED_FACE('',(#12737),#12728,.F.);
#12752=EDGE_CURVE('',#5932,#5934,#3209,.T.);
#12754=EDGE_CURVE('',#5934,#5936,#3213,.T.);
#12756=EDGE_CURVE('',#5938,#5936,#3265,.T.);
#12758=EDGE_CURVE('',#5938,#5940,#3217,.T.);
#12760=EDGE_CURVE('',#5940,#5942,#3221,.T.);
#12762=EDGE_CURVE('',#5942,#5944,#3225,.T.);
#12764=EDGE_CURVE('',#5946,#5944,#3289,.T.);
#12766=EDGE_CURVE('',#5946,#5948,#3229,.T.);
#12768=EDGE_CURVE('',#5948,#5950,#3233,.T.);
#12770=EDGE_CURVE('',#5950,#5952,#3237,.T.);
#12772=EDGE_CURVE('',#5954,#5952,#3313,.T.);
#12774=EDGE_CURVE('',#5954,#5956,#3241,.T.);
#12776=EDGE_CURVE('',#5956,#5958,#3245,.T.);
#12778=EDGE_CURVE('',#5958,#5960,#3249,.T.);
#12780=EDGE_CURVE('',#5931,#5960,#3337,.T.);
#12784=ADVANCED_FACE('',(#12783),#12750,.T.);
#12800=EDGE_CURVE('',#6662,#5934,#3257,.T.);
#12804=ADVANCED_FACE('',(#12803),#12796,.F.);
#12820=EDGE_CURVE('',#6660,#5936,#3261,.T.);
#12824=ADVANCED_FACE('',(#12823),#12816,.T.);
#12840=EDGE_CURVE('',#6658,#5938,#3273,.T.);
#12844=ADVANCED_FACE('',(#12843),#12836,.T.);
#12860=EDGE_CURVE('',#6656,#5940,#3277,.T.);
#12864=ADVANCED_FACE('',(#12863),#12856,.T.);
#12880=EDGE_CURVE('',#6654,#5942,#3281,.T.);
#12884=ADVANCED_FACE('',(#12883),#12876,.T.);
#12900=EDGE_CURVE('',#6652,#5944,#3285,.T.);
#12904=ADVANCED_FACE('',(#12903),#12896,.T.);
#12920=EDGE_CURVE('',#6650,#5946,#3297,.T.);
#12924=ADVANCED_FACE('',(#12923),#12916,.T.);
#12940=EDGE_CURVE('',#6648,#5948,#3301,.T.);
#12944=ADVANCED_FACE('',(#12943),#12936,.T.);
#12960=EDGE_CURVE('',#6646,#5950,#3305,.T.);
#12964=ADVANCED_FACE('',(#12963),#12956,.T.);
#12980=EDGE_CURVE('',#6644,#5952,#3309,.T.);
#12984=ADVANCED_FACE('',(#12983),#12976,.F.);
#13000=EDGE_CURVE('',#6642,#5954,#3321,.T.);
#13004=ADVANCED_FACE('',(#13003),#12996,.F.);
#13020=EDGE_CURVE('',#6640,#5956,#3325,.T.);
#13024=ADVANCED_FACE('',(#13023),#13016,.F.);
#13040=EDGE_CURVE('',#6638,#5958,#3329,.T.);
#13044=ADVANCED_FACE('',(#13043),#13036,.F.);
#13060=EDGE_CURVE('',#6636,#5960,#3333,.T.);
#13064=ADVANCED_FACE('',(#13063),#13056,.F.);
#13083=ADVANCED_FACE('',(#13082),#13076,.F.);
#13097=EDGE_CURVE('',#6665,#5964,#3365,.T.);
#13099=EDGE_CURVE('',#6665,#6666,#3353,.T.);
#13101=EDGE_CURVE('',#5963,#6666,#3405,.T.);
#13105=ADVANCED_FACE('',(#13104),#13095,.F.);
#13119=EDGE_CURVE('',#6668,#5974,#3377,.T.);
#13121=EDGE_CURVE('',#6668,#6665,#3361,.T.);
#13126=ADVANCED_FACE('',(#13125),#13117,.F.);
#13140=EDGE_CURVE('',#6670,#5972,#3381,.T.);
#13142=EDGE_CURVE('',#6670,#6668,#3373,.T.);
#13147=ADVANCED_FACE('',(#13146),#13138,.T.);
#13161=EDGE_CURVE('',#6672,#5970,#3393,.T.);
#13163=EDGE_CURVE('',#6670,#6672,#3417,.T.);
#13168=ADVANCED_FACE('',(#13167),#13159,.F.);
#13182=EDGE_CURVE('',#6674,#5968,#3397,.T.);
#13184=EDGE_CURVE('',#6674,#6672,#3389,.T.);
#13189=ADVANCED_FACE('',(#13188),#13180,.T.);
#13203=EDGE_CURVE('',#6676,#5966,#3413,.T.);
#13205=EDGE_CURVE('',#6674,#6676,#3421,.T.);
#13210=ADVANCED_FACE('',(#13209),#13201,.T.);
#13225=EDGE_CURVE('',#6666,#6676,#3409,.T.);
#13230=ADVANCED_FACE('',(#13229),#13222,.T.);
#13252=ADVANCED_FACE('',(#13251),#13242,.T.);
#13266=EDGE_CURVE('',#6680,#5977,#3425,.T.);
#13268=EDGE_CURVE('',#6679,#6680,#3757,.T.);
#13270=EDGE_CURVE('',#5978,#6679,#3749,.T.);
#13274=ADVANCED_FACE('',(#13273),#13264,.F.);
#13288=EDGE_CURVE('',#6682,#6088,#3429,.T.);
#13290=EDGE_CURVE('',#6680,#6682,#3761,.T.);
#13295=ADVANCED_FACE('',(#13294),#13286,.F.);
#13309=EDGE_CURVE('',#6684,#6086,#3433,.T.);
#13311=EDGE_CURVE('',#6682,#6684,#3765,.T.);
#13316=ADVANCED_FACE('',(#13315),#13307,.F.);
#13330=EDGE_CURVE('',#6686,#6084,#3445,.T.);
#13332=EDGE_CURVE('',#6684,#6686,#3769,.T.);
#13337=ADVANCED_FACE('',(#13336),#13328,.F.);
#13351=EDGE_CURVE('',#6688,#6082,#3449,.T.);
#13353=EDGE_CURVE('',#6688,#6686,#3441,.T.);
#13358=ADVANCED_FACE('',(#13357),#13349,.F.);
#13372=EDGE_CURVE('',#6690,#6080,#3453,.T.);
#13374=EDGE_CURVE('',#6688,#6690,#3773,.T.);
#13379=ADVANCED_FACE('',(#13378),#13370,.F.);
#13393=EDGE_CURVE('',#6692,#6078,#3457,.T.);
#13395=EDGE_CURVE('',#6690,#6692,#3777,.T.);
#13400=ADVANCED_FACE('',(#13399),#13391,.F.);
#13414=EDGE_CURVE('',#6694,#6076,#3461,.T.);
#13416=EDGE_CURVE('',#6692,#6694,#3781,.T.);
#13421=ADVANCED_FACE('',(#13420),#13412,.F.);
#13435=EDGE_CURVE('',#6696,#6074,#3465,.T.);
#13437=EDGE_CURVE('',#6694,#6696,#3785,.T.);
#13442=ADVANCED_FACE('',(#13441),#13433,.T.);
#13456=EDGE_CURVE('',#6698,#6072,#3477,.T.);
#13458=EDGE_CURVE('',#6696,#6698,#3789,.T.);
#13463=ADVANCED_FACE('',(#13462),#13454,.T.);
#13477=EDGE_CURVE('',#6700,#6070,#3481,.T.);
#13479=EDGE_CURVE('',#6700,#6698,#3473,.T.);
#13484=ADVANCED_FACE('',(#13483),#13475,.T.);
#13498=EDGE_CURVE('',#6702,#6068,#3485,.T.);
#13500=EDGE_CURVE('',#6700,#6702,#3793,.T.);
#13505=ADVANCED_FACE('',(#13504),#13496,.F.);
#13519=EDGE_CURVE('',#6704,#6066,#3489,.T.);
#13521=EDGE_CURVE('',#6702,#6704,#3797,.T.);
#13526=ADVANCED_FACE('',(#13525),#13517,.F.);
#13540=EDGE_CURVE('',#6706,#6064,#3493,.T.);
#13542=EDGE_CURVE('',#6704,#6706,#3801,.T.);
#13547=ADVANCED_FACE('',(#13546),#13538,.T.);
#13561=EDGE_CURVE('',#6708,#6062,#3505,.T.);
#13563=EDGE_CURVE('',#6706,#6708,#3805,.T.);
#13568=ADVANCED_FACE('',(#13567),#13559,.T.);
#13582=EDGE_CURVE('',#6710,#6060,#3509,.T.);
#13584=EDGE_CURVE('',#6710,#6708,#3501,.T.);
#13589=ADVANCED_FACE('',(#13588),#13580,.T.);
#13603=EDGE_CURVE('',#6712,#6058,#3513,.T.);
#13605=EDGE_CURVE('',#6710,#6712,#3809,.T.);
#13610=ADVANCED_FACE('',(#13609),#13601,.T.);
#13624=EDGE_CURVE('',#6714,#6056,#3517,.T.);
#13626=EDGE_CURVE('',#6712,#6714,#3813,.T.);
#13631=ADVANCED_FACE('',(#13630),#13622,.T.);
#13645=EDGE_CURVE('',#6716,#6054,#3521,.T.);
#13647=EDGE_CURVE('',#6714,#6716,#3817,.T.);
#13652=ADVANCED_FACE('',(#13651),#13643,.T.);
#13666=EDGE_CURVE('',#6718,#6052,#3533,.T.);
#13668=EDGE_CURVE('',#6716,#6718,#3821,.T.);
#13673=ADVANCED_FACE('',(#13672),#13664,.T.);
#13687=EDGE_CURVE('',#6720,#6050,#3537,.T.);
#13689=EDGE_CURVE('',#6720,#6718,#3529,.T.);
#13694=ADVANCED_FACE('',(#13693),#13685,.T.);
#13708=EDGE_CURVE('',#6722,#6048,#3541,.T.);
#13710=EDGE_CURVE('',#6720,#6722,#3825,.T.);
#13715=ADVANCED_FACE('',(#13714),#13706,.T.);
#13729=EDGE_CURVE('',#6724,#6046,#3545,.T.);
#13731=EDGE_CURVE('',#6722,#6724,#3829,.T.);
#13736=ADVANCED_FACE('',(#13735),#13727,.F.);
#13750=EDGE_CURVE('',#6726,#6044,#3557,.T.);
#13752=EDGE_CURVE('',#6724,#6726,#3833,.T.);
#13757=ADVANCED_FACE('',(#13756),#13748,.F.);
#13771=EDGE_CURVE('',#6728,#6042,#3569,.T.);
#13773=EDGE_CURVE('',#6728,#6726,#3553,.T.);
#13778=ADVANCED_FACE('',(#13777),#13769,.F.);
#13792=EDGE_CURVE('',#6730,#6040,#3581,.T.);
#13794=EDGE_CURVE('',#6730,#6728,#3565,.T.);
#13799=ADVANCED_FACE('',(#13798),#13790,.T.);
#13813=EDGE_CURVE('',#6732,#6038,#3585,.T.);
#13815=EDGE_CURVE('',#6732,#6730,#3577,.T.);
#13820=ADVANCED_FACE('',(#13819),#13811,.T.);
#13834=EDGE_CURVE('',#6734,#6036,#3589,.T.);
#13836=EDGE_CURVE('',#6732,#6734,#3837,.T.);
#13841=ADVANCED_FACE('',(#13840),#13832,.T.);
#13855=EDGE_CURVE('',#6736,#6034,#3593,.T.);
#13857=EDGE_CURVE('',#6734,#6736,#3841,.T.);
#13862=ADVANCED_FACE('',(#13861),#13853,.T.);
#13876=EDGE_CURVE('',#6738,#6032,#3605,.T.);
#13878=EDGE_CURVE('',#6736,#6738,#3845,.T.);
#13883=ADVANCED_FACE('',(#13882),#13874,.T.);
#13897=EDGE_CURVE('',#6740,#6030,#3609,.T.);
#13899=EDGE_CURVE('',#6740,#6738,#3601,.T.);
#13904=ADVANCED_FACE('',(#13903),#13895,.T.);
#13918=EDGE_CURVE('',#6742,#6028,#3613,.T.);
#13920=EDGE_CURVE('',#6740,#6742,#3849,.T.);
#13925=ADVANCED_FACE('',(#13924),#13916,.T.);
#13939=EDGE_CURVE('',#6744,#6026,#3617,.T.);
#13941=EDGE_CURVE('',#6742,#6744,#3853,.T.);
#13946=ADVANCED_FACE('',(#13945),#13937,.F.);
#13960=EDGE_CURVE('',#6746,#6024,#3629,.T.);
#13962=EDGE_CURVE('',#6744,#6746,#3857,.T.);
#13967=ADVANCED_FACE('',(#13966),#13958,.F.);
#13981=EDGE_CURVE('',#6748,#6022,#3633,.T.);
#13983=EDGE_CURVE('',#6748,#6746,#3625,.T.);
#13988=ADVANCED_FACE('',(#13987),#13979,.F.);
#14002=EDGE_CURVE('',#6750,#6020,#3637,.T.);
#14004=EDGE_CURVE('',#6748,#6750,#3861,.T.);
#14009=ADVANCED_FACE('',(#14008),#14000,.F.);
#14023=EDGE_CURVE('',#6752,#6018,#3641,.T.);
#14025=EDGE_CURVE('',#6750,#6752,#3865,.T.);
#14030=ADVANCED_FACE('',(#14029),#14021,.F.);
#14044=EDGE_CURVE('',#6754,#6016,#3653,.T.);
#14046=EDGE_CURVE('',#6752,#6754,#3869,.T.);
#14051=ADVANCED_FACE('',(#14050),#14042,.F.);
#14065=EDGE_CURVE('',#6756,#6014,#3657,.T.);
#14067=EDGE_CURVE('',#6756,#6754,#3649,.T.);
#14072=ADVANCED_FACE('',(#14071),#14063,.F.);
#14086=EDGE_CURVE('',#6758,#6012,#3661,.T.);
#14088=EDGE_CURVE('',#6756,#6758,#3873,.T.);
#14093=ADVANCED_FACE('',(#14092),#14084,.T.);
#14107=EDGE_CURVE('',#6760,#6010,#3665,.T.);
#14109=EDGE_CURVE('',#6758,#6760,#3877,.T.);
#14114=ADVANCED_FACE('',(#14113),#14105,.T.);
#14128=EDGE_CURVE('',#6762,#6008,#3669,.T.);
#14130=EDGE_CURVE('',#6760,#6762,#3881,.T.);
#14135=ADVANCED_FACE('',(#14134),#14126,.T.);
#14149=EDGE_CURVE('',#6764,#6006,#3681,.T.);
#14151=EDGE_CURVE('',#6762,#6764,#3885,.T.);
#14156=ADVANCED_FACE('',(#14155),#14147,.T.);
#14170=EDGE_CURVE('',#6766,#6004,#3685,.T.);
#14172=EDGE_CURVE('',#6766,#6764,#3677,.T.);
#14177=ADVANCED_FACE('',(#14176),#14168,.T.);
#14191=EDGE_CURVE('',#6768,#6002,#3689,.T.);
#14193=EDGE_CURVE('',#6766,#6768,#3889,.T.);
#14198=ADVANCED_FACE('',(#14197),#14189,.T.);
#14212=EDGE_CURVE('',#6770,#6000,#3693,.T.);
#14214=EDGE_CURVE('',#6768,#6770,#3893,.T.);
#14219=ADVANCED_FACE('',(#14218),#14210,.T.);
#14233=EDGE_CURVE('',#6772,#5998,#3697,.T.);
#14235=EDGE_CURVE('',#6770,#6772,#3897,.T.);
#14240=ADVANCED_FACE('',(#14239),#14231,.F.);
#14254=EDGE_CURVE('',#6774,#5996,#3709,.T.);
#14256=EDGE_CURVE('',#6772,#6774,#3901,.T.);
#14261=ADVANCED_FACE('',(#14260),#14252,.F.);
#14275=EDGE_CURVE('',#6776,#5994,#3713,.T.);
#14277=EDGE_CURVE('',#6776,#6774,#3705,.T.);
#14282=ADVANCED_FACE('',(#14281),#14273,.F.);
#14296=EDGE_CURVE('',#6778,#5992,#3717,.T.);
#14298=EDGE_CURVE('',#6776,#6778,#3905,.T.);
#14303=ADVANCED_FACE('',(#14302),#14294,.F.);
#14317=EDGE_CURVE('',#6780,#5990,#3721,.T.);
#14319=EDGE_CURVE('',#6778,#6780,#3909,.T.);
#14324=ADVANCED_FACE('',(#14323),#14315,.F.);
#14338=EDGE_CURVE('',#6782,#5988,#3725,.T.);
#14340=EDGE_CURVE('',#6780,#6782,#3913,.T.);
#14345=ADVANCED_FACE('',(#14344),#14336,.F.);
#14359=EDGE_CURVE('',#6784,#5986,#3729,.T.);
#14361=EDGE_CURVE('',#6782,#6784,#3917,.T.);
#14366=ADVANCED_FACE('',(#14365),#14357,.T.);
#14380=EDGE_CURVE('',#6786,#5984,#3733,.T.);
#14382=EDGE_CURVE('',#6784,#6786,#3921,.T.);
#14387=ADVANCED_FACE('',(#14386),#14378,.F.);
#14401=EDGE_CURVE('',#6788,#5982,#3745,.T.);
#14403=EDGE_CURVE('',#6786,#6788,#3925,.T.);
#14408=ADVANCED_FACE('',(#14407),#14399,.F.);
#14422=EDGE_CURVE('',#6790,#5980,#3753,.T.);
#14424=EDGE_CURVE('',#6790,#6788,#3741,.T.);
#14429=ADVANCED_FACE('',(#14428),#14420,.F.);
#14444=EDGE_CURVE('',#6790,#6679,#3929,.T.);
#14449=ADVANCED_FACE('',(#14448),#14441,.F.);
#14521=ADVANCED_FACE('',(#14520),#14461,.T.);
#14535=EDGE_CURVE('',#6794,#6091,#3941,.T.);
#14537=EDGE_CURVE('',#6793,#6794,#4057,.T.);
#14539=EDGE_CURVE('',#6092,#6793,#4045,.T.);
#14543=ADVANCED_FACE('',(#14542),#14533,.T.);
#14557=EDGE_CURVE('',#6796,#6110,#3953,.T.);
#14559=EDGE_CURVE('',#6796,#6794,#3937,.T.);
#14564=ADVANCED_FACE('',(#14563),#14555,.T.);
#14578=EDGE_CURVE('',#6798,#6108,#3965,.T.);
#14580=EDGE_CURVE('',#6798,#6796,#3949,.T.);
#14585=ADVANCED_FACE('',(#14584),#14576,.F.);
#14599=EDGE_CURVE('',#6800,#6106,#3977,.T.);
#14601=EDGE_CURVE('',#6800,#6798,#3961,.T.);
#14606=ADVANCED_FACE('',(#14605),#14597,.T.);
#14620=EDGE_CURVE('',#6802,#6104,#3989,.T.);
#14622=EDGE_CURVE('',#6802,#6800,#3973,.T.);
#14627=ADVANCED_FACE('',(#14626),#14618,.F.);
#14641=EDGE_CURVE('',#6804,#6102,#4001,.T.);
#14643=EDGE_CURVE('',#6804,#6802,#3985,.T.);
#14648=ADVANCED_FACE('',(#14647),#14639,.F.);
#14662=EDGE_CURVE('',#6806,#6100,#4013,.T.);
#14664=EDGE_CURVE('',#6806,#6804,#3997,.T.);
#14669=ADVANCED_FACE('',(#14668),#14660,.F.);
#14683=EDGE_CURVE('',#6808,#6098,#4025,.T.);
#14685=EDGE_CURVE('',#6808,#6806,#4009,.T.);
#14690=ADVANCED_FACE('',(#14689),#14681,.F.);
#14704=EDGE_CURVE('',#6810,#6096,#4037,.T.);
#14706=EDGE_CURVE('',#6810,#6808,#4021,.T.);
#14711=ADVANCED_FACE('',(#14710),#14702,.T.);
#14725=EDGE_CURVE('',#6812,#6094,#4053,.T.);
#14727=EDGE_CURVE('',#6812,#6810,#4033,.T.);
#14732=ADVANCED_FACE('',(#14731),#14723,.F.);
#14747=EDGE_CURVE('',#6793,#6812,#4049,.T.);
#14752=ADVANCED_FACE('',(#14751),#14744,.T.);
#14778=EDGE_CURVE('',#6815,#6816,#4061,.T.);
#14780=EDGE_CURVE('',#6818,#6816,#4089,.T.);
#14782=EDGE_CURVE('',#6815,#6818,#4077,.T.);
#14786=ADVANCED_FACE('',(#14777,#14785),#14764,.T.);
#14799=EDGE_CURVE('',#6113,#6114,#4065,.T.);
#14801=EDGE_CURVE('',#6816,#6113,#4093,.T.);
#14804=EDGE_CURVE('',#6114,#6815,#4073,.T.);
#14808=ADVANCED_FACE('',(#14807),#14798,.F.);
#14822=EDGE_CURVE('',#6116,#6114,#4069,.T.);
#14824=EDGE_CURVE('',#6113,#6116,#4085,.T.);
#14828=ADVANCED_FACE('',(#14827),#14820,.T.);
#14844=EDGE_CURVE('',#6818,#6116,#4081,.T.);
#14848=ADVANCED_FACE('',(#14847),#14840,.T.);
#14867=ADVANCED_FACE('',(#14866),#14860,.T.);
#14881=EDGE_CURVE('',#6822,#6119,#4097,.T.);
#14883=EDGE_CURVE('',#6821,#6822,#4321,.T.);
#14885=EDGE_CURVE('',#6120,#6821,#4313,.T.);
#14889=ADVANCED_FACE('',(#14888),#14879,.F.);
#14903=EDGE_CURVE('',#6824,#6196,#4109,.T.);
#14905=EDGE_CURVE('',#6822,#6824,#4325,.T.);
#14910=ADVANCED_FACE('',(#14909),#14901,.F.);
#14924=EDGE_CURVE('',#6826,#6194,#4113,.T.);
#14926=EDGE_CURVE('',#6826,#6824,#4105,.T.);
#14931=ADVANCED_FACE('',(#14930),#14922,.F.);
#14945=EDGE_CURVE('',#6828,#6192,#4117,.T.);
#14947=EDGE_CURVE('',#6826,#6828,#4329,.T.);
#14952=ADVANCED_FACE('',(#14951),#14943,.F.);
#14966=EDGE_CURVE('',#6830,#6190,#4121,.T.);
#14968=EDGE_CURVE('',#6828,#6830,#4333,.T.);
#14973=ADVANCED_FACE('',(#14972),#14964,.F.);
#14987=EDGE_CURVE('',#6832,#6188,#4125,.T.);
#14989=EDGE_CURVE('',#6830,#6832,#4337,.T.);
#14994=ADVANCED_FACE('',(#14993),#14985,.F.);
#15008=EDGE_CURVE('',#6834,#6186,#4137,.T.);
#15010=EDGE_CURVE('',#6832,#6834,#4341,.T.);
#15015=ADVANCED_FACE('',(#15014),#15006,.F.);
#15029=EDGE_CURVE('',#6836,#6184,#4141,.T.);
#15031=EDGE_CURVE('',#6836,#6834,#4133,.T.);
#15036=ADVANCED_FACE('',(#15035),#15027,.F.);
#15050=EDGE_CURVE('',#6838,#6182,#4145,.T.);
#15052=EDGE_CURVE('',#6836,#6838,#4345,.T.);
#15057=ADVANCED_FACE('',(#15056),#15048,.F.);
#15071=EDGE_CURVE('',#6840,#6180,#4149,.T.);
#15073=EDGE_CURVE('',#6838,#6840,#4349,.T.);
#15078=ADVANCED_FACE('',(#15077),#15069,.F.);
#15092=EDGE_CURVE('',#6842,#6178,#4153,.T.);
#15094=EDGE_CURVE('',#6840,#6842,#4353,.T.);
#15099=ADVANCED_FACE('',(#15098),#15090,.T.);
#15113=EDGE_CURVE('',#6844,#6176,#4157,.T.);
#15115=EDGE_CURVE('',#6842,#6844,#4357,.T.);
#15120=ADVANCED_FACE('',(#15119),#15111,.T.);
#15134=EDGE_CURVE('',#6846,#6174,#4169,.T.);
#15136=EDGE_CURVE('',#6844,#6846,#4361,.T.);
#15141=ADVANCED_FACE('',(#15140),#15132,.T.);
#15155=EDGE_CURVE('',#6848,#6172,#4173,.T.);
#15157=EDGE_CURVE('',#6848,#6846,#4165,.T.);
#15162=ADVANCED_FACE('',(#15161),#15153,.T.);
#15176=EDGE_CURVE('',#6850,#6170,#4177,.T.);
#15178=EDGE_CURVE('',#6848,#6850,#4365,.T.);
#15183=ADVANCED_FACE('',(#15182),#15174,.T.);
#15197=EDGE_CURVE('',#6852,#6168,#4181,.T.);
#15199=EDGE_CURVE('',#6850,#6852,#4369,.T.);
#15204=ADVANCED_FACE('',(#15203),#15195,.T.);
#15218=EDGE_CURVE('',#6854,#6166,#4185,.T.);
#15220=EDGE_CURVE('',#6852,#6854,#4373,.T.);
#15225=ADVANCED_FACE('',(#15224),#15216,.T.);
#15239=EDGE_CURVE('',#6856,#6164,#4189,.T.);
#15241=EDGE_CURVE('',#6854,#6856,#4377,.T.);
#15246=ADVANCED_FACE('',(#15245),#15237,.T.);
#15260=EDGE_CURVE('',#6858,#6162,#4201,.T.);
#15262=EDGE_CURVE('',#6856,#6858,#4381,.T.);
#15267=ADVANCED_FACE('',(#15266),#15258,.T.);
#15281=EDGE_CURVE('',#6860,#6160,#4205,.T.);
#15283=EDGE_CURVE('',#6860,#6858,#4197,.T.);
#15288=ADVANCED_FACE('',(#15287),#15279,.T.);
#15302=EDGE_CURVE('',#6862,#6158,#4209,.T.);
#15304=EDGE_CURVE('',#6860,#6862,#4385,.T.);
#15309=ADVANCED_FACE('',(#15308),#15300,.T.);
#15323=EDGE_CURVE('',#6864,#6156,#4213,.T.);
#15325=EDGE_CURVE('',#6862,#6864,#4389,.T.);
#15330=ADVANCED_FACE('',(#15329),#15321,.T.);
#15344=EDGE_CURVE('',#6866,#6154,#4217,.T.);
#15346=EDGE_CURVE('',#6864,#6866,#4393,.T.);
#15351=ADVANCED_FACE('',(#15350),#15342,.F.);
#15365=EDGE_CURVE('',#6868,#6152,#4229,.T.);
#15367=EDGE_CURVE('',#6866,#6868,#4397,.T.);
#15372=ADVANCED_FACE('',(#15371),#15363,.F.);
#15386=EDGE_CURVE('',#6870,#6150,#4233,.T.);
#15388=EDGE_CURVE('',#6870,#6868,#4225,.T.);
#15393=ADVANCED_FACE('',(#15392),#15384,.F.);
#15407=EDGE_CURVE('',#6872,#6148,#4237,.T.);
#15409=EDGE_CURVE('',#6870,#6872,#4401,.T.);
#15414=ADVANCED_FACE('',(#15413),#15405,.T.);
#15428=EDGE_CURVE('',#6874,#6146,#4241,.T.);
#15430=EDGE_CURVE('',#6872,#6874,#4405,.T.);
#15435=ADVANCED_FACE('',(#15434),#15426,.F.);
#15449=EDGE_CURVE('',#6876,#6144,#4253,.T.);
#15451=EDGE_CURVE('',#6874,#6876,#4409,.T.);
#15456=ADVANCED_FACE('',(#15455),#15447,.F.);
#15470=EDGE_CURVE('',#6878,#6142,#4257,.T.);
#15472=EDGE_CURVE('',#6878,#6876,#4249,.T.);
#15477=ADVANCED_FACE('',(#15476),#15468,.F.);
#15491=EDGE_CURVE('',#6880,#6140,#4261,.T.);
#15493=EDGE_CURVE('',#6878,#6880,#4413,.T.);
#15498=ADVANCED_FACE('',(#15497),#15489,.F.);
#15512=EDGE_CURVE('',#6882,#6138,#4265,.T.);
#15514=EDGE_CURVE('',#6880,#6882,#4417,.T.);
#15519=ADVANCED_FACE('',(#15518),#15510,.F.);
#15533=EDGE_CURVE('',#6884,#6136,#4269,.T.);
#15535=EDGE_CURVE('',#6882,#6884,#4421,.T.);
#15540=ADVANCED_FACE('',(#15539),#15531,.F.);
#15554=EDGE_CURVE('',#6886,#6134,#4273,.T.);
#15556=EDGE_CURVE('',#6884,#6886,#4425,.T.);
#15561=ADVANCED_FACE('',(#15560),#15552,.F.);
#15575=EDGE_CURVE('',#6888,#6132,#4285,.T.);
#15577=EDGE_CURVE('',#6886,#6888,#4429,.T.);
#15582=ADVANCED_FACE('',(#15581),#15573,.F.);
#15596=EDGE_CURVE('',#6890,#6130,#4289,.T.);
#15598=EDGE_CURVE('',#6890,#6888,#4281,.T.);
#15603=ADVANCED_FACE('',(#15602),#15594,.F.);
#15617=EDGE_CURVE('',#6892,#6128,#4293,.T.);
#15619=EDGE_CURVE('',#6890,#6892,#4433,.T.);
#15624=ADVANCED_FACE('',(#15623),#15615,.T.);
#15638=EDGE_CURVE('',#6894,#6126,#4305,.T.);
#15640=EDGE_CURVE('',#6892,#6894,#4437,.T.);
#15645=ADVANCED_FACE('',(#15644),#15636,.T.);
#15659=EDGE_CURVE('',#6896,#6124,#4309,.T.);
#15661=EDGE_CURVE('',#6896,#6894,#4301,.T.);
#15666=ADVANCED_FACE('',(#15665),#15657,.T.);
#15680=EDGE_CURVE('',#6898,#6122,#4317,.T.);
#15682=EDGE_CURVE('',#6896,#6898,#4441,.T.);
#15687=ADVANCED_FACE('',(#15686),#15678,.T.);
#15702=EDGE_CURVE('',#6898,#6821,#4445,.T.);
#15707=ADVANCED_FACE('',(#15706),#15699,.T.);
#15762=EDGE_CURVE('',#6901,#6902,#4449,.T.);
#15764=EDGE_CURVE('',#6902,#6904,#4453,.T.);
#15766=EDGE_CURVE('',#6904,#6906,#4457,.T.);
#15768=EDGE_CURVE('',#6906,#6908,#4461,.T.);
#15770=EDGE_CURVE('',#6910,#6908,#4669,.T.);
#15772=EDGE_CURVE('',#6910,#6912,#4465,.T.);
#15774=EDGE_CURVE('',#6912,#6914,#4469,.T.);
#15776=EDGE_CURVE('',#6914,#6916,#4473,.T.);
#15778=EDGE_CURVE('',#6916,#6918,#4477,.T.);
#15780=EDGE_CURVE('',#6920,#6918,#4641,.T.);
#15782=EDGE_CURVE('',#6920,#6922,#4481,.T.);
#15784=EDGE_CURVE('',#6922,#6924,#4485,.T.);
#15786=EDGE_CURVE('',#6924,#6926,#4489,.T.);
#15788=EDGE_CURVE('',#6926,#6928,#4493,.T.);
#15790=EDGE_CURVE('',#6930,#6928,#4613,.T.);
#15792=EDGE_CURVE('',#6930,#6932,#4497,.T.);
#15794=EDGE_CURVE('',#6932,#6934,#4501,.T.);
#15796=EDGE_CURVE('',#6934,#6936,#4505,.T.);
#15798=EDGE_CURVE('',#6936,#6938,#4509,.T.);
#15800=EDGE_CURVE('',#6901,#6938,#4585,.T.);
#15804=ADVANCED_FACE('',(#15761,#15803),#15719,.T.);
#15817=EDGE_CURVE('',#6199,#6200,#4513,.T.);
#15819=EDGE_CURVE('',#6902,#6199,#4685,.T.);
#15822=EDGE_CURVE('',#6200,#6901,#4581,.T.);
#15826=ADVANCED_FACE('',(#15825),#15816,.T.);
#15840=EDGE_CURVE('',#6202,#6200,#4577,.T.);
#15842=EDGE_CURVE('',#6202,#6204,#4517,.T.);
#15844=EDGE_CURVE('',#6204,#6206,#4521,.T.);
#15846=EDGE_CURVE('',#6206,#6208,#4525,.T.);
#15848=EDGE_CURVE('',#6208,#6210,#4529,.T.);
#15850=EDGE_CURVE('',#6212,#6210,#4609,.T.);
#15852=EDGE_CURVE('',#6212,#6214,#4533,.T.);
#15854=EDGE_CURVE('',#6214,#6216,#4537,.T.);
#15856=EDGE_CURVE('',#6216,#6218,#4541,.T.);
#15858=EDGE_CURVE('',#6218,#6220,#4545,.T.);
#15860=EDGE_CURVE('',#6222,#6220,#4637,.T.);
#15862=EDGE_CURVE('',#6222,#6224,#4549,.T.);
#15864=EDGE_CURVE('',#6224,#6226,#4553,.T.);
#15866=EDGE_CURVE('',#6226,#6228,#4557,.T.);
#15868=EDGE_CURVE('',#6228,#6230,#4561,.T.);
#15870=EDGE_CURVE('',#6232,#6230,#4665,.T.);
#15872=EDGE_CURVE('',#6232,#6234,#4565,.T.);
#15874=EDGE_CURVE('',#6234,#6236,#4569,.T.);
#15876=EDGE_CURVE('',#6236,#6199,#4573,.T.);
#15880=ADVANCED_FACE('',(#15879),#15838,.T.);
#15896=EDGE_CURVE('',#6938,#6202,#4589,.T.);
#15900=ADVANCED_FACE('',(#15899),#15892,.T.);
#15916=EDGE_CURVE('',#6936,#6204,#4593,.T.);
#15920=ADVANCED_FACE('',(#15919),#15912,.T.);
#15936=EDGE_CURVE('',#6934,#6206,#4597,.T.);
#15940=ADVANCED_FACE('',(#15939),#15932,.T.);
#15956=EDGE_CURVE('',#6932,#6208,#4601,.T.);
#15960=ADVANCED_FACE('',(#15959),#15952,.T.);
#15976=EDGE_CURVE('',#6930,#6210,#4605,.T.);
#15980=ADVANCED_FACE('',(#15979),#15972,.T.);
#15996=EDGE_CURVE('',#6928,#6212,#4617,.T.);
#16000=ADVANCED_FACE('',(#15999),#15992,.T.);
#16016=EDGE_CURVE('',#6926,#6214,#4621,.T.);
#16020=ADVANCED_FACE('',(#16019),#16012,.T.);
#16036=EDGE_CURVE('',#6924,#6216,#4625,.T.);
#16040=ADVANCED_FACE('',(#16039),#16032,.T.);
#16056=EDGE_CURVE('',#6922,#6218,#4629,.T.);
#16060=ADVANCED_FACE('',(#16059),#16052,.F.);
#16076=EDGE_CURVE('',#6920,#6220,#4633,.T.);
#16080=ADVANCED_FACE('',(#16079),#16072,.F.);
#16096=EDGE_CURVE('',#6918,#6222,#4645,.T.);
#16100=ADVANCED_FACE('',(#16099),#16092,.F.);
#16116=EDGE_CURVE('',#6916,#6224,#4649,.T.);
#16120=ADVANCED_FACE('',(#16119),#16112,.F.);
#16136=EDGE_CURVE('',#6914,#6226,#4653,.T.);
#16140=ADVANCED_FACE('',(#16139),#16132,.F.);
#16156=EDGE_CURVE('',#6912,#6228,#4657,.T.);
#16160=ADVANCED_FACE('',(#16159),#16152,.F.);
#16176=EDGE_CURVE('',#6910,#6230,#4661,.T.);
#16180=ADVANCED_FACE('',(#16179),#16172,.F.);
#16196=EDGE_CURVE('',#6908,#6232,#4673,.T.);
#16200=ADVANCED_FACE('',(#16199),#16192,.F.);
#16216=EDGE_CURVE('',#6906,#6234,#4677,.T.);
#16220=ADVANCED_FACE('',(#16219),#16212,.F.);
#16236=EDGE_CURVE('',#6904,#6236,#4681,.T.);
#16240=ADVANCED_FACE('',(#16239),#16232,.F.);
#16259=ADVANCED_FACE('',(#16258),#16252,.T.);
#16273=EDGE_CURVE('',#6941,#6240,#4697,.T.);
#16275=EDGE_CURVE('',#6941,#6942,#4693,.T.);
#16277=EDGE_CURVE('',#6239,#6942,#4801,.T.);
#16281=ADVANCED_FACE('',(#16280),#16271,.T.);
#16295=EDGE_CURVE('',#6944,#6288,#4701,.T.);
#16297=EDGE_CURVE('',#6941,#6944,#4809,.T.);
#16302=ADVANCED_FACE('',(#16301),#16293,.T.);
#16316=EDGE_CURVE('',#6946,#6286,#4705,.T.);
#16318=EDGE_CURVE('',#6944,#6946,#4813,.T.);
#16323=ADVANCED_FACE('',(#16322),#16314,.T.);
#16337=EDGE_CURVE('',#6948,#6284,#4709,.T.);
#16339=EDGE_CURVE('',#6946,#6948,#4817,.T.);
#16344=ADVANCED_FACE('',(#16343),#16335,.T.);
#16358=EDGE_CURVE('',#6950,#6282,#4713,.T.);
#16360=EDGE_CURVE('',#6948,#6950,#4821,.T.);
#16365=ADVANCED_FACE('',(#16364),#16356,.T.);
#16379=EDGE_CURVE('',#6952,#6280,#4717,.T.);
#16381=EDGE_CURVE('',#6950,#6952,#4825,.T.);
#16386=ADVANCED_FACE('',(#16385),#16377,.T.);
#16400=EDGE_CURVE('',#6954,#6278,#4721,.T.);
#16402=EDGE_CURVE('',#6952,#6954,#4829,.T.);
#16407=ADVANCED_FACE('',(#16406),#16398,.T.);
#16421=EDGE_CURVE('',#6956,#6276,#4725,.T.);
#16423=EDGE_CURVE('',#6954,#6956,#4833,.T.);
#16428=ADVANCED_FACE('',(#16427),#16419,.T.);
#16442=EDGE_CURVE('',#6958,#6274,#4729,.T.);
#16444=EDGE_CURVE('',#6956,#6958,#4837,.T.);
#16449=ADVANCED_FACE('',(#16448),#16440,.T.);
#16463=EDGE_CURVE('',#6960,#6272,#4733,.T.);
#16465=EDGE_CURVE('',#6958,#6960,#4841,.T.);
#16470=ADVANCED_FACE('',(#16469),#16461,.F.);
#16484=EDGE_CURVE('',#6962,#6270,#4737,.T.);
#16486=EDGE_CURVE('',#6960,#6962,#4845,.T.);
#16491=ADVANCED_FACE('',(#16490),#16482,.F.);
#16505=EDGE_CURVE('',#6964,#6268,#4741,.T.);
#16507=EDGE_CURVE('',#6962,#6964,#4849,.T.);
#16512=ADVANCED_FACE('',(#16511),#16503,.F.);
#16526=EDGE_CURVE('',#6966,#6266,#4753,.T.);
#16528=EDGE_CURVE('',#6964,#6966,#4853,.T.);
#16533=ADVANCED_FACE('',(#16532),#16524,.F.);
#16547=EDGE_CURVE('',#6968,#6264,#4757,.T.);
#16549=EDGE_CURVE('',#6968,#6966,#4749,.T.);
#16554=ADVANCED_FACE('',(#16553),#16545,.F.);
#16568=EDGE_CURVE('',#6970,#6262,#4761,.T.);
#16570=EDGE_CURVE('',#6968,#6970,#4857,.T.);
#16575=ADVANCED_FACE('',(#16574),#16566,.F.);
#16589=EDGE_CURVE('',#6972,#6260,#4765,.T.);
#16591=EDGE_CURVE('',#6970,#6972,#4861,.T.);
#16596=ADVANCED_FACE('',(#16595),#16587,.F.);
#16610=EDGE_CURVE('',#6974,#6258,#4769,.T.);
#16612=EDGE_CURVE('',#6972,#6974,#4865,.T.);
#16617=ADVANCED_FACE('',(#16616),#16608,.F.);
#16631=EDGE_CURVE('',#6976,#6256,#4773,.T.);
#16633=EDGE_CURVE('',#6974,#6976,#4869,.T.);
#16638=ADVANCED_FACE('',(#16637),#16629,.F.);
#16652=EDGE_CURVE('',#6978,#6254,#4777,.T.);
#16654=EDGE_CURVE('',#6976,#6978,#4873,.T.);
#16659=ADVANCED_FACE('',(#16658),#16650,.F.);
#16673=EDGE_CURVE('',#6980,#6252,#4781,.T.);
#16675=EDGE_CURVE('',#6978,#6980,#4877,.T.);
#16680=ADVANCED_FACE('',(#16679),#16671,.F.);
#16694=EDGE_CURVE('',#6982,#6250,#4785,.T.);
#16696=EDGE_CURVE('',#6980,#6982,#4881,.T.);
#16701=ADVANCED_FACE('',(#16700),#16692,.F.);
#16715=EDGE_CURVE('',#6984,#6248,#4789,.T.);
#16717=EDGE_CURVE('',#6982,#6984,#4885,.T.);
#16722=ADVANCED_FACE('',(#16721),#16713,.F.);
#16736=EDGE_CURVE('',#6986,#6246,#4793,.T.);
#16738=EDGE_CURVE('',#6984,#6986,#4889,.T.);
#16743=ADVANCED_FACE('',(#16742),#16734,.T.);
#16757=EDGE_CURVE('',#6988,#6244,#4797,.T.);
#16759=EDGE_CURVE('',#6986,#6988,#4893,.T.);
#16764=ADVANCED_FACE('',(#16763),#16755,.T.);
#16778=EDGE_CURVE('',#6990,#6242,#4805,.T.);
#16780=EDGE_CURVE('',#6988,#6990,#4897,.T.);
#16785=ADVANCED_FACE('',(#16784),#16776,.T.);
#16800=EDGE_CURVE('',#6990,#6942,#4901,.T.);
#16805=ADVANCED_FACE('',(#16804),#16797,.T.);
#16846=EDGE_CURVE('',#6993,#6994,#4905,.T.);
#16848=EDGE_CURVE('',#6996,#6994,#5113,.T.);
#16850=EDGE_CURVE('',#6996,#6998,#4909,.T.);
#16852=EDGE_CURVE('',#6998,#7000,#4913,.T.);
#16854=EDGE_CURVE('',#7000,#7002,#4917,.T.);
#16856=EDGE_CURVE('',#7002,#7004,#4921,.T.);
#16858=EDGE_CURVE('',#7004,#7006,#4925,.T.);
#16860=EDGE_CURVE('',#7006,#7008,#4929,.T.);
#16862=EDGE_CURVE('',#7008,#7010,#4933,.T.);
#16864=EDGE_CURVE('',#7010,#7012,#4937,.T.);
#16866=EDGE_CURVE('',#7014,#7012,#5069,.T.);
#16868=EDGE_CURVE('',#7014,#7016,#4941,.T.);
#16870=EDGE_CURVE('',#7016,#7018,#4945,.T.);
#16872=EDGE_CURVE('',#7018,#7020,#4949,.T.);
#16874=EDGE_CURVE('',#7020,#7022,#4953,.T.);
#16876=EDGE_CURVE('',#7022,#7024,#4957,.T.);
#16878=EDGE_CURVE('',#7024,#7026,#4961,.T.);
#16880=EDGE_CURVE('',#7026,#6993,#4965,.T.);
#16884=ADVANCED_FACE('',(#16845,#16883),#16817,.T.);
#16897=EDGE_CURVE('',#6291,#6292,#4969,.T.);
#16899=EDGE_CURVE('',#6994,#6291,#5117,.T.);
#16902=EDGE_CURVE('',#6292,#6993,#5033,.T.);
#16906=ADVANCED_FACE('',(#16905),#16896,.F.);
#16920=EDGE_CURVE('',#6292,#6294,#4973,.T.);
#16922=EDGE_CURVE('',#6294,#6296,#4977,.T.);
#16924=EDGE_CURVE('',#6296,#6298,#4981,.T.);
#16926=EDGE_CURVE('',#6298,#6300,#4985,.T.);
#16928=EDGE_CURVE('',#6300,#6302,#4989,.T.);
#16930=EDGE_CURVE('',#6302,#6304,#4993,.T.);
#16932=EDGE_CURVE('',#6304,#6306,#4997,.T.);
#16934=EDGE_CURVE('',#6308,#6306,#5065,.T.);
#16936=EDGE_CURVE('',#6308,#6310,#5001,.T.);
#16938=EDGE_CURVE('',#6310,#6312,#5005,.T.);
#16940=EDGE_CURVE('',#6312,#6314,#5009,.T.);
#16942=EDGE_CURVE('',#6314,#6316,#5013,.T.);
#16944=EDGE_CURVE('',#6316,#6318,#5017,.T.);
#16946=EDGE_CURVE('',#6318,#6320,#5021,.T.);
#16948=EDGE_CURVE('',#6320,#6322,#5025,.T.);
#16950=EDGE_CURVE('',#6322,#6324,#5029,.T.);
#16952=EDGE_CURVE('',#6291,#6324,#5109,.T.);
#16956=ADVANCED_FACE('',(#16955),#16918,.T.);
#16972=EDGE_CURVE('',#7026,#6294,#5037,.T.);
#16976=ADVANCED_FACE('',(#16975),#16968,.F.);
#16992=EDGE_CURVE('',#7024,#6296,#5041,.T.);
#16996=ADVANCED_FACE('',(#16995),#16988,.F.);
#17012=EDGE_CURVE('',#7022,#6298,#5045,.T.);
#17016=ADVANCED_FACE('',(#17015),#17008,.F.);
#17032=EDGE_CURVE('',#7020,#6300,#5049,.T.);
#17036=ADVANCED_FACE('',(#17035),#17028,.F.);
#17052=EDGE_CURVE('',#7018,#6302,#5053,.T.);
#17056=ADVANCED_FACE('',(#17055),#17048,.F.);
#17072=EDGE_CURVE('',#7016,#6304,#5057,.T.);
#17076=ADVANCED_FACE('',(#17075),#17068,.T.);
#17092=EDGE_CURVE('',#7014,#6306,#5061,.T.);
#17096=ADVANCED_FACE('',(#17095),#17088,.T.);
#17112=EDGE_CURVE('',#7012,#6308,#5073,.T.);
#17116=ADVANCED_FACE('',(#17115),#17108,.T.);
#17132=EDGE_CURVE('',#7010,#6310,#5077,.T.);
#17136=ADVANCED_FACE('',(#17135),#17128,.T.);
#17152=EDGE_CURVE('',#7008,#6312,#5081,.T.);
#17156=ADVANCED_FACE('',(#17155),#17148,.T.);
#17172=EDGE_CURVE('',#7006,#6314,#5085,.T.);
#17176=ADVANCED_FACE('',(#17175),#17168,.T.);
#17192=EDGE_CURVE('',#7004,#6316,#5089,.T.);
#17196=ADVANCED_FACE('',(#17195),#17188,.T.);
#17212=EDGE_CURVE('',#7002,#6318,#5093,.T.);
#17216=ADVANCED_FACE('',(#17215),#17208,.T.);
#17232=EDGE_CURVE('',#7000,#6320,#5097,.T.);
#17236=ADVANCED_FACE('',(#17235),#17228,.T.);
#17252=EDGE_CURVE('',#6998,#6322,#5101,.T.);
#17256=ADVANCED_FACE('',(#17255),#17248,.F.);
#17272=EDGE_CURVE('',#6996,#6324,#5105,.T.);
#17276=ADVANCED_FACE('',(#17275),#17268,.F.);
#17295=ADVANCED_FACE('',(#17294),#17288,.F.);
#17309=EDGE_CURVE('',#6342,#6327,#5125,.T.);
#17311=EDGE_CURVE('',#6341,#6342,#5130,.T.);
#17313=EDGE_CURVE('',#6328,#6341,#5121,.T.);
#17317=ADVANCED_FACE('',(#17316),#17307,.F.);
#17332=EDGE_CURVE('',#6342,#6341,#5135,.T.);
#17337=ADVANCED_FACE('',(#17336),#17329,.F.);
#17354=ADVANCED_FACE('',(#17353),#17349,.T.);
#17368=EDGE_CURVE('',#7030,#7122,#5139,.T.);
#17370=EDGE_CURVE('',#7029,#7030,#5143,.T.);
#17372=EDGE_CURVE('',#7123,#7029,#5151,.T.);
#17376=ADVANCED_FACE('',(#17375),#17366,.F.);
#17383=EDGE_CURVE('',#7030,#7125,#5147,.T.);
#17388=ADVANCED_FACE('',(#17387),#17381,.T.);
#17395=EDGE_CURVE('',#7029,#7127,#5155,.T.);
#17401=ADVANCED_FACE('',(#17400),#17393,.F.);
#17412=ADVANCED_FACE('',(#17411),#17406,.F.);
#17419=EDGE_CURVE('',#7050,#7167,#5159,.T.);
#17421=EDGE_CURVE('',#7049,#7050,#5163,.T.);
#17423=EDGE_CURVE('',#7168,#7049,#5171,.T.);
#17427=ADVANCED_FACE('',(#17426),#17417,.F.);
#17434=EDGE_CURVE('',#7050,#7170,#5167,.T.);
#17439=ADVANCED_FACE('',(#17438),#17432,.F.);
#17446=EDGE_CURVE('',#7049,#7172,#5175,.T.);
#17452=ADVANCED_FACE('',(#17451),#17444,.F.);
#17463=ADVANCED_FACE('',(#17462),#17457,.T.);
#17470=EDGE_CURVE('',#7106,#7222,#5183,.T.);
#17472=EDGE_CURVE('',#7105,#7106,#5191,.T.);
#17474=EDGE_CURVE('',#7221,#7105,#5195,.T.);
#17478=ADVANCED_FACE('',(#17477),#17468,.F.);
#17485=EDGE_CURVE('',#7226,#7106,#5179,.T.);
#17490=ADVANCED_FACE('',(#17489),#17483,.F.);
#17497=EDGE_CURVE('',#7224,#7105,#5187,.T.);
#17503=ADVANCED_FACE('',(#17502),#17495,.F.);
#17514=ADVANCED_FACE('',(#17513),#17508,.T.);
#17520=EDGE_CURVE('',#7188,#7189,#5199,.T.);
#17527=ADVANCED_FACE('',(#17526),#17519,.F.);
#17546=ADVANCED_FACE('',(#17545),#17539,.T.);
#17553=EDGE_CURVE('',#7070,#7201,#5207,.T.);
#17555=EDGE_CURVE('',#7069,#7070,#5211,.T.);
#17557=EDGE_CURVE('',#7200,#7069,#5219,.T.);
#17561=ADVANCED_FACE('',(#17560),#17551,.F.);
#17568=EDGE_CURVE('',#7070,#7203,#5215,.T.);
#17573=ADVANCED_FACE('',(#17572),#17566,.F.);
#17580=EDGE_CURVE('',#7069,#7205,#5223,.T.);
#17586=ADVANCED_FACE('',(#17585),#17578,.T.);
#17597=ADVANCED_FACE('',(#17596),#17591,.T.);
#17604=EDGE_CURVE('',#7080,#7183,#5240,.T.);
#17606=EDGE_CURVE('',#7080,#7077,#5231,.T.);
#17611=ADVANCED_FACE('',(#17610),#17602,.T.);
#17646=EDGE_CURVE('',#7080,#7182,#5260,.T.);
#17651=ADVANCED_FACE('',(#17650),#17644,.T.);
#17658=EDGE_CURVE('',#7185,#7082,#5248,.T.);
#17660=EDGE_CURVE('',#7082,#7080,#5252,.T.);
#17665=ADVANCED_FACE('',(#17664),#17656,.T.);
#17700=EDGE_CURVE('',#7082,#7184,#5277,.T.);
#17705=ADVANCED_FACE('',(#17704),#17698,.T.);
#17712=EDGE_CURVE('',#7176,#7073,#5269,.T.);
#17714=EDGE_CURVE('',#7073,#7082,#5273,.T.);
#17719=ADVANCED_FACE('',(#17718),#17710,.T.);
#17726=EDGE_CURVE('',#7074,#7175,#5294,.T.);
#17728=EDGE_CURVE('',#7073,#7074,#5335,.T.);
#17733=ADVANCED_FACE('',(#17732),#17724,.T.);
#17740=EDGE_CURVE('',#7181,#7084,#5285,.T.);
#17742=EDGE_CURVE('',#7084,#7074,#5289,.T.);
#17747=ADVANCED_FACE('',(#17746),#17738,.F.);
#17782=EDGE_CURVE('',#7084,#7180,#5314,.T.);
#17787=ADVANCED_FACE('',(#17786),#17780,.T.);
#17794=EDGE_CURVE('',#7178,#7086,#5302,.T.);
#17796=EDGE_CURVE('',#7086,#7084,#5306,.T.);
#17801=ADVANCED_FACE('',(#17800),#17792,.T.);
#17836=EDGE_CURVE('',#7177,#7086,#5318,.T.);
#17841=ADVANCED_FACE('',(#17840),#17834,.T.);
#17848=EDGE_CURVE('',#7078,#7086,#5327,.T.);
#17854=ADVANCED_FACE('',(#17853),#17846,.F.);
#17870=ADVANCED_FACE('',(#17869),#17859,.F.);
#17877=EDGE_CURVE('',#7036,#7108,#5348,.T.);
#17879=EDGE_CURVE('',#7033,#7036,#5406,.T.);
#17884=ADVANCED_FACE('',(#17883),#17875,.F.);
#17919=EDGE_CURVE('',#7036,#7107,#5364,.T.);
#17924=ADVANCED_FACE('',(#17923),#17917,.T.);
#17931=EDGE_CURVE('',#7110,#7038,#5356,.T.);
#17933=EDGE_CURVE('',#7036,#7038,#5410,.T.);
#17938=ADVANCED_FACE('',(#17937),#17929,.T.);
#17973=EDGE_CURVE('',#7038,#7109,#5377,.T.);
#17978=ADVANCED_FACE('',(#17977),#17971,.T.);
#17984=EDGE_CURVE('',#7119,#7040,#5369,.T.);
#17986=EDGE_CURVE('',#7040,#7038,#5373,.T.);
#17992=ADVANCED_FACE('',(#17991),#17983,.F.);
#17999=EDGE_CURVE('',#7044,#7118,#5394,.T.);
#18001=EDGE_CURVE('',#7044,#7040,#5385,.T.);
#18006=ADVANCED_FACE('',(#18005),#17997,.T.);
#18012=EDGE_CURVE('',#7043,#7044,#5389,.T.);
#18016=EDGE_CURVE('',#7115,#7043,#5402,.T.);
#18020=ADVANCED_FACE('',(#18019),#18011,.T.);
#18032=EDGE_CURVE('',#7046,#7043,#5422,.T.);
#18034=EDGE_CURVE('',#7034,#7046,#5443,.T.);
#18038=ADVANCED_FACE('',(#18037),#18025,.F.);
#18045=EDGE_CURVE('',#7112,#7046,#5418,.T.);
#18048=EDGE_CURVE('',#7043,#7114,#5430,.T.);
#18052=ADVANCED_FACE('',(#18051),#18043,.T.);
#18087=EDGE_CURVE('',#7111,#7046,#5434,.T.);
#18092=ADVANCED_FACE('',(#18091),#18085,.T.);
#18104=ADVANCED_FACE('',(#18103),#18097,.T.);
#18143=ADVANCED_FACE('',(#18142),#18137,.T.);
#18150=EDGE_CURVE('',#7096,#7216,#5464,.T.);
#18152=EDGE_CURVE('',#7096,#7093,#5455,.T.);
#18157=ADVANCED_FACE('',(#18156),#18148,.T.);
#18192=EDGE_CURVE('',#7096,#7215,#5484,.T.);
#18197=ADVANCED_FACE('',(#18196),#18190,.T.);
#18204=EDGE_CURVE('',#7218,#7098,#5472,.T.);
#18206=EDGE_CURVE('',#7098,#7096,#5476,.T.);
#18211=ADVANCED_FACE('',(#18210),#18202,.T.);
#18246=EDGE_CURVE('',#7098,#7217,#5501,.T.);
#18251=ADVANCED_FACE('',(#18250),#18244,.T.);
#18258=EDGE_CURVE('',#7214,#7089,#5493,.T.);
#18260=EDGE_CURVE('',#7089,#7098,#5497,.T.);
#18265=ADVANCED_FACE('',(#18264),#18256,.T.);
#18272=EDGE_CURVE('',#7090,#7213,#5506,.T.);
#18274=EDGE_CURVE('',#7089,#7090,#5518,.T.);
#18279=ADVANCED_FACE('',(#18278),#18270,.T.);
#18285=EDGE_CURVE('',#7090,#7100,#5522,.T.);
#18292=ADVANCED_FACE('',(#18291),#18284,.F.);
#18308=ADVANCED_FACE('',(#18307),#18297,.F.);
#18315=(LENGTH_UNIT()NAMED_UNIT(*)SI_UNIT(.MILLI.,.METRE.));
#18316=(NAMED_UNIT(*)PLANE_ANGLE_UNIT()SI_UNIT($,.RADIAN.));
#18319=(NAMED_UNIT(*)SI_UNIT($,.STERADIAN.)SOLID_ANGLE_UNIT());
#18321=(GEOMETRIC_REPRESENTATION_CONTEXT(3)GLOBAL_UNCERTAINTY_ASSIGNED_CONTEXT((
#18320))GLOBAL_UNIT_ASSIGNED_CONTEXT((#18315,#18318,#18319))REPRESENTATION_CONTEXT('ID1','3'));
#18322=ADVANCED_BREP_SHAPE_REPRESENTATION('',(#18310),#18321);
#18330=PRODUCT_DEFINITION('part definition','',#18329,#18326);
#18331=PRODUCT_DEFINITION_SHAPE('','SHAPE FOR PRT0004.',#18330);
#18332=SHAPE_ASPECT('','solid data associated with PRT0004',#18331,.F.);
#18333=PROPERTY_DEFINITION('',
'shape for solid data with which properties are associated',#18332);
#18334=SHAPE_REPRESENTATION('',(#18310),#18321);
#18335=SHAPE_DEFINITION_REPRESENTATION(#18333,#18334);
#18336=(LENGTH_UNIT()NAMED_UNIT(*)SI_UNIT(.MILLI.,.METRE.));
#18340=PROPERTY_DEFINITION('geometric validation property','area of PRT0004',
#18332);
#18341=REPRESENTATION('surface area',(#18339),#18321);
#18342=PROPERTY_DEFINITION_REPRESENTATION(#18340,#18341);
#18343=(LENGTH_UNIT()NAMED_UNIT(*)SI_UNIT(.MILLI.,.METRE.));
#18347=PROPERTY_DEFINITION('geometric validation property','volume of PRT0004',
#18332);
#18348=REPRESENTATION('volume',(#18346),#18321);
#18349=PROPERTY_DEFINITION_REPRESENTATION(#18347,#18348);
#18351=PROPERTY_DEFINITION('geometric validation property',
'centroid of PRT0004',#18332);
#18352=REPRESENTATION('centroid',(#18350),#18321);
#18353=PROPERTY_DEFINITION_REPRESENTATION(#18351,#18352);
#18354=(LENGTH_UNIT()NAMED_UNIT(*)SI_UNIT(.MILLI.,.METRE.));
#18358=PROPERTY_DEFINITION('geometric validation property','area of PRT0004',
#18331);
#18359=REPRESENTATION('surface area',(#18357),#18321);
#18360=PROPERTY_DEFINITION_REPRESENTATION(#18358,#18359);
#18361=(LENGTH_UNIT()NAMED_UNIT(*)SI_UNIT(.MILLI.,.METRE.));
#18365=PROPERTY_DEFINITION('geometric validation property','volume of PRT0004',
#18331);
#18366=REPRESENTATION('volume',(#18364),#18321);
#18367=PROPERTY_DEFINITION_REPRESENTATION(#18365,#18366);
#18369=PROPERTY_DEFINITION('geometric validation property',
'centroid of PRT0004',#18331);
#18370=REPRESENTATION('centroid',(#18368),#18321);
#18371=PROPERTY_DEFINITION_REPRESENTATION(#18369,#18370);
#18372=SHAPE_DEFINITION_REPRESENTATION(#18331,#18322);
ENDSEC;
END-ISO-10303-21;
