ISO-10303-21;
HEADER;
/* Generated by software containing ST-Developer
 * from STEP Tools, Inc. (www.steptools.com) 
 */
/* OPTION: using custom renumber hook */

FILE_DESCRIPTION(
/* description */ ('STEP AP203'),
/* implementation_level */ '2;1');

FILE_NAME(
/* name */ 'CS12ANW03',
/* time_stamp */ '2025-11-08T02:56:56+01:00',
/* author */ ('License CC BY-ND 4.0'),
/* organization */ ('CADENAS'),
/* preprocessor_version */ 'ST-DEVELOPER v20',
/* originating_system */ 'PARTsolutions',
/* authorisation */ '  ');

FILE_SCHEMA (('CONFIG_CONTROL_DESIGN'));
ENDSEC;

DATA;
#10=PROPERTY_DEFINITION_REPRESENTATION(#14,#12);
#11=PROPERTY_DEFINITION_REPRESENTATION(#15,#13);
#12=REPRESENTATION('',(#16),#5142);
#13=REPRESENTATION('',(#17),#5142);
#14=PROPERTY_DEFINITION('pmi validation property','',#5158);
#15=PROPERTY_DEFINITION('pmi validation property','',#5158);
#16=VALUE_REPRESENTATION_ITEM('number of annotations',COUNT_MEASURE(0.));
#17=VALUE_REPRESENTATION_ITEM('number of views',COUNT_MEASURE(0.));
#18=CONTEXT_DEPENDENT_SHAPE_REPRESENTATION(#26,#5160);
#19=CONTEXT_DEPENDENT_SHAPE_REPRESENTATION(#27,#5162);
#20=CONTEXT_DEPENDENT_SHAPE_REPRESENTATION(#28,#5164);
#21=CONTEXT_DEPENDENT_SHAPE_REPRESENTATION(#29,#5166);
#22=NEXT_ASSEMBLY_USAGE_OCCURRENCE('NAUO1','CS12ANW03-body',
'CS12ANW03-body',#5167,#5168,'');
#23=NEXT_ASSEMBLY_USAGE_OCCURRENCE('NAUO2','CS12ANW03-top',
'CS12ANW03-top',#5167,#5169,'');
#24=NEXT_ASSEMBLY_USAGE_OCCURRENCE('NAUO3','CS12ANW03-term',
'CS12ANW03-term',#5167,#5170,'');
#25=NEXT_ASSEMBLY_USAGE_OCCURRENCE('NAUO4','CS12ANW03-slide',
'CS12ANW03-slide',#5167,#5171,'');
#26=(
REPRESENTATION_RELATIONSHIP(' ',' ',#3190,#3189)
REPRESENTATION_RELATIONSHIP_WITH_TRANSFORMATION(#30)
SHAPE_REPRESENTATION_RELATIONSHIP()
);
#27=(
REPRESENTATION_RELATIONSHIP(' ',' ',#3191,#3189)
REPRESENTATION_RELATIONSHIP_WITH_TRANSFORMATION(#31)
SHAPE_REPRESENTATION_RELATIONSHIP()
);
#28=(
REPRESENTATION_RELATIONSHIP(' ',' ',#3192,#3189)
REPRESENTATION_RELATIONSHIP_WITH_TRANSFORMATION(#32)
SHAPE_REPRESENTATION_RELATIONSHIP()
);
#29=(
REPRESENTATION_RELATIONSHIP(' ',' ',#3193,#3189)
REPRESENTATION_RELATIONSHIP_WITH_TRANSFORMATION(#33)
SHAPE_REPRESENTATION_RELATIONSHIP()
);
#30=ITEM_DEFINED_TRANSFORMATION(' ',' ',#3194,#3237);
#31=ITEM_DEFINED_TRANSFORMATION(' ',' ',#3194,#3273);
#32=ITEM_DEFINED_TRANSFORMATION(' ',' ',#3194,#3338);
#33=ITEM_DEFINED_TRANSFORMATION(' ',' ',#3194,#3405);
#34=SHAPE_REPRESENTATION_RELATIONSHIP('','',#3190,#38);
#35=SHAPE_REPRESENTATION_RELATIONSHIP('','',#3191,#39);
#36=SHAPE_REPRESENTATION_RELATIONSHIP('','',#3192,#40);
#37=SHAPE_REPRESENTATION_RELATIONSHIP('','',#3193,#41);
#38=ADVANCED_BREP_SHAPE_REPRESENTATION('',(#3180),#5143);
#39=ADVANCED_BREP_SHAPE_REPRESENTATION('',(#3181),#5144);
#40=ADVANCED_BREP_SHAPE_REPRESENTATION('',(#3182),#5145);
#41=ADVANCED_BREP_SHAPE_REPRESENTATION('',(#3183),#5146);
#42=CIRCLE('',#3202,0.0200000000000001);
#43=CIRCLE('',#3203,0.0200000000000001);
#44=CIRCLE('',#3208,0.0200000000000001);
#45=CIRCLE('',#3209,0.0200000000000001);
#46=CIRCLE('',#3239,0.02);
#47=CIRCLE('',#3240,0.02);
#48=CIRCLE('',#3246,0.02);
#49=CIRCLE('',#3248,0.02);
#50=CIRCLE('',#3287,0.0200000000000001);
#51=CIRCLE('',#3288,0.0200000000000001);
#52=CIRCLE('',#3291,0.0200000000000001);
#53=CIRCLE('',#3292,0.0200000000000001);
#54=CIRCLE('',#3306,0.0200000000000001);
#55=CIRCLE('',#3307,0.0200000000000001);
#56=CIRCLE('',#3310,0.0200000000000001);
#57=CIRCLE('',#3311,0.0200000000000001);
#58=CIRCLE('',#3325,0.0200000000000001);
#59=CIRCLE('',#3326,0.0200000000000001);
#60=CIRCLE('',#3329,0.0200000000000001);
#61=CIRCLE('',#3330,0.0200000000000001);
#62=CIRCLE('',#3340,0.135000000000012);
#63=CIRCLE('',#3341,0.135000000000012);
#64=CIRCLE('',#3348,0.135000000000005);
#65=CIRCLE('',#3349,0.135000000000005);
#66=CIRCLE('',#3352,0.151000000000069);
#67=CIRCLE('',#3353,0.151000000000069);
#68=CIRCLE('',#3356,0.135000000000037);
#69=CIRCLE('',#3357,0.135000000000037);
#70=CIRCLE('',#3360,0.151000000000048);
#71=CIRCLE('',#3361,0.151000000000048);
#72=CIRCLE('',#3364,0.135000000000021);
#73=CIRCLE('',#3365,0.135000000000021);
#74=CIRCLE('',#3368,0.15099999999997);
#75=CIRCLE('',#3369,0.15099999999997);
#76=CIRCLE('',#3372,0.13499999999998);
#77=CIRCLE('',#3373,0.13499999999998);
#78=CIRCLE('',#3376,0.150999999999972);
#79=CIRCLE('',#3377,0.150999999999972);
#80=CIRCLE('',#3380,0.134999999999991);
#81=CIRCLE('',#3381,0.134999999999991);
#82=CIRCLE('',#3384,0.15100000000003);
#83=CIRCLE('',#3385,0.15100000000003);
#84=CIRCLE('',#3388,0.134999999999982);
#85=CIRCLE('',#3389,0.134999999999982);
#86=CIRCLE('',#3392,0.151000000000034);
#87=CIRCLE('',#3393,0.151000000000034);
#88=CIRCLE('',#3396,0.135000000000021);
#89=CIRCLE('',#3397,0.135000000000021);
#90=CIRCLE('',#3400,0.150999999999997);
#91=CIRCLE('',#3401,0.150999999999997);
#92=CYLINDRICAL_SURFACE('',#3201,0.0200000000000001);
#93=CYLINDRICAL_SURFACE('',#3207,0.0200000000000001);
#94=CYLINDRICAL_SURFACE('',#3245,0.02);
#95=CYLINDRICAL_SURFACE('',#3247,0.02);
#96=CYLINDRICAL_SURFACE('',#3286,0.0200000000000001);
#97=CYLINDRICAL_SURFACE('',#3290,0.0200000000000001);
#98=CYLINDRICAL_SURFACE('',#3305,0.0200000000000001);
#99=CYLINDRICAL_SURFACE('',#3309,0.0200000000000001);
#100=CYLINDRICAL_SURFACE('',#3324,0.0200000000000001);
#101=CYLINDRICAL_SURFACE('',#3328,0.0200000000000001);
#102=CYLINDRICAL_SURFACE('',#3339,0.135000000000012);
#103=CYLINDRICAL_SURFACE('',#3347,0.135000000000005);
#104=CYLINDRICAL_SURFACE('',#3351,0.151000000000069);
#105=CYLINDRICAL_SURFACE('',#3355,0.135000000000037);
#106=CYLINDRICAL_SURFACE('',#3359,0.151000000000048);
#107=CYLINDRICAL_SURFACE('',#3363,0.135000000000021);
#108=CYLINDRICAL_SURFACE('',#3367,0.15099999999997);
#109=CYLINDRICAL_SURFACE('',#3371,0.13499999999998);
#110=CYLINDRICAL_SURFACE('',#3375,0.150999999999972);
#111=CYLINDRICAL_SURFACE('',#3379,0.134999999999991);
#112=CYLINDRICAL_SURFACE('',#3383,0.15100000000003);
#113=CYLINDRICAL_SURFACE('',#3387,0.134999999999982);
#114=CYLINDRICAL_SURFACE('',#3391,0.151000000000034);
#115=CYLINDRICAL_SURFACE('',#3395,0.135000000000021);
#116=CYLINDRICAL_SURFACE('',#3399,0.150999999999997);
#117=ORIENTED_EDGE('',*,*,#1017,.F.);
#118=ORIENTED_EDGE('',*,*,#1018,.T.);
#119=ORIENTED_EDGE('',*,*,#1019,.F.);
#120=ORIENTED_EDGE('',*,*,#1020,.F.);
#121=ORIENTED_EDGE('',*,*,#1021,.F.);
#122=ORIENTED_EDGE('',*,*,#1022,.T.);
#123=ORIENTED_EDGE('',*,*,#1023,.T.);
#124=ORIENTED_EDGE('',*,*,#1024,.F.);
#125=ORIENTED_EDGE('',*,*,#1019,.T.);
#126=ORIENTED_EDGE('',*,*,#1025,.F.);
#127=ORIENTED_EDGE('',*,*,#1026,.F.);
#128=ORIENTED_EDGE('',*,*,#1027,.T.);
#129=ORIENTED_EDGE('',*,*,#1028,.F.);
#130=ORIENTED_EDGE('',*,*,#1029,.F.);
#131=ORIENTED_EDGE('',*,*,#1022,.F.);
#132=ORIENTED_EDGE('',*,*,#1030,.F.);
#133=ORIENTED_EDGE('',*,*,#1031,.F.);
#134=ORIENTED_EDGE('',*,*,#1032,.T.);
#135=ORIENTED_EDGE('',*,*,#1033,.T.);
#136=ORIENTED_EDGE('',*,*,#1034,.F.);
#137=ORIENTED_EDGE('',*,*,#1031,.T.);
#138=ORIENTED_EDGE('',*,*,#1035,.T.);
#139=ORIENTED_EDGE('',*,*,#1036,.T.);
#140=ORIENTED_EDGE('',*,*,#1017,.T.);
#141=ORIENTED_EDGE('',*,*,#1037,.T.);
#142=ORIENTED_EDGE('',*,*,#1038,.T.);
#143=ORIENTED_EDGE('',*,*,#1039,.F.);
#144=ORIENTED_EDGE('',*,*,#1040,.T.);
#145=ORIENTED_EDGE('',*,*,#1041,.T.);
#146=ORIENTED_EDGE('',*,*,#1042,.T.);
#147=ORIENTED_EDGE('',*,*,#1039,.T.);
#148=ORIENTED_EDGE('',*,*,#1043,.T.);
#149=ORIENTED_EDGE('',*,*,#1044,.F.);
#150=ORIENTED_EDGE('',*,*,#1045,.T.);
#151=ORIENTED_EDGE('',*,*,#1046,.T.);
#152=ORIENTED_EDGE('',*,*,#1044,.T.);
#153=ORIENTED_EDGE('',*,*,#1047,.T.);
#154=ORIENTED_EDGE('',*,*,#1048,.F.);
#155=ORIENTED_EDGE('',*,*,#1048,.T.);
#156=ORIENTED_EDGE('',*,*,#1049,.T.);
#157=ORIENTED_EDGE('',*,*,#1050,.F.);
#158=ORIENTED_EDGE('',*,*,#1051,.T.);
#159=ORIENTED_EDGE('',*,*,#1050,.T.);
#160=ORIENTED_EDGE('',*,*,#1052,.T.);
#161=ORIENTED_EDGE('',*,*,#1053,.F.);
#162=ORIENTED_EDGE('',*,*,#1054,.T.);
#163=ORIENTED_EDGE('',*,*,#1053,.T.);
#164=ORIENTED_EDGE('',*,*,#1055,.T.);
#165=ORIENTED_EDGE('',*,*,#1056,.F.);
#166=ORIENTED_EDGE('',*,*,#1057,.T.);
#167=ORIENTED_EDGE('',*,*,#1058,.T.);
#168=ORIENTED_EDGE('',*,*,#1056,.T.);
#169=ORIENTED_EDGE('',*,*,#1059,.T.);
#170=ORIENTED_EDGE('',*,*,#1060,.F.);
#171=ORIENTED_EDGE('',*,*,#1060,.T.);
#172=ORIENTED_EDGE('',*,*,#1061,.T.);
#173=ORIENTED_EDGE('',*,*,#1062,.F.);
#174=ORIENTED_EDGE('',*,*,#1063,.T.);
#175=ORIENTED_EDGE('',*,*,#1062,.T.);
#176=ORIENTED_EDGE('',*,*,#1064,.T.);
#177=ORIENTED_EDGE('',*,*,#1065,.T.);
#178=ORIENTED_EDGE('',*,*,#1026,.T.);
#179=ORIENTED_EDGE('',*,*,#1066,.T.);
#180=ORIENTED_EDGE('',*,*,#1067,.T.);
#181=ORIENTED_EDGE('',*,*,#1068,.F.);
#182=ORIENTED_EDGE('',*,*,#1069,.T.);
#183=ORIENTED_EDGE('',*,*,#1070,.T.);
#184=ORIENTED_EDGE('',*,*,#1071,.T.);
#185=ORIENTED_EDGE('',*,*,#1068,.T.);
#186=ORIENTED_EDGE('',*,*,#1072,.T.);
#187=ORIENTED_EDGE('',*,*,#1073,.F.);
#188=ORIENTED_EDGE('',*,*,#1074,.T.);
#189=ORIENTED_EDGE('',*,*,#1075,.F.);
#190=ORIENTED_EDGE('',*,*,#1076,.F.);
#191=ORIENTED_EDGE('',*,*,#1077,.T.);
#192=ORIENTED_EDGE('',*,*,#1078,.F.);
#193=ORIENTED_EDGE('',*,*,#1079,.T.);
#194=ORIENTED_EDGE('',*,*,#1080,.T.);
#195=ORIENTED_EDGE('',*,*,#1081,.T.);
#196=ORIENTED_EDGE('',*,*,#1033,.F.);
#197=ORIENTED_EDGE('',*,*,#1082,.T.);
#198=ORIENTED_EDGE('',*,*,#1083,.T.);
#199=ORIENTED_EDGE('',*,*,#1084,.T.);
#200=ORIENTED_EDGE('',*,*,#1085,.T.);
#201=ORIENTED_EDGE('',*,*,#1086,.F.);
#202=ORIENTED_EDGE('',*,*,#1087,.F.);
#203=ORIENTED_EDGE('',*,*,#1088,.T.);
#204=ORIENTED_EDGE('',*,*,#1089,.T.);
#205=ORIENTED_EDGE('',*,*,#1090,.T.);
#206=ORIENTED_EDGE('',*,*,#1075,.T.);
#207=ORIENTED_EDGE('',*,*,#1091,.F.);
#208=ORIENTED_EDGE('',*,*,#1092,.F.);
#209=ORIENTED_EDGE('',*,*,#1064,.F.);
#210=ORIENTED_EDGE('',*,*,#1061,.F.);
#211=ORIENTED_EDGE('',*,*,#1059,.F.);
#212=ORIENTED_EDGE('',*,*,#1055,.F.);
#213=ORIENTED_EDGE('',*,*,#1052,.F.);
#214=ORIENTED_EDGE('',*,*,#1049,.F.);
#215=ORIENTED_EDGE('',*,*,#1047,.F.);
#216=ORIENTED_EDGE('',*,*,#1043,.F.);
#217=ORIENTED_EDGE('',*,*,#1038,.F.);
#218=ORIENTED_EDGE('',*,*,#1093,.T.);
#219=ORIENTED_EDGE('',*,*,#1023,.F.);
#220=ORIENTED_EDGE('',*,*,#1034,.T.);
#221=ORIENTED_EDGE('',*,*,#1081,.F.);
#222=ORIENTED_EDGE('',*,*,#1094,.F.);
#223=ORIENTED_EDGE('',*,*,#1095,.T.);
#224=ORIENTED_EDGE('',*,*,#1096,.T.);
#225=ORIENTED_EDGE('',*,*,#1077,.F.);
#226=ORIENTED_EDGE('',*,*,#1074,.F.);
#227=ORIENTED_EDGE('',*,*,#1097,.F.);
#228=ORIENTED_EDGE('',*,*,#1091,.T.);
#229=ORIENTED_EDGE('',*,*,#1073,.T.);
#230=ORIENTED_EDGE('',*,*,#1098,.F.);
#231=ORIENTED_EDGE('',*,*,#1099,.F.);
#232=ORIENTED_EDGE('',*,*,#1028,.T.);
#233=ORIENTED_EDGE('',*,*,#1076,.T.);
#234=ORIENTED_EDGE('',*,*,#1090,.F.);
#235=ORIENTED_EDGE('',*,*,#1100,.F.);
#236=ORIENTED_EDGE('',*,*,#1069,.F.);
#237=ORIENTED_EDGE('',*,*,#1100,.T.);
#238=ORIENTED_EDGE('',*,*,#1089,.F.);
#239=ORIENTED_EDGE('',*,*,#1101,.F.);
#240=ORIENTED_EDGE('',*,*,#1070,.F.);
#241=ORIENTED_EDGE('',*,*,#1088,.F.);
#242=ORIENTED_EDGE('',*,*,#1102,.T.);
#243=ORIENTED_EDGE('',*,*,#1103,.F.);
#244=ORIENTED_EDGE('',*,*,#1104,.F.);
#245=ORIENTED_EDGE('',*,*,#1084,.F.);
#246=ORIENTED_EDGE('',*,*,#1105,.F.);
#247=ORIENTED_EDGE('',*,*,#1040,.F.);
#248=ORIENTED_EDGE('',*,*,#1045,.F.);
#249=ORIENTED_EDGE('',*,*,#1046,.F.);
#250=ORIENTED_EDGE('',*,*,#1051,.F.);
#251=ORIENTED_EDGE('',*,*,#1054,.F.);
#252=ORIENTED_EDGE('',*,*,#1057,.F.);
#253=ORIENTED_EDGE('',*,*,#1058,.F.);
#254=ORIENTED_EDGE('',*,*,#1063,.F.);
#255=ORIENTED_EDGE('',*,*,#1071,.F.);
#256=ORIENTED_EDGE('',*,*,#1101,.T.);
#257=ORIENTED_EDGE('',*,*,#1105,.T.);
#258=ORIENTED_EDGE('',*,*,#1083,.F.);
#259=ORIENTED_EDGE('',*,*,#1106,.F.);
#260=ORIENTED_EDGE('',*,*,#1041,.F.);
#261=ORIENTED_EDGE('',*,*,#1106,.T.);
#262=ORIENTED_EDGE('',*,*,#1082,.F.);
#263=ORIENTED_EDGE('',*,*,#1032,.F.);
#264=ORIENTED_EDGE('',*,*,#1042,.F.);
#265=ORIENTED_EDGE('',*,*,#1107,.T.);
#266=ORIENTED_EDGE('',*,*,#1108,.F.);
#267=ORIENTED_EDGE('',*,*,#1109,.F.);
#268=ORIENTED_EDGE('',*,*,#1086,.T.);
#269=ORIENTED_EDGE('',*,*,#1110,.T.);
#270=ORIENTED_EDGE('',*,*,#1111,.F.);
#271=ORIENTED_EDGE('',*,*,#1112,.F.);
#272=ORIENTED_EDGE('',*,*,#1108,.T.);
#273=ORIENTED_EDGE('',*,*,#1085,.F.);
#274=ORIENTED_EDGE('',*,*,#1104,.T.);
#275=ORIENTED_EDGE('',*,*,#1113,.F.);
#276=ORIENTED_EDGE('',*,*,#1110,.F.);
#277=ORIENTED_EDGE('',*,*,#1107,.F.);
#278=ORIENTED_EDGE('',*,*,#1102,.F.);
#279=ORIENTED_EDGE('',*,*,#1087,.T.);
#280=ORIENTED_EDGE('',*,*,#1109,.T.);
#281=ORIENTED_EDGE('',*,*,#1112,.T.);
#282=ORIENTED_EDGE('',*,*,#1114,.T.);
#283=ORIENTED_EDGE('',*,*,#1113,.T.);
#284=ORIENTED_EDGE('',*,*,#1103,.T.);
#285=ORIENTED_EDGE('',*,*,#1114,.F.);
#286=ORIENTED_EDGE('',*,*,#1111,.T.);
#287=ORIENTED_EDGE('',*,*,#1096,.F.);
#288=ORIENTED_EDGE('',*,*,#1115,.T.);
#289=ORIENTED_EDGE('',*,*,#1116,.T.);
#290=ORIENTED_EDGE('',*,*,#1117,.T.);
#291=ORIENTED_EDGE('',*,*,#1078,.T.);
#292=ORIENTED_EDGE('',*,*,#1118,.F.);
#293=ORIENTED_EDGE('',*,*,#1094,.T.);
#294=ORIENTED_EDGE('',*,*,#1080,.F.);
#295=ORIENTED_EDGE('',*,*,#1119,.F.);
#296=ORIENTED_EDGE('',*,*,#1120,.F.);
#297=ORIENTED_EDGE('',*,*,#1120,.T.);
#298=ORIENTED_EDGE('',*,*,#1121,.F.);
#299=ORIENTED_EDGE('',*,*,#1116,.F.);
#300=ORIENTED_EDGE('',*,*,#1122,.T.);
#301=ORIENTED_EDGE('',*,*,#1119,.T.);
#302=ORIENTED_EDGE('',*,*,#1079,.F.);
#303=ORIENTED_EDGE('',*,*,#1117,.F.);
#304=ORIENTED_EDGE('',*,*,#1121,.T.);
#305=ORIENTED_EDGE('',*,*,#1115,.F.);
#306=ORIENTED_EDGE('',*,*,#1095,.F.);
#307=ORIENTED_EDGE('',*,*,#1118,.T.);
#308=ORIENTED_EDGE('',*,*,#1122,.F.);
#309=ORIENTED_EDGE('',*,*,#1092,.T.);
#310=ORIENTED_EDGE('',*,*,#1097,.T.);
#311=ORIENTED_EDGE('',*,*,#1027,.F.);
#312=ORIENTED_EDGE('',*,*,#1065,.F.);
#313=ORIENTED_EDGE('',*,*,#1020,.T.);
#314=ORIENTED_EDGE('',*,*,#1024,.T.);
#315=ORIENTED_EDGE('',*,*,#1093,.F.);
#316=ORIENTED_EDGE('',*,*,#1037,.F.);
#317=ORIENTED_EDGE('',*,*,#1123,.T.);
#318=ORIENTED_EDGE('',*,*,#1098,.T.);
#319=ORIENTED_EDGE('',*,*,#1072,.F.);
#320=ORIENTED_EDGE('',*,*,#1067,.F.);
#321=ORIENTED_EDGE('',*,*,#1029,.T.);
#322=ORIENTED_EDGE('',*,*,#1099,.T.);
#323=ORIENTED_EDGE('',*,*,#1123,.F.);
#324=ORIENTED_EDGE('',*,*,#1066,.F.);
#325=ORIENTED_EDGE('',*,*,#1030,.T.);
#326=ORIENTED_EDGE('',*,*,#1021,.T.);
#327=ORIENTED_EDGE('',*,*,#1124,.F.);
#328=ORIENTED_EDGE('',*,*,#1035,.F.);
#329=ORIENTED_EDGE('',*,*,#1124,.T.);
#330=ORIENTED_EDGE('',*,*,#1025,.T.);
#331=ORIENTED_EDGE('',*,*,#1018,.F.);
#332=ORIENTED_EDGE('',*,*,#1036,.F.);
#333=ORIENTED_EDGE('',*,*,#1125,.F.);
#334=ORIENTED_EDGE('',*,*,#1126,.T.);
#335=ORIENTED_EDGE('',*,*,#1127,.F.);
#336=ORIENTED_EDGE('',*,*,#1128,.F.);
#337=ORIENTED_EDGE('',*,*,#1129,.T.);
#338=ORIENTED_EDGE('',*,*,#1130,.T.);
#339=ORIENTED_EDGE('',*,*,#1131,.F.);
#340=ORIENTED_EDGE('',*,*,#1132,.T.);
#341=ORIENTED_EDGE('',*,*,#1133,.T.);
#342=ORIENTED_EDGE('',*,*,#1134,.T.);
#343=ORIENTED_EDGE('',*,*,#1135,.T.);
#344=ORIENTED_EDGE('',*,*,#1136,.F.);
#345=ORIENTED_EDGE('',*,*,#1137,.F.);
#346=ORIENTED_EDGE('',*,*,#1138,.F.);
#347=ORIENTED_EDGE('',*,*,#1139,.F.);
#348=ORIENTED_EDGE('',*,*,#1140,.F.);
#349=ORIENTED_EDGE('',*,*,#1141,.T.);
#350=ORIENTED_EDGE('',*,*,#1142,.T.);
#351=ORIENTED_EDGE('',*,*,#1136,.T.);
#352=ORIENTED_EDGE('',*,*,#1143,.F.);
#353=ORIENTED_EDGE('',*,*,#1144,.F.);
#354=ORIENTED_EDGE('',*,*,#1145,.T.);
#355=ORIENTED_EDGE('',*,*,#1146,.F.);
#356=ORIENTED_EDGE('',*,*,#1147,.T.);
#357=ORIENTED_EDGE('',*,*,#1148,.F.);
#358=ORIENTED_EDGE('',*,*,#1149,.T.);
#359=ORIENTED_EDGE('',*,*,#1131,.T.);
#360=ORIENTED_EDGE('',*,*,#1150,.T.);
#361=ORIENTED_EDGE('',*,*,#1151,.F.);
#362=ORIENTED_EDGE('',*,*,#1152,.T.);
#363=ORIENTED_EDGE('',*,*,#1153,.F.);
#364=ORIENTED_EDGE('',*,*,#1140,.T.);
#365=ORIENTED_EDGE('',*,*,#1154,.F.);
#366=ORIENTED_EDGE('',*,*,#1155,.F.);
#367=ORIENTED_EDGE('',*,*,#1137,.T.);
#368=ORIENTED_EDGE('',*,*,#1145,.F.);
#369=ORIENTED_EDGE('',*,*,#1156,.F.);
#370=ORIENTED_EDGE('',*,*,#1157,.T.);
#371=ORIENTED_EDGE('',*,*,#1139,.T.);
#372=ORIENTED_EDGE('',*,*,#1158,.F.);
#373=ORIENTED_EDGE('',*,*,#1159,.F.);
#374=ORIENTED_EDGE('',*,*,#1154,.T.);
#375=ORIENTED_EDGE('',*,*,#1160,.F.);
#376=ORIENTED_EDGE('',*,*,#1161,.T.);
#377=ORIENTED_EDGE('',*,*,#1162,.T.);
#378=ORIENTED_EDGE('',*,*,#1163,.F.);
#379=ORIENTED_EDGE('',*,*,#1138,.T.);
#380=ORIENTED_EDGE('',*,*,#1157,.F.);
#381=ORIENTED_EDGE('',*,*,#1164,.F.);
#382=ORIENTED_EDGE('',*,*,#1158,.T.);
#383=ORIENTED_EDGE('',*,*,#1165,.F.);
#384=ORIENTED_EDGE('',*,*,#1166,.F.);
#385=ORIENTED_EDGE('',*,*,#1155,.T.);
#386=ORIENTED_EDGE('',*,*,#1159,.T.);
#387=ORIENTED_EDGE('',*,*,#1164,.T.);
#388=ORIENTED_EDGE('',*,*,#1156,.T.);
#389=ORIENTED_EDGE('',*,*,#1144,.T.);
#390=ORIENTED_EDGE('',*,*,#1167,.F.);
#391=ORIENTED_EDGE('',*,*,#1168,.F.);
#392=ORIENTED_EDGE('',*,*,#1146,.T.);
#393=ORIENTED_EDGE('',*,*,#1169,.F.);
#394=ORIENTED_EDGE('',*,*,#1170,.T.);
#395=ORIENTED_EDGE('',*,*,#1171,.T.);
#396=ORIENTED_EDGE('',*,*,#1172,.T.);
#397=ORIENTED_EDGE('',*,*,#1173,.T.);
#398=ORIENTED_EDGE('',*,*,#1174,.F.);
#399=ORIENTED_EDGE('',*,*,#1175,.T.);
#400=ORIENTED_EDGE('',*,*,#1176,.T.);
#401=ORIENTED_EDGE('',*,*,#1177,.F.);
#402=ORIENTED_EDGE('',*,*,#1178,.F.);
#403=ORIENTED_EDGE('',*,*,#1179,.F.);
#404=ORIENTED_EDGE('',*,*,#1148,.T.);
#405=ORIENTED_EDGE('',*,*,#1180,.F.);
#406=ORIENTED_EDGE('',*,*,#1181,.F.);
#407=ORIENTED_EDGE('',*,*,#1182,.F.);
#408=ORIENTED_EDGE('',*,*,#1183,.T.);
#409=ORIENTED_EDGE('',*,*,#1184,.F.);
#410=ORIENTED_EDGE('',*,*,#1185,.T.);
#411=ORIENTED_EDGE('',*,*,#1186,.T.);
#412=ORIENTED_EDGE('',*,*,#1187,.T.);
#413=ORIENTED_EDGE('',*,*,#1188,.F.);
#414=ORIENTED_EDGE('',*,*,#1189,.F.);
#415=ORIENTED_EDGE('',*,*,#1190,.F.);
#416=ORIENTED_EDGE('',*,*,#1151,.T.);
#417=ORIENTED_EDGE('',*,*,#1183,.F.);
#418=ORIENTED_EDGE('',*,*,#1191,.F.);
#419=ORIENTED_EDGE('',*,*,#1141,.F.);
#420=ORIENTED_EDGE('',*,*,#1153,.T.);
#421=ORIENTED_EDGE('',*,*,#1166,.T.);
#422=ORIENTED_EDGE('',*,*,#1192,.F.);
#423=ORIENTED_EDGE('',*,*,#1178,.T.);
#424=ORIENTED_EDGE('',*,*,#1193,.T.);
#425=ORIENTED_EDGE('',*,*,#1172,.F.);
#426=ORIENTED_EDGE('',*,*,#1194,.F.);
#427=ORIENTED_EDGE('',*,*,#1174,.T.);
#428=ORIENTED_EDGE('',*,*,#1195,.F.);
#429=ORIENTED_EDGE('',*,*,#1167,.T.);
#430=ORIENTED_EDGE('',*,*,#1143,.T.);
#431=ORIENTED_EDGE('',*,*,#1135,.F.);
#432=ORIENTED_EDGE('',*,*,#1196,.F.);
#433=ORIENTED_EDGE('',*,*,#1187,.F.);
#434=ORIENTED_EDGE('',*,*,#1197,.F.);
#435=ORIENTED_EDGE('',*,*,#1127,.T.);
#436=ORIENTED_EDGE('',*,*,#1198,.T.);
#437=ORIENTED_EDGE('',*,*,#1199,.F.);
#438=ORIENTED_EDGE('',*,*,#1184,.T.);
#439=ORIENTED_EDGE('',*,*,#1198,.F.);
#440=ORIENTED_EDGE('',*,*,#1126,.F.);
#441=ORIENTED_EDGE('',*,*,#1128,.T.);
#442=ORIENTED_EDGE('',*,*,#1197,.T.);
#443=ORIENTED_EDGE('',*,*,#1186,.F.);
#444=ORIENTED_EDGE('',*,*,#1200,.T.);
#445=ORIENTED_EDGE('',*,*,#1125,.T.);
#446=ORIENTED_EDGE('',*,*,#1200,.F.);
#447=ORIENTED_EDGE('',*,*,#1185,.F.);
#448=ORIENTED_EDGE('',*,*,#1199,.T.);
#449=ORIENTED_EDGE('',*,*,#1201,.T.);
#450=ORIENTED_EDGE('',*,*,#1176,.F.);
#451=ORIENTED_EDGE('',*,*,#1202,.F.);
#452=ORIENTED_EDGE('',*,*,#1170,.F.);
#453=ORIENTED_EDGE('',*,*,#1169,.T.);
#454=ORIENTED_EDGE('',*,*,#1193,.F.);
#455=ORIENTED_EDGE('',*,*,#1177,.T.);
#456=ORIENTED_EDGE('',*,*,#1201,.F.);
#457=ORIENTED_EDGE('',*,*,#1202,.T.);
#458=ORIENTED_EDGE('',*,*,#1175,.F.);
#459=ORIENTED_EDGE('',*,*,#1194,.T.);
#460=ORIENTED_EDGE('',*,*,#1171,.F.);
#461=ORIENTED_EDGE('',*,*,#1179,.T.);
#462=ORIENTED_EDGE('',*,*,#1192,.T.);
#463=ORIENTED_EDGE('',*,*,#1165,.T.);
#464=ORIENTED_EDGE('',*,*,#1149,.F.);
#465=ORIENTED_EDGE('',*,*,#1168,.T.);
#466=ORIENTED_EDGE('',*,*,#1195,.T.);
#467=ORIENTED_EDGE('',*,*,#1173,.F.);
#468=ORIENTED_EDGE('',*,*,#1147,.F.);
#469=ORIENTED_EDGE('',*,*,#1134,.F.);
#470=ORIENTED_EDGE('',*,*,#1203,.T.);
#471=ORIENTED_EDGE('',*,*,#1188,.T.);
#472=ORIENTED_EDGE('',*,*,#1196,.T.);
#473=ORIENTED_EDGE('',*,*,#1182,.T.);
#474=ORIENTED_EDGE('',*,*,#1204,.T.);
#475=ORIENTED_EDGE('',*,*,#1142,.F.);
#476=ORIENTED_EDGE('',*,*,#1191,.T.);
#477=ORIENTED_EDGE('',*,*,#1205,.F.);
#478=ORIENTED_EDGE('',*,*,#1162,.F.);
#479=ORIENTED_EDGE('',*,*,#1206,.T.);
#480=ORIENTED_EDGE('',*,*,#1207,.T.);
#481=ORIENTED_EDGE('',*,*,#1208,.F.);
#482=ORIENTED_EDGE('',*,*,#1207,.F.);
#483=ORIENTED_EDGE('',*,*,#1209,.T.);
#484=ORIENTED_EDGE('',*,*,#1210,.T.);
#485=ORIENTED_EDGE('',*,*,#1211,.F.);
#486=ORIENTED_EDGE('',*,*,#1210,.F.);
#487=ORIENTED_EDGE('',*,*,#1212,.T.);
#488=ORIENTED_EDGE('',*,*,#1160,.T.);
#489=ORIENTED_EDGE('',*,*,#1206,.F.);
#490=ORIENTED_EDGE('',*,*,#1161,.F.);
#491=ORIENTED_EDGE('',*,*,#1212,.F.);
#492=ORIENTED_EDGE('',*,*,#1209,.F.);
#493=ORIENTED_EDGE('',*,*,#1205,.T.);
#494=ORIENTED_EDGE('',*,*,#1208,.T.);
#495=ORIENTED_EDGE('',*,*,#1211,.T.);
#496=ORIENTED_EDGE('',*,*,#1163,.T.);
#497=ORIENTED_EDGE('',*,*,#1204,.F.);
#498=ORIENTED_EDGE('',*,*,#1181,.T.);
#499=ORIENTED_EDGE('',*,*,#1213,.F.);
#500=ORIENTED_EDGE('',*,*,#1129,.F.);
#501=ORIENTED_EDGE('',*,*,#1213,.T.);
#502=ORIENTED_EDGE('',*,*,#1180,.T.);
#503=ORIENTED_EDGE('',*,*,#1150,.F.);
#504=ORIENTED_EDGE('',*,*,#1130,.F.);
#505=ORIENTED_EDGE('',*,*,#1152,.F.);
#506=ORIENTED_EDGE('',*,*,#1190,.T.);
#507=ORIENTED_EDGE('',*,*,#1214,.T.);
#508=ORIENTED_EDGE('',*,*,#1132,.F.);
#509=ORIENTED_EDGE('',*,*,#1214,.F.);
#510=ORIENTED_EDGE('',*,*,#1189,.T.);
#511=ORIENTED_EDGE('',*,*,#1203,.F.);
#512=ORIENTED_EDGE('',*,*,#1133,.F.);
#513=ORIENTED_EDGE('',*,*,#1215,.F.);
#514=ORIENTED_EDGE('',*,*,#1216,.F.);
#515=ORIENTED_EDGE('',*,*,#1217,.T.);
#516=ORIENTED_EDGE('',*,*,#1218,.T.);
#517=ORIENTED_EDGE('',*,*,#1216,.T.);
#518=ORIENTED_EDGE('',*,*,#1219,.T.);
#519=ORIENTED_EDGE('',*,*,#1220,.T.);
#520=ORIENTED_EDGE('',*,*,#1221,.F.);
#521=ORIENTED_EDGE('',*,*,#1222,.F.);
#522=ORIENTED_EDGE('',*,*,#1218,.F.);
#523=ORIENTED_EDGE('',*,*,#1223,.T.);
#524=ORIENTED_EDGE('',*,*,#1224,.F.);
#525=ORIENTED_EDGE('',*,*,#1225,.F.);
#526=ORIENTED_EDGE('',*,*,#1226,.T.);
#527=ORIENTED_EDGE('',*,*,#1227,.T.);
#528=ORIENTED_EDGE('',*,*,#1228,.F.);
#529=ORIENTED_EDGE('',*,*,#1229,.F.);
#530=ORIENTED_EDGE('',*,*,#1225,.T.);
#531=ORIENTED_EDGE('',*,*,#1230,.T.);
#532=ORIENTED_EDGE('',*,*,#1231,.T.);
#533=ORIENTED_EDGE('',*,*,#1227,.F.);
#534=ORIENTED_EDGE('',*,*,#1232,.T.);
#535=ORIENTED_EDGE('',*,*,#1233,.F.);
#536=ORIENTED_EDGE('',*,*,#1234,.F.);
#537=ORIENTED_EDGE('',*,*,#1235,.T.);
#538=ORIENTED_EDGE('',*,*,#1224,.T.);
#539=ORIENTED_EDGE('',*,*,#1236,.F.);
#540=ORIENTED_EDGE('',*,*,#1237,.T.);
#541=ORIENTED_EDGE('',*,*,#1238,.T.);
#542=ORIENTED_EDGE('',*,*,#1233,.T.);
#543=ORIENTED_EDGE('',*,*,#1239,.F.);
#544=ORIENTED_EDGE('',*,*,#1240,.T.);
#545=ORIENTED_EDGE('',*,*,#1241,.T.);
#546=ORIENTED_EDGE('',*,*,#1242,.F.);
#547=ORIENTED_EDGE('',*,*,#1243,.F.);
#548=ORIENTED_EDGE('',*,*,#1231,.F.);
#549=ORIENTED_EDGE('',*,*,#1244,.T.);
#550=ORIENTED_EDGE('',*,*,#1245,.F.);
#551=ORIENTED_EDGE('',*,*,#1246,.F.);
#552=ORIENTED_EDGE('',*,*,#1220,.F.);
#553=ORIENTED_EDGE('',*,*,#1247,.T.);
#554=ORIENTED_EDGE('',*,*,#1248,.F.);
#555=ORIENTED_EDGE('',*,*,#1249,.F.);
#556=ORIENTED_EDGE('',*,*,#1250,.T.);
#557=ORIENTED_EDGE('',*,*,#1251,.T.);
#558=ORIENTED_EDGE('',*,*,#1252,.F.);
#559=ORIENTED_EDGE('',*,*,#1253,.F.);
#560=ORIENTED_EDGE('',*,*,#1245,.T.);
#561=ORIENTED_EDGE('',*,*,#1254,.T.);
#562=ORIENTED_EDGE('',*,*,#1255,.F.);
#563=ORIENTED_EDGE('',*,*,#1256,.F.);
#564=ORIENTED_EDGE('',*,*,#1252,.T.);
#565=ORIENTED_EDGE('',*,*,#1257,.T.);
#566=ORIENTED_EDGE('',*,*,#1258,.F.);
#567=ORIENTED_EDGE('',*,*,#1259,.F.);
#568=ORIENTED_EDGE('',*,*,#1255,.T.);
#569=ORIENTED_EDGE('',*,*,#1260,.T.);
#570=ORIENTED_EDGE('',*,*,#1261,.F.);
#571=ORIENTED_EDGE('',*,*,#1262,.F.);
#572=ORIENTED_EDGE('',*,*,#1258,.T.);
#573=ORIENTED_EDGE('',*,*,#1263,.T.);
#574=ORIENTED_EDGE('',*,*,#1264,.F.);
#575=ORIENTED_EDGE('',*,*,#1265,.F.);
#576=ORIENTED_EDGE('',*,*,#1261,.T.);
#577=ORIENTED_EDGE('',*,*,#1266,.T.);
#578=ORIENTED_EDGE('',*,*,#1267,.F.);
#579=ORIENTED_EDGE('',*,*,#1268,.F.);
#580=ORIENTED_EDGE('',*,*,#1264,.T.);
#581=ORIENTED_EDGE('',*,*,#1269,.T.);
#582=ORIENTED_EDGE('',*,*,#1270,.F.);
#583=ORIENTED_EDGE('',*,*,#1271,.F.);
#584=ORIENTED_EDGE('',*,*,#1267,.T.);
#585=ORIENTED_EDGE('',*,*,#1272,.T.);
#586=ORIENTED_EDGE('',*,*,#1273,.F.);
#587=ORIENTED_EDGE('',*,*,#1274,.F.);
#588=ORIENTED_EDGE('',*,*,#1270,.T.);
#589=ORIENTED_EDGE('',*,*,#1275,.T.);
#590=ORIENTED_EDGE('',*,*,#1276,.F.);
#591=ORIENTED_EDGE('',*,*,#1277,.F.);
#592=ORIENTED_EDGE('',*,*,#1273,.T.);
#593=ORIENTED_EDGE('',*,*,#1278,.T.);
#594=ORIENTED_EDGE('',*,*,#1279,.F.);
#595=ORIENTED_EDGE('',*,*,#1280,.F.);
#596=ORIENTED_EDGE('',*,*,#1276,.T.);
#597=ORIENTED_EDGE('',*,*,#1281,.T.);
#598=ORIENTED_EDGE('',*,*,#1282,.F.);
#599=ORIENTED_EDGE('',*,*,#1283,.F.);
#600=ORIENTED_EDGE('',*,*,#1279,.T.);
#601=ORIENTED_EDGE('',*,*,#1284,.T.);
#602=ORIENTED_EDGE('',*,*,#1285,.F.);
#603=ORIENTED_EDGE('',*,*,#1286,.F.);
#604=ORIENTED_EDGE('',*,*,#1282,.T.);
#605=ORIENTED_EDGE('',*,*,#1287,.T.);
#606=ORIENTED_EDGE('',*,*,#1237,.F.);
#607=ORIENTED_EDGE('',*,*,#1288,.F.);
#608=ORIENTED_EDGE('',*,*,#1285,.T.);
#609=ORIENTED_EDGE('',*,*,#1217,.F.);
#610=ORIENTED_EDGE('',*,*,#1221,.T.);
#611=ORIENTED_EDGE('',*,*,#1246,.T.);
#612=ORIENTED_EDGE('',*,*,#1253,.T.);
#613=ORIENTED_EDGE('',*,*,#1256,.T.);
#614=ORIENTED_EDGE('',*,*,#1259,.T.);
#615=ORIENTED_EDGE('',*,*,#1262,.T.);
#616=ORIENTED_EDGE('',*,*,#1265,.T.);
#617=ORIENTED_EDGE('',*,*,#1268,.T.);
#618=ORIENTED_EDGE('',*,*,#1271,.T.);
#619=ORIENTED_EDGE('',*,*,#1274,.T.);
#620=ORIENTED_EDGE('',*,*,#1277,.T.);
#621=ORIENTED_EDGE('',*,*,#1280,.T.);
#622=ORIENTED_EDGE('',*,*,#1283,.T.);
#623=ORIENTED_EDGE('',*,*,#1286,.T.);
#624=ORIENTED_EDGE('',*,*,#1288,.T.);
#625=ORIENTED_EDGE('',*,*,#1236,.T.);
#626=ORIENTED_EDGE('',*,*,#1223,.F.);
#627=ORIENTED_EDGE('',*,*,#1230,.F.);
#628=ORIENTED_EDGE('',*,*,#1228,.T.);
#629=ORIENTED_EDGE('',*,*,#1234,.T.);
#630=ORIENTED_EDGE('',*,*,#1238,.F.);
#631=ORIENTED_EDGE('',*,*,#1287,.F.);
#632=ORIENTED_EDGE('',*,*,#1284,.F.);
#633=ORIENTED_EDGE('',*,*,#1281,.F.);
#634=ORIENTED_EDGE('',*,*,#1278,.F.);
#635=ORIENTED_EDGE('',*,*,#1275,.F.);
#636=ORIENTED_EDGE('',*,*,#1272,.F.);
#637=ORIENTED_EDGE('',*,*,#1269,.F.);
#638=ORIENTED_EDGE('',*,*,#1266,.F.);
#639=ORIENTED_EDGE('',*,*,#1263,.F.);
#640=ORIENTED_EDGE('',*,*,#1260,.F.);
#641=ORIENTED_EDGE('',*,*,#1257,.F.);
#642=ORIENTED_EDGE('',*,*,#1254,.F.);
#643=ORIENTED_EDGE('',*,*,#1251,.F.);
#644=ORIENTED_EDGE('',*,*,#1244,.F.);
#645=ORIENTED_EDGE('',*,*,#1289,.T.);
#646=ORIENTED_EDGE('',*,*,#1290,.F.);
#647=ORIENTED_EDGE('',*,*,#1291,.F.);
#648=ORIENTED_EDGE('',*,*,#1242,.T.);
#649=ORIENTED_EDGE('',*,*,#1292,.T.);
#650=ORIENTED_EDGE('',*,*,#1293,.F.);
#651=ORIENTED_EDGE('',*,*,#1294,.F.);
#652=ORIENTED_EDGE('',*,*,#1290,.T.);
#653=ORIENTED_EDGE('',*,*,#1295,.T.);
#654=ORIENTED_EDGE('',*,*,#1296,.F.);
#655=ORIENTED_EDGE('',*,*,#1297,.F.);
#656=ORIENTED_EDGE('',*,*,#1293,.T.);
#657=ORIENTED_EDGE('',*,*,#1298,.T.);
#658=ORIENTED_EDGE('',*,*,#1299,.F.);
#659=ORIENTED_EDGE('',*,*,#1300,.F.);
#660=ORIENTED_EDGE('',*,*,#1296,.T.);
#661=ORIENTED_EDGE('',*,*,#1301,.T.);
#662=ORIENTED_EDGE('',*,*,#1302,.F.);
#663=ORIENTED_EDGE('',*,*,#1303,.F.);
#664=ORIENTED_EDGE('',*,*,#1299,.T.);
#665=ORIENTED_EDGE('',*,*,#1304,.T.);
#666=ORIENTED_EDGE('',*,*,#1305,.F.);
#667=ORIENTED_EDGE('',*,*,#1306,.F.);
#668=ORIENTED_EDGE('',*,*,#1302,.T.);
#669=ORIENTED_EDGE('',*,*,#1307,.T.);
#670=ORIENTED_EDGE('',*,*,#1308,.F.);
#671=ORIENTED_EDGE('',*,*,#1309,.F.);
#672=ORIENTED_EDGE('',*,*,#1305,.T.);
#673=ORIENTED_EDGE('',*,*,#1310,.T.);
#674=ORIENTED_EDGE('',*,*,#1311,.F.);
#675=ORIENTED_EDGE('',*,*,#1312,.F.);
#676=ORIENTED_EDGE('',*,*,#1308,.T.);
#677=ORIENTED_EDGE('',*,*,#1313,.T.);
#678=ORIENTED_EDGE('',*,*,#1314,.F.);
#679=ORIENTED_EDGE('',*,*,#1315,.F.);
#680=ORIENTED_EDGE('',*,*,#1311,.T.);
#681=ORIENTED_EDGE('',*,*,#1316,.T.);
#682=ORIENTED_EDGE('',*,*,#1317,.F.);
#683=ORIENTED_EDGE('',*,*,#1318,.F.);
#684=ORIENTED_EDGE('',*,*,#1314,.T.);
#685=ORIENTED_EDGE('',*,*,#1319,.T.);
#686=ORIENTED_EDGE('',*,*,#1320,.F.);
#687=ORIENTED_EDGE('',*,*,#1321,.F.);
#688=ORIENTED_EDGE('',*,*,#1317,.T.);
#689=ORIENTED_EDGE('',*,*,#1322,.T.);
#690=ORIENTED_EDGE('',*,*,#1323,.F.);
#691=ORIENTED_EDGE('',*,*,#1324,.F.);
#692=ORIENTED_EDGE('',*,*,#1320,.T.);
#693=ORIENTED_EDGE('',*,*,#1325,.T.);
#694=ORIENTED_EDGE('',*,*,#1240,.F.);
#695=ORIENTED_EDGE('',*,*,#1326,.F.);
#696=ORIENTED_EDGE('',*,*,#1323,.T.);
#697=ORIENTED_EDGE('',*,*,#1226,.F.);
#698=ORIENTED_EDGE('',*,*,#1229,.T.);
#699=ORIENTED_EDGE('',*,*,#1243,.T.);
#700=ORIENTED_EDGE('',*,*,#1291,.T.);
#701=ORIENTED_EDGE('',*,*,#1294,.T.);
#702=ORIENTED_EDGE('',*,*,#1297,.T.);
#703=ORIENTED_EDGE('',*,*,#1300,.T.);
#704=ORIENTED_EDGE('',*,*,#1303,.T.);
#705=ORIENTED_EDGE('',*,*,#1306,.T.);
#706=ORIENTED_EDGE('',*,*,#1309,.T.);
#707=ORIENTED_EDGE('',*,*,#1312,.T.);
#708=ORIENTED_EDGE('',*,*,#1315,.T.);
#709=ORIENTED_EDGE('',*,*,#1318,.T.);
#710=ORIENTED_EDGE('',*,*,#1321,.T.);
#711=ORIENTED_EDGE('',*,*,#1324,.T.);
#712=ORIENTED_EDGE('',*,*,#1326,.T.);
#713=ORIENTED_EDGE('',*,*,#1239,.T.);
#714=ORIENTED_EDGE('',*,*,#1232,.F.);
#715=ORIENTED_EDGE('',*,*,#1289,.F.);
#716=ORIENTED_EDGE('',*,*,#1241,.F.);
#717=ORIENTED_EDGE('',*,*,#1325,.F.);
#718=ORIENTED_EDGE('',*,*,#1322,.F.);
#719=ORIENTED_EDGE('',*,*,#1319,.F.);
#720=ORIENTED_EDGE('',*,*,#1316,.F.);
#721=ORIENTED_EDGE('',*,*,#1313,.F.);
#722=ORIENTED_EDGE('',*,*,#1310,.F.);
#723=ORIENTED_EDGE('',*,*,#1307,.F.);
#724=ORIENTED_EDGE('',*,*,#1304,.F.);
#725=ORIENTED_EDGE('',*,*,#1301,.F.);
#726=ORIENTED_EDGE('',*,*,#1298,.F.);
#727=ORIENTED_EDGE('',*,*,#1295,.F.);
#728=ORIENTED_EDGE('',*,*,#1292,.F.);
#729=ORIENTED_EDGE('',*,*,#1327,.T.);
#730=ORIENTED_EDGE('',*,*,#1328,.F.);
#731=ORIENTED_EDGE('',*,*,#1329,.F.);
#732=ORIENTED_EDGE('',*,*,#1248,.T.);
#733=ORIENTED_EDGE('',*,*,#1330,.T.);
#734=ORIENTED_EDGE('',*,*,#1331,.F.);
#735=ORIENTED_EDGE('',*,*,#1332,.F.);
#736=ORIENTED_EDGE('',*,*,#1328,.T.);
#737=ORIENTED_EDGE('',*,*,#1333,.T.);
#738=ORIENTED_EDGE('',*,*,#1334,.F.);
#739=ORIENTED_EDGE('',*,*,#1335,.F.);
#740=ORIENTED_EDGE('',*,*,#1331,.T.);
#741=ORIENTED_EDGE('',*,*,#1336,.T.);
#742=ORIENTED_EDGE('',*,*,#1337,.F.);
#743=ORIENTED_EDGE('',*,*,#1338,.F.);
#744=ORIENTED_EDGE('',*,*,#1334,.T.);
#745=ORIENTED_EDGE('',*,*,#1339,.T.);
#746=ORIENTED_EDGE('',*,*,#1340,.F.);
#747=ORIENTED_EDGE('',*,*,#1341,.F.);
#748=ORIENTED_EDGE('',*,*,#1337,.T.);
#749=ORIENTED_EDGE('',*,*,#1342,.T.);
#750=ORIENTED_EDGE('',*,*,#1343,.F.);
#751=ORIENTED_EDGE('',*,*,#1344,.F.);
#752=ORIENTED_EDGE('',*,*,#1340,.T.);
#753=ORIENTED_EDGE('',*,*,#1345,.T.);
#754=ORIENTED_EDGE('',*,*,#1346,.F.);
#755=ORIENTED_EDGE('',*,*,#1347,.F.);
#756=ORIENTED_EDGE('',*,*,#1343,.T.);
#757=ORIENTED_EDGE('',*,*,#1348,.T.);
#758=ORIENTED_EDGE('',*,*,#1349,.F.);
#759=ORIENTED_EDGE('',*,*,#1350,.F.);
#760=ORIENTED_EDGE('',*,*,#1346,.T.);
#761=ORIENTED_EDGE('',*,*,#1351,.T.);
#762=ORIENTED_EDGE('',*,*,#1352,.F.);
#763=ORIENTED_EDGE('',*,*,#1353,.F.);
#764=ORIENTED_EDGE('',*,*,#1349,.T.);
#765=ORIENTED_EDGE('',*,*,#1354,.T.);
#766=ORIENTED_EDGE('',*,*,#1355,.F.);
#767=ORIENTED_EDGE('',*,*,#1356,.F.);
#768=ORIENTED_EDGE('',*,*,#1352,.T.);
#769=ORIENTED_EDGE('',*,*,#1357,.T.);
#770=ORIENTED_EDGE('',*,*,#1358,.F.);
#771=ORIENTED_EDGE('',*,*,#1359,.F.);
#772=ORIENTED_EDGE('',*,*,#1355,.T.);
#773=ORIENTED_EDGE('',*,*,#1360,.T.);
#774=ORIENTED_EDGE('',*,*,#1361,.F.);
#775=ORIENTED_EDGE('',*,*,#1362,.F.);
#776=ORIENTED_EDGE('',*,*,#1358,.T.);
#777=ORIENTED_EDGE('',*,*,#1363,.T.);
#778=ORIENTED_EDGE('',*,*,#1250,.F.);
#779=ORIENTED_EDGE('',*,*,#1364,.F.);
#780=ORIENTED_EDGE('',*,*,#1361,.T.);
#781=ORIENTED_EDGE('',*,*,#1329,.T.);
#782=ORIENTED_EDGE('',*,*,#1332,.T.);
#783=ORIENTED_EDGE('',*,*,#1335,.T.);
#784=ORIENTED_EDGE('',*,*,#1338,.T.);
#785=ORIENTED_EDGE('',*,*,#1341,.T.);
#786=ORIENTED_EDGE('',*,*,#1344,.T.);
#787=ORIENTED_EDGE('',*,*,#1347,.T.);
#788=ORIENTED_EDGE('',*,*,#1350,.T.);
#789=ORIENTED_EDGE('',*,*,#1353,.T.);
#790=ORIENTED_EDGE('',*,*,#1356,.T.);
#791=ORIENTED_EDGE('',*,*,#1359,.T.);
#792=ORIENTED_EDGE('',*,*,#1362,.T.);
#793=ORIENTED_EDGE('',*,*,#1364,.T.);
#794=ORIENTED_EDGE('',*,*,#1249,.T.);
#795=ORIENTED_EDGE('',*,*,#1219,.F.);
#796=ORIENTED_EDGE('',*,*,#1215,.T.);
#797=ORIENTED_EDGE('',*,*,#1222,.T.);
#798=ORIENTED_EDGE('',*,*,#1235,.F.);
#799=ORIENTED_EDGE('',*,*,#1363,.F.);
#800=ORIENTED_EDGE('',*,*,#1360,.F.);
#801=ORIENTED_EDGE('',*,*,#1357,.F.);
#802=ORIENTED_EDGE('',*,*,#1354,.F.);
#803=ORIENTED_EDGE('',*,*,#1351,.F.);
#804=ORIENTED_EDGE('',*,*,#1348,.F.);
#805=ORIENTED_EDGE('',*,*,#1345,.F.);
#806=ORIENTED_EDGE('',*,*,#1342,.F.);
#807=ORIENTED_EDGE('',*,*,#1339,.F.);
#808=ORIENTED_EDGE('',*,*,#1336,.F.);
#809=ORIENTED_EDGE('',*,*,#1333,.F.);
#810=ORIENTED_EDGE('',*,*,#1330,.F.);
#811=ORIENTED_EDGE('',*,*,#1327,.F.);
#812=ORIENTED_EDGE('',*,*,#1247,.F.);
#813=ORIENTED_EDGE('',*,*,#1365,.T.);
#814=ORIENTED_EDGE('',*,*,#1366,.F.);
#815=ORIENTED_EDGE('',*,*,#1367,.F.);
#816=ORIENTED_EDGE('',*,*,#1368,.T.);
#817=ORIENTED_EDGE('',*,*,#1369,.T.);
#818=ORIENTED_EDGE('',*,*,#1370,.F.);
#819=ORIENTED_EDGE('',*,*,#1371,.F.);
#820=ORIENTED_EDGE('',*,*,#1366,.T.);
#821=ORIENTED_EDGE('',*,*,#1372,.T.);
#822=ORIENTED_EDGE('',*,*,#1373,.F.);
#823=ORIENTED_EDGE('',*,*,#1374,.F.);
#824=ORIENTED_EDGE('',*,*,#1370,.T.);
#825=ORIENTED_EDGE('',*,*,#1375,.T.);
#826=ORIENTED_EDGE('',*,*,#1376,.F.);
#827=ORIENTED_EDGE('',*,*,#1377,.F.);
#828=ORIENTED_EDGE('',*,*,#1373,.T.);
#829=ORIENTED_EDGE('',*,*,#1378,.T.);
#830=ORIENTED_EDGE('',*,*,#1379,.F.);
#831=ORIENTED_EDGE('',*,*,#1380,.F.);
#832=ORIENTED_EDGE('',*,*,#1376,.T.);
#833=ORIENTED_EDGE('',*,*,#1381,.T.);
#834=ORIENTED_EDGE('',*,*,#1382,.F.);
#835=ORIENTED_EDGE('',*,*,#1383,.F.);
#836=ORIENTED_EDGE('',*,*,#1379,.T.);
#837=ORIENTED_EDGE('',*,*,#1384,.T.);
#838=ORIENTED_EDGE('',*,*,#1385,.F.);
#839=ORIENTED_EDGE('',*,*,#1386,.F.);
#840=ORIENTED_EDGE('',*,*,#1382,.T.);
#841=ORIENTED_EDGE('',*,*,#1387,.T.);
#842=ORIENTED_EDGE('',*,*,#1388,.F.);
#843=ORIENTED_EDGE('',*,*,#1389,.F.);
#844=ORIENTED_EDGE('',*,*,#1385,.T.);
#845=ORIENTED_EDGE('',*,*,#1390,.T.);
#846=ORIENTED_EDGE('',*,*,#1391,.F.);
#847=ORIENTED_EDGE('',*,*,#1392,.F.);
#848=ORIENTED_EDGE('',*,*,#1388,.T.);
#849=ORIENTED_EDGE('',*,*,#1393,.T.);
#850=ORIENTED_EDGE('',*,*,#1394,.F.);
#851=ORIENTED_EDGE('',*,*,#1395,.F.);
#852=ORIENTED_EDGE('',*,*,#1391,.T.);
#853=ORIENTED_EDGE('',*,*,#1396,.T.);
#854=ORIENTED_EDGE('',*,*,#1397,.F.);
#855=ORIENTED_EDGE('',*,*,#1398,.F.);
#856=ORIENTED_EDGE('',*,*,#1394,.T.);
#857=ORIENTED_EDGE('',*,*,#1399,.T.);
#858=ORIENTED_EDGE('',*,*,#1400,.F.);
#859=ORIENTED_EDGE('',*,*,#1401,.F.);
#860=ORIENTED_EDGE('',*,*,#1397,.T.);
#861=ORIENTED_EDGE('',*,*,#1402,.T.);
#862=ORIENTED_EDGE('',*,*,#1403,.F.);
#863=ORIENTED_EDGE('',*,*,#1404,.F.);
#864=ORIENTED_EDGE('',*,*,#1400,.T.);
#865=ORIENTED_EDGE('',*,*,#1405,.T.);
#866=ORIENTED_EDGE('',*,*,#1406,.F.);
#867=ORIENTED_EDGE('',*,*,#1407,.F.);
#868=ORIENTED_EDGE('',*,*,#1403,.T.);
#869=ORIENTED_EDGE('',*,*,#1408,.T.);
#870=ORIENTED_EDGE('',*,*,#1409,.F.);
#871=ORIENTED_EDGE('',*,*,#1410,.F.);
#872=ORIENTED_EDGE('',*,*,#1406,.T.);
#873=ORIENTED_EDGE('',*,*,#1411,.T.);
#874=ORIENTED_EDGE('',*,*,#1412,.F.);
#875=ORIENTED_EDGE('',*,*,#1413,.F.);
#876=ORIENTED_EDGE('',*,*,#1409,.T.);
#877=ORIENTED_EDGE('',*,*,#1414,.T.);
#878=ORIENTED_EDGE('',*,*,#1415,.F.);
#879=ORIENTED_EDGE('',*,*,#1416,.F.);
#880=ORIENTED_EDGE('',*,*,#1412,.T.);
#881=ORIENTED_EDGE('',*,*,#1417,.T.);
#882=ORIENTED_EDGE('',*,*,#1418,.F.);
#883=ORIENTED_EDGE('',*,*,#1419,.F.);
#884=ORIENTED_EDGE('',*,*,#1415,.T.);
#885=ORIENTED_EDGE('',*,*,#1420,.T.);
#886=ORIENTED_EDGE('',*,*,#1421,.F.);
#887=ORIENTED_EDGE('',*,*,#1422,.F.);
#888=ORIENTED_EDGE('',*,*,#1418,.T.);
#889=ORIENTED_EDGE('',*,*,#1423,.T.);
#890=ORIENTED_EDGE('',*,*,#1424,.F.);
#891=ORIENTED_EDGE('',*,*,#1425,.F.);
#892=ORIENTED_EDGE('',*,*,#1421,.T.);
#893=ORIENTED_EDGE('',*,*,#1426,.T.);
#894=ORIENTED_EDGE('',*,*,#1427,.F.);
#895=ORIENTED_EDGE('',*,*,#1428,.F.);
#896=ORIENTED_EDGE('',*,*,#1424,.T.);
#897=ORIENTED_EDGE('',*,*,#1429,.T.);
#898=ORIENTED_EDGE('',*,*,#1430,.F.);
#899=ORIENTED_EDGE('',*,*,#1431,.F.);
#900=ORIENTED_EDGE('',*,*,#1427,.T.);
#901=ORIENTED_EDGE('',*,*,#1432,.T.);
#902=ORIENTED_EDGE('',*,*,#1433,.F.);
#903=ORIENTED_EDGE('',*,*,#1434,.F.);
#904=ORIENTED_EDGE('',*,*,#1430,.T.);
#905=ORIENTED_EDGE('',*,*,#1435,.T.);
#906=ORIENTED_EDGE('',*,*,#1436,.F.);
#907=ORIENTED_EDGE('',*,*,#1437,.F.);
#908=ORIENTED_EDGE('',*,*,#1433,.T.);
#909=ORIENTED_EDGE('',*,*,#1438,.T.);
#910=ORIENTED_EDGE('',*,*,#1439,.F.);
#911=ORIENTED_EDGE('',*,*,#1440,.F.);
#912=ORIENTED_EDGE('',*,*,#1436,.T.);
#913=ORIENTED_EDGE('',*,*,#1441,.T.);
#914=ORIENTED_EDGE('',*,*,#1442,.F.);
#915=ORIENTED_EDGE('',*,*,#1443,.F.);
#916=ORIENTED_EDGE('',*,*,#1439,.T.);
#917=ORIENTED_EDGE('',*,*,#1444,.T.);
#918=ORIENTED_EDGE('',*,*,#1445,.F.);
#919=ORIENTED_EDGE('',*,*,#1446,.F.);
#920=ORIENTED_EDGE('',*,*,#1442,.T.);
#921=ORIENTED_EDGE('',*,*,#1447,.T.);
#922=ORIENTED_EDGE('',*,*,#1448,.F.);
#923=ORIENTED_EDGE('',*,*,#1449,.F.);
#924=ORIENTED_EDGE('',*,*,#1445,.T.);
#925=ORIENTED_EDGE('',*,*,#1450,.T.);
#926=ORIENTED_EDGE('',*,*,#1451,.F.);
#927=ORIENTED_EDGE('',*,*,#1452,.F.);
#928=ORIENTED_EDGE('',*,*,#1448,.T.);
#929=ORIENTED_EDGE('',*,*,#1453,.T.);
#930=ORIENTED_EDGE('',*,*,#1454,.F.);
#931=ORIENTED_EDGE('',*,*,#1455,.F.);
#932=ORIENTED_EDGE('',*,*,#1451,.T.);
#933=ORIENTED_EDGE('',*,*,#1456,.T.);
#934=ORIENTED_EDGE('',*,*,#1457,.F.);
#935=ORIENTED_EDGE('',*,*,#1458,.F.);
#936=ORIENTED_EDGE('',*,*,#1454,.T.);
#937=ORIENTED_EDGE('',*,*,#1459,.T.);
#938=ORIENTED_EDGE('',*,*,#1460,.F.);
#939=ORIENTED_EDGE('',*,*,#1461,.F.);
#940=ORIENTED_EDGE('',*,*,#1457,.T.);
#941=ORIENTED_EDGE('',*,*,#1462,.T.);
#942=ORIENTED_EDGE('',*,*,#1463,.F.);
#943=ORIENTED_EDGE('',*,*,#1464,.F.);
#944=ORIENTED_EDGE('',*,*,#1460,.T.);
#945=ORIENTED_EDGE('',*,*,#1465,.T.);
#946=ORIENTED_EDGE('',*,*,#1368,.F.);
#947=ORIENTED_EDGE('',*,*,#1466,.F.);
#948=ORIENTED_EDGE('',*,*,#1463,.T.);
#949=ORIENTED_EDGE('',*,*,#1367,.T.);
#950=ORIENTED_EDGE('',*,*,#1371,.T.);
#951=ORIENTED_EDGE('',*,*,#1374,.T.);
#952=ORIENTED_EDGE('',*,*,#1377,.T.);
#953=ORIENTED_EDGE('',*,*,#1380,.T.);
#954=ORIENTED_EDGE('',*,*,#1383,.T.);
#955=ORIENTED_EDGE('',*,*,#1386,.T.);
#956=ORIENTED_EDGE('',*,*,#1389,.T.);
#957=ORIENTED_EDGE('',*,*,#1392,.T.);
#958=ORIENTED_EDGE('',*,*,#1395,.T.);
#959=ORIENTED_EDGE('',*,*,#1398,.T.);
#960=ORIENTED_EDGE('',*,*,#1401,.T.);
#961=ORIENTED_EDGE('',*,*,#1404,.T.);
#962=ORIENTED_EDGE('',*,*,#1407,.T.);
#963=ORIENTED_EDGE('',*,*,#1410,.T.);
#964=ORIENTED_EDGE('',*,*,#1413,.T.);
#965=ORIENTED_EDGE('',*,*,#1416,.T.);
#966=ORIENTED_EDGE('',*,*,#1419,.T.);
#967=ORIENTED_EDGE('',*,*,#1422,.T.);
#968=ORIENTED_EDGE('',*,*,#1425,.T.);
#969=ORIENTED_EDGE('',*,*,#1428,.T.);
#970=ORIENTED_EDGE('',*,*,#1431,.T.);
#971=ORIENTED_EDGE('',*,*,#1434,.T.);
#972=ORIENTED_EDGE('',*,*,#1437,.T.);
#973=ORIENTED_EDGE('',*,*,#1440,.T.);
#974=ORIENTED_EDGE('',*,*,#1443,.T.);
#975=ORIENTED_EDGE('',*,*,#1446,.T.);
#976=ORIENTED_EDGE('',*,*,#1449,.T.);
#977=ORIENTED_EDGE('',*,*,#1452,.T.);
#978=ORIENTED_EDGE('',*,*,#1455,.T.);
#979=ORIENTED_EDGE('',*,*,#1458,.T.);
#980=ORIENTED_EDGE('',*,*,#1461,.T.);
#981=ORIENTED_EDGE('',*,*,#1464,.T.);
#982=ORIENTED_EDGE('',*,*,#1466,.T.);
#983=ORIENTED_EDGE('',*,*,#1365,.F.);
#984=ORIENTED_EDGE('',*,*,#1465,.F.);
#985=ORIENTED_EDGE('',*,*,#1462,.F.);
#986=ORIENTED_EDGE('',*,*,#1459,.F.);
#987=ORIENTED_EDGE('',*,*,#1456,.F.);
#988=ORIENTED_EDGE('',*,*,#1453,.F.);
#989=ORIENTED_EDGE('',*,*,#1450,.F.);
#990=ORIENTED_EDGE('',*,*,#1447,.F.);
#991=ORIENTED_EDGE('',*,*,#1444,.F.);
#992=ORIENTED_EDGE('',*,*,#1441,.F.);
#993=ORIENTED_EDGE('',*,*,#1438,.F.);
#994=ORIENTED_EDGE('',*,*,#1435,.F.);
#995=ORIENTED_EDGE('',*,*,#1432,.F.);
#996=ORIENTED_EDGE('',*,*,#1429,.F.);
#997=ORIENTED_EDGE('',*,*,#1426,.F.);
#998=ORIENTED_EDGE('',*,*,#1423,.F.);
#999=ORIENTED_EDGE('',*,*,#1420,.F.);
#1000=ORIENTED_EDGE('',*,*,#1417,.F.);
#1001=ORIENTED_EDGE('',*,*,#1414,.F.);
#1002=ORIENTED_EDGE('',*,*,#1411,.F.);
#1003=ORIENTED_EDGE('',*,*,#1408,.F.);
#1004=ORIENTED_EDGE('',*,*,#1405,.F.);
#1005=ORIENTED_EDGE('',*,*,#1402,.F.);
#1006=ORIENTED_EDGE('',*,*,#1399,.F.);
#1007=ORIENTED_EDGE('',*,*,#1396,.F.);
#1008=ORIENTED_EDGE('',*,*,#1393,.F.);
#1009=ORIENTED_EDGE('',*,*,#1390,.F.);
#1010=ORIENTED_EDGE('',*,*,#1387,.F.);
#1011=ORIENTED_EDGE('',*,*,#1384,.F.);
#1012=ORIENTED_EDGE('',*,*,#1381,.F.);
#1013=ORIENTED_EDGE('',*,*,#1378,.F.);
#1014=ORIENTED_EDGE('',*,*,#1375,.F.);
#1015=ORIENTED_EDGE('',*,*,#1372,.F.);
#1016=ORIENTED_EDGE('',*,*,#1369,.F.);
#1017=EDGE_CURVE('',#1467,#1468,#1767,.T.);
#1018=EDGE_CURVE('',#1467,#1469,#1768,.T.);
#1019=EDGE_CURVE('',#1470,#1469,#1769,.T.);
#1020=EDGE_CURVE('',#1468,#1470,#1770,.T.);
#1021=EDGE_CURVE('',#1471,#1472,#1771,.T.);
#1022=EDGE_CURVE('',#1471,#1473,#1772,.T.);
#1023=EDGE_CURVE('',#1473,#1474,#1773,.T.);
#1024=EDGE_CURVE('',#1470,#1474,#1774,.T.);
#1025=EDGE_CURVE('',#1472,#1469,#1775,.T.);
#1026=EDGE_CURVE('',#1475,#1476,#1776,.T.);
#1027=EDGE_CURVE('',#1475,#1477,#1777,.T.);
#1028=EDGE_CURVE('',#1478,#1477,#1778,.T.);
#1029=EDGE_CURVE('',#1476,#1478,#1779,.T.);
#1030=EDGE_CURVE('',#1479,#1471,#1780,.T.);
#1031=EDGE_CURVE('',#1480,#1479,#1781,.T.);
#1032=EDGE_CURVE('',#1480,#1481,#1782,.T.);
#1033=EDGE_CURVE('',#1481,#1482,#1783,.T.);
#1034=EDGE_CURVE('',#1473,#1482,#1784,.T.);
#1035=EDGE_CURVE('',#1479,#1483,#1785,.T.);
#1036=EDGE_CURVE('',#1483,#1467,#1786,.T.);
#1037=EDGE_CURVE('',#1468,#1484,#1787,.T.);
#1038=EDGE_CURVE('',#1484,#1485,#1788,.T.);
#1039=EDGE_CURVE('',#1486,#1485,#1789,.T.);
#1040=EDGE_CURVE('',#1486,#1487,#1790,.T.);
#1041=EDGE_CURVE('',#1487,#1488,#1791,.T.);
#1042=EDGE_CURVE('',#1488,#1480,#1792,.T.);
#1043=EDGE_CURVE('',#1485,#1489,#1793,.T.);
#1044=EDGE_CURVE('',#1490,#1489,#1794,.T.);
#1045=EDGE_CURVE('',#1490,#1486,#1795,.T.);
#1046=EDGE_CURVE('',#1491,#1490,#42,.T.);
#1047=EDGE_CURVE('',#1489,#1492,#43,.T.);
#1048=EDGE_CURVE('',#1491,#1492,#1796,.T.);
#1049=EDGE_CURVE('',#1492,#1493,#1797,.T.);
#1050=EDGE_CURVE('',#1494,#1493,#1798,.T.);
#1051=EDGE_CURVE('',#1494,#1491,#1799,.T.);
#1052=EDGE_CURVE('',#1493,#1495,#1800,.T.);
#1053=EDGE_CURVE('',#1496,#1495,#1801,.T.);
#1054=EDGE_CURVE('',#1496,#1494,#1802,.T.);
#1055=EDGE_CURVE('',#1495,#1497,#1803,.T.);
#1056=EDGE_CURVE('',#1498,#1497,#1804,.T.);
#1057=EDGE_CURVE('',#1498,#1496,#1805,.T.);
#1058=EDGE_CURVE('',#1499,#1498,#44,.T.);
#1059=EDGE_CURVE('',#1497,#1500,#45,.T.);
#1060=EDGE_CURVE('',#1499,#1500,#1806,.T.);
#1061=EDGE_CURVE('',#1500,#1501,#1807,.T.);
#1062=EDGE_CURVE('',#1502,#1501,#1808,.T.);
#1063=EDGE_CURVE('',#1502,#1499,#1809,.T.);
#1064=EDGE_CURVE('',#1501,#1503,#1810,.T.);
#1065=EDGE_CURVE('',#1503,#1475,#1811,.T.);
#1066=EDGE_CURVE('',#1476,#1504,#1812,.T.);
#1067=EDGE_CURVE('',#1504,#1505,#1813,.T.);
#1068=EDGE_CURVE('',#1506,#1505,#1814,.T.);
#1069=EDGE_CURVE('',#1506,#1507,#1815,.T.);
#1070=EDGE_CURVE('',#1507,#1508,#1816,.T.);
#1071=EDGE_CURVE('',#1508,#1502,#1817,.T.);
#1072=EDGE_CURVE('',#1505,#1509,#1818,.T.);
#1073=EDGE_CURVE('',#1510,#1509,#1819,.T.);
#1074=EDGE_CURVE('',#1510,#1511,#1820,.T.);
#1075=EDGE_CURVE('',#1512,#1511,#1821,.T.);
#1076=EDGE_CURVE('',#1506,#1512,#1822,.T.);
#1077=EDGE_CURVE('',#1511,#1513,#1823,.T.);
#1078=EDGE_CURVE('',#1514,#1513,#1824,.T.);
#1079=EDGE_CURVE('',#1514,#1515,#1825,.T.);
#1080=EDGE_CURVE('',#1515,#1516,#1826,.T.);
#1081=EDGE_CURVE('',#1516,#1482,#1827,.T.);
#1082=EDGE_CURVE('',#1481,#1517,#1828,.T.);
#1083=EDGE_CURVE('',#1517,#1518,#1829,.T.);
#1084=EDGE_CURVE('',#1518,#1519,#1830,.T.);
#1085=EDGE_CURVE('',#1519,#1520,#1831,.T.);
#1086=EDGE_CURVE('',#1521,#1520,#1832,.T.);
#1087=EDGE_CURVE('',#1522,#1521,#1833,.T.);
#1088=EDGE_CURVE('',#1522,#1523,#1834,.T.);
#1089=EDGE_CURVE('',#1523,#1524,#1835,.T.);
#1090=EDGE_CURVE('',#1524,#1512,#1836,.T.);
#1091=EDGE_CURVE('',#1525,#1510,#1837,.T.);
#1092=EDGE_CURVE('',#1503,#1525,#1838,.T.);
#1093=EDGE_CURVE('',#1484,#1474,#1839,.T.);
#1094=EDGE_CURVE('',#1526,#1516,#1840,.T.);
#1095=EDGE_CURVE('',#1526,#1527,#1841,.T.);
#1096=EDGE_CURVE('',#1527,#1513,#1842,.T.);
#1097=EDGE_CURVE('',#1525,#1477,#1843,.T.);
#1098=EDGE_CURVE('',#1528,#1509,#1844,.T.);
#1099=EDGE_CURVE('',#1478,#1528,#1845,.T.);
#1100=EDGE_CURVE('',#1507,#1524,#1846,.T.);
#1101=EDGE_CURVE('',#1508,#1523,#1847,.T.);
#1102=EDGE_CURVE('',#1522,#1529,#1848,.T.);
#1103=EDGE_CURVE('',#1530,#1529,#1849,.T.);
#1104=EDGE_CURVE('',#1519,#1530,#1850,.T.);
#1105=EDGE_CURVE('',#1487,#1518,#1851,.T.);
#1106=EDGE_CURVE('',#1488,#1517,#1852,.T.);
#1107=EDGE_CURVE('',#1520,#1531,#1853,.T.);
#1108=EDGE_CURVE('',#1532,#1531,#1854,.T.);
#1109=EDGE_CURVE('',#1521,#1532,#1855,.T.);
#1110=EDGE_CURVE('',#1531,#1533,#1856,.T.);
#1111=EDGE_CURVE('',#1534,#1533,#1857,.T.);
#1112=EDGE_CURVE('',#1532,#1534,#1858,.T.);
#1113=EDGE_CURVE('',#1533,#1530,#1859,.T.);
#1114=EDGE_CURVE('',#1534,#1529,#1860,.T.);
#1115=EDGE_CURVE('',#1527,#1535,#1861,.T.);
#1116=EDGE_CURVE('',#1535,#1536,#1862,.T.);
#1117=EDGE_CURVE('',#1536,#1514,#1863,.T.);
#1118=EDGE_CURVE('',#1526,#1537,#1864,.T.);
#1119=EDGE_CURVE('',#1538,#1515,#1865,.T.);
#1120=EDGE_CURVE('',#1537,#1538,#1866,.T.);
#1121=EDGE_CURVE('',#1536,#1538,#1867,.T.);
#1122=EDGE_CURVE('',#1535,#1537,#1868,.T.);
#1123=EDGE_CURVE('',#1504,#1528,#1869,.T.);
#1124=EDGE_CURVE('',#1483,#1472,#1870,.T.);
#1125=EDGE_CURVE('',#1539,#1540,#1871,.T.);
#1126=EDGE_CURVE('',#1539,#1541,#1872,.T.);
#1127=EDGE_CURVE('',#1542,#1541,#1873,.T.);
#1128=EDGE_CURVE('',#1540,#1542,#1874,.T.);
#1129=EDGE_CURVE('',#1543,#1544,#1875,.T.);
#1130=EDGE_CURVE('',#1544,#1545,#1876,.T.);
#1131=EDGE_CURVE('',#1546,#1545,#1877,.T.);
#1132=EDGE_CURVE('',#1546,#1547,#1878,.T.);
#1133=EDGE_CURVE('',#1547,#1548,#1879,.T.);
#1134=EDGE_CURVE('',#1548,#1549,#1880,.T.);
#1135=EDGE_CURVE('',#1549,#1550,#1881,.T.);
#1136=EDGE_CURVE('',#1551,#1550,#1882,.T.);
#1137=EDGE_CURVE('',#1552,#1551,#46,.T.);
#1138=EDGE_CURVE('',#1553,#1552,#1883,.T.);
#1139=EDGE_CURVE('',#1554,#1553,#47,.T.);
#1140=EDGE_CURVE('',#1555,#1554,#1884,.T.);
#1141=EDGE_CURVE('',#1555,#1556,#1885,.T.);
#1142=EDGE_CURVE('',#1556,#1543,#1886,.T.);
#1143=EDGE_CURVE('',#1557,#1550,#1887,.T.);
#1144=EDGE_CURVE('',#1558,#1557,#1888,.T.);
#1145=EDGE_CURVE('',#1558,#1551,#1889,.T.);
#1146=EDGE_CURVE('',#1559,#1560,#1890,.T.);
#1147=EDGE_CURVE('',#1559,#1561,#1891,.T.);
#1148=EDGE_CURVE('',#1562,#1561,#1892,.T.);
#1149=EDGE_CURVE('',#1562,#1560,#1893,.T.);
#1150=EDGE_CURVE('',#1545,#1563,#1894,.T.);
#1151=EDGE_CURVE('',#1564,#1563,#1895,.T.);
#1152=EDGE_CURVE('',#1564,#1546,#1896,.T.);
#1153=EDGE_CURVE('',#1555,#1565,#1897,.T.);
#1154=EDGE_CURVE('',#1566,#1554,#1898,.T.);
#1155=EDGE_CURVE('',#1565,#1566,#1899,.T.);
#1156=EDGE_CURVE('',#1567,#1558,#48,.T.);
#1157=EDGE_CURVE('',#1567,#1552,#1900,.T.);
#1158=EDGE_CURVE('',#1568,#1553,#1901,.T.);
#1159=EDGE_CURVE('',#1566,#1568,#49,.T.);
#1160=EDGE_CURVE('',#1569,#1570,#1902,.T.);
#1161=EDGE_CURVE('',#1569,#1571,#1903,.T.);
#1162=EDGE_CURVE('',#1571,#1572,#1904,.T.);
#1163=EDGE_CURVE('',#1570,#1572,#1905,.T.);
#1164=EDGE_CURVE('',#1568,#1567,#1906,.T.);
#1165=EDGE_CURVE('',#1573,#1560,#1907,.T.);
#1166=EDGE_CURVE('',#1565,#1573,#1908,.T.);
#1167=EDGE_CURVE('',#1574,#1557,#1909,.T.);
#1168=EDGE_CURVE('',#1559,#1574,#1910,.T.);
#1169=EDGE_CURVE('',#1575,#1576,#1911,.T.);
#1170=EDGE_CURVE('',#1575,#1577,#1912,.T.);
#1171=EDGE_CURVE('',#1577,#1578,#1913,.T.);
#1172=EDGE_CURVE('',#1578,#1576,#1914,.T.);
#1173=EDGE_CURVE('',#1561,#1579,#1915,.T.);
#1174=EDGE_CURVE('',#1580,#1579,#1916,.T.);
#1175=EDGE_CURVE('',#1580,#1581,#1917,.T.);
#1176=EDGE_CURVE('',#1581,#1582,#1918,.T.);
#1177=EDGE_CURVE('',#1583,#1582,#1919,.T.);
#1178=EDGE_CURVE('',#1584,#1583,#1920,.T.);
#1179=EDGE_CURVE('',#1562,#1584,#1921,.T.);
#1180=EDGE_CURVE('',#1585,#1563,#1922,.T.);
#1181=EDGE_CURVE('',#1586,#1585,#1923,.T.);
#1182=EDGE_CURVE('',#1587,#1586,#1924,.T.);
#1183=EDGE_CURVE('',#1587,#1588,#1925,.T.);
#1184=EDGE_CURVE('',#1589,#1588,#1926,.T.);
#1185=EDGE_CURVE('',#1589,#1590,#1927,.T.);
#1186=EDGE_CURVE('',#1590,#1591,#1928,.T.);
#1187=EDGE_CURVE('',#1591,#1592,#1929,.T.);
#1188=EDGE_CURVE('',#1593,#1592,#1930,.T.);
#1189=EDGE_CURVE('',#1594,#1593,#1931,.T.);
#1190=EDGE_CURVE('',#1564,#1594,#1932,.T.);
#1191=EDGE_CURVE('',#1556,#1587,#1933,.T.);
#1192=EDGE_CURVE('',#1584,#1573,#1934,.T.);
#1193=EDGE_CURVE('',#1583,#1576,#1935,.T.);
#1194=EDGE_CURVE('',#1580,#1578,#1936,.T.);
#1195=EDGE_CURVE('',#1574,#1579,#1937,.T.);
#1196=EDGE_CURVE('',#1592,#1549,#1938,.T.);
#1197=EDGE_CURVE('',#1542,#1591,#1939,.T.);
#1198=EDGE_CURVE('',#1541,#1588,#1940,.T.);
#1199=EDGE_CURVE('',#1589,#1539,#1941,.T.);
#1200=EDGE_CURVE('',#1590,#1540,#1942,.T.);
#1201=EDGE_CURVE('',#1575,#1582,#1943,.T.);
#1202=EDGE_CURVE('',#1577,#1581,#1944,.T.);
#1203=EDGE_CURVE('',#1548,#1593,#1945,.T.);
#1204=EDGE_CURVE('',#1586,#1543,#1946,.T.);
#1205=EDGE_CURVE('',#1572,#1595,#1947,.T.);
#1206=EDGE_CURVE('',#1571,#1596,#1948,.T.);
#1207=EDGE_CURVE('',#1596,#1595,#1949,.T.);
#1208=EDGE_CURVE('',#1595,#1597,#1950,.T.);
#1209=EDGE_CURVE('',#1596,#1598,#1951,.T.);
#1210=EDGE_CURVE('',#1598,#1597,#1952,.T.);
#1211=EDGE_CURVE('',#1597,#1570,#1953,.T.);
#1212=EDGE_CURVE('',#1598,#1569,#1954,.T.);
#1213=EDGE_CURVE('',#1544,#1585,#1955,.T.);
#1214=EDGE_CURVE('',#1594,#1547,#1956,.T.);
#1215=EDGE_CURVE('',#1599,#1600,#1957,.T.);
#1216=EDGE_CURVE('',#1601,#1599,#1958,.T.);
#1217=EDGE_CURVE('',#1601,#1602,#1959,.T.);
#1218=EDGE_CURVE('',#1602,#1600,#1960,.T.);
#1219=EDGE_CURVE('',#1599,#1603,#1961,.T.);
#1220=EDGE_CURVE('',#1603,#1604,#1962,.T.);
#1221=EDGE_CURVE('',#1601,#1604,#1963,.T.);
#1222=EDGE_CURVE('',#1600,#1605,#1964,.T.);
#1223=EDGE_CURVE('',#1602,#1606,#1965,.T.);
#1224=EDGE_CURVE('',#1605,#1606,#1966,.T.);
#1225=EDGE_CURVE('',#1607,#1608,#1967,.T.);
#1226=EDGE_CURVE('',#1607,#1609,#1968,.T.);
#1227=EDGE_CURVE('',#1609,#1610,#1969,.T.);
#1228=EDGE_CURVE('',#1608,#1610,#1970,.T.);
#1229=EDGE_CURVE('',#1607,#1611,#1971,.T.);
#1230=EDGE_CURVE('',#1608,#1612,#1972,.T.);
#1231=EDGE_CURVE('',#1612,#1611,#1973,.T.);
#1232=EDGE_CURVE('',#1609,#1613,#1974,.T.);
#1233=EDGE_CURVE('',#1614,#1613,#1975,.T.);
#1234=EDGE_CURVE('',#1610,#1614,#1976,.T.);
#1235=EDGE_CURVE('',#1615,#1605,#1977,.T.);
#1236=EDGE_CURVE('',#1616,#1606,#1978,.T.);
#1237=EDGE_CURVE('',#1616,#1617,#1979,.T.);
#1238=EDGE_CURVE('',#1617,#1614,#1980,.T.);
#1239=EDGE_CURVE('',#1618,#1613,#1981,.T.);
#1240=EDGE_CURVE('',#1618,#1619,#1982,.T.);
#1241=EDGE_CURVE('',#1619,#1620,#1983,.T.);
#1242=EDGE_CURVE('',#1621,#1620,#1984,.T.);
#1243=EDGE_CURVE('',#1611,#1621,#1985,.T.);
#1244=EDGE_CURVE('',#1612,#1622,#1986,.T.);
#1245=EDGE_CURVE('',#1623,#1622,#1987,.T.);
#1246=EDGE_CURVE('',#1604,#1623,#1988,.T.);
#1247=EDGE_CURVE('',#1603,#1624,#1989,.T.);
#1248=EDGE_CURVE('',#1625,#1624,#1990,.T.);
#1249=EDGE_CURVE('',#1626,#1625,#1991,.T.);
#1250=EDGE_CURVE('',#1626,#1615,#1992,.T.);
#1251=EDGE_CURVE('',#1622,#1627,#1993,.T.);
#1252=EDGE_CURVE('',#1628,#1627,#1994,.T.);
#1253=EDGE_CURVE('',#1623,#1628,#1995,.T.);
#1254=EDGE_CURVE('',#1627,#1629,#1996,.T.);
#1255=EDGE_CURVE('',#1630,#1629,#1997,.T.);
#1256=EDGE_CURVE('',#1628,#1630,#1998,.T.);
#1257=EDGE_CURVE('',#1629,#1631,#1999,.T.);
#1258=EDGE_CURVE('',#1632,#1631,#2000,.T.);
#1259=EDGE_CURVE('',#1630,#1632,#2001,.T.);
#1260=EDGE_CURVE('',#1631,#1633,#2002,.T.);
#1261=EDGE_CURVE('',#1634,#1633,#2003,.T.);
#1262=EDGE_CURVE('',#1632,#1634,#2004,.T.);
#1263=EDGE_CURVE('',#1633,#1635,#2005,.T.);
#1264=EDGE_CURVE('',#1636,#1635,#2006,.T.);
#1265=EDGE_CURVE('',#1634,#1636,#2007,.T.);
#1266=EDGE_CURVE('',#1635,#1637,#50,.T.);
#1267=EDGE_CURVE('',#1638,#1637,#2008,.T.);
#1268=EDGE_CURVE('',#1636,#1638,#51,.T.);
#1269=EDGE_CURVE('',#1637,#1639,#2009,.T.);
#1270=EDGE_CURVE('',#1640,#1639,#2010,.T.);
#1271=EDGE_CURVE('',#1638,#1640,#2011,.T.);
#1272=EDGE_CURVE('',#1639,#1641,#52,.T.);
#1273=EDGE_CURVE('',#1642,#1641,#2012,.T.);
#1274=EDGE_CURVE('',#1640,#1642,#53,.T.);
#1275=EDGE_CURVE('',#1641,#1643,#2013,.T.);
#1276=EDGE_CURVE('',#1644,#1643,#2014,.T.);
#1277=EDGE_CURVE('',#1642,#1644,#2015,.T.);
#1278=EDGE_CURVE('',#1643,#1645,#2016,.T.);
#1279=EDGE_CURVE('',#1646,#1645,#2017,.T.);
#1280=EDGE_CURVE('',#1644,#1646,#2018,.T.);
#1281=EDGE_CURVE('',#1645,#1647,#2019,.T.);
#1282=EDGE_CURVE('',#1648,#1647,#2020,.T.);
#1283=EDGE_CURVE('',#1646,#1648,#2021,.T.);
#1284=EDGE_CURVE('',#1647,#1649,#2022,.T.);
#1285=EDGE_CURVE('',#1650,#1649,#2023,.T.);
#1286=EDGE_CURVE('',#1648,#1650,#2024,.T.);
#1287=EDGE_CURVE('',#1649,#1617,#2025,.T.);
#1288=EDGE_CURVE('',#1650,#1616,#2026,.T.);
#1289=EDGE_CURVE('',#1620,#1651,#2027,.T.);
#1290=EDGE_CURVE('',#1652,#1651,#2028,.T.);
#1291=EDGE_CURVE('',#1621,#1652,#2029,.T.);
#1292=EDGE_CURVE('',#1651,#1653,#2030,.T.);
#1293=EDGE_CURVE('',#1654,#1653,#2031,.T.);
#1294=EDGE_CURVE('',#1652,#1654,#2032,.T.);
#1295=EDGE_CURVE('',#1653,#1655,#2033,.T.);
#1296=EDGE_CURVE('',#1656,#1655,#2034,.T.);
#1297=EDGE_CURVE('',#1654,#1656,#2035,.T.);
#1298=EDGE_CURVE('',#1655,#1657,#2036,.T.);
#1299=EDGE_CURVE('',#1658,#1657,#2037,.T.);
#1300=EDGE_CURVE('',#1656,#1658,#2038,.T.);
#1301=EDGE_CURVE('',#1657,#1659,#2039,.T.);
#1302=EDGE_CURVE('',#1660,#1659,#2040,.T.);
#1303=EDGE_CURVE('',#1658,#1660,#2041,.T.);
#1304=EDGE_CURVE('',#1659,#1661,#54,.T.);
#1305=EDGE_CURVE('',#1662,#1661,#2042,.T.);
#1306=EDGE_CURVE('',#1660,#1662,#55,.T.);
#1307=EDGE_CURVE('',#1661,#1663,#2043,.T.);
#1308=EDGE_CURVE('',#1664,#1663,#2044,.T.);
#1309=EDGE_CURVE('',#1662,#1664,#2045,.T.);
#1310=EDGE_CURVE('',#1663,#1665,#56,.T.);
#1311=EDGE_CURVE('',#1666,#1665,#2046,.T.);
#1312=EDGE_CURVE('',#1664,#1666,#57,.T.);
#1313=EDGE_CURVE('',#1665,#1667,#2047,.T.);
#1314=EDGE_CURVE('',#1668,#1667,#2048,.T.);
#1315=EDGE_CURVE('',#1666,#1668,#2049,.T.);
#1316=EDGE_CURVE('',#1667,#1669,#2050,.T.);
#1317=EDGE_CURVE('',#1670,#1669,#2051,.T.);
#1318=EDGE_CURVE('',#1668,#1670,#2052,.T.);
#1319=EDGE_CURVE('',#1669,#1671,#2053,.T.);
#1320=EDGE_CURVE('',#1672,#1671,#2054,.T.);
#1321=EDGE_CURVE('',#1670,#1672,#2055,.T.);
#1322=EDGE_CURVE('',#1671,#1673,#2056,.T.);
#1323=EDGE_CURVE('',#1674,#1673,#2057,.T.);
#1324=EDGE_CURVE('',#1672,#1674,#2058,.T.);
#1325=EDGE_CURVE('',#1673,#1619,#2059,.T.);
#1326=EDGE_CURVE('',#1674,#1618,#2060,.T.);
#1327=EDGE_CURVE('',#1624,#1675,#2061,.T.);
#1328=EDGE_CURVE('',#1676,#1675,#2062,.T.);
#1329=EDGE_CURVE('',#1625,#1676,#2063,.T.);
#1330=EDGE_CURVE('',#1675,#1677,#2064,.T.);
#1331=EDGE_CURVE('',#1678,#1677,#2065,.T.);
#1332=EDGE_CURVE('',#1676,#1678,#2066,.T.);
#1333=EDGE_CURVE('',#1677,#1679,#2067,.T.);
#1334=EDGE_CURVE('',#1680,#1679,#2068,.T.);
#1335=EDGE_CURVE('',#1678,#1680,#2069,.T.);
#1336=EDGE_CURVE('',#1679,#1681,#2070,.T.);
#1337=EDGE_CURVE('',#1682,#1681,#2071,.T.);
#1338=EDGE_CURVE('',#1680,#1682,#2072,.T.);
#1339=EDGE_CURVE('',#1681,#1683,#2073,.T.);
#1340=EDGE_CURVE('',#1684,#1683,#2074,.T.);
#1341=EDGE_CURVE('',#1682,#1684,#2075,.T.);
#1342=EDGE_CURVE('',#1683,#1685,#58,.T.);
#1343=EDGE_CURVE('',#1686,#1685,#2076,.T.);
#1344=EDGE_CURVE('',#1684,#1686,#59,.T.);
#1345=EDGE_CURVE('',#1685,#1687,#2077,.T.);
#1346=EDGE_CURVE('',#1688,#1687,#2078,.T.);
#1347=EDGE_CURVE('',#1686,#1688,#2079,.T.);
#1348=EDGE_CURVE('',#1687,#1689,#60,.T.);
#1349=EDGE_CURVE('',#1690,#1689,#2080,.T.);
#1350=EDGE_CURVE('',#1688,#1690,#61,.T.);
#1351=EDGE_CURVE('',#1689,#1691,#2081,.T.);
#1352=EDGE_CURVE('',#1692,#1691,#2082,.T.);
#1353=EDGE_CURVE('',#1690,#1692,#2083,.T.);
#1354=EDGE_CURVE('',#1691,#1693,#2084,.T.);
#1355=EDGE_CURVE('',#1694,#1693,#2085,.T.);
#1356=EDGE_CURVE('',#1692,#1694,#2086,.T.);
#1357=EDGE_CURVE('',#1693,#1695,#2087,.T.);
#1358=EDGE_CURVE('',#1696,#1695,#2088,.T.);
#1359=EDGE_CURVE('',#1694,#1696,#2089,.T.);
#1360=EDGE_CURVE('',#1695,#1697,#2090,.T.);
#1361=EDGE_CURVE('',#1698,#1697,#2091,.T.);
#1362=EDGE_CURVE('',#1696,#1698,#2092,.T.);
#1363=EDGE_CURVE('',#1697,#1615,#2093,.T.);
#1364=EDGE_CURVE('',#1698,#1626,#2094,.T.);
#1365=EDGE_CURVE('',#1699,#1700,#62,.T.);
#1366=EDGE_CURVE('',#1701,#1700,#2095,.T.);
#1367=EDGE_CURVE('',#1702,#1701,#63,.T.);
#1368=EDGE_CURVE('',#1702,#1699,#2096,.T.);
#1369=EDGE_CURVE('',#1700,#1703,#2097,.T.);
#1370=EDGE_CURVE('',#1704,#1703,#2098,.T.);
#1371=EDGE_CURVE('',#1701,#1704,#2099,.T.);
#1372=EDGE_CURVE('',#1703,#1705,#2100,.T.);
#1373=EDGE_CURVE('',#1706,#1705,#2101,.T.);
#1374=EDGE_CURVE('',#1704,#1706,#2102,.T.);
#1375=EDGE_CURVE('',#1705,#1707,#2103,.T.);
#1376=EDGE_CURVE('',#1708,#1707,#2104,.T.);
#1377=EDGE_CURVE('',#1706,#1708,#2105,.T.);
#1378=EDGE_CURVE('',#1707,#1709,#2106,.T.);
#1379=EDGE_CURVE('',#1710,#1709,#2107,.T.);
#1380=EDGE_CURVE('',#1708,#1710,#2108,.T.);
#1381=EDGE_CURVE('',#1709,#1711,#2109,.T.);
#1382=EDGE_CURVE('',#1712,#1711,#2110,.T.);
#1383=EDGE_CURVE('',#1710,#1712,#2111,.T.);
#1384=EDGE_CURVE('',#1711,#1713,#64,.T.);
#1385=EDGE_CURVE('',#1714,#1713,#2112,.T.);
#1386=EDGE_CURVE('',#1712,#1714,#65,.T.);
#1387=EDGE_CURVE('',#1713,#1715,#2113,.T.);
#1388=EDGE_CURVE('',#1716,#1715,#2114,.T.);
#1389=EDGE_CURVE('',#1714,#1716,#2115,.T.);
#1390=EDGE_CURVE('',#1715,#1717,#66,.T.);
#1391=EDGE_CURVE('',#1718,#1717,#2116,.T.);
#1392=EDGE_CURVE('',#1716,#1718,#67,.T.);
#1393=EDGE_CURVE('',#1717,#1719,#2117,.T.);
#1394=EDGE_CURVE('',#1720,#1719,#2118,.T.);
#1395=EDGE_CURVE('',#1718,#1720,#2119,.T.);
#1396=EDGE_CURVE('',#1719,#1721,#68,.T.);
#1397=EDGE_CURVE('',#1722,#1721,#2120,.T.);
#1398=EDGE_CURVE('',#1720,#1722,#69,.T.);
#1399=EDGE_CURVE('',#1721,#1723,#2121,.T.);
#1400=EDGE_CURVE('',#1724,#1723,#2122,.T.);
#1401=EDGE_CURVE('',#1722,#1724,#2123,.T.);
#1402=EDGE_CURVE('',#1723,#1725,#70,.T.);
#1403=EDGE_CURVE('',#1726,#1725,#2124,.T.);
#1404=EDGE_CURVE('',#1724,#1726,#71,.T.);
#1405=EDGE_CURVE('',#1725,#1727,#2125,.T.);
#1406=EDGE_CURVE('',#1728,#1727,#2126,.T.);
#1407=EDGE_CURVE('',#1726,#1728,#2127,.T.);
#1408=EDGE_CURVE('',#1727,#1729,#72,.T.);
#1409=EDGE_CURVE('',#1730,#1729,#2128,.T.);
#1410=EDGE_CURVE('',#1728,#1730,#73,.T.);
#1411=EDGE_CURVE('',#1729,#1731,#2129,.T.);
#1412=EDGE_CURVE('',#1732,#1731,#2130,.T.);
#1413=EDGE_CURVE('',#1730,#1732,#2131,.T.);
#1414=EDGE_CURVE('',#1731,#1733,#74,.T.);
#1415=EDGE_CURVE('',#1734,#1733,#2132,.T.);
#1416=EDGE_CURVE('',#1732,#1734,#75,.T.);
#1417=EDGE_CURVE('',#1733,#1735,#2133,.T.);
#1418=EDGE_CURVE('',#1736,#1735,#2134,.T.);
#1419=EDGE_CURVE('',#1734,#1736,#2135,.T.);
#1420=EDGE_CURVE('',#1735,#1737,#76,.T.);
#1421=EDGE_CURVE('',#1738,#1737,#2136,.T.);
#1422=EDGE_CURVE('',#1736,#1738,#77,.T.);
#1423=EDGE_CURVE('',#1737,#1739,#2137,.T.);
#1424=EDGE_CURVE('',#1740,#1739,#2138,.T.);
#1425=EDGE_CURVE('',#1738,#1740,#2139,.T.);
#1426=EDGE_CURVE('',#1739,#1741,#78,.T.);
#1427=EDGE_CURVE('',#1742,#1741,#2140,.T.);
#1428=EDGE_CURVE('',#1740,#1742,#79,.T.);
#1429=EDGE_CURVE('',#1741,#1743,#2141,.T.);
#1430=EDGE_CURVE('',#1744,#1743,#2142,.T.);
#1431=EDGE_CURVE('',#1742,#1744,#2143,.T.);
#1432=EDGE_CURVE('',#1743,#1745,#80,.T.);
#1433=EDGE_CURVE('',#1746,#1745,#2144,.T.);
#1434=EDGE_CURVE('',#1744,#1746,#81,.T.);
#1435=EDGE_CURVE('',#1745,#1747,#2145,.T.);
#1436=EDGE_CURVE('',#1748,#1747,#2146,.T.);
#1437=EDGE_CURVE('',#1746,#1748,#2147,.T.);
#1438=EDGE_CURVE('',#1747,#1749,#82,.T.);
#1439=EDGE_CURVE('',#1750,#1749,#2148,.T.);
#1440=EDGE_CURVE('',#1748,#1750,#83,.T.);
#1441=EDGE_CURVE('',#1749,#1751,#2149,.T.);
#1442=EDGE_CURVE('',#1752,#1751,#2150,.T.);
#1443=EDGE_CURVE('',#1750,#1752,#2151,.T.);
#1444=EDGE_CURVE('',#1751,#1753,#84,.T.);
#1445=EDGE_CURVE('',#1754,#1753,#2152,.T.);
#1446=EDGE_CURVE('',#1752,#1754,#85,.T.);
#1447=EDGE_CURVE('',#1753,#1755,#2153,.T.);
#1448=EDGE_CURVE('',#1756,#1755,#2154,.T.);
#1449=EDGE_CURVE('',#1754,#1756,#2155,.T.);
#1450=EDGE_CURVE('',#1755,#1757,#86,.T.);
#1451=EDGE_CURVE('',#1758,#1757,#2156,.T.);
#1452=EDGE_CURVE('',#1756,#1758,#87,.T.);
#1453=EDGE_CURVE('',#1757,#1759,#2157,.T.);
#1454=EDGE_CURVE('',#1760,#1759,#2158,.T.);
#1455=EDGE_CURVE('',#1758,#1760,#2159,.T.);
#1456=EDGE_CURVE('',#1759,#1761,#88,.T.);
#1457=EDGE_CURVE('',#1762,#1761,#2160,.T.);
#1458=EDGE_CURVE('',#1760,#1762,#89,.T.);
#1459=EDGE_CURVE('',#1761,#1763,#2161,.T.);
#1460=EDGE_CURVE('',#1764,#1763,#2162,.T.);
#1461=EDGE_CURVE('',#1762,#1764,#2163,.T.);
#1462=EDGE_CURVE('',#1763,#1765,#90,.T.);
#1463=EDGE_CURVE('',#1766,#1765,#2164,.T.);
#1464=EDGE_CURVE('',#1764,#1766,#91,.T.);
#1465=EDGE_CURVE('',#1765,#1699,#2165,.T.);
#1466=EDGE_CURVE('',#1766,#1702,#2166,.T.);
#1467=VERTEX_POINT('',#4233);
#1468=VERTEX_POINT('',#4234);
#1469=VERTEX_POINT('',#4236);
#1470=VERTEX_POINT('',#4238);
#1471=VERTEX_POINT('',#4242);
#1472=VERTEX_POINT('',#4243);
#1473=VERTEX_POINT('',#4245);
#1474=VERTEX_POINT('',#4247);
#1475=VERTEX_POINT('',#4252);
#1476=VERTEX_POINT('',#4253);
#1477=VERTEX_POINT('',#4255);
#1478=VERTEX_POINT('',#4257);
#1479=VERTEX_POINT('',#4261);
#1480=VERTEX_POINT('',#4263);
#1481=VERTEX_POINT('',#4265);
#1482=VERTEX_POINT('',#4267);
#1483=VERTEX_POINT('',#4271);
#1484=VERTEX_POINT('',#4274);
#1485=VERTEX_POINT('',#4276);
#1486=VERTEX_POINT('',#4278);
#1487=VERTEX_POINT('',#4280);
#1488=VERTEX_POINT('',#4282);
#1489=VERTEX_POINT('',#4286);
#1490=VERTEX_POINT('',#4288);
#1491=VERTEX_POINT('',#4292);
#1492=VERTEX_POINT('',#4294);
#1493=VERTEX_POINT('',#4298);
#1494=VERTEX_POINT('',#4300);
#1495=VERTEX_POINT('',#4304);
#1496=VERTEX_POINT('',#4306);
#1497=VERTEX_POINT('',#4310);
#1498=VERTEX_POINT('',#4312);
#1499=VERTEX_POINT('',#4316);
#1500=VERTEX_POINT('',#4318);
#1501=VERTEX_POINT('',#4322);
#1502=VERTEX_POINT('',#4324);
#1503=VERTEX_POINT('',#4328);
#1504=VERTEX_POINT('',#4331);
#1505=VERTEX_POINT('',#4333);
#1506=VERTEX_POINT('',#4335);
#1507=VERTEX_POINT('',#4337);
#1508=VERTEX_POINT('',#4339);
#1509=VERTEX_POINT('',#4343);
#1510=VERTEX_POINT('',#4345);
#1511=VERTEX_POINT('',#4347);
#1512=VERTEX_POINT('',#4349);
#1513=VERTEX_POINT('',#4353);
#1514=VERTEX_POINT('',#4355);
#1515=VERTEX_POINT('',#4357);
#1516=VERTEX_POINT('',#4359);
#1517=VERTEX_POINT('',#4362);
#1518=VERTEX_POINT('',#4364);
#1519=VERTEX_POINT('',#4366);
#1520=VERTEX_POINT('',#4368);
#1521=VERTEX_POINT('',#4370);
#1522=VERTEX_POINT('',#4372);
#1523=VERTEX_POINT('',#4374);
#1524=VERTEX_POINT('',#4376);
#1525=VERTEX_POINT('',#4380);
#1526=VERTEX_POINT('',#4384);
#1527=VERTEX_POINT('',#4386);
#1528=VERTEX_POINT('',#4391);
#1529=VERTEX_POINT('',#4399);
#1530=VERTEX_POINT('',#4401);
#1531=VERTEX_POINT('',#4409);
#1532=VERTEX_POINT('',#4411);
#1533=VERTEX_POINT('',#4415);
#1534=VERTEX_POINT('',#4417);
#1535=VERTEX_POINT('',#4426);
#1536=VERTEX_POINT('',#4428);
#1537=VERTEX_POINT('',#4432);
#1538=VERTEX_POINT('',#4434);
#1539=VERTEX_POINT('',#4452);
#1540=VERTEX_POINT('',#4453);
#1541=VERTEX_POINT('',#4455);
#1542=VERTEX_POINT('',#4457);
#1543=VERTEX_POINT('',#4460);
#1544=VERTEX_POINT('',#4461);
#1545=VERTEX_POINT('',#4463);
#1546=VERTEX_POINT('',#4465);
#1547=VERTEX_POINT('',#4467);
#1548=VERTEX_POINT('',#4469);
#1549=VERTEX_POINT('',#4471);
#1550=VERTEX_POINT('',#4473);
#1551=VERTEX_POINT('',#4475);
#1552=VERTEX_POINT('',#4477);
#1553=VERTEX_POINT('',#4479);
#1554=VERTEX_POINT('',#4481);
#1555=VERTEX_POINT('',#4483);
#1556=VERTEX_POINT('',#4485);
#1557=VERTEX_POINT('',#4489);
#1558=VERTEX_POINT('',#4491);
#1559=VERTEX_POINT('',#4495);
#1560=VERTEX_POINT('',#4496);
#1561=VERTEX_POINT('',#4498);
#1562=VERTEX_POINT('',#4500);
#1563=VERTEX_POINT('',#4504);
#1564=VERTEX_POINT('',#4506);
#1565=VERTEX_POINT('',#4510);
#1566=VERTEX_POINT('',#4512);
#1567=VERTEX_POINT('',#4516);
#1568=VERTEX_POINT('',#4520);
#1569=VERTEX_POINT('',#4524);
#1570=VERTEX_POINT('',#4525);
#1571=VERTEX_POINT('',#4527);
#1572=VERTEX_POINT('',#4529);
#1573=VERTEX_POINT('',#4534);
#1574=VERTEX_POINT('',#4537);
#1575=VERTEX_POINT('',#4540);
#1576=VERTEX_POINT('',#4541);
#1577=VERTEX_POINT('',#4543);
#1578=VERTEX_POINT('',#4545);
#1579=VERTEX_POINT('',#4549);
#1580=VERTEX_POINT('',#4551);
#1581=VERTEX_POINT('',#4553);
#1582=VERTEX_POINT('',#4555);
#1583=VERTEX_POINT('',#4557);
#1584=VERTEX_POINT('',#4559);
#1585=VERTEX_POINT('',#4563);
#1586=VERTEX_POINT('',#4565);
#1587=VERTEX_POINT('',#4567);
#1588=VERTEX_POINT('',#4569);
#1589=VERTEX_POINT('',#4571);
#1590=VERTEX_POINT('',#4573);
#1591=VERTEX_POINT('',#4575);
#1592=VERTEX_POINT('',#4577);
#1593=VERTEX_POINT('',#4579);
#1594=VERTEX_POINT('',#4581);
#1595=VERTEX_POINT('',#4610);
#1596=VERTEX_POINT('',#4612);
#1597=VERTEX_POINT('',#4616);
#1598=VERTEX_POINT('',#4618);
#1599=VERTEX_POINT('',#4634);
#1600=VERTEX_POINT('',#4635);
#1601=VERTEX_POINT('',#4637);
#1602=VERTEX_POINT('',#4639);
#1603=VERTEX_POINT('',#4643);
#1604=VERTEX_POINT('',#4645);
#1605=VERTEX_POINT('',#4649);
#1606=VERTEX_POINT('',#4651);
#1607=VERTEX_POINT('',#4655);
#1608=VERTEX_POINT('',#4656);
#1609=VERTEX_POINT('',#4658);
#1610=VERTEX_POINT('',#4660);
#1611=VERTEX_POINT('',#4664);
#1612=VERTEX_POINT('',#4666);
#1613=VERTEX_POINT('',#4670);
#1614=VERTEX_POINT('',#4672);
#1615=VERTEX_POINT('',#4676);
#1616=VERTEX_POINT('',#4678);
#1617=VERTEX_POINT('',#4680);
#1618=VERTEX_POINT('',#4683);
#1619=VERTEX_POINT('',#4685);
#1620=VERTEX_POINT('',#4687);
#1621=VERTEX_POINT('',#4689);
#1622=VERTEX_POINT('',#4692);
#1623=VERTEX_POINT('',#4694);
#1624=VERTEX_POINT('',#4697);
#1625=VERTEX_POINT('',#4699);
#1626=VERTEX_POINT('',#4701);
#1627=VERTEX_POINT('',#4705);
#1628=VERTEX_POINT('',#4707);
#1629=VERTEX_POINT('',#4711);
#1630=VERTEX_POINT('',#4713);
#1631=VERTEX_POINT('',#4717);
#1632=VERTEX_POINT('',#4719);
#1633=VERTEX_POINT('',#4723);
#1634=VERTEX_POINT('',#4725);
#1635=VERTEX_POINT('',#4729);
#1636=VERTEX_POINT('',#4731);
#1637=VERTEX_POINT('',#4735);
#1638=VERTEX_POINT('',#4737);
#1639=VERTEX_POINT('',#4741);
#1640=VERTEX_POINT('',#4743);
#1641=VERTEX_POINT('',#4747);
#1642=VERTEX_POINT('',#4749);
#1643=VERTEX_POINT('',#4753);
#1644=VERTEX_POINT('',#4755);
#1645=VERTEX_POINT('',#4759);
#1646=VERTEX_POINT('',#4761);
#1647=VERTEX_POINT('',#4765);
#1648=VERTEX_POINT('',#4767);
#1649=VERTEX_POINT('',#4771);
#1650=VERTEX_POINT('',#4773);
#1651=VERTEX_POINT('',#4782);
#1652=VERTEX_POINT('',#4784);
#1653=VERTEX_POINT('',#4788);
#1654=VERTEX_POINT('',#4790);
#1655=VERTEX_POINT('',#4794);
#1656=VERTEX_POINT('',#4796);
#1657=VERTEX_POINT('',#4800);
#1658=VERTEX_POINT('',#4802);
#1659=VERTEX_POINT('',#4806);
#1660=VERTEX_POINT('',#4808);
#1661=VERTEX_POINT('',#4812);
#1662=VERTEX_POINT('',#4814);
#1663=VERTEX_POINT('',#4818);
#1664=VERTEX_POINT('',#4820);
#1665=VERTEX_POINT('',#4824);
#1666=VERTEX_POINT('',#4826);
#1667=VERTEX_POINT('',#4830);
#1668=VERTEX_POINT('',#4832);
#1669=VERTEX_POINT('',#4836);
#1670=VERTEX_POINT('',#4838);
#1671=VERTEX_POINT('',#4842);
#1672=VERTEX_POINT('',#4844);
#1673=VERTEX_POINT('',#4848);
#1674=VERTEX_POINT('',#4850);
#1675=VERTEX_POINT('',#4859);
#1676=VERTEX_POINT('',#4861);
#1677=VERTEX_POINT('',#4865);
#1678=VERTEX_POINT('',#4867);
#1679=VERTEX_POINT('',#4871);
#1680=VERTEX_POINT('',#4873);
#1681=VERTEX_POINT('',#4877);
#1682=VERTEX_POINT('',#4879);
#1683=VERTEX_POINT('',#4883);
#1684=VERTEX_POINT('',#4885);
#1685=VERTEX_POINT('',#4889);
#1686=VERTEX_POINT('',#4891);
#1687=VERTEX_POINT('',#4895);
#1688=VERTEX_POINT('',#4897);
#1689=VERTEX_POINT('',#4901);
#1690=VERTEX_POINT('',#4903);
#1691=VERTEX_POINT('',#4907);
#1692=VERTEX_POINT('',#4909);
#1693=VERTEX_POINT('',#4913);
#1694=VERTEX_POINT('',#4915);
#1695=VERTEX_POINT('',#4919);
#1696=VERTEX_POINT('',#4921);
#1697=VERTEX_POINT('',#4925);
#1698=VERTEX_POINT('',#4927);
#1699=VERTEX_POINT('',#4937);
#1700=VERTEX_POINT('',#4938);
#1701=VERTEX_POINT('',#4940);
#1702=VERTEX_POINT('',#4942);
#1703=VERTEX_POINT('',#4946);
#1704=VERTEX_POINT('',#4948);
#1705=VERTEX_POINT('',#4952);
#1706=VERTEX_POINT('',#4954);
#1707=VERTEX_POINT('',#4958);
#1708=VERTEX_POINT('',#4960);
#1709=VERTEX_POINT('',#4964);
#1710=VERTEX_POINT('',#4966);
#1711=VERTEX_POINT('',#4970);
#1712=VERTEX_POINT('',#4972);
#1713=VERTEX_POINT('',#4976);
#1714=VERTEX_POINT('',#4978);
#1715=VERTEX_POINT('',#4982);
#1716=VERTEX_POINT('',#4984);
#1717=VERTEX_POINT('',#4988);
#1718=VERTEX_POINT('',#4990);
#1719=VERTEX_POINT('',#4994);
#1720=VERTEX_POINT('',#4996);
#1721=VERTEX_POINT('',#5000);
#1722=VERTEX_POINT('',#5002);
#1723=VERTEX_POINT('',#5006);
#1724=VERTEX_POINT('',#5008);
#1725=VERTEX_POINT('',#5012);
#1726=VERTEX_POINT('',#5014);
#1727=VERTEX_POINT('',#5018);
#1728=VERTEX_POINT('',#5020);
#1729=VERTEX_POINT('',#5024);
#1730=VERTEX_POINT('',#5026);
#1731=VERTEX_POINT('',#5030);
#1732=VERTEX_POINT('',#5032);
#1733=VERTEX_POINT('',#5036);
#1734=VERTEX_POINT('',#5038);
#1735=VERTEX_POINT('',#5042);
#1736=VERTEX_POINT('',#5044);
#1737=VERTEX_POINT('',#5048);
#1738=VERTEX_POINT('',#5050);
#1739=VERTEX_POINT('',#5054);
#1740=VERTEX_POINT('',#5056);
#1741=VERTEX_POINT('',#5060);
#1742=VERTEX_POINT('',#5062);
#1743=VERTEX_POINT('',#5066);
#1744=VERTEX_POINT('',#5068);
#1745=VERTEX_POINT('',#5072);
#1746=VERTEX_POINT('',#5074);
#1747=VERTEX_POINT('',#5078);
#1748=VERTEX_POINT('',#5080);
#1749=VERTEX_POINT('',#5084);
#1750=VERTEX_POINT('',#5086);
#1751=VERTEX_POINT('',#5090);
#1752=VERTEX_POINT('',#5092);
#1753=VERTEX_POINT('',#5096);
#1754=VERTEX_POINT('',#5098);
#1755=VERTEX_POINT('',#5102);
#1756=VERTEX_POINT('',#5104);
#1757=VERTEX_POINT('',#5108);
#1758=VERTEX_POINT('',#5110);
#1759=VERTEX_POINT('',#5114);
#1760=VERTEX_POINT('',#5116);
#1761=VERTEX_POINT('',#5120);
#1762=VERTEX_POINT('',#5122);
#1763=VERTEX_POINT('',#5126);
#1764=VERTEX_POINT('',#5128);
#1765=VERTEX_POINT('',#5132);
#1766=VERTEX_POINT('',#5134);
#1767=LINE('',#4232,#2167);
#1768=LINE('',#4235,#2168);
#1769=LINE('',#4237,#2169);
#1770=LINE('',#4239,#2170);
#1771=LINE('',#4241,#2171);
#1772=LINE('',#4244,#2172);
#1773=LINE('',#4246,#2173);
#1774=LINE('',#4248,#2174);
#1775=LINE('',#4249,#2175);
#1776=LINE('',#4251,#2176);
#1777=LINE('',#4254,#2177);
#1778=LINE('',#4256,#2178);
#1779=LINE('',#4258,#2179);
#1780=LINE('',#4260,#2180);
#1781=LINE('',#4262,#2181);
#1782=LINE('',#4264,#2182);
#1783=LINE('',#4266,#2183);
#1784=LINE('',#4268,#2184);
#1785=LINE('',#4270,#2185);
#1786=LINE('',#4272,#2186);
#1787=LINE('',#4273,#2187);
#1788=LINE('',#4275,#2188);
#1789=LINE('',#4277,#2189);
#1790=LINE('',#4279,#2190);
#1791=LINE('',#4281,#2191);
#1792=LINE('',#4283,#2192);
#1793=LINE('',#4285,#2193);
#1794=LINE('',#4287,#2194);
#1795=LINE('',#4289,#2195);
#1796=LINE('',#4295,#2196);
#1797=LINE('',#4297,#2197);
#1798=LINE('',#4299,#2198);
#1799=LINE('',#4301,#2199);
#1800=LINE('',#4303,#2200);
#1801=LINE('',#4305,#2201);
#1802=LINE('',#4307,#2202);
#1803=LINE('',#4309,#2203);
#1804=LINE('',#4311,#2204);
#1805=LINE('',#4313,#2205);
#1806=LINE('',#4319,#2206);
#1807=LINE('',#4321,#2207);
#1808=LINE('',#4323,#2208);
#1809=LINE('',#4325,#2209);
#1810=LINE('',#4327,#2210);
#1811=LINE('',#4329,#2211);
#1812=LINE('',#4330,#2212);
#1813=LINE('',#4332,#2213);
#1814=LINE('',#4334,#2214);
#1815=LINE('',#4336,#2215);
#1816=LINE('',#4338,#2216);
#1817=LINE('',#4340,#2217);
#1818=LINE('',#4342,#2218);
#1819=LINE('',#4344,#2219);
#1820=LINE('',#4346,#2220);
#1821=LINE('',#4348,#2221);
#1822=LINE('',#4350,#2222);
#1823=LINE('',#4352,#2223);
#1824=LINE('',#4354,#2224);
#1825=LINE('',#4356,#2225);
#1826=LINE('',#4358,#2226);
#1827=LINE('',#4360,#2227);
#1828=LINE('',#4361,#2228);
#1829=LINE('',#4363,#2229);
#1830=LINE('',#4365,#2230);
#1831=LINE('',#4367,#2231);
#1832=LINE('',#4369,#2232);
#1833=LINE('',#4371,#2233);
#1834=LINE('',#4373,#2234);
#1835=LINE('',#4375,#2235);
#1836=LINE('',#4377,#2236);
#1837=LINE('',#4379,#2237);
#1838=LINE('',#4381,#2238);
#1839=LINE('',#4382,#2239);
#1840=LINE('',#4383,#2240);
#1841=LINE('',#4385,#2241);
#1842=LINE('',#4387,#2242);
#1843=LINE('',#4389,#2243);
#1844=LINE('',#4390,#2244);
#1845=LINE('',#4392,#2245);
#1846=LINE('',#4394,#2246);
#1847=LINE('',#4396,#2247);
#1848=LINE('',#4398,#2248);
#1849=LINE('',#4400,#2249);
#1850=LINE('',#4402,#2250);
#1851=LINE('',#4403,#2251);
#1852=LINE('',#4405,#2252);
#1853=LINE('',#4408,#2253);
#1854=LINE('',#4410,#2254);
#1855=LINE('',#4412,#2255);
#1856=LINE('',#4414,#2256);
#1857=LINE('',#4416,#2257);
#1858=LINE('',#4418,#2258);
#1859=LINE('',#4420,#2259);
#1860=LINE('',#4422,#2260);
#1861=LINE('',#4425,#2261);
#1862=LINE('',#4427,#2262);
#1863=LINE('',#4429,#2263);
#1864=LINE('',#4431,#2264);
#1865=LINE('',#4433,#2265);
#1866=LINE('',#4435,#2266);
#1867=LINE('',#4437,#2267);
#1868=LINE('',#4438,#2268);
#1869=LINE('',#4444,#2269);
#1870=LINE('',#4447,#2270);
#1871=LINE('',#4451,#2271);
#1872=LINE('',#4454,#2272);
#1873=LINE('',#4456,#2273);
#1874=LINE('',#4458,#2274);
#1875=LINE('',#4459,#2275);
#1876=LINE('',#4462,#2276);
#1877=LINE('',#4464,#2277);
#1878=LINE('',#4466,#2278);
#1879=LINE('',#4468,#2279);
#1880=LINE('',#4470,#2280);
#1881=LINE('',#4472,#2281);
#1882=LINE('',#4474,#2282);
#1883=LINE('',#4478,#2283);
#1884=LINE('',#4482,#2284);
#1885=LINE('',#4484,#2285);
#1886=LINE('',#4486,#2286);
#1887=LINE('',#4488,#2287);
#1888=LINE('',#4490,#2288);
#1889=LINE('',#4492,#2289);
#1890=LINE('',#4494,#2290);
#1891=LINE('',#4497,#2291);
#1892=LINE('',#4499,#2292);
#1893=LINE('',#4501,#2293);
#1894=LINE('',#4503,#2294);
#1895=LINE('',#4505,#2295);
#1896=LINE('',#4507,#2296);
#1897=LINE('',#4509,#2297);
#1898=LINE('',#4511,#2298);
#1899=LINE('',#4513,#2299);
#1900=LINE('',#4517,#2300);
#1901=LINE('',#4519,#2301);
#1902=LINE('',#4523,#2302);
#1903=LINE('',#4526,#2303);
#1904=LINE('',#4528,#2304);
#1905=LINE('',#4530,#2305);
#1906=LINE('',#4531,#2306);
#1907=LINE('',#4533,#2307);
#1908=LINE('',#4535,#2308);
#1909=LINE('',#4536,#2309);
#1910=LINE('',#4538,#2310);
#1911=LINE('',#4539,#2311);
#1912=LINE('',#4542,#2312);
#1913=LINE('',#4544,#2313);
#1914=LINE('',#4546,#2314);
#1915=LINE('',#4548,#2315);
#1916=LINE('',#4550,#2316);
#1917=LINE('',#4552,#2317);
#1918=LINE('',#4554,#2318);
#1919=LINE('',#4556,#2319);
#1920=LINE('',#4558,#2320);
#1921=LINE('',#4560,#2321);
#1922=LINE('',#4562,#2322);
#1923=LINE('',#4564,#2323);
#1924=LINE('',#4566,#2324);
#1925=LINE('',#4568,#2325);
#1926=LINE('',#4570,#2326);
#1927=LINE('',#4572,#2327);
#1928=LINE('',#4574,#2328);
#1929=LINE('',#4576,#2329);
#1930=LINE('',#4578,#2330);
#1931=LINE('',#4580,#2331);
#1932=LINE('',#4582,#2332);
#1933=LINE('',#4584,#2333);
#1934=LINE('',#4585,#2334);
#1935=LINE('',#4586,#2335);
#1936=LINE('',#4587,#2336);
#1937=LINE('',#4588,#2337);
#1938=LINE('',#4589,#2338);
#1939=LINE('',#4590,#2339);
#1940=LINE('',#4591,#2340);
#1941=LINE('',#4593,#2341);
#1942=LINE('',#4595,#2342);
#1943=LINE('',#4598,#2343);
#1944=LINE('',#4599,#2344);
#1945=LINE('',#4605,#2345);
#1946=LINE('',#4607,#2346);
#1947=LINE('',#4609,#2347);
#1948=LINE('',#4611,#2348);
#1949=LINE('',#4613,#2349);
#1950=LINE('',#4615,#2350);
#1951=LINE('',#4617,#2351);
#1952=LINE('',#4619,#2352);
#1953=LINE('',#4621,#2353);
#1954=LINE('',#4622,#2354);
#1955=LINE('',#4626,#2355);
#1956=LINE('',#4629,#2356);
#1957=LINE('',#4633,#2357);
#1958=LINE('',#4636,#2358);
#1959=LINE('',#4638,#2359);
#1960=LINE('',#4640,#2360);
#1961=LINE('',#4642,#2361);
#1962=LINE('',#4644,#2362);
#1963=LINE('',#4646,#2363);
#1964=LINE('',#4648,#2364);
#1965=LINE('',#4650,#2365);
#1966=LINE('',#4652,#2366);
#1967=LINE('',#4654,#2367);
#1968=LINE('',#4657,#2368);
#1969=LINE('',#4659,#2369);
#1970=LINE('',#4661,#2370);
#1971=LINE('',#4663,#2371);
#1972=LINE('',#4665,#2372);
#1973=LINE('',#4667,#2373);
#1974=LINE('',#4669,#2374);
#1975=LINE('',#4671,#2375);
#1976=LINE('',#4673,#2376);
#1977=LINE('',#4675,#2377);
#1978=LINE('',#4677,#2378);
#1979=LINE('',#4679,#2379);
#1980=LINE('',#4681,#2380);
#1981=LINE('',#4682,#2381);
#1982=LINE('',#4684,#2382);
#1983=LINE('',#4686,#2383);
#1984=LINE('',#4688,#2384);
#1985=LINE('',#4690,#2385);
#1986=LINE('',#4691,#2386);
#1987=LINE('',#4693,#2387);
#1988=LINE('',#4695,#2388);
#1989=LINE('',#4696,#2389);
#1990=LINE('',#4698,#2390);
#1991=LINE('',#4700,#2391);
#1992=LINE('',#4702,#2392);
#1993=LINE('',#4704,#2393);
#1994=LINE('',#4706,#2394);
#1995=LINE('',#4708,#2395);
#1996=LINE('',#4710,#2396);
#1997=LINE('',#4712,#2397);
#1998=LINE('',#4714,#2398);
#1999=LINE('',#4716,#2399);
#2000=LINE('',#4718,#2400);
#2001=LINE('',#4720,#2401);
#2002=LINE('',#4722,#2402);
#2003=LINE('',#4724,#2403);
#2004=LINE('',#4726,#2404);
#2005=LINE('',#4728,#2405);
#2006=LINE('',#4730,#2406);
#2007=LINE('',#4732,#2407);
#2008=LINE('',#4736,#2408);
#2009=LINE('',#4740,#2409);
#2010=LINE('',#4742,#2410);
#2011=LINE('',#4744,#2411);
#2012=LINE('',#4748,#2412);
#2013=LINE('',#4752,#2413);
#2014=LINE('',#4754,#2414);
#2015=LINE('',#4756,#2415);
#2016=LINE('',#4758,#2416);
#2017=LINE('',#4760,#2417);
#2018=LINE('',#4762,#2418);
#2019=LINE('',#4764,#2419);
#2020=LINE('',#4766,#2420);
#2021=LINE('',#4768,#2421);
#2022=LINE('',#4770,#2422);
#2023=LINE('',#4772,#2423);
#2024=LINE('',#4774,#2424);
#2025=LINE('',#4776,#2425);
#2026=LINE('',#4777,#2426);
#2027=LINE('',#4781,#2427);
#2028=LINE('',#4783,#2428);
#2029=LINE('',#4785,#2429);
#2030=LINE('',#4787,#2430);
#2031=LINE('',#4789,#2431);
#2032=LINE('',#4791,#2432);
#2033=LINE('',#4793,#2433);
#2034=LINE('',#4795,#2434);
#2035=LINE('',#4797,#2435);
#2036=LINE('',#4799,#2436);
#2037=LINE('',#4801,#2437);
#2038=LINE('',#4803,#2438);
#2039=LINE('',#4805,#2439);
#2040=LINE('',#4807,#2440);
#2041=LINE('',#4809,#2441);
#2042=LINE('',#4813,#2442);
#2043=LINE('',#4817,#2443);
#2044=LINE('',#4819,#2444);
#2045=LINE('',#4821,#2445);
#2046=LINE('',#4825,#2446);
#2047=LINE('',#4829,#2447);
#2048=LINE('',#4831,#2448);
#2049=LINE('',#4833,#2449);
#2050=LINE('',#4835,#2450);
#2051=LINE('',#4837,#2451);
#2052=LINE('',#4839,#2452);
#2053=LINE('',#4841,#2453);
#2054=LINE('',#4843,#2454);
#2055=LINE('',#4845,#2455);
#2056=LINE('',#4847,#2456);
#2057=LINE('',#4849,#2457);
#2058=LINE('',#4851,#2458);
#2059=LINE('',#4853,#2459);
#2060=LINE('',#4854,#2460);
#2061=LINE('',#4858,#2461);
#2062=LINE('',#4860,#2462);
#2063=LINE('',#4862,#2463);
#2064=LINE('',#4864,#2464);
#2065=LINE('',#4866,#2465);
#2066=LINE('',#4868,#2466);
#2067=LINE('',#4870,#2467);
#2068=LINE('',#4872,#2468);
#2069=LINE('',#4874,#2469);
#2070=LINE('',#4876,#2470);
#2071=LINE('',#4878,#2471);
#2072=LINE('',#4880,#2472);
#2073=LINE('',#4882,#2473);
#2074=LINE('',#4884,#2474);
#2075=LINE('',#4886,#2475);
#2076=LINE('',#4890,#2476);
#2077=LINE('',#4894,#2477);
#2078=LINE('',#4896,#2478);
#2079=LINE('',#4898,#2479);
#2080=LINE('',#4902,#2480);
#2081=LINE('',#4906,#2481);
#2082=LINE('',#4908,#2482);
#2083=LINE('',#4910,#2483);
#2084=LINE('',#4912,#2484);
#2085=LINE('',#4914,#2485);
#2086=LINE('',#4916,#2486);
#2087=LINE('',#4918,#2487);
#2088=LINE('',#4920,#2488);
#2089=LINE('',#4922,#2489);
#2090=LINE('',#4924,#2490);
#2091=LINE('',#4926,#2491);
#2092=LINE('',#4928,#2492);
#2093=LINE('',#4930,#2493);
#2094=LINE('',#4931,#2494);
#2095=LINE('',#4939,#2495);
#2096=LINE('',#4943,#2496);
#2097=LINE('',#4945,#2497);
#2098=LINE('',#4947,#2498);
#2099=LINE('',#4949,#2499);
#2100=LINE('',#4951,#2500);
#2101=LINE('',#4953,#2501);
#2102=LINE('',#4955,#2502);
#2103=LINE('',#4957,#2503);
#2104=LINE('',#4959,#2504);
#2105=LINE('',#4961,#2505);
#2106=LINE('',#4963,#2506);
#2107=LINE('',#4965,#2507);
#2108=LINE('',#4967,#2508);
#2109=LINE('',#4969,#2509);
#2110=LINE('',#4971,#2510);
#2111=LINE('',#4973,#2511);
#2112=LINE('',#4977,#2512);
#2113=LINE('',#4981,#2513);
#2114=LINE('',#4983,#2514);
#2115=LINE('',#4985,#2515);
#2116=LINE('',#4989,#2516);
#2117=LINE('',#4993,#2517);
#2118=LINE('',#4995,#2518);
#2119=LINE('',#4997,#2519);
#2120=LINE('',#5001,#2520);
#2121=LINE('',#5005,#2521);
#2122=LINE('',#5007,#2522);
#2123=LINE('',#5009,#2523);
#2124=LINE('',#5013,#2524);
#2125=LINE('',#5017,#2525);
#2126=LINE('',#5019,#2526);
#2127=LINE('',#5021,#2527);
#2128=LINE('',#5025,#2528);
#2129=LINE('',#5029,#2529);
#2130=LINE('',#5031,#2530);
#2131=LINE('',#5033,#2531);
#2132=LINE('',#5037,#2532);
#2133=LINE('',#5041,#2533);
#2134=LINE('',#5043,#2534);
#2135=LINE('',#5045,#2535);
#2136=LINE('',#5049,#2536);
#2137=LINE('',#5053,#2537);
#2138=LINE('',#5055,#2538);
#2139=LINE('',#5057,#2539);
#2140=LINE('',#5061,#2540);
#2141=LINE('',#5065,#2541);
#2142=LINE('',#5067,#2542);
#2143=LINE('',#5069,#2543);
#2144=LINE('',#5073,#2544);
#2145=LINE('',#5077,#2545);
#2146=LINE('',#5079,#2546);
#2147=LINE('',#5081,#2547);
#2148=LINE('',#5085,#2548);
#2149=LINE('',#5089,#2549);
#2150=LINE('',#5091,#2550);
#2151=LINE('',#5093,#2551);
#2152=LINE('',#5097,#2552);
#2153=LINE('',#5101,#2553);
#2154=LINE('',#5103,#2554);
#2155=LINE('',#5105,#2555);
#2156=LINE('',#5109,#2556);
#2157=LINE('',#5113,#2557);
#2158=LINE('',#5115,#2558);
#2159=LINE('',#5117,#2559);
#2160=LINE('',#5121,#2560);
#2161=LINE('',#5125,#2561);
#2162=LINE('',#5127,#2562);
#2163=LINE('',#5129,#2563);
#2164=LINE('',#5133,#2564);
#2165=LINE('',#5137,#2565);
#2166=LINE('',#5138,#2566);
#2167=VECTOR('',#3410,39.3700787401575);
#2168=VECTOR('',#3411,39.3700787401575);
#2169=VECTOR('',#3412,39.3700787401575);
#2170=VECTOR('',#3413,39.3700787401575);
#2171=VECTOR('',#3416,39.3700787401575);
#2172=VECTOR('',#3417,39.3700787401575);
#2173=VECTOR('',#3418,39.3700787401575);
#2174=VECTOR('',#3419,39.3700787401575);
#2175=VECTOR('',#3420,39.3700787401575);
#2176=VECTOR('',#3423,39.3700787401575);
#2177=VECTOR('',#3424,39.3700787401575);
#2178=VECTOR('',#3425,39.3700787401575);
#2179=VECTOR('',#3426,39.3700787401575);
#2180=VECTOR('',#3429,39.3700787401575);
#2181=VECTOR('',#3430,39.3700787401575);
#2182=VECTOR('',#3431,39.3700787401575);
#2183=VECTOR('',#3432,39.3700787401575);
#2184=VECTOR('',#3433,39.3700787401575);
#2185=VECTOR('',#3436,39.3700787401575);
#2186=VECTOR('',#3437,39.3700787401575);
#2187=VECTOR('',#3438,39.3700787401575);
#2188=VECTOR('',#3439,39.3700787401575);
#2189=VECTOR('',#3440,39.3700787401575);
#2190=VECTOR('',#3441,39.3700787401575);
#2191=VECTOR('',#3442,39.3700787401575);
#2192=VECTOR('',#3443,39.3700787401575);
#2193=VECTOR('',#3446,39.3700787401575);
#2194=VECTOR('',#3447,39.3700787401575);
#2195=VECTOR('',#3448,39.3700787401575);
#2196=VECTOR('',#3455,39.3700787401575);
#2197=VECTOR('',#3458,39.3700787401575);
#2198=VECTOR('',#3459,39.3700787401575);
#2199=VECTOR('',#3460,39.3700787401575);
#2200=VECTOR('',#3463,39.3700787401575);
#2201=VECTOR('',#3464,39.3700787401575);
#2202=VECTOR('',#3465,39.3700787401575);
#2203=VECTOR('',#3468,39.3700787401575);
#2204=VECTOR('',#3469,39.3700787401575);
#2205=VECTOR('',#3470,39.3700787401575);
#2206=VECTOR('',#3477,39.3700787401575);
#2207=VECTOR('',#3480,39.3700787401575);
#2208=VECTOR('',#3481,39.3700787401575);
#2209=VECTOR('',#3482,39.3700787401575);
#2210=VECTOR('',#3485,39.3700787401575);
#2211=VECTOR('',#3486,39.3700787401575);
#2212=VECTOR('',#3487,39.3700787401575);
#2213=VECTOR('',#3488,39.3700787401575);
#2214=VECTOR('',#3489,39.3700787401575);
#2215=VECTOR('',#3490,39.3700787401575);
#2216=VECTOR('',#3491,39.3700787401575);
#2217=VECTOR('',#3492,39.3700787401575);
#2218=VECTOR('',#3495,39.3700787401575);
#2219=VECTOR('',#3496,39.3700787401575);
#2220=VECTOR('',#3497,39.3700787401575);
#2221=VECTOR('',#3498,39.3700787401575);
#2222=VECTOR('',#3499,39.3700787401575);
#2223=VECTOR('',#3502,39.3700787401575);
#2224=VECTOR('',#3503,39.3700787401575);
#2225=VECTOR('',#3504,39.3700787401575);
#2226=VECTOR('',#3505,39.3700787401575);
#2227=VECTOR('',#3506,39.3700787401575);
#2228=VECTOR('',#3507,39.3700787401575);
#2229=VECTOR('',#3508,39.3700787401575);
#2230=VECTOR('',#3509,39.3700787401575);
#2231=VECTOR('',#3510,39.3700787401575);
#2232=VECTOR('',#3511,39.3700787401575);
#2233=VECTOR('',#3512,39.3700787401575);
#2234=VECTOR('',#3513,39.3700787401575);
#2235=VECTOR('',#3514,39.3700787401575);
#2236=VECTOR('',#3515,39.3700787401575);
#2237=VECTOR('',#3518,39.3700787401575);
#2238=VECTOR('',#3519,39.3700787401575);
#2239=VECTOR('',#3520,39.3700787401575);
#2240=VECTOR('',#3521,39.3700787401575);
#2241=VECTOR('',#3522,39.3700787401575);
#2242=VECTOR('',#3523,39.3700787401575);
#2243=VECTOR('',#3526,39.3700787401575);
#2244=VECTOR('',#3527,39.3700787401575);
#2245=VECTOR('',#3528,39.3700787401575);
#2246=VECTOR('',#3531,39.3700787401575);
#2247=VECTOR('',#3534,39.3700787401575);
#2248=VECTOR('',#3537,39.3700787401575);
#2249=VECTOR('',#3538,39.3700787401575);
#2250=VECTOR('',#3539,39.3700787401575);
#2251=VECTOR('',#3540,39.3700787401575);
#2252=VECTOR('',#3543,39.3700787401575);
#2253=VECTOR('',#3548,39.3700787401575);
#2254=VECTOR('',#3549,39.3700787401575);
#2255=VECTOR('',#3550,39.3700787401575);
#2256=VECTOR('',#3553,39.3700787401575);
#2257=VECTOR('',#3554,39.3700787401575);
#2258=VECTOR('',#3555,39.3700787401575);
#2259=VECTOR('',#3558,39.3700787401575);
#2260=VECTOR('',#3561,39.3700787401575);
#2261=VECTOR('',#3566,39.3700787401575);
#2262=VECTOR('',#3567,39.3700787401575);
#2263=VECTOR('',#3568,39.3700787401575);
#2264=VECTOR('',#3571,39.3700787401575);
#2265=VECTOR('',#3572,39.3700787401575);
#2266=VECTOR('',#3573,39.3700787401575);
#2267=VECTOR('',#3576,39.3700787401575);
#2268=VECTOR('',#3577,39.3700787401575);
#2269=VECTOR('',#3588,39.3700787401575);
#2270=VECTOR('',#3593,39.3700787401575);
#2271=VECTOR('',#3600,39.3700787401575);
#2272=VECTOR('',#3601,39.3700787401575);
#2273=VECTOR('',#3602,39.3700787401575);
#2274=VECTOR('',#3603,39.3700787401575);
#2275=VECTOR('',#3604,39.3700787401575);
#2276=VECTOR('',#3605,39.3700787401575);
#2277=VECTOR('',#3606,39.3700787401575);
#2278=VECTOR('',#3607,39.3700787401575);
#2279=VECTOR('',#3608,39.3700787401575);
#2280=VECTOR('',#3609,39.3700787401575);
#2281=VECTOR('',#3610,39.3700787401575);
#2282=VECTOR('',#3611,39.3700787401575);
#2283=VECTOR('',#3614,39.3700787401575);
#2284=VECTOR('',#3617,39.3700787401575);
#2285=VECTOR('',#3618,39.3700787401575);
#2286=VECTOR('',#3619,39.3700787401575);
#2287=VECTOR('',#3622,39.3700787401575);
#2288=VECTOR('',#3623,39.3700787401575);
#2289=VECTOR('',#3624,39.3700787401575);
#2290=VECTOR('',#3627,39.3700787401575);
#2291=VECTOR('',#3628,39.3700787401575);
#2292=VECTOR('',#3629,39.3700787401575);
#2293=VECTOR('',#3630,39.3700787401575);
#2294=VECTOR('',#3633,39.3700787401575);
#2295=VECTOR('',#3634,39.3700787401575);
#2296=VECTOR('',#3635,39.3700787401575);
#2297=VECTOR('',#3638,39.3700787401575);
#2298=VECTOR('',#3639,39.3700787401575);
#2299=VECTOR('',#3640,39.3700787401575);
#2300=VECTOR('',#3645,39.3700787401575);
#2301=VECTOR('',#3648,39.3700787401575);
#2302=VECTOR('',#3653,39.3700787401575);
#2303=VECTOR('',#3654,39.3700787401575);
#2304=VECTOR('',#3655,39.3700787401575);
#2305=VECTOR('',#3656,39.3700787401575);
#2306=VECTOR('',#3657,39.3700787401575);
#2307=VECTOR('',#3660,39.3700787401575);
#2308=VECTOR('',#3661,39.3700787401575);
#2309=VECTOR('',#3662,39.3700787401575);
#2310=VECTOR('',#3663,39.3700787401575);
#2311=VECTOR('',#3664,39.3700787401575);
#2312=VECTOR('',#3665,39.3700787401575);
#2313=VECTOR('',#3666,39.3700787401575);
#2314=VECTOR('',#3667,39.3700787401575);
#2315=VECTOR('',#3670,39.3700787401575);
#2316=VECTOR('',#3671,39.3700787401575);
#2317=VECTOR('',#3672,39.3700787401575);
#2318=VECTOR('',#3673,39.3700787401575);
#2319=VECTOR('',#3674,39.3700787401575);
#2320=VECTOR('',#3675,39.3700787401575);
#2321=VECTOR('',#3676,39.3700787401575);
#2322=VECTOR('',#3679,39.3700787401575);
#2323=VECTOR('',#3680,39.3700787401575);
#2324=VECTOR('',#3681,39.3700787401575);
#2325=VECTOR('',#3682,39.3700787401575);
#2326=VECTOR('',#3683,39.3700787401575);
#2327=VECTOR('',#3684,39.3700787401575);
#2328=VECTOR('',#3685,39.3700787401575);
#2329=VECTOR('',#3686,39.3700787401575);
#2330=VECTOR('',#3687,39.3700787401575);
#2331=VECTOR('',#3688,39.3700787401575);
#2332=VECTOR('',#3689,39.3700787401575);
#2333=VECTOR('',#3692,39.3700787401575);
#2334=VECTOR('',#3693,39.3700787401575);
#2335=VECTOR('',#3694,39.3700787401575);
#2336=VECTOR('',#3695,39.3700787401575);
#2337=VECTOR('',#3696,39.3700787401575);
#2338=VECTOR('',#3697,39.3700787401575);
#2339=VECTOR('',#3698,39.3700787401575);
#2340=VECTOR('',#3699,39.3700787401575);
#2341=VECTOR('',#3702,39.3700787401575);
#2342=VECTOR('',#3705,39.3700787401575);
#2343=VECTOR('',#3710,39.3700787401575);
#2344=VECTOR('',#3711,39.3700787401575);
#2345=VECTOR('',#3722,39.3700787401575);
#2346=VECTOR('',#3725,39.3700787401575);
#2347=VECTOR('',#3728,39.3700787401575);
#2348=VECTOR('',#3729,39.3700787401575);
#2349=VECTOR('',#3730,39.3700787401575);
#2350=VECTOR('',#3733,39.3700787401575);
#2351=VECTOR('',#3734,39.3700787401575);
#2352=VECTOR('',#3735,39.3700787401575);
#2353=VECTOR('',#3738,39.3700787401575);
#2354=VECTOR('',#3739,39.3700787401575);
#2355=VECTOR('',#3746,39.3700787401575);
#2356=VECTOR('',#3751,39.3700787401575);
#2357=VECTOR('',#3758,39.3700787401575);
#2358=VECTOR('',#3759,39.3700787401575);
#2359=VECTOR('',#3760,39.3700787401575);
#2360=VECTOR('',#3761,39.3700787401575);
#2361=VECTOR('',#3764,39.3700787401575);
#2362=VECTOR('',#3765,39.3700787401575);
#2363=VECTOR('',#3766,39.3700787401575);
#2364=VECTOR('',#3769,39.3700787401575);
#2365=VECTOR('',#3770,39.3700787401575);
#2366=VECTOR('',#3771,39.3700787401575);
#2367=VECTOR('',#3774,39.3700787401575);
#2368=VECTOR('',#3775,39.3700787401575);
#2369=VECTOR('',#3776,39.3700787401575);
#2370=VECTOR('',#3777,39.3700787401575);
#2371=VECTOR('',#3780,39.3700787401575);
#2372=VECTOR('',#3781,39.3700787401575);
#2373=VECTOR('',#3782,39.3700787401575);
#2374=VECTOR('',#3785,39.3700787401575);
#2375=VECTOR('',#3786,39.3700787401575);
#2376=VECTOR('',#3787,39.3700787401575);
#2377=VECTOR('',#3790,39.3700787401575);
#2378=VECTOR('',#3791,39.3700787401575);
#2379=VECTOR('',#3792,39.3700787401575);
#2380=VECTOR('',#3793,39.3700787401575);
#2381=VECTOR('',#3794,39.3700787401575);
#2382=VECTOR('',#3795,39.3700787401575);
#2383=VECTOR('',#3796,39.3700787401575);
#2384=VECTOR('',#3797,39.3700787401575);
#2385=VECTOR('',#3798,39.3700787401575);
#2386=VECTOR('',#3799,39.3700787401575);
#2387=VECTOR('',#3800,39.3700787401575);
#2388=VECTOR('',#3801,39.3700787401575);
#2389=VECTOR('',#3802,39.3700787401575);
#2390=VECTOR('',#3803,39.3700787401575);
#2391=VECTOR('',#3804,39.3700787401575);
#2392=VECTOR('',#3805,39.3700787401575);
#2393=VECTOR('',#3808,39.3700787401575);
#2394=VECTOR('',#3809,39.3700787401575);
#2395=VECTOR('',#3810,39.3700787401575);
#2396=VECTOR('',#3813,39.3700787401575);
#2397=VECTOR('',#3814,39.3700787401575);
#2398=VECTOR('',#3815,39.3700787401575);
#2399=VECTOR('',#3818,39.3700787401575);
#2400=VECTOR('',#3819,39.3700787401575);
#2401=VECTOR('',#3820,39.3700787401575);
#2402=VECTOR('',#3823,39.3700787401575);
#2403=VECTOR('',#3824,39.3700787401575);
#2404=VECTOR('',#3825,39.3700787401575);
#2405=VECTOR('',#3828,39.3700787401575);
#2406=VECTOR('',#3829,39.3700787401575);
#2407=VECTOR('',#3830,39.3700787401575);
#2408=VECTOR('',#3835,39.3700787401575);
#2409=VECTOR('',#3840,39.3700787401575);
#2410=VECTOR('',#3841,39.3700787401575);
#2411=VECTOR('',#3842,39.3700787401575);
#2412=VECTOR('',#3847,39.3700787401575);
#2413=VECTOR('',#3852,39.3700787401575);
#2414=VECTOR('',#3853,39.3700787401575);
#2415=VECTOR('',#3854,39.3700787401575);
#2416=VECTOR('',#3857,39.3700787401575);
#2417=VECTOR('',#3858,39.3700787401575);
#2418=VECTOR('',#3859,39.3700787401575);
#2419=VECTOR('',#3862,39.3700787401575);
#2420=VECTOR('',#3863,39.3700787401575);
#2421=VECTOR('',#3864,39.3700787401575);
#2422=VECTOR('',#3867,39.3700787401575);
#2423=VECTOR('',#3868,39.3700787401575);
#2424=VECTOR('',#3869,39.3700787401575);
#2425=VECTOR('',#3872,39.3700787401575);
#2426=VECTOR('',#3873,39.3700787401575);
#2427=VECTOR('',#3880,39.3700787401575);
#2428=VECTOR('',#3881,39.3700787401575);
#2429=VECTOR('',#3882,39.3700787401575);
#2430=VECTOR('',#3885,39.3700787401575);
#2431=VECTOR('',#3886,39.3700787401575);
#2432=VECTOR('',#3887,39.3700787401575);
#2433=VECTOR('',#3890,39.3700787401575);
#2434=VECTOR('',#3891,39.3700787401575);
#2435=VECTOR('',#3892,39.3700787401575);
#2436=VECTOR('',#3895,39.3700787401575);
#2437=VECTOR('',#3896,39.3700787401575);
#2438=VECTOR('',#3897,39.3700787401575);
#2439=VECTOR('',#3900,39.3700787401575);
#2440=VECTOR('',#3901,39.3700787401575);
#2441=VECTOR('',#3902,39.3700787401575);
#2442=VECTOR('',#3907,39.3700787401575);
#2443=VECTOR('',#3912,39.3700787401575);
#2444=VECTOR('',#3913,39.3700787401575);
#2445=VECTOR('',#3914,39.3700787401575);
#2446=VECTOR('',#3919,39.3700787401575);
#2447=VECTOR('',#3924,39.3700787401575);
#2448=VECTOR('',#3925,39.3700787401575);
#2449=VECTOR('',#3926,39.3700787401575);
#2450=VECTOR('',#3929,39.3700787401575);
#2451=VECTOR('',#3930,39.3700787401575);
#2452=VECTOR('',#3931,39.3700787401575);
#2453=VECTOR('',#3934,39.3700787401575);
#2454=VECTOR('',#3935,39.3700787401575);
#2455=VECTOR('',#3936,39.3700787401575);
#2456=VECTOR('',#3939,39.3700787401575);
#2457=VECTOR('',#3940,39.3700787401575);
#2458=VECTOR('',#3941,39.3700787401575);
#2459=VECTOR('',#3944,39.3700787401575);
#2460=VECTOR('',#3945,39.3700787401575);
#2461=VECTOR('',#3952,39.3700787401575);
#2462=VECTOR('',#3953,39.3700787401575);
#2463=VECTOR('',#3954,39.3700787401575);
#2464=VECTOR('',#3957,39.3700787401575);
#2465=VECTOR('',#3958,39.3700787401575);
#2466=VECTOR('',#3959,39.3700787401575);
#2467=VECTOR('',#3962,39.3700787401575);
#2468=VECTOR('',#3963,39.3700787401575);
#2469=VECTOR('',#3964,39.3700787401575);
#2470=VECTOR('',#3967,39.3700787401575);
#2471=VECTOR('',#3968,39.3700787401575);
#2472=VECTOR('',#3969,39.3700787401575);
#2473=VECTOR('',#3972,39.3700787401575);
#2474=VECTOR('',#3973,39.3700787401575);
#2475=VECTOR('',#3974,39.3700787401575);
#2476=VECTOR('',#3979,39.3700787401575);
#2477=VECTOR('',#3984,39.3700787401575);
#2478=VECTOR('',#3985,39.3700787401575);
#2479=VECTOR('',#3986,39.3700787401575);
#2480=VECTOR('',#3991,39.3700787401575);
#2481=VECTOR('',#3996,39.3700787401575);
#2482=VECTOR('',#3997,39.3700787401575);
#2483=VECTOR('',#3998,39.3700787401575);
#2484=VECTOR('',#4001,39.3700787401575);
#2485=VECTOR('',#4002,39.3700787401575);
#2486=VECTOR('',#4003,39.3700787401575);
#2487=VECTOR('',#4006,39.3700787401575);
#2488=VECTOR('',#4007,39.3700787401575);
#2489=VECTOR('',#4008,39.3700787401575);
#2490=VECTOR('',#4011,39.3700787401575);
#2491=VECTOR('',#4012,39.3700787401575);
#2492=VECTOR('',#4013,39.3700787401575);
#2493=VECTOR('',#4016,39.3700787401575);
#2494=VECTOR('',#4017,39.3700787401575);
#2495=VECTOR('',#4028,39.3700787401575);
#2496=VECTOR('',#4031,39.3700787401575);
#2497=VECTOR('',#4034,39.3700787401575);
#2498=VECTOR('',#4035,39.3700787401575);
#2499=VECTOR('',#4036,39.3700787401575);
#2500=VECTOR('',#4039,39.3700787401575);
#2501=VECTOR('',#4040,39.3700787401575);
#2502=VECTOR('',#4041,39.3700787401575);
#2503=VECTOR('',#4044,39.3700787401575);
#2504=VECTOR('',#4045,39.3700787401575);
#2505=VECTOR('',#4046,39.3700787401575);
#2506=VECTOR('',#4049,39.3700787401575);
#2507=VECTOR('',#4050,39.3700787401575);
#2508=VECTOR('',#4051,39.3700787401575);
#2509=VECTOR('',#4054,39.3700787401575);
#2510=VECTOR('',#4055,39.3700787401575);
#2511=VECTOR('',#4056,39.3700787401575);
#2512=VECTOR('',#4061,39.3700787401575);
#2513=VECTOR('',#4066,39.3700787401575);
#2514=VECTOR('',#4067,39.3700787401575);
#2515=VECTOR('',#4068,39.3700787401575);
#2516=VECTOR('',#4073,39.3700787401575);
#2517=VECTOR('',#4078,39.3700787401575);
#2518=VECTOR('',#4079,39.3700787401575);
#2519=VECTOR('',#4080,39.3700787401575);
#2520=VECTOR('',#4085,39.3700787401575);
#2521=VECTOR('',#4090,39.3700787401575);
#2522=VECTOR('',#4091,39.3700787401575);
#2523=VECTOR('',#4092,39.3700787401575);
#2524=VECTOR('',#4097,39.3700787401575);
#2525=VECTOR('',#4102,39.3700787401575);
#2526=VECTOR('',#4103,39.3700787401575);
#2527=VECTOR('',#4104,39.3700787401575);
#2528=VECTOR('',#4109,39.3700787401575);
#2529=VECTOR('',#4114,39.3700787401575);
#2530=VECTOR('',#4115,39.3700787401575);
#2531=VECTOR('',#4116,39.3700787401575);
#2532=VECTOR('',#4121,39.3700787401575);
#2533=VECTOR('',#4126,39.3700787401575);
#2534=VECTOR('',#4127,39.3700787401575);
#2535=VECTOR('',#4128,39.3700787401575);
#2536=VECTOR('',#4133,39.3700787401575);
#2537=VECTOR('',#4138,39.3700787401575);
#2538=VECTOR('',#4139,39.3700787401575);
#2539=VECTOR('',#4140,39.3700787401575);
#2540=VECTOR('',#4145,39.3700787401575);
#2541=VECTOR('',#4150,39.3700787401575);
#2542=VECTOR('',#4151,39.3700787401575);
#2543=VECTOR('',#4152,39.3700787401575);
#2544=VECTOR('',#4157,39.3700787401575);
#2545=VECTOR('',#4162,39.3700787401575);
#2546=VECTOR('',#4163,39.3700787401575);
#2547=VECTOR('',#4164,39.3700787401575);
#2548=VECTOR('',#4169,39.3700787401575);
#2549=VECTOR('',#4174,39.3700787401575);
#2550=VECTOR('',#4175,39.3700787401575);
#2551=VECTOR('',#4176,39.3700787401575);
#2552=VECTOR('',#4181,39.3700787401575);
#2553=VECTOR('',#4186,39.3700787401575);
#2554=VECTOR('',#4187,39.3700787401575);
#2555=VECTOR('',#4188,39.3700787401575);
#2556=VECTOR('',#4193,39.3700787401575);
#2557=VECTOR('',#4198,39.3700787401575);
#2558=VECTOR('',#4199,39.3700787401575);
#2559=VECTOR('',#4200,39.3700787401575);
#2560=VECTOR('',#4205,39.3700787401575);
#2561=VECTOR('',#4210,39.3700787401575);
#2562=VECTOR('',#4211,39.3700787401575);
#2563=VECTOR('',#4212,39.3700787401575);
#2564=VECTOR('',#4217,39.3700787401575);
#2565=VECTOR('',#4222,39.3700787401575);
#2566=VECTOR('',#4223,39.3700787401575);
#2567=EDGE_LOOP('',(#117,#118,#119,#120));
#2568=EDGE_LOOP('',(#121,#122,#123,#124,#125,#126));
#2569=EDGE_LOOP('',(#127,#128,#129,#130));
#2570=EDGE_LOOP('',(#131,#132,#133,#134,#135,#136));
#2571=EDGE_LOOP('',(#137,#138,#139,#140,#141,#142,#143,#144,#145,#146));
#2572=EDGE_LOOP('',(#147,#148,#149,#150));
#2573=EDGE_LOOP('',(#151,#152,#153,#154));
#2574=EDGE_LOOP('',(#155,#156,#157,#158));
#2575=EDGE_LOOP('',(#159,#160,#161,#162));
#2576=EDGE_LOOP('',(#163,#164,#165,#166));
#2577=EDGE_LOOP('',(#167,#168,#169,#170));
#2578=EDGE_LOOP('',(#171,#172,#173,#174));
#2579=EDGE_LOOP('',(#175,#176,#177,#178,#179,#180,#181,#182,#183,#184));
#2580=EDGE_LOOP('',(#185,#186,#187,#188,#189,#190));
#2581=EDGE_LOOP('',(#191,#192,#193,#194,#195,#196,#197,#198,#199,#200,#201,
#202,#203,#204,#205,#206));
#2582=EDGE_LOOP('',(#207,#208,#209,#210,#211,#212,#213,#214,#215,#216,#217,
#218,#219,#220,#221,#222,#223,#224,#225,#226));
#2583=EDGE_LOOP('',(#227,#228,#229,#230,#231,#232));
#2584=EDGE_LOOP('',(#233,#234,#235,#236));
#2585=EDGE_LOOP('',(#237,#238,#239,#240));
#2586=EDGE_LOOP('',(#241,#242,#243,#244,#245,#246,#247,#248,#249,#250,#251,
#252,#253,#254,#255,#256));
#2587=EDGE_LOOP('',(#257,#258,#259,#260));
#2588=EDGE_LOOP('',(#261,#262,#263,#264));
#2589=EDGE_LOOP('',(#265,#266,#267,#268));
#2590=EDGE_LOOP('',(#269,#270,#271,#272));
#2591=EDGE_LOOP('',(#273,#274,#275,#276,#277));
#2592=EDGE_LOOP('',(#278,#279,#280,#281,#282));
#2593=EDGE_LOOP('',(#283,#284,#285,#286));
#2594=EDGE_LOOP('',(#287,#288,#289,#290,#291));
#2595=EDGE_LOOP('',(#292,#293,#294,#295,#296));
#2596=EDGE_LOOP('',(#297,#298,#299,#300));
#2597=EDGE_LOOP('',(#301,#302,#303,#304));
#2598=EDGE_LOOP('',(#305,#306,#307,#308));
#2599=EDGE_LOOP('',(#309,#310,#311,#312));
#2600=EDGE_LOOP('',(#313,#314,#315,#316));
#2601=EDGE_LOOP('',(#317,#318,#319,#320));
#2602=EDGE_LOOP('',(#321,#322,#323,#324));
#2603=EDGE_LOOP('',(#325,#326,#327,#328));
#2604=EDGE_LOOP('',(#329,#330,#331,#332));
#2605=EDGE_LOOP('',(#333,#334,#335,#336));
#2606=EDGE_LOOP('',(#337,#338,#339,#340,#341,#342,#343,#344,#345,#346,#347,
#348,#349,#350));
#2607=EDGE_LOOP('',(#351,#352,#353,#354));
#2608=EDGE_LOOP('',(#355,#356,#357,#358));
#2609=EDGE_LOOP('',(#359,#360,#361,#362));
#2610=EDGE_LOOP('',(#363,#364,#365,#366));
#2611=EDGE_LOOP('',(#367,#368,#369,#370));
#2612=EDGE_LOOP('',(#371,#372,#373,#374));
#2613=EDGE_LOOP('',(#375,#376,#377,#378));
#2614=EDGE_LOOP('',(#379,#380,#381,#382));
#2615=EDGE_LOOP('',(#383,#384,#385,#386,#387,#388,#389,#390,#391,#392));
#2616=EDGE_LOOP('',(#393,#394,#395,#396));
#2617=EDGE_LOOP('',(#397,#398,#399,#400,#401,#402,#403,#404));
#2618=EDGE_LOOP('',(#405,#406,#407,#408,#409,#410,#411,#412,#413,#414,#415,
#416));
#2619=EDGE_LOOP('',(#417,#418,#419,#420,#421,#422,#423,#424,#425,#426,#427,
#428,#429,#430,#431,#432,#433,#434,#435,#436));
#2620=EDGE_LOOP('',(#437,#438,#439,#440));
#2621=EDGE_LOOP('',(#441,#442,#443,#444));
#2622=EDGE_LOOP('',(#445,#446,#447,#448));
#2623=EDGE_LOOP('',(#449,#450,#451,#452));
#2624=EDGE_LOOP('',(#453,#454,#455,#456));
#2625=EDGE_LOOP('',(#457,#458,#459,#460));
#2626=EDGE_LOOP('',(#461,#462,#463,#464));
#2627=EDGE_LOOP('',(#465,#466,#467,#468));
#2628=EDGE_LOOP('',(#469,#470,#471,#472));
#2629=EDGE_LOOP('',(#473,#474,#475,#476));
#2630=EDGE_LOOP('',(#477,#478,#479,#480));
#2631=EDGE_LOOP('',(#481,#482,#483,#484));
#2632=EDGE_LOOP('',(#485,#486,#487,#488));
#2633=EDGE_LOOP('',(#489,#490,#491,#492));
#2634=EDGE_LOOP('',(#493,#494,#495,#496));
#2635=EDGE_LOOP('',(#497,#498,#499,#500));
#2636=EDGE_LOOP('',(#501,#502,#503,#504));
#2637=EDGE_LOOP('',(#505,#506,#507,#508));
#2638=EDGE_LOOP('',(#509,#510,#511,#512));
#2639=EDGE_LOOP('',(#513,#514,#515,#516));
#2640=EDGE_LOOP('',(#517,#518,#519,#520));
#2641=EDGE_LOOP('',(#521,#522,#523,#524));
#2642=EDGE_LOOP('',(#525,#526,#527,#528));
#2643=EDGE_LOOP('',(#529,#530,#531,#532));
#2644=EDGE_LOOP('',(#533,#534,#535,#536));
#2645=EDGE_LOOP('',(#537,#538,#539,#540,#541,#542,#543,#544,#545,#546,#547,
#548,#549,#550,#551,#552,#553,#554,#555,#556));
#2646=EDGE_LOOP('',(#557,#558,#559,#560));
#2647=EDGE_LOOP('',(#561,#562,#563,#564));
#2648=EDGE_LOOP('',(#565,#566,#567,#568));
#2649=EDGE_LOOP('',(#569,#570,#571,#572));
#2650=EDGE_LOOP('',(#573,#574,#575,#576));
#2651=EDGE_LOOP('',(#577,#578,#579,#580));
#2652=EDGE_LOOP('',(#581,#582,#583,#584));
#2653=EDGE_LOOP('',(#585,#586,#587,#588));
#2654=EDGE_LOOP('',(#589,#590,#591,#592));
#2655=EDGE_LOOP('',(#593,#594,#595,#596));
#2656=EDGE_LOOP('',(#597,#598,#599,#600));
#2657=EDGE_LOOP('',(#601,#602,#603,#604));
#2658=EDGE_LOOP('',(#605,#606,#607,#608));
#2659=EDGE_LOOP('',(#609,#610,#611,#612,#613,#614,#615,#616,#617,#618,#619,
#620,#621,#622,#623,#624,#625,#626));
#2660=EDGE_LOOP('',(#627,#628,#629,#630,#631,#632,#633,#634,#635,#636,#637,
#638,#639,#640,#641,#642,#643,#644));
#2661=EDGE_LOOP('',(#645,#646,#647,#648));
#2662=EDGE_LOOP('',(#649,#650,#651,#652));
#2663=EDGE_LOOP('',(#653,#654,#655,#656));
#2664=EDGE_LOOP('',(#657,#658,#659,#660));
#2665=EDGE_LOOP('',(#661,#662,#663,#664));
#2666=EDGE_LOOP('',(#665,#666,#667,#668));
#2667=EDGE_LOOP('',(#669,#670,#671,#672));
#2668=EDGE_LOOP('',(#673,#674,#675,#676));
#2669=EDGE_LOOP('',(#677,#678,#679,#680));
#2670=EDGE_LOOP('',(#681,#682,#683,#684));
#2671=EDGE_LOOP('',(#685,#686,#687,#688));
#2672=EDGE_LOOP('',(#689,#690,#691,#692));
#2673=EDGE_LOOP('',(#693,#694,#695,#696));
#2674=EDGE_LOOP('',(#697,#698,#699,#700,#701,#702,#703,#704,#705,#706,#707,
#708,#709,#710,#711,#712,#713,#714));
#2675=EDGE_LOOP('',(#715,#716,#717,#718,#719,#720,#721,#722,#723,#724,#725,
#726,#727,#728));
#2676=EDGE_LOOP('',(#729,#730,#731,#732));
#2677=EDGE_LOOP('',(#733,#734,#735,#736));
#2678=EDGE_LOOP('',(#737,#738,#739,#740));
#2679=EDGE_LOOP('',(#741,#742,#743,#744));
#2680=EDGE_LOOP('',(#745,#746,#747,#748));
#2681=EDGE_LOOP('',(#749,#750,#751,#752));
#2682=EDGE_LOOP('',(#753,#754,#755,#756));
#2683=EDGE_LOOP('',(#757,#758,#759,#760));
#2684=EDGE_LOOP('',(#761,#762,#763,#764));
#2685=EDGE_LOOP('',(#765,#766,#767,#768));
#2686=EDGE_LOOP('',(#769,#770,#771,#772));
#2687=EDGE_LOOP('',(#773,#774,#775,#776));
#2688=EDGE_LOOP('',(#777,#778,#779,#780));
#2689=EDGE_LOOP('',(#781,#782,#783,#784,#785,#786,#787,#788,#789,#790,#791,
#792,#793,#794));
#2690=EDGE_LOOP('',(#795,#796,#797,#798,#799,#800,#801,#802,#803,#804,#805,
#806,#807,#808,#809,#810,#811,#812));
#2691=EDGE_LOOP('',(#813,#814,#815,#816));
#2692=EDGE_LOOP('',(#817,#818,#819,#820));
#2693=EDGE_LOOP('',(#821,#822,#823,#824));
#2694=EDGE_LOOP('',(#825,#826,#827,#828));
#2695=EDGE_LOOP('',(#829,#830,#831,#832));
#2696=EDGE_LOOP('',(#833,#834,#835,#836));
#2697=EDGE_LOOP('',(#837,#838,#839,#840));
#2698=EDGE_LOOP('',(#841,#842,#843,#844));
#2699=EDGE_LOOP('',(#845,#846,#847,#848));
#2700=EDGE_LOOP('',(#849,#850,#851,#852));
#2701=EDGE_LOOP('',(#853,#854,#855,#856));
#2702=EDGE_LOOP('',(#857,#858,#859,#860));
#2703=EDGE_LOOP('',(#861,#862,#863,#864));
#2704=EDGE_LOOP('',(#865,#866,#867,#868));
#2705=EDGE_LOOP('',(#869,#870,#871,#872));
#2706=EDGE_LOOP('',(#873,#874,#875,#876));
#2707=EDGE_LOOP('',(#877,#878,#879,#880));
#2708=EDGE_LOOP('',(#881,#882,#883,#884));
#2709=EDGE_LOOP('',(#885,#886,#887,#888));
#2710=EDGE_LOOP('',(#889,#890,#891,#892));
#2711=EDGE_LOOP('',(#893,#894,#895,#896));
#2712=EDGE_LOOP('',(#897,#898,#899,#900));
#2713=EDGE_LOOP('',(#901,#902,#903,#904));
#2714=EDGE_LOOP('',(#905,#906,#907,#908));
#2715=EDGE_LOOP('',(#909,#910,#911,#912));
#2716=EDGE_LOOP('',(#913,#914,#915,#916));
#2717=EDGE_LOOP('',(#917,#918,#919,#920));
#2718=EDGE_LOOP('',(#921,#922,#923,#924));
#2719=EDGE_LOOP('',(#925,#926,#927,#928));
#2720=EDGE_LOOP('',(#929,#930,#931,#932));
#2721=EDGE_LOOP('',(#933,#934,#935,#936));
#2722=EDGE_LOOP('',(#937,#938,#939,#940));
#2723=EDGE_LOOP('',(#941,#942,#943,#944));
#2724=EDGE_LOOP('',(#945,#946,#947,#948));
#2725=EDGE_LOOP('',(#949,#950,#951,#952,#953,#954,#955,#956,#957,#958,#959,
#960,#961,#962,#963,#964,#965,#966,#967,#968,#969,#970,#971,#972,#973,#974,
#975,#976,#977,#978,#979,#980,#981,#982));
#2726=EDGE_LOOP('',(#983,#984,#985,#986,#987,#988,#989,#990,#991,#992,#993,
#994,#995,#996,#997,#998,#999,#1000,#1001,#1002,#1003,#1004,#1005,#1006,
#1007,#1008,#1009,#1010,#1011,#1012,#1013,#1014,#1015,#1016));
#2727=FACE_BOUND('',#2567,.T.);
#2728=FACE_BOUND('',#2568,.T.);
#2729=FACE_BOUND('',#2569,.T.);
#2730=FACE_BOUND('',#2570,.T.);
#2731=FACE_BOUND('',#2571,.T.);
#2732=FACE_BOUND('',#2572,.T.);
#2733=FACE_BOUND('',#2573,.T.);
#2734=FACE_BOUND('',#2574,.T.);
#2735=FACE_BOUND('',#2575,.T.);
#2736=FACE_BOUND('',#2576,.T.);
#2737=FACE_BOUND('',#2577,.T.);
#2738=FACE_BOUND('',#2578,.T.);
#2739=FACE_BOUND('',#2579,.T.);
#2740=FACE_BOUND('',#2580,.T.);
#2741=FACE_BOUND('',#2581,.T.);
#2742=FACE_BOUND('',#2582,.T.);
#2743=FACE_BOUND('',#2583,.T.);
#2744=FACE_BOUND('',#2584,.T.);
#2745=FACE_BOUND('',#2585,.T.);
#2746=FACE_BOUND('',#2586,.T.);
#2747=FACE_BOUND('',#2587,.T.);
#2748=FACE_BOUND('',#2588,.T.);
#2749=FACE_BOUND('',#2589,.T.);
#2750=FACE_BOUND('',#2590,.T.);
#2751=FACE_BOUND('',#2591,.T.);
#2752=FACE_BOUND('',#2592,.T.);
#2753=FACE_BOUND('',#2593,.T.);
#2754=FACE_BOUND('',#2594,.T.);
#2755=FACE_BOUND('',#2595,.T.);
#2756=FACE_BOUND('',#2596,.T.);
#2757=FACE_BOUND('',#2597,.T.);
#2758=FACE_BOUND('',#2598,.T.);
#2759=FACE_BOUND('',#2599,.T.);
#2760=FACE_BOUND('',#2600,.T.);
#2761=FACE_BOUND('',#2601,.T.);
#2762=FACE_BOUND('',#2602,.T.);
#2763=FACE_BOUND('',#2603,.T.);
#2764=FACE_BOUND('',#2604,.T.);
#2765=FACE_BOUND('',#2605,.T.);
#2766=FACE_BOUND('',#2606,.T.);
#2767=FACE_BOUND('',#2607,.T.);
#2768=FACE_BOUND('',#2608,.T.);
#2769=FACE_BOUND('',#2609,.T.);
#2770=FACE_BOUND('',#2610,.T.);
#2771=FACE_BOUND('',#2611,.T.);
#2772=FACE_BOUND('',#2612,.T.);
#2773=FACE_BOUND('',#2613,.T.);
#2774=FACE_BOUND('',#2614,.T.);
#2775=FACE_BOUND('',#2615,.T.);
#2776=FACE_BOUND('',#2616,.T.);
#2777=FACE_BOUND('',#2617,.T.);
#2778=FACE_BOUND('',#2618,.T.);
#2779=FACE_BOUND('',#2619,.T.);
#2780=FACE_BOUND('',#2620,.T.);
#2781=FACE_BOUND('',#2621,.T.);
#2782=FACE_BOUND('',#2622,.T.);
#2783=FACE_BOUND('',#2623,.T.);
#2784=FACE_BOUND('',#2624,.T.);
#2785=FACE_BOUND('',#2625,.T.);
#2786=FACE_BOUND('',#2626,.T.);
#2787=FACE_BOUND('',#2627,.T.);
#2788=FACE_BOUND('',#2628,.T.);
#2789=FACE_BOUND('',#2629,.T.);
#2790=FACE_BOUND('',#2630,.T.);
#2791=FACE_BOUND('',#2631,.T.);
#2792=FACE_BOUND('',#2632,.T.);
#2793=FACE_BOUND('',#2633,.T.);
#2794=FACE_BOUND('',#2634,.T.);
#2795=FACE_BOUND('',#2635,.T.);
#2796=FACE_BOUND('',#2636,.T.);
#2797=FACE_BOUND('',#2637,.T.);
#2798=FACE_BOUND('',#2638,.T.);
#2799=FACE_BOUND('',#2639,.T.);
#2800=FACE_BOUND('',#2640,.T.);
#2801=FACE_BOUND('',#2641,.T.);
#2802=FACE_BOUND('',#2642,.T.);
#2803=FACE_BOUND('',#2643,.T.);
#2804=FACE_BOUND('',#2644,.T.);
#2805=FACE_BOUND('',#2645,.T.);
#2806=FACE_BOUND('',#2646,.T.);
#2807=FACE_BOUND('',#2647,.T.);
#2808=FACE_BOUND('',#2648,.T.);
#2809=FACE_BOUND('',#2649,.T.);
#2810=FACE_BOUND('',#2650,.T.);
#2811=FACE_BOUND('',#2651,.T.);
#2812=FACE_BOUND('',#2652,.T.);
#2813=FACE_BOUND('',#2653,.T.);
#2814=FACE_BOUND('',#2654,.T.);
#2815=FACE_BOUND('',#2655,.T.);
#2816=FACE_BOUND('',#2656,.T.);
#2817=FACE_BOUND('',#2657,.T.);
#2818=FACE_BOUND('',#2658,.T.);
#2819=FACE_BOUND('',#2659,.T.);
#2820=FACE_BOUND('',#2660,.T.);
#2821=FACE_BOUND('',#2661,.T.);
#2822=FACE_BOUND('',#2662,.T.);
#2823=FACE_BOUND('',#2663,.T.);
#2824=FACE_BOUND('',#2664,.T.);
#2825=FACE_BOUND('',#2665,.T.);
#2826=FACE_BOUND('',#2666,.T.);
#2827=FACE_BOUND('',#2667,.T.);
#2828=FACE_BOUND('',#2668,.T.);
#2829=FACE_BOUND('',#2669,.T.);
#2830=FACE_BOUND('',#2670,.T.);
#2831=FACE_BOUND('',#2671,.T.);
#2832=FACE_BOUND('',#2672,.T.);
#2833=FACE_BOUND('',#2673,.T.);
#2834=FACE_BOUND('',#2674,.T.);
#2835=FACE_BOUND('',#2675,.T.);
#2836=FACE_BOUND('',#2676,.T.);
#2837=FACE_BOUND('',#2677,.T.);
#2838=FACE_BOUND('',#2678,.T.);
#2839=FACE_BOUND('',#2679,.T.);
#2840=FACE_BOUND('',#2680,.T.);
#2841=FACE_BOUND('',#2681,.T.);
#2842=FACE_BOUND('',#2682,.T.);
#2843=FACE_BOUND('',#2683,.T.);
#2844=FACE_BOUND('',#2684,.T.);
#2845=FACE_BOUND('',#2685,.T.);
#2846=FACE_BOUND('',#2686,.T.);
#2847=FACE_BOUND('',#2687,.T.);
#2848=FACE_BOUND('',#2688,.T.);
#2849=FACE_BOUND('',#2689,.T.);
#2850=FACE_BOUND('',#2690,.T.);
#2851=FACE_BOUND('',#2691,.T.);
#2852=FACE_BOUND('',#2692,.T.);
#2853=FACE_BOUND('',#2693,.T.);
#2854=FACE_BOUND('',#2694,.T.);
#2855=FACE_BOUND('',#2695,.T.);
#2856=FACE_BOUND('',#2696,.T.);
#2857=FACE_BOUND('',#2697,.T.);
#2858=FACE_BOUND('',#2698,.T.);
#2859=FACE_BOUND('',#2699,.T.);
#2860=FACE_BOUND('',#2700,.T.);
#2861=FACE_BOUND('',#2701,.T.);
#2862=FACE_BOUND('',#2702,.T.);
#2863=FACE_BOUND('',#2703,.T.);
#2864=FACE_BOUND('',#2704,.T.);
#2865=FACE_BOUND('',#2705,.T.);
#2866=FACE_BOUND('',#2706,.T.);
#2867=FACE_BOUND('',#2707,.T.);
#2868=FACE_BOUND('',#2708,.T.);
#2869=FACE_BOUND('',#2709,.T.);
#2870=FACE_BOUND('',#2710,.T.);
#2871=FACE_BOUND('',#2711,.T.);
#2872=FACE_BOUND('',#2712,.T.);
#2873=FACE_BOUND('',#2713,.T.);
#2874=FACE_BOUND('',#2714,.T.);
#2875=FACE_BOUND('',#2715,.T.);
#2876=FACE_BOUND('',#2716,.T.);
#2877=FACE_BOUND('',#2717,.T.);
#2878=FACE_BOUND('',#2718,.T.);
#2879=FACE_BOUND('',#2719,.T.);
#2880=FACE_BOUND('',#2720,.T.);
#2881=FACE_BOUND('',#2721,.T.);
#2882=FACE_BOUND('',#2722,.T.);
#2883=FACE_BOUND('',#2723,.T.);
#2884=FACE_BOUND('',#2724,.T.);
#2885=FACE_BOUND('',#2725,.T.);
#2886=FACE_BOUND('',#2726,.T.);
#2887=PLANE('',#3195);
#2888=PLANE('',#3196);
#2889=PLANE('',#3197);
#2890=PLANE('',#3198);
#2891=PLANE('',#3199);
#2892=PLANE('',#3200);
#2893=PLANE('',#3204);
#2894=PLANE('',#3205);
#2895=PLANE('',#3206);
#2896=PLANE('',#3210);
#2897=PLANE('',#3211);
#2898=PLANE('',#3212);
#2899=PLANE('',#3213);
#2900=PLANE('',#3214);
#2901=PLANE('',#3215);
#2902=PLANE('',#3216);
#2903=PLANE('',#3217);
#2904=PLANE('',#3218);
#2905=PLANE('',#3219);
#2906=PLANE('',#3220);
#2907=PLANE('',#3221);
#2908=PLANE('',#3222);
#2909=PLANE('',#3223);
#2910=PLANE('',#3224);
#2911=PLANE('',#3225);
#2912=PLANE('',#3226);
#2913=PLANE('',#3227);
#2914=PLANE('',#3228);
#2915=PLANE('',#3229);
#2916=PLANE('',#3230);
#2917=PLANE('',#3231);
#2918=PLANE('',#3232);
#2919=PLANE('',#3233);
#2920=PLANE('',#3234);
#2921=PLANE('',#3235);
#2922=PLANE('',#3236);
#2923=PLANE('',#3238);
#2924=PLANE('',#3241);
#2925=PLANE('',#3242);
#2926=PLANE('',#3243);
#2927=PLANE('',#3244);
#2928=PLANE('',#3249);
#2929=PLANE('',#3250);
#2930=PLANE('',#3251);
#2931=PLANE('',#3252);
#2932=PLANE('',#3253);
#2933=PLANE('',#3254);
#2934=PLANE('',#3255);
#2935=PLANE('',#3256);
#2936=PLANE('',#3257);
#2937=PLANE('',#3258);
#2938=PLANE('',#3259);
#2939=PLANE('',#3260);
#2940=PLANE('',#3261);
#2941=PLANE('',#3262);
#2942=PLANE('',#3263);
#2943=PLANE('',#3264);
#2944=PLANE('',#3265);
#2945=PLANE('',#3266);
#2946=PLANE('',#3267);
#2947=PLANE('',#3268);
#2948=PLANE('',#3269);
#2949=PLANE('',#3270);
#2950=PLANE('',#3271);
#2951=PLANE('',#3272);
#2952=PLANE('',#3274);
#2953=PLANE('',#3275);
#2954=PLANE('',#3276);
#2955=PLANE('',#3277);
#2956=PLANE('',#3278);
#2957=PLANE('',#3279);
#2958=PLANE('',#3280);
#2959=PLANE('',#3281);
#2960=PLANE('',#3282);
#2961=PLANE('',#3283);
#2962=PLANE('',#3284);
#2963=PLANE('',#3285);
#2964=PLANE('',#3289);
#2965=PLANE('',#3293);
#2966=PLANE('',#3294);
#2967=PLANE('',#3295);
#2968=PLANE('',#3296);
#2969=PLANE('',#3297);
#2970=PLANE('',#3298);
#2971=PLANE('',#3299);
#2972=PLANE('',#3300);
#2973=PLANE('',#3301);
#2974=PLANE('',#3302);
#2975=PLANE('',#3303);
#2976=PLANE('',#3304);
#2977=PLANE('',#3308);
#2978=PLANE('',#3312);
#2979=PLANE('',#3313);
#2980=PLANE('',#3314);
#2981=PLANE('',#3315);
#2982=PLANE('',#3316);
#2983=PLANE('',#3317);
#2984=PLANE('',#3318);
#2985=PLANE('',#3319);
#2986=PLANE('',#3320);
#2987=PLANE('',#3321);
#2988=PLANE('',#3322);
#2989=PLANE('',#3323);
#2990=PLANE('',#3327);
#2991=PLANE('',#3331);
#2992=PLANE('',#3332);
#2993=PLANE('',#3333);
#2994=PLANE('',#3334);
#2995=PLANE('',#3335);
#2996=PLANE('',#3336);
#2997=PLANE('',#3337);
#2998=PLANE('',#3342);
#2999=PLANE('',#3343);
#3000=PLANE('',#3344);
#3001=PLANE('',#3345);
#3002=PLANE('',#3346);
#3003=PLANE('',#3350);
#3004=PLANE('',#3354);
#3005=PLANE('',#3358);
#3006=PLANE('',#3362);
#3007=PLANE('',#3366);
#3008=PLANE('',#3370);
#3009=PLANE('',#3374);
#3010=PLANE('',#3378);
#3011=PLANE('',#3382);
#3012=PLANE('',#3386);
#3013=PLANE('',#3390);
#3014=PLANE('',#3394);
#3015=PLANE('',#3398);
#3016=PLANE('',#3402);
#3017=PLANE('',#3403);
#3018=PLANE('',#3404);
#3019=ADVANCED_FACE('',(#2727),#2887,.F.);
#3020=ADVANCED_FACE('',(#2728),#2888,.T.);
#3021=ADVANCED_FACE('',(#2729),#2889,.F.);
#3022=ADVANCED_FACE('',(#2730),#2890,.F.);
#3023=ADVANCED_FACE('',(#2731),#2891,.F.);
#3024=ADVANCED_FACE('',(#2732),#2892,.F.);
#3025=ADVANCED_FACE('',(#2733),#92,.T.);
#3026=ADVANCED_FACE('',(#2734),#2893,.F.);
#3027=ADVANCED_FACE('',(#2735),#2894,.F.);
#3028=ADVANCED_FACE('',(#2736),#2895,.F.);
#3029=ADVANCED_FACE('',(#2737),#93,.T.);
#3030=ADVANCED_FACE('',(#2738),#2896,.F.);
#3031=ADVANCED_FACE('',(#2739),#2897,.F.);
#3032=ADVANCED_FACE('',(#2740),#2898,.F.);
#3033=ADVANCED_FACE('',(#2741),#2899,.F.);
#3034=ADVANCED_FACE('',(#2742),#2900,.F.);
#3035=ADVANCED_FACE('',(#2743),#2901,.T.);
#3036=ADVANCED_FACE('',(#2744),#2902,.F.);
#3037=ADVANCED_FACE('',(#2745),#2903,.F.);
#3038=ADVANCED_FACE('',(#2746),#2904,.F.);
#3039=ADVANCED_FACE('',(#2747),#2905,.F.);
#3040=ADVANCED_FACE('',(#2748),#2906,.F.);
#3041=ADVANCED_FACE('',(#2749),#2907,.F.);
#3042=ADVANCED_FACE('',(#2750),#2908,.F.);
#3043=ADVANCED_FACE('',(#2751),#2909,.F.);
#3044=ADVANCED_FACE('',(#2752),#2910,.T.);
#3045=ADVANCED_FACE('',(#2753),#2911,.F.);
#3046=ADVANCED_FACE('',(#2754),#2912,.T.);
#3047=ADVANCED_FACE('',(#2755),#2913,.F.);
#3048=ADVANCED_FACE('',(#2756),#2914,.F.);
#3049=ADVANCED_FACE('',(#2757),#2915,.F.);
#3050=ADVANCED_FACE('',(#2758),#2916,.F.);
#3051=ADVANCED_FACE('',(#2759),#2917,.F.);
#3052=ADVANCED_FACE('',(#2760),#2918,.F.);
#3053=ADVANCED_FACE('',(#2761),#2919,.F.);
#3054=ADVANCED_FACE('',(#2762),#2920,.F.);
#3055=ADVANCED_FACE('',(#2763),#2921,.F.);
#3056=ADVANCED_FACE('',(#2764),#2922,.F.);
#3057=ADVANCED_FACE('',(#2765,#2766),#2923,.F.);
#3058=ADVANCED_FACE('',(#2767),#2924,.F.);
#3059=ADVANCED_FACE('',(#2768),#2925,.F.);
#3060=ADVANCED_FACE('',(#2769),#2926,.F.);
#3061=ADVANCED_FACE('',(#2770),#2927,.F.);
#3062=ADVANCED_FACE('',(#2771),#94,.T.);
#3063=ADVANCED_FACE('',(#2772),#95,.T.);
#3064=ADVANCED_FACE('',(#2773,#2774),#2928,.F.);
#3065=ADVANCED_FACE('',(#2775,#2776),#2929,.T.);
#3066=ADVANCED_FACE('',(#2777),#2930,.T.);
#3067=ADVANCED_FACE('',(#2778),#2931,.T.);
#3068=ADVANCED_FACE('',(#2779),#2932,.T.);
#3069=ADVANCED_FACE('',(#2780),#2933,.F.);
#3070=ADVANCED_FACE('',(#2781),#2934,.T.);
#3071=ADVANCED_FACE('',(#2782),#2935,.T.);
#3072=ADVANCED_FACE('',(#2783),#2936,.T.);
#3073=ADVANCED_FACE('',(#2784),#2937,.F.);
#3074=ADVANCED_FACE('',(#2785),#2938,.T.);
#3075=ADVANCED_FACE('',(#2786),#2939,.F.);
#3076=ADVANCED_FACE('',(#2787),#2940,.F.);
#3077=ADVANCED_FACE('',(#2788),#2941,.F.);
#3078=ADVANCED_FACE('',(#2789),#2942,.F.);
#3079=ADVANCED_FACE('',(#2790),#2943,.T.);
#3080=ADVANCED_FACE('',(#2791),#2944,.T.);
#3081=ADVANCED_FACE('',(#2792),#2945,.T.);
#3082=ADVANCED_FACE('',(#2793),#2946,.F.);
#3083=ADVANCED_FACE('',(#2794),#2947,.T.);
#3084=ADVANCED_FACE('',(#2795),#2948,.F.);
#3085=ADVANCED_FACE('',(#2796),#2949,.F.);
#3086=ADVANCED_FACE('',(#2797),#2950,.F.);
#3087=ADVANCED_FACE('',(#2798),#2951,.F.);
#3088=ADVANCED_FACE('',(#2799),#2952,.F.);
#3089=ADVANCED_FACE('',(#2800),#2953,.T.);
#3090=ADVANCED_FACE('',(#2801),#2954,.F.);
#3091=ADVANCED_FACE('',(#2802),#2955,.F.);
#3092=ADVANCED_FACE('',(#2803),#2956,.T.);
#3093=ADVANCED_FACE('',(#2804),#2957,.F.);
#3094=ADVANCED_FACE('',(#2805),#2958,.F.);
#3095=ADVANCED_FACE('',(#2806),#2959,.F.);
#3096=ADVANCED_FACE('',(#2807),#2960,.F.);
#3097=ADVANCED_FACE('',(#2808),#2961,.F.);
#3098=ADVANCED_FACE('',(#2809),#2962,.F.);
#3099=ADVANCED_FACE('',(#2810),#2963,.F.);
#3100=ADVANCED_FACE('',(#2811),#96,.T.);
#3101=ADVANCED_FACE('',(#2812),#2964,.F.);
#3102=ADVANCED_FACE('',(#2813),#97,.T.);
#3103=ADVANCED_FACE('',(#2814),#2965,.F.);
#3104=ADVANCED_FACE('',(#2815),#2966,.F.);
#3105=ADVANCED_FACE('',(#2816),#2967,.F.);
#3106=ADVANCED_FACE('',(#2817),#2968,.F.);
#3107=ADVANCED_FACE('',(#2818),#2969,.F.);
#3108=ADVANCED_FACE('',(#2819),#2970,.T.);
#3109=ADVANCED_FACE('',(#2820),#2971,.F.);
#3110=ADVANCED_FACE('',(#2821),#2972,.F.);
#3111=ADVANCED_FACE('',(#2822),#2973,.F.);
#3112=ADVANCED_FACE('',(#2823),#2974,.F.);
#3113=ADVANCED_FACE('',(#2824),#2975,.F.);
#3114=ADVANCED_FACE('',(#2825),#2976,.F.);
#3115=ADVANCED_FACE('',(#2826),#98,.T.);
#3116=ADVANCED_FACE('',(#2827),#2977,.F.);
#3117=ADVANCED_FACE('',(#2828),#99,.T.);
#3118=ADVANCED_FACE('',(#2829),#2978,.F.);
#3119=ADVANCED_FACE('',(#2830),#2979,.F.);
#3120=ADVANCED_FACE('',(#2831),#2980,.F.);
#3121=ADVANCED_FACE('',(#2832),#2981,.F.);
#3122=ADVANCED_FACE('',(#2833),#2982,.F.);
#3123=ADVANCED_FACE('',(#2834),#2983,.T.);
#3124=ADVANCED_FACE('',(#2835),#2984,.F.);
#3125=ADVANCED_FACE('',(#2836),#2985,.F.);
#3126=ADVANCED_FACE('',(#2837),#2986,.F.);
#3127=ADVANCED_FACE('',(#2838),#2987,.F.);
#3128=ADVANCED_FACE('',(#2839),#2988,.F.);
#3129=ADVANCED_FACE('',(#2840),#2989,.F.);
#3130=ADVANCED_FACE('',(#2841),#100,.T.);
#3131=ADVANCED_FACE('',(#2842),#2990,.F.);
#3132=ADVANCED_FACE('',(#2843),#101,.T.);
#3133=ADVANCED_FACE('',(#2844),#2991,.F.);
#3134=ADVANCED_FACE('',(#2845),#2992,.F.);
#3135=ADVANCED_FACE('',(#2846),#2993,.F.);
#3136=ADVANCED_FACE('',(#2847),#2994,.F.);
#3137=ADVANCED_FACE('',(#2848),#2995,.F.);
#3138=ADVANCED_FACE('',(#2849),#2996,.T.);
#3139=ADVANCED_FACE('',(#2850),#2997,.F.);
#3140=ADVANCED_FACE('',(#2851),#102,.T.);
#3141=ADVANCED_FACE('',(#2852),#2998,.F.);
#3142=ADVANCED_FACE('',(#2853),#2999,.F.);
#3143=ADVANCED_FACE('',(#2854),#3000,.F.);
#3144=ADVANCED_FACE('',(#2855),#3001,.F.);
#3145=ADVANCED_FACE('',(#2856),#3002,.F.);
#3146=ADVANCED_FACE('',(#2857),#103,.T.);
#3147=ADVANCED_FACE('',(#2858),#3003,.F.);
#3148=ADVANCED_FACE('',(#2859),#104,.T.);
#3149=ADVANCED_FACE('',(#2860),#3004,.F.);
#3150=ADVANCED_FACE('',(#2861),#105,.T.);
#3151=ADVANCED_FACE('',(#2862),#3005,.F.);
#3152=ADVANCED_FACE('',(#2863),#106,.T.);
#3153=ADVANCED_FACE('',(#2864),#3006,.F.);
#3154=ADVANCED_FACE('',(#2865),#107,.T.);
#3155=ADVANCED_FACE('',(#2866),#3007,.F.);
#3156=ADVANCED_FACE('',(#2867),#108,.T.);
#3157=ADVANCED_FACE('',(#2868),#3008,.F.);
#3158=ADVANCED_FACE('',(#2869),#109,.T.);
#3159=ADVANCED_FACE('',(#2870),#3009,.F.);
#3160=ADVANCED_FACE('',(#2871),#110,.T.);
#3161=ADVANCED_FACE('',(#2872),#3010,.F.);
#3162=ADVANCED_FACE('',(#2873),#111,.T.);
#3163=ADVANCED_FACE('',(#2874),#3011,.F.);
#3164=ADVANCED_FACE('',(#2875),#112,.T.);
#3165=ADVANCED_FACE('',(#2876),#3012,.F.);
#3166=ADVANCED_FACE('',(#2877),#113,.T.);
#3167=ADVANCED_FACE('',(#2878),#3013,.F.);
#3168=ADVANCED_FACE('',(#2879),#114,.T.);
#3169=ADVANCED_FACE('',(#2880),#3014,.F.);
#3170=ADVANCED_FACE('',(#2881),#115,.T.);
#3171=ADVANCED_FACE('',(#2882),#3015,.F.);
#3172=ADVANCED_FACE('',(#2883),#116,.T.);
#3173=ADVANCED_FACE('',(#2884),#3016,.F.);
#3174=ADVANCED_FACE('',(#2885),#3017,.T.);
#3175=ADVANCED_FACE('',(#2886),#3018,.F.);
#3176=CLOSED_SHELL('',(#3019,#3020,#3021,#3022,#3023,#3024,#3025,#3026,
#3027,#3028,#3029,#3030,#3031,#3032,#3033,#3034,#3035,#3036,#3037,#3038,
#3039,#3040,#3041,#3042,#3043,#3044,#3045,#3046,#3047,#3048,#3049,#3050,
#3051,#3052,#3053,#3054,#3055,#3056));
#3177=CLOSED_SHELL('',(#3057,#3058,#3059,#3060,#3061,#3062,#3063,#3064,
#3065,#3066,#3067,#3068,#3069,#3070,#3071,#3072,#3073,#3074,#3075,#3076,
#3077,#3078,#3079,#3080,#3081,#3082,#3083,#3084,#3085,#3086,#3087));
#3178=CLOSED_SHELL('',(#3088,#3089,#3090,#3091,#3092,#3093,#3094,#3095,
#3096,#3097,#3098,#3099,#3100,#3101,#3102,#3103,#3104,#3105,#3106,#3107,
#3108,#3109,#3110,#3111,#3112,#3113,#3114,#3115,#3116,#3117,#3118,#3119,
#3120,#3121,#3122,#3123,#3124,#3125,#3126,#3127,#3128,#3129,#3130,#3131,
#3132,#3133,#3134,#3135,#3136,#3137,#3138,#3139));
#3179=CLOSED_SHELL('',(#3140,#3141,#3142,#3143,#3144,#3145,#3146,#3147,
#3148,#3149,#3150,#3151,#3152,#3153,#3154,#3155,#3156,#3157,#3158,#3159,
#3160,#3161,#3162,#3163,#3164,#3165,#3166,#3167,#3168,#3169,#3170,#3171,
#3172,#3173,#3174,#3175));
#3180=MANIFOLD_SOLID_BREP('CS12ANW03-body',#3176);
#3181=MANIFOLD_SOLID_BREP('CS12ANW03-top',#3177);
#3182=MANIFOLD_SOLID_BREP('CS12ANW03-term',#3178);
#3183=MANIFOLD_SOLID_BREP('CS12ANW03-slide',#3179);
#3184=SHAPE_DEFINITION_REPRESENTATION(#5158,#3189);
#3185=SHAPE_DEFINITION_REPRESENTATION(#5159,#3190);
#3186=SHAPE_DEFINITION_REPRESENTATION(#5161,#3191);
#3187=SHAPE_DEFINITION_REPRESENTATION(#5163,#3192);
#3188=SHAPE_DEFINITION_REPRESENTATION(#5165,#3193);
#3189=SHAPE_REPRESENTATION('CS12ANW03',(#3194,#3237,#3273,#3338,#3405),
#5142);
#3190=SHAPE_REPRESENTATION('CS12ANW03-body',(#3194),#5143);
#3191=SHAPE_REPRESENTATION('CS12ANW03-top',(#3194),#5144);
#3192=SHAPE_REPRESENTATION('CS12ANW03-term',(#3194),#5145);
#3193=SHAPE_REPRESENTATION('CS12ANW03-slide',(#3194),#5146);
#3194=AXIS2_PLACEMENT_3D('',#4230,#3406,#3407);
#3195=AXIS2_PLACEMENT_3D('',#4231,#3408,#3409);
#3196=AXIS2_PLACEMENT_3D('',#4240,#3414,#3415);
#3197=AXIS2_PLACEMENT_3D('',#4250,#3421,#3422);
#3198=AXIS2_PLACEMENT_3D('',#4259,#3427,#3428);
#3199=AXIS2_PLACEMENT_3D('',#4269,#3434,#3435);
#3200=AXIS2_PLACEMENT_3D('',#4284,#3444,#3445);
#3201=AXIS2_PLACEMENT_3D('',#4290,#3449,#3450);
#3202=AXIS2_PLACEMENT_3D('',#4291,#3451,#3452);
#3203=AXIS2_PLACEMENT_3D('',#4293,#3453,#3454);
#3204=AXIS2_PLACEMENT_3D('',#4296,#3456,#3457);
#3205=AXIS2_PLACEMENT_3D('',#4302,#3461,#3462);
#3206=AXIS2_PLACEMENT_3D('',#4308,#3466,#3467);
#3207=AXIS2_PLACEMENT_3D('',#4314,#3471,#3472);
#3208=AXIS2_PLACEMENT_3D('',#4315,#3473,#3474);
#3209=AXIS2_PLACEMENT_3D('',#4317,#3475,#3476);
#3210=AXIS2_PLACEMENT_3D('',#4320,#3478,#3479);
#3211=AXIS2_PLACEMENT_3D('',#4326,#3483,#3484);
#3212=AXIS2_PLACEMENT_3D('',#4341,#3493,#3494);
#3213=AXIS2_PLACEMENT_3D('',#4351,#3500,#3501);
#3214=AXIS2_PLACEMENT_3D('',#4378,#3516,#3517);
#3215=AXIS2_PLACEMENT_3D('',#4388,#3524,#3525);
#3216=AXIS2_PLACEMENT_3D('',#4393,#3529,#3530);
#3217=AXIS2_PLACEMENT_3D('',#4395,#3532,#3533);
#3218=AXIS2_PLACEMENT_3D('',#4397,#3535,#3536);
#3219=AXIS2_PLACEMENT_3D('',#4404,#3541,#3542);
#3220=AXIS2_PLACEMENT_3D('',#4406,#3544,#3545);
#3221=AXIS2_PLACEMENT_3D('',#4407,#3546,#3547);
#3222=AXIS2_PLACEMENT_3D('',#4413,#3551,#3552);
#3223=AXIS2_PLACEMENT_3D('',#4419,#3556,#3557);
#3224=AXIS2_PLACEMENT_3D('',#4421,#3559,#3560);
#3225=AXIS2_PLACEMENT_3D('',#4423,#3562,#3563);
#3226=AXIS2_PLACEMENT_3D('',#4424,#3564,#3565);
#3227=AXIS2_PLACEMENT_3D('',#4430,#3569,#3570);
#3228=AXIS2_PLACEMENT_3D('',#4436,#3574,#3575);
#3229=AXIS2_PLACEMENT_3D('',#4439,#3578,#3579);
#3230=AXIS2_PLACEMENT_3D('',#4440,#3580,#3581);
#3231=AXIS2_PLACEMENT_3D('',#4441,#3582,#3583);
#3232=AXIS2_PLACEMENT_3D('',#4442,#3584,#3585);
#3233=AXIS2_PLACEMENT_3D('',#4443,#3586,#3587);
#3234=AXIS2_PLACEMENT_3D('',#4445,#3589,#3590);
#3235=AXIS2_PLACEMENT_3D('',#4446,#3591,#3592);
#3236=AXIS2_PLACEMENT_3D('',#4448,#3594,#3595);
#3237=AXIS2_PLACEMENT_3D('',#4449,#3596,#3597);
#3238=AXIS2_PLACEMENT_3D('',#4450,#3598,#3599);
#3239=AXIS2_PLACEMENT_3D('',#4476,#3612,#3613);
#3240=AXIS2_PLACEMENT_3D('',#4480,#3615,#3616);
#3241=AXIS2_PLACEMENT_3D('',#4487,#3620,#3621);
#3242=AXIS2_PLACEMENT_3D('',#4493,#3625,#3626);
#3243=AXIS2_PLACEMENT_3D('',#4502,#3631,#3632);
#3244=AXIS2_PLACEMENT_3D('',#4508,#3636,#3637);
#3245=AXIS2_PLACEMENT_3D('',#4514,#3641,#3642);
#3246=AXIS2_PLACEMENT_3D('',#4515,#3643,#3644);
#3247=AXIS2_PLACEMENT_3D('',#4518,#3646,#3647);
#3248=AXIS2_PLACEMENT_3D('',#4521,#3649,#3650);
#3249=AXIS2_PLACEMENT_3D('',#4522,#3651,#3652);
#3250=AXIS2_PLACEMENT_3D('',#4532,#3658,#3659);
#3251=AXIS2_PLACEMENT_3D('',#4547,#3668,#3669);
#3252=AXIS2_PLACEMENT_3D('',#4561,#3677,#3678);
#3253=AXIS2_PLACEMENT_3D('',#4583,#3690,#3691);
#3254=AXIS2_PLACEMENT_3D('',#4592,#3700,#3701);
#3255=AXIS2_PLACEMENT_3D('',#4594,#3703,#3704);
#3256=AXIS2_PLACEMENT_3D('',#4596,#3706,#3707);
#3257=AXIS2_PLACEMENT_3D('',#4597,#3708,#3709);
#3258=AXIS2_PLACEMENT_3D('',#4600,#3712,#3713);
#3259=AXIS2_PLACEMENT_3D('',#4601,#3714,#3715);
#3260=AXIS2_PLACEMENT_3D('',#4602,#3716,#3717);
#3261=AXIS2_PLACEMENT_3D('',#4603,#3718,#3719);
#3262=AXIS2_PLACEMENT_3D('',#4604,#3720,#3721);
#3263=AXIS2_PLACEMENT_3D('',#4606,#3723,#3724);
#3264=AXIS2_PLACEMENT_3D('',#4608,#3726,#3727);
#3265=AXIS2_PLACEMENT_3D('',#4614,#3731,#3732);
#3266=AXIS2_PLACEMENT_3D('',#4620,#3736,#3737);
#3267=AXIS2_PLACEMENT_3D('',#4623,#3740,#3741);
#3268=AXIS2_PLACEMENT_3D('',#4624,#3742,#3743);
#3269=AXIS2_PLACEMENT_3D('',#4625,#3744,#3745);
#3270=AXIS2_PLACEMENT_3D('',#4627,#3747,#3748);
#3271=AXIS2_PLACEMENT_3D('',#4628,#3749,#3750);
#3272=AXIS2_PLACEMENT_3D('',#4630,#3752,#3753);
#3273=AXIS2_PLACEMENT_3D('',#4631,#3754,#3755);
#3274=AXIS2_PLACEMENT_3D('',#4632,#3756,#3757);
#3275=AXIS2_PLACEMENT_3D('',#4641,#3762,#3763);
#3276=AXIS2_PLACEMENT_3D('',#4647,#3767,#3768);
#3277=AXIS2_PLACEMENT_3D('',#4653,#3772,#3773);
#3278=AXIS2_PLACEMENT_3D('',#4662,#3778,#3779);
#3279=AXIS2_PLACEMENT_3D('',#4668,#3783,#3784);
#3280=AXIS2_PLACEMENT_3D('',#4674,#3788,#3789);
#3281=AXIS2_PLACEMENT_3D('',#4703,#3806,#3807);
#3282=AXIS2_PLACEMENT_3D('',#4709,#3811,#3812);
#3283=AXIS2_PLACEMENT_3D('',#4715,#3816,#3817);
#3284=AXIS2_PLACEMENT_3D('',#4721,#3821,#3822);
#3285=AXIS2_PLACEMENT_3D('',#4727,#3826,#3827);
#3286=AXIS2_PLACEMENT_3D('',#4733,#3831,#3832);
#3287=AXIS2_PLACEMENT_3D('',#4734,#3833,#3834);
#3288=AXIS2_PLACEMENT_3D('',#4738,#3836,#3837);
#3289=AXIS2_PLACEMENT_3D('',#4739,#3838,#3839);
#3290=AXIS2_PLACEMENT_3D('',#4745,#3843,#3844);
#3291=AXIS2_PLACEMENT_3D('',#4746,#3845,#3846);
#3292=AXIS2_PLACEMENT_3D('',#4750,#3848,#3849);
#3293=AXIS2_PLACEMENT_3D('',#4751,#3850,#3851);
#3294=AXIS2_PLACEMENT_3D('',#4757,#3855,#3856);
#3295=AXIS2_PLACEMENT_3D('',#4763,#3860,#3861);
#3296=AXIS2_PLACEMENT_3D('',#4769,#3865,#3866);
#3297=AXIS2_PLACEMENT_3D('',#4775,#3870,#3871);
#3298=AXIS2_PLACEMENT_3D('',#4778,#3874,#3875);
#3299=AXIS2_PLACEMENT_3D('',#4779,#3876,#3877);
#3300=AXIS2_PLACEMENT_3D('',#4780,#3878,#3879);
#3301=AXIS2_PLACEMENT_3D('',#4786,#3883,#3884);
#3302=AXIS2_PLACEMENT_3D('',#4792,#3888,#3889);
#3303=AXIS2_PLACEMENT_3D('',#4798,#3893,#3894);
#3304=AXIS2_PLACEMENT_3D('',#4804,#3898,#3899);
#3305=AXIS2_PLACEMENT_3D('',#4810,#3903,#3904);
#3306=AXIS2_PLACEMENT_3D('',#4811,#3905,#3906);
#3307=AXIS2_PLACEMENT_3D('',#4815,#3908,#3909);
#3308=AXIS2_PLACEMENT_3D('',#4816,#3910,#3911);
#3309=AXIS2_PLACEMENT_3D('',#4822,#3915,#3916);
#3310=AXIS2_PLACEMENT_3D('',#4823,#3917,#3918);
#3311=AXIS2_PLACEMENT_3D('',#4827,#3920,#3921);
#3312=AXIS2_PLACEMENT_3D('',#4828,#3922,#3923);
#3313=AXIS2_PLACEMENT_3D('',#4834,#3927,#3928);
#3314=AXIS2_PLACEMENT_3D('',#4840,#3932,#3933);
#3315=AXIS2_PLACEMENT_3D('',#4846,#3937,#3938);
#3316=AXIS2_PLACEMENT_3D('',#4852,#3942,#3943);
#3317=AXIS2_PLACEMENT_3D('',#4855,#3946,#3947);
#3318=AXIS2_PLACEMENT_3D('',#4856,#3948,#3949);
#3319=AXIS2_PLACEMENT_3D('',#4857,#3950,#3951);
#3320=AXIS2_PLACEMENT_3D('',#4863,#3955,#3956);
#3321=AXIS2_PLACEMENT_3D('',#4869,#3960,#3961);
#3322=AXIS2_PLACEMENT_3D('',#4875,#3965,#3966);
#3323=AXIS2_PLACEMENT_3D('',#4881,#3970,#3971);
#3324=AXIS2_PLACEMENT_3D('',#4887,#3975,#3976);
#3325=AXIS2_PLACEMENT_3D('',#4888,#3977,#3978);
#3326=AXIS2_PLACEMENT_3D('',#4892,#3980,#3981);
#3327=AXIS2_PLACEMENT_3D('',#4893,#3982,#3983);
#3328=AXIS2_PLACEMENT_3D('',#4899,#3987,#3988);
#3329=AXIS2_PLACEMENT_3D('',#4900,#3989,#3990);
#3330=AXIS2_PLACEMENT_3D('',#4904,#3992,#3993);
#3331=AXIS2_PLACEMENT_3D('',#4905,#3994,#3995);
#3332=AXIS2_PLACEMENT_3D('',#4911,#3999,#4000);
#3333=AXIS2_PLACEMENT_3D('',#4917,#4004,#4005);
#3334=AXIS2_PLACEMENT_3D('',#4923,#4009,#4010);
#3335=AXIS2_PLACEMENT_3D('',#4929,#4014,#4015);
#3336=AXIS2_PLACEMENT_3D('',#4932,#4018,#4019);
#3337=AXIS2_PLACEMENT_3D('',#4933,#4020,#4021);
#3338=AXIS2_PLACEMENT_3D('',#4934,#4022,#4023);
#3339=AXIS2_PLACEMENT_3D('',#4935,#4024,#4025);
#3340=AXIS2_PLACEMENT_3D('',#4936,#4026,#4027);
#3341=AXIS2_PLACEMENT_3D('',#4941,#4029,#4030);
#3342=AXIS2_PLACEMENT_3D('',#4944,#4032,#4033);
#3343=AXIS2_PLACEMENT_3D('',#4950,#4037,#4038);
#3344=AXIS2_PLACEMENT_3D('',#4956,#4042,#4043);
#3345=AXIS2_PLACEMENT_3D('',#4962,#4047,#4048);
#3346=AXIS2_PLACEMENT_3D('',#4968,#4052,#4053);
#3347=AXIS2_PLACEMENT_3D('',#4974,#4057,#4058);
#3348=AXIS2_PLACEMENT_3D('',#4975,#4059,#4060);
#3349=AXIS2_PLACEMENT_3D('',#4979,#4062,#4063);
#3350=AXIS2_PLACEMENT_3D('',#4980,#4064,#4065);
#3351=AXIS2_PLACEMENT_3D('',#4986,#4069,#4070);
#3352=AXIS2_PLACEMENT_3D('',#4987,#4071,#4072);
#3353=AXIS2_PLACEMENT_3D('',#4991,#4074,#4075);
#3354=AXIS2_PLACEMENT_3D('',#4992,#4076,#4077);
#3355=AXIS2_PLACEMENT_3D('',#4998,#4081,#4082);
#3356=AXIS2_PLACEMENT_3D('',#4999,#4083,#4084);
#3357=AXIS2_PLACEMENT_3D('',#5003,#4086,#4087);
#3358=AXIS2_PLACEMENT_3D('',#5004,#4088,#4089);
#3359=AXIS2_PLACEMENT_3D('',#5010,#4093,#4094);
#3360=AXIS2_PLACEMENT_3D('',#5011,#4095,#4096);
#3361=AXIS2_PLACEMENT_3D('',#5015,#4098,#4099);
#3362=AXIS2_PLACEMENT_3D('',#5016,#4100,#4101);
#3363=AXIS2_PLACEMENT_3D('',#5022,#4105,#4106);
#3364=AXIS2_PLACEMENT_3D('',#5023,#4107,#4108);
#3365=AXIS2_PLACEMENT_3D('',#5027,#4110,#4111);
#3366=AXIS2_PLACEMENT_3D('',#5028,#4112,#4113);
#3367=AXIS2_PLACEMENT_3D('',#5034,#4117,#4118);
#3368=AXIS2_PLACEMENT_3D('',#5035,#4119,#4120);
#3369=AXIS2_PLACEMENT_3D('',#5039,#4122,#4123);
#3370=AXIS2_PLACEMENT_3D('',#5040,#4124,#4125);
#3371=AXIS2_PLACEMENT_3D('',#5046,#4129,#4130);
#3372=AXIS2_PLACEMENT_3D('',#5047,#4131,#4132);
#3373=AXIS2_PLACEMENT_3D('',#5051,#4134,#4135);
#3374=AXIS2_PLACEMENT_3D('',#5052,#4136,#4137);
#3375=AXIS2_PLACEMENT_3D('',#5058,#4141,#4142);
#3376=AXIS2_PLACEMENT_3D('',#5059,#4143,#4144);
#3377=AXIS2_PLACEMENT_3D('',#5063,#4146,#4147);
#3378=AXIS2_PLACEMENT_3D('',#5064,#4148,#4149);
#3379=AXIS2_PLACEMENT_3D('',#5070,#4153,#4154);
#3380=AXIS2_PLACEMENT_3D('',#5071,#4155,#4156);
#3381=AXIS2_PLACEMENT_3D('',#5075,#4158,#4159);
#3382=AXIS2_PLACEMENT_3D('',#5076,#4160,#4161);
#3383=AXIS2_PLACEMENT_3D('',#5082,#4165,#4166);
#3384=AXIS2_PLACEMENT_3D('',#5083,#4167,#4168);
#3385=AXIS2_PLACEMENT_3D('',#5087,#4170,#4171);
#3386=AXIS2_PLACEMENT_3D('',#5088,#4172,#4173);
#3387=AXIS2_PLACEMENT_3D('',#5094,#4177,#4178);
#3388=AXIS2_PLACEMENT_3D('',#5095,#4179,#4180);
#3389=AXIS2_PLACEMENT_3D('',#5099,#4182,#4183);
#3390=AXIS2_PLACEMENT_3D('',#5100,#4184,#4185);
#3391=AXIS2_PLACEMENT_3D('',#5106,#4189,#4190);
#3392=AXIS2_PLACEMENT_3D('',#5107,#4191,#4192);
#3393=AXIS2_PLACEMENT_3D('',#5111,#4194,#4195);
#3394=AXIS2_PLACEMENT_3D('',#5112,#4196,#4197);
#3395=AXIS2_PLACEMENT_3D('',#5118,#4201,#4202);
#3396=AXIS2_PLACEMENT_3D('',#5119,#4203,#4204);
#3397=AXIS2_PLACEMENT_3D('',#5123,#4206,#4207);
#3398=AXIS2_PLACEMENT_3D('',#5124,#4208,#4209);
#3399=AXIS2_PLACEMENT_3D('',#5130,#4213,#4214);
#3400=AXIS2_PLACEMENT_3D('',#5131,#4215,#4216);
#3401=AXIS2_PLACEMENT_3D('',#5135,#4218,#4219);
#3402=AXIS2_PLACEMENT_3D('',#5136,#4220,#4221);
#3403=AXIS2_PLACEMENT_3D('',#5139,#4224,#4225);
#3404=AXIS2_PLACEMENT_3D('',#5140,#4226,#4227);
#3405=AXIS2_PLACEMENT_3D('',#5141,#4228,#4229);
#3406=DIRECTION('',(0.,0.,1.));
#3407=DIRECTION('',(1.,0.,0.));
#3408=DIRECTION('',(0.,0.,1.));
#3409=DIRECTION('',(1.,0.,0.));
#3410=DIRECTION('',(1.,0.,0.));
#3411=DIRECTION('',(0.,1.,0.));
#3412=DIRECTION('',(-1.,0.,0.));
#3413=DIRECTION('',(0.,1.,0.));
#3414=DIRECTION('',(0.,1.,0.));
#3415=DIRECTION('',(0.,0.,1.));
#3416=DIRECTION('',(1.,0.,0.));
#3417=DIRECTION('',(0.,0.,1.));
#3418=DIRECTION('',(1.,0.,0.));
#3419=DIRECTION('',(0.,0.,1.));
#3420=DIRECTION('',(0.,0.,-1.));
#3421=DIRECTION('',(0.,0.,1.));
#3422=DIRECTION('',(1.,0.,0.));
#3423=DIRECTION('',(1.,0.,0.));
#3424=DIRECTION('',(0.,1.,0.));
#3425=DIRECTION('',(-1.,0.,0.));
#3426=DIRECTION('',(0.,1.,0.));
#3427=DIRECTION('',(1.,0.,0.));
#3428=DIRECTION('',(0.,0.,-1.));
#3429=DIRECTION('',(0.,1.,0.));
#3430=DIRECTION('',(0.,0.,-1.));
#3431=DIRECTION('',(0.,1.,0.));
#3432=DIRECTION('',(0.,0.,-1.));
#3433=DIRECTION('',(0.,1.,0.));
#3434=DIRECTION('',(0.,1.,0.));
#3435=DIRECTION('',(0.,0.,1.));
#3436=DIRECTION('',(1.,0.,0.));
#3437=DIRECTION('',(0.,0.,-1.));
#3438=DIRECTION('',(0.,0.,1.));
#3439=DIRECTION('',(1.,0.,0.));
#3440=DIRECTION('',(0.,0.,-1.));
#3441=DIRECTION('',(-1.,0.,0.));
#3442=DIRECTION('',(0.,0.,1.));
#3443=DIRECTION('',(-1.,0.,0.));
#3444=DIRECTION('',(1.,0.,0.));
#3445=DIRECTION('',(0.,0.,-1.));
#3446=DIRECTION('',(0.,-1.,0.));
#3447=DIRECTION('',(0.,0.,-1.));
#3448=DIRECTION('',(0.,1.,0.));
#3449=DIRECTION('',(0.,0.,-1.));
#3450=DIRECTION('',(-1.,0.,0.));
#3451=DIRECTION('',(0.,0.,-1.));
#3452=DIRECTION('',(-1.,0.,0.));
#3453=DIRECTION('',(0.,0.,1.));
#3454=DIRECTION('',(1.,0.,0.));
#3455=DIRECTION('',(0.,0.,-1.));
#3456=DIRECTION('',(-1.,0.,0.));
#3457=DIRECTION('',(0.,0.,1.));
#3458=DIRECTION('',(0.,1.,0.));
#3459=DIRECTION('',(0.,0.,-1.));
#3460=DIRECTION('',(0.,-1.,0.));
#3461=DIRECTION('',(0.,1.,0.));
#3462=DIRECTION('',(0.,0.,1.));
#3463=DIRECTION('',(1.,0.,0.));
#3464=DIRECTION('',(0.,0.,-1.));
#3465=DIRECTION('',(-1.,0.,0.));
#3466=DIRECTION('',(1.,-1.35508333019061E-16,0.));
#3467=DIRECTION('',(1.35508333019061E-16,1.,0.));
#3468=DIRECTION('',(-1.35508333019061E-16,-1.,0.));
#3469=DIRECTION('',(0.,0.,-1.));
#3470=DIRECTION('',(1.35508333019061E-16,1.,0.));
#3471=DIRECTION('',(0.,0.,-1.));
#3472=DIRECTION('',(-1.,0.,0.));
#3473=DIRECTION('',(0.,0.,-1.));
#3474=DIRECTION('',(-1.,0.,0.));
#3475=DIRECTION('',(0.,0.,1.));
#3476=DIRECTION('',(1.,0.,0.));
#3477=DIRECTION('',(0.,0.,-1.));
#3478=DIRECTION('',(-1.,0.,0.));
#3479=DIRECTION('',(0.,0.,1.));
#3480=DIRECTION('',(0.,1.,0.));
#3481=DIRECTION('',(0.,0.,-1.));
#3482=DIRECTION('',(0.,-1.,0.));
#3483=DIRECTION('',(0.,1.,0.));
#3484=DIRECTION('',(0.,0.,1.));
#3485=DIRECTION('',(1.,0.,0.));
#3486=DIRECTION('',(0.,0.,-1.));
#3487=DIRECTION('',(0.,0.,1.));
#3488=DIRECTION('',(1.,0.,0.));
#3489=DIRECTION('',(0.,0.,-1.));
#3490=DIRECTION('',(-1.,0.,0.));
#3491=DIRECTION('',(0.,0.,-1.));
#3492=DIRECTION('',(-1.,0.,0.));
#3493=DIRECTION('',(-1.,0.,0.));
#3494=DIRECTION('',(0.,0.,1.));
#3495=DIRECTION('',(0.,1.,0.));
#3496=DIRECTION('',(0.,0.,-1.));
#3497=DIRECTION('',(0.,1.,0.));
#3498=DIRECTION('',(0.,0.,-1.));
#3499=DIRECTION('',(0.,1.,0.));
#3500=DIRECTION('',(0.,-1.,0.));
#3501=DIRECTION('',(0.,0.,-1.));
#3502=DIRECTION('',(-1.,0.,0.));
#3503=DIRECTION('',(0.,0.,1.));
#3504=DIRECTION('',(-1.,0.,0.));
#3505=DIRECTION('',(0.,0.,1.));
#3506=DIRECTION('',(-1.,0.,0.));
#3507=DIRECTION('',(1.,0.,0.));
#3508=DIRECTION('',(0.,0.,-1.));
#3509=DIRECTION('',(1.,0.,0.));
#3510=DIRECTION('',(0.,0.,1.));
#3511=DIRECTION('',(-1.,0.,0.));
#3512=DIRECTION('',(0.,0.,1.));
#3513=DIRECTION('',(1.,0.,0.));
#3514=DIRECTION('',(0.,0.,1.));
#3515=DIRECTION('',(1.,0.,0.));
#3516=DIRECTION('',(0.,0.,1.));
#3517=DIRECTION('',(1.,0.,0.));
#3518=DIRECTION('',(1.,0.,0.));
#3519=DIRECTION('',(0.,1.,0.));
#3520=DIRECTION('',(0.,1.,0.));
#3521=DIRECTION('',(0.,1.,0.));
#3522=DIRECTION('',(1.,0.,0.));
#3523=DIRECTION('',(0.,1.,0.));
#3524=DIRECTION('',(0.,1.,0.));
#3525=DIRECTION('',(0.,0.,1.));
#3526=DIRECTION('',(0.,0.,-1.));
#3527=DIRECTION('',(1.,0.,0.));
#3528=DIRECTION('',(0.,0.,1.));
#3529=DIRECTION('',(0.,0.,-1.));
#3530=DIRECTION('',(-1.,0.,0.));
#3531=DIRECTION('',(0.,1.,0.));
#3532=DIRECTION('',(1.,0.,0.));
#3533=DIRECTION('',(0.,0.,-1.));
#3534=DIRECTION('',(0.,1.,0.));
#3535=DIRECTION('',(0.,0.,-1.));
#3536=DIRECTION('',(-1.,0.,0.));
#3537=DIRECTION('',(0.,-1.,0.));
#3538=DIRECTION('',(1.,0.,0.));
#3539=DIRECTION('',(0.,-1.,0.));
#3540=DIRECTION('',(0.,1.,0.));
#3541=DIRECTION('',(-1.,0.,0.));
#3542=DIRECTION('',(0.,0.,1.));
#3543=DIRECTION('',(0.,1.,0.));
#3544=DIRECTION('',(0.,0.,-1.));
#3545=DIRECTION('',(-1.,0.,0.));
#3546=DIRECTION('',(0.,0.,-1.));
#3547=DIRECTION('',(-1.,0.,0.));
#3548=DIRECTION('',(0.,-1.,0.));
#3549=DIRECTION('',(-1.,0.,0.));
#3550=DIRECTION('',(0.,-1.,0.));
#3551=DIRECTION('',(0.,0.707106781186548,-0.707106781186548));
#3552=DIRECTION('',(0.,0.707106781186548,0.707106781186548));
#3553=DIRECTION('',(0.,-0.707106781186547,-0.707106781186547));
#3554=DIRECTION('',(-1.,0.,0.));
#3555=DIRECTION('',(0.,-0.707106781186547,-0.707106781186547));
#3556=DIRECTION('',(1.,0.,0.));
#3557=DIRECTION('',(0.,0.,-1.));
#3558=DIRECTION('',(0.,0.,-1.));
#3559=DIRECTION('',(1.,0.,0.));
#3560=DIRECTION('',(0.,0.,-1.));
#3561=DIRECTION('',(0.,0.,-1.));
#3562=DIRECTION('',(0.,1.,0.));
#3563=DIRECTION('',(0.,0.,1.));
#3564=DIRECTION('',(1.,0.,0.));
#3565=DIRECTION('',(0.,0.,-1.));
#3566=DIRECTION('',(0.,0.,-1.));
#3567=DIRECTION('',(0.,0.707106781186547,-0.707106781186547));
#3568=DIRECTION('',(0.,1.,0.));
#3569=DIRECTION('',(1.,0.,0.));
#3570=DIRECTION('',(0.,0.,-1.));
#3571=DIRECTION('',(0.,0.,-1.));
#3572=DIRECTION('',(0.,1.,0.));
#3573=DIRECTION('',(0.,0.707106781186547,-0.707106781186547));
#3574=DIRECTION('',(0.,0.707106781186548,0.707106781186548));
#3575=DIRECTION('',(0.,-0.707106781186548,0.707106781186548));
#3576=DIRECTION('',(-1.,0.,0.));
#3577=DIRECTION('',(-1.,0.,0.));
#3578=DIRECTION('',(0.,0.,1.));
#3579=DIRECTION('',(1.,0.,0.));
#3580=DIRECTION('',(0.,1.,0.));
#3581=DIRECTION('',(0.,0.,1.));
#3582=DIRECTION('',(1.,0.,0.));
#3583=DIRECTION('',(0.,0.,-1.));
#3584=DIRECTION('',(-1.,0.,0.));
#3585=DIRECTION('',(0.,0.,1.));
#3586=DIRECTION('',(0.,0.,1.));
#3587=DIRECTION('',(1.,0.,0.));
#3588=DIRECTION('',(0.,1.,0.));
#3589=DIRECTION('',(-1.,0.,0.));
#3590=DIRECTION('',(0.,0.,1.));
#3591=DIRECTION('',(0.,0.,1.));
#3592=DIRECTION('',(1.,0.,0.));
#3593=DIRECTION('',(0.,1.,0.));
#3594=DIRECTION('',(1.,0.,0.));
#3595=DIRECTION('',(0.,0.,-1.));
#3596=DIRECTION('',(-1.,0.,0.));
#3597=DIRECTION('',(0.,0.,1.));
#3598=DIRECTION('',(0.,0.,1.));
#3599=DIRECTION('',(1.,0.,0.));
#3600=DIRECTION('',(-1.,0.,0.));
#3601=DIRECTION('',(0.,1.,0.));
#3602=DIRECTION('',(1.,0.,0.));
#3603=DIRECTION('',(0.,1.,0.));
#3604=DIRECTION('',(-1.,0.,0.));
#3605=DIRECTION('',(0.,-1.,0.));
#3606=DIRECTION('',(1.,0.,0.));
#3607=DIRECTION('',(0.,1.,0.));
#3608=DIRECTION('',(-1.,0.,0.));
#3609=DIRECTION('',(0.,1.,0.));
#3610=DIRECTION('',(-1.,0.,0.));
#3611=DIRECTION('',(0.,-1.,0.));
#3612=DIRECTION('',(0.,0.,1.));
#3613=DIRECTION('',(1.,0.,0.));
#3614=DIRECTION('',(-1.,0.,0.));
#3615=DIRECTION('',(0.,0.,1.));
#3616=DIRECTION('',(1.,0.,0.));
#3617=DIRECTION('',(0.,1.,0.));
#3618=DIRECTION('',(-1.,0.,0.));
#3619=DIRECTION('',(0.,-1.,0.));
#3620=DIRECTION('',(1.,0.,0.));
#3621=DIRECTION('',(0.,0.,-1.));
#3622=DIRECTION('',(0.,0.,-1.));
#3623=DIRECTION('',(0.,-1.,0.));
#3624=DIRECTION('',(0.,0.,-1.));
#3625=DIRECTION('',(0.,1.,0.));
#3626=DIRECTION('',(0.,0.,1.));
#3627=DIRECTION('',(1.,0.,0.));
#3628=DIRECTION('',(0.,0.,-1.));
#3629=DIRECTION('',(-1.,0.,0.));
#3630=DIRECTION('',(0.,0.,1.));
#3631=DIRECTION('',(0.,1.,0.));
#3632=DIRECTION('',(0.,0.,1.));
#3633=DIRECTION('',(0.,0.,1.));
#3634=DIRECTION('',(1.,0.,0.));
#3635=DIRECTION('',(0.,0.,-1.));
#3636=DIRECTION('',(-1.,0.,0.));
#3637=DIRECTION('',(0.,0.,1.));
#3638=DIRECTION('',(0.,0.,1.));
#3639=DIRECTION('',(0.,0.,-1.));
#3640=DIRECTION('',(0.,1.,0.));
#3641=DIRECTION('',(0.,0.,-1.));
#3642=DIRECTION('',(-1.,0.,0.));
#3643=DIRECTION('',(0.,0.,1.));
#3644=DIRECTION('',(1.,0.,0.));
#3645=DIRECTION('',(0.,0.,-1.));
#3646=DIRECTION('',(0.,0.,-1.));
#3647=DIRECTION('',(-1.,0.,0.));
#3648=DIRECTION('',(0.,0.,-1.));
#3649=DIRECTION('',(0.,0.,1.));
#3650=DIRECTION('',(1.,0.,0.));
#3651=DIRECTION('',(0.,-1.,0.));
#3652=DIRECTION('',(0.,0.,-1.));
#3653=DIRECTION('',(-1.,0.,0.));
#3654=DIRECTION('',(0.,0.,1.));
#3655=DIRECTION('',(-1.,0.,0.));
#3656=DIRECTION('',(0.,0.,1.));
#3657=DIRECTION('',(-1.,0.,0.));
#3658=DIRECTION('',(0.,0.,1.));
#3659=DIRECTION('',(1.,0.,0.));
#3660=DIRECTION('',(0.,-1.,0.));
#3661=DIRECTION('',(-1.,0.,0.));
#3662=DIRECTION('',(-1.,0.,0.));
#3663=DIRECTION('',(0.,1.,0.));
#3664=DIRECTION('',(0.,1.,0.));
#3665=DIRECTION('',(-1.,0.,0.));
#3666=DIRECTION('',(0.,1.,0.));
#3667=DIRECTION('',(1.,0.,0.));
#3668=DIRECTION('',(0.,0.,-1.));
#3669=DIRECTION('',(-1.,0.,0.));
#3670=DIRECTION('',(0.,1.,0.));
#3671=DIRECTION('',(-1.,0.,0.));
#3672=DIRECTION('',(0.,-1.,0.));
#3673=DIRECTION('',(1.,0.,0.));
#3674=DIRECTION('',(0.,-1.,0.));
#3675=DIRECTION('',(-1.,0.,0.));
#3676=DIRECTION('',(0.,1.,0.));
#3677=DIRECTION('',(0.,0.,1.));
#3678=DIRECTION('',(1.,0.,0.));
#3679=DIRECTION('',(0.,-1.,0.));
#3680=DIRECTION('',(-1.,0.,0.));
#3681=DIRECTION('',(0.,-1.,0.));
#3682=DIRECTION('',(-1.,0.,0.));
#3683=DIRECTION('',(0.,1.,0.));
#3684=DIRECTION('',(-1.,0.,0.));
#3685=DIRECTION('',(0.,1.,0.));
#3686=DIRECTION('',(-1.,0.,0.));
#3687=DIRECTION('',(0.,1.,0.));
#3688=DIRECTION('',(-1.,0.,0.));
#3689=DIRECTION('',(0.,1.,0.));
#3690=DIRECTION('',(0.,-1.,0.));
#3691=DIRECTION('',(0.,0.,-1.));
#3692=DIRECTION('',(0.,0.,1.));
#3693=DIRECTION('',(0.,0.,1.));
#3694=DIRECTION('',(0.,0.,1.));
#3695=DIRECTION('',(0.,0.,1.));
#3696=DIRECTION('',(0.,0.,-1.));
#3697=DIRECTION('',(0.,0.,-1.));
#3698=DIRECTION('',(0.,0.,1.));
#3699=DIRECTION('',(0.,0.,1.));
#3700=DIRECTION('',(1.,0.,0.));
#3701=DIRECTION('',(0.,0.,-1.));
#3702=DIRECTION('',(0.,0.,-1.));
#3703=DIRECTION('',(1.,0.,0.));
#3704=DIRECTION('',(0.,0.,-1.));
#3705=DIRECTION('',(0.,0.,-1.));
#3706=DIRECTION('',(0.,1.,0.));
#3707=DIRECTION('',(0.,0.,1.));
#3708=DIRECTION('',(0.,1.,0.));
#3709=DIRECTION('',(0.,0.,1.));
#3710=DIRECTION('',(0.,0.,-1.));
#3711=DIRECTION('',(0.,0.,-1.));
#3712=DIRECTION('',(1.,0.,0.));
#3713=DIRECTION('',(0.,0.,-1.));
#3714=DIRECTION('',(1.,0.,0.));
#3715=DIRECTION('',(0.,0.,-1.));
#3716=DIRECTION('',(-1.,0.,0.));
#3717=DIRECTION('',(0.,0.,1.));
#3718=DIRECTION('',(1.,0.,0.));
#3719=DIRECTION('',(0.,0.,-1.));
#3720=DIRECTION('',(1.,0.,0.));
#3721=DIRECTION('',(0.,0.,-1.));
#3722=DIRECTION('',(0.,0.,1.));
#3723=DIRECTION('',(-1.,0.,0.));
#3724=DIRECTION('',(0.,0.,1.));
#3725=DIRECTION('',(0.,0.,-1.));
#3726=DIRECTION('',(0.,0.,-1.));
#3727=DIRECTION('',(-1.,0.,0.));
#3728=DIRECTION('',(0.,-1.,0.));
#3729=DIRECTION('',(0.,-1.,0.));
#3730=DIRECTION('',(-1.,0.,0.));
#3731=DIRECTION('',(0.,1.,0.));
#3732=DIRECTION('',(0.,0.,1.));
#3733=DIRECTION('',(0.,0.,-1.));
#3734=DIRECTION('',(0.,0.,-1.));
#3735=DIRECTION('',(-1.,0.,0.));
#3736=DIRECTION('',(0.,0.,1.));
#3737=DIRECTION('',(1.,0.,0.));
#3738=DIRECTION('',(0.,1.,0.));
#3739=DIRECTION('',(0.,1.,0.));
#3740=DIRECTION('',(1.,0.,0.));
#3741=DIRECTION('',(0.,0.,-1.));
#3742=DIRECTION('',(1.,0.,0.));
#3743=DIRECTION('',(0.,0.,-1.));
#3744=DIRECTION('',(0.,1.,0.));
#3745=DIRECTION('',(0.,0.,1.));
#3746=DIRECTION('',(0.,0.,1.));
#3747=DIRECTION('',(-1.,0.,0.));
#3748=DIRECTION('',(0.,0.,1.));
#3749=DIRECTION('',(1.,0.,0.));
#3750=DIRECTION('',(0.,0.,-1.));
#3751=DIRECTION('',(0.,0.,-1.));
#3752=DIRECTION('',(0.,1.,0.));
#3753=DIRECTION('',(0.,0.,1.));
#3754=DIRECTION('',(-1.,0.,0.));
#3755=DIRECTION('',(0.,0.,1.));
#3756=DIRECTION('',(0.,1.,0.));
#3757=DIRECTION('',(0.,0.,1.));
#3758=DIRECTION('',(0.,0.,-1.));
#3759=DIRECTION('',(1.,0.,0.));
#3760=DIRECTION('',(0.,0.,-1.));
#3761=DIRECTION('',(1.,0.,0.));
#3762=DIRECTION('',(0.,0.,1.));
#3763=DIRECTION('',(1.,0.,0.));
#3764=DIRECTION('',(0.,1.,0.));
#3765=DIRECTION('',(-1.,0.,0.));
#3766=DIRECTION('',(0.,1.,0.));
#3767=DIRECTION('',(0.,0.,1.));
#3768=DIRECTION('',(1.,0.,0.));
#3769=DIRECTION('',(0.,1.,0.));
#3770=DIRECTION('',(0.,1.,0.));
#3771=DIRECTION('',(-1.,0.,0.));
#3772=DIRECTION('',(0.,1.,0.));
#3773=DIRECTION('',(0.,0.,1.));
#3774=DIRECTION('',(1.,0.,0.));
#3775=DIRECTION('',(0.,0.,-1.));
#3776=DIRECTION('',(1.,0.,0.));
#3777=DIRECTION('',(0.,0.,-1.));
#3778=DIRECTION('',(0.,0.,1.));
#3779=DIRECTION('',(1.,0.,0.));
#3780=DIRECTION('',(0.,1.,0.));
#3781=DIRECTION('',(0.,1.,0.));
#3782=DIRECTION('',(-1.,0.,0.));
#3783=DIRECTION('',(0.,0.,1.));
#3784=DIRECTION('',(1.,0.,0.));
#3785=DIRECTION('',(0.,1.,0.));
#3786=DIRECTION('',(-1.,0.,0.));
#3787=DIRECTION('',(0.,1.,0.));
#3788=DIRECTION('',(0.,-1.,0.));
#3789=DIRECTION('',(0.,0.,-1.));
#3790=DIRECTION('',(0.,0.,1.));
#3791=DIRECTION('',(0.,0.,1.));
#3792=DIRECTION('',(-1.,0.,0.));
#3793=DIRECTION('',(0.,0.,1.));
#3794=DIRECTION('',(0.,0.,1.));
#3795=DIRECTION('',(-1.,0.,0.));
#3796=DIRECTION('',(0.,0.,1.));
#3797=DIRECTION('',(-1.,0.,0.));
#3798=DIRECTION('',(0.,0.,1.));
#3799=DIRECTION('',(0.,0.,1.));
#3800=DIRECTION('',(-1.,0.,0.));
#3801=DIRECTION('',(0.,0.,1.));
#3802=DIRECTION('',(0.,0.,1.));
#3803=DIRECTION('',(-1.,0.,0.));
#3804=DIRECTION('',(0.,0.,1.));
#3805=DIRECTION('',(-1.,0.,0.));
#3806=DIRECTION('',(0.,0.,-1.));
#3807=DIRECTION('',(-1.,0.,0.));
#3808=DIRECTION('',(0.,-1.,0.));
#3809=DIRECTION('',(-1.,0.,0.));
#3810=DIRECTION('',(0.,-1.,0.));
#3811=DIRECTION('',(0.,1.,0.));
#3812=DIRECTION('',(0.,0.,1.));
#3813=DIRECTION('',(0.,0.,-1.));
#3814=DIRECTION('',(-1.,0.,0.));
#3815=DIRECTION('',(0.,0.,-1.));
#3816=DIRECTION('',(0.,0.,-1.));
#3817=DIRECTION('',(-1.,0.,0.));
#3818=DIRECTION('',(0.,-1.,0.));
#3819=DIRECTION('',(-1.,0.,0.));
#3820=DIRECTION('',(0.,-1.,0.));
#3821=DIRECTION('',(0.,1.,0.));
#3822=DIRECTION('',(0.,0.,1.));
#3823=DIRECTION('',(0.,0.,-1.));
#3824=DIRECTION('',(-1.,0.,0.));
#3825=DIRECTION('',(0.,0.,-1.));
#3826=DIRECTION('',(0.,0.,-1.));
#3827=DIRECTION('',(-1.,0.,0.));
#3828=DIRECTION('',(0.,-1.,0.));
#3829=DIRECTION('',(-1.,0.,0.));
#3830=DIRECTION('',(0.,-1.,0.));
#3831=DIRECTION('',(-1.,0.,0.));
#3832=DIRECTION('',(0.,0.,1.));
#3833=DIRECTION('',(1.,0.,0.));
#3834=DIRECTION('',(0.,0.,-1.));
#3835=DIRECTION('',(-1.,0.,0.));
#3836=DIRECTION('',(1.,0.,0.));
#3837=DIRECTION('',(0.,0.,-1.));
#3838=DIRECTION('',(0.,1.,0.));
#3839=DIRECTION('',(0.,0.,1.));
#3840=DIRECTION('',(0.,0.,-1.));
#3841=DIRECTION('',(-1.,0.,0.));
#3842=DIRECTION('',(0.,0.,-1.));
#3843=DIRECTION('',(-1.,0.,0.));
#3844=DIRECTION('',(0.,0.,1.));
#3845=DIRECTION('',(1.,0.,0.));
#3846=DIRECTION('',(0.,0.,-1.));
#3847=DIRECTION('',(-1.,0.,0.));
#3848=DIRECTION('',(1.,0.,0.));
#3849=DIRECTION('',(0.,0.,-1.));
#3850=DIRECTION('',(0.,0.,1.));
#3851=DIRECTION('',(1.,0.,0.));
#3852=DIRECTION('',(0.,1.,0.));
#3853=DIRECTION('',(-1.,0.,0.));
#3854=DIRECTION('',(0.,1.,0.));
#3855=DIRECTION('',(0.,1.,0.));
#3856=DIRECTION('',(0.,0.,1.));
#3857=DIRECTION('',(0.,0.,-1.));
#3858=DIRECTION('',(-1.,0.,0.));
#3859=DIRECTION('',(0.,0.,-1.));
#3860=DIRECTION('',(0.,0.,1.));
#3861=DIRECTION('',(1.,0.,0.));
#3862=DIRECTION('',(0.,1.,0.));
#3863=DIRECTION('',(-1.,0.,0.));
#3864=DIRECTION('',(0.,1.,0.));
#3865=DIRECTION('',(0.,1.,0.));
#3866=DIRECTION('',(0.,0.,1.));
#3867=DIRECTION('',(0.,0.,-1.));
#3868=DIRECTION('',(-1.,0.,0.));
#3869=DIRECTION('',(0.,0.,-1.));
#3870=DIRECTION('',(0.,0.,1.));
#3871=DIRECTION('',(1.,0.,0.));
#3872=DIRECTION('',(0.,1.,0.));
#3873=DIRECTION('',(0.,1.,0.));
#3874=DIRECTION('',(1.,0.,0.));
#3875=DIRECTION('',(0.,0.,-1.));
#3876=DIRECTION('',(1.,0.,0.));
#3877=DIRECTION('',(0.,0.,-1.));
#3878=DIRECTION('',(0.,0.,-1.));
#3879=DIRECTION('',(-1.,0.,0.));
#3880=DIRECTION('',(0.,-1.,0.));
#3881=DIRECTION('',(-1.,0.,0.));
#3882=DIRECTION('',(0.,-1.,0.));
#3883=DIRECTION('',(0.,1.,0.));
#3884=DIRECTION('',(0.,0.,1.));
#3885=DIRECTION('',(0.,0.,-1.));
#3886=DIRECTION('',(-1.,0.,0.));
#3887=DIRECTION('',(0.,0.,-1.));
#3888=DIRECTION('',(0.,0.,-1.));
#3889=DIRECTION('',(-1.,0.,0.));
#3890=DIRECTION('',(0.,-1.,0.));
#3891=DIRECTION('',(-1.,0.,0.));
#3892=DIRECTION('',(0.,-1.,0.));
#3893=DIRECTION('',(0.,1.,0.));
#3894=DIRECTION('',(0.,0.,1.));
#3895=DIRECTION('',(0.,0.,-1.));
#3896=DIRECTION('',(-1.,0.,0.));
#3897=DIRECTION('',(0.,0.,-1.));
#3898=DIRECTION('',(0.,0.,-1.));
#3899=DIRECTION('',(-1.,0.,0.));
#3900=DIRECTION('',(0.,-1.,0.));
#3901=DIRECTION('',(-1.,0.,0.));
#3902=DIRECTION('',(0.,-1.,0.));
#3903=DIRECTION('',(-1.,0.,0.));
#3904=DIRECTION('',(0.,0.,1.));
#3905=DIRECTION('',(1.,0.,0.));
#3906=DIRECTION('',(0.,0.,-1.));
#3907=DIRECTION('',(-1.,0.,0.));
#3908=DIRECTION('',(1.,0.,0.));
#3909=DIRECTION('',(0.,0.,-1.));
#3910=DIRECTION('',(0.,1.,0.));
#3911=DIRECTION('',(0.,0.,1.));
#3912=DIRECTION('',(0.,0.,-1.));
#3913=DIRECTION('',(-1.,0.,0.));
#3914=DIRECTION('',(0.,0.,-1.));
#3915=DIRECTION('',(-1.,0.,0.));
#3916=DIRECTION('',(0.,0.,1.));
#3917=DIRECTION('',(1.,0.,0.));
#3918=DIRECTION('',(0.,0.,-1.));
#3919=DIRECTION('',(-1.,0.,0.));
#3920=DIRECTION('',(1.,0.,0.));
#3921=DIRECTION('',(0.,0.,-1.));
#3922=DIRECTION('',(0.,0.,1.));
#3923=DIRECTION('',(1.,0.,0.));
#3924=DIRECTION('',(0.,1.,0.));
#3925=DIRECTION('',(-1.,0.,0.));
#3926=DIRECTION('',(0.,1.,0.));
#3927=DIRECTION('',(0.,1.,0.));
#3928=DIRECTION('',(0.,0.,1.));
#3929=DIRECTION('',(0.,0.,-1.));
#3930=DIRECTION('',(-1.,0.,0.));
#3931=DIRECTION('',(0.,0.,-1.));
#3932=DIRECTION('',(0.,0.,1.));
#3933=DIRECTION('',(1.,0.,0.));
#3934=DIRECTION('',(0.,1.,0.));
#3935=DIRECTION('',(-1.,0.,0.));
#3936=DIRECTION('',(0.,1.,0.));
#3937=DIRECTION('',(0.,1.,0.));
#3938=DIRECTION('',(0.,0.,1.));
#3939=DIRECTION('',(0.,0.,-1.));
#3940=DIRECTION('',(-1.,0.,0.));
#3941=DIRECTION('',(0.,0.,-1.));
#3942=DIRECTION('',(0.,0.,1.));
#3943=DIRECTION('',(1.,0.,0.));
#3944=DIRECTION('',(0.,1.,0.));
#3945=DIRECTION('',(0.,1.,0.));
#3946=DIRECTION('',(1.,0.,0.));
#3947=DIRECTION('',(0.,0.,-1.));
#3948=DIRECTION('',(1.,0.,0.));
#3949=DIRECTION('',(0.,0.,-1.));
#3950=DIRECTION('',(0.,0.,-1.));
#3951=DIRECTION('',(-1.,0.,0.));
#3952=DIRECTION('',(0.,-1.,0.));
#3953=DIRECTION('',(-1.,0.,0.));
#3954=DIRECTION('',(0.,-1.,0.));
#3955=DIRECTION('',(0.,1.,0.));
#3956=DIRECTION('',(0.,0.,1.));
#3957=DIRECTION('',(0.,0.,-1.));
#3958=DIRECTION('',(-1.,0.,0.));
#3959=DIRECTION('',(0.,0.,-1.));
#3960=DIRECTION('',(0.,0.,-1.));
#3961=DIRECTION('',(-1.,0.,0.));
#3962=DIRECTION('',(0.,-1.,0.));
#3963=DIRECTION('',(-1.,0.,0.));
#3964=DIRECTION('',(0.,-1.,0.));
#3965=DIRECTION('',(0.,1.,0.));
#3966=DIRECTION('',(0.,0.,1.));
#3967=DIRECTION('',(0.,0.,-1.));
#3968=DIRECTION('',(-1.,0.,0.));
#3969=DIRECTION('',(0.,0.,-1.));
#3970=DIRECTION('',(0.,0.,-1.));
#3971=DIRECTION('',(-1.,0.,0.));
#3972=DIRECTION('',(0.,-1.,0.));
#3973=DIRECTION('',(-1.,0.,0.));
#3974=DIRECTION('',(0.,-1.,0.));
#3975=DIRECTION('',(-1.,0.,0.));
#3976=DIRECTION('',(0.,0.,1.));
#3977=DIRECTION('',(1.,0.,0.));
#3978=DIRECTION('',(0.,0.,-1.));
#3979=DIRECTION('',(-1.,0.,0.));
#3980=DIRECTION('',(1.,0.,0.));
#3981=DIRECTION('',(0.,0.,-1.));
#3982=DIRECTION('',(0.,1.,0.));
#3983=DIRECTION('',(0.,0.,1.));
#3984=DIRECTION('',(0.,0.,-1.));
#3985=DIRECTION('',(-1.,0.,0.));
#3986=DIRECTION('',(0.,0.,-1.));
#3987=DIRECTION('',(-1.,0.,0.));
#3988=DIRECTION('',(0.,0.,1.));
#3989=DIRECTION('',(1.,0.,0.));
#3990=DIRECTION('',(0.,0.,-1.));
#3991=DIRECTION('',(-1.,0.,0.));
#3992=DIRECTION('',(1.,0.,0.));
#3993=DIRECTION('',(0.,0.,-1.));
#3994=DIRECTION('',(0.,0.,1.));
#3995=DIRECTION('',(1.,0.,0.));
#3996=DIRECTION('',(0.,1.,0.));
#3997=DIRECTION('',(-1.,0.,0.));
#3998=DIRECTION('',(0.,1.,0.));
#3999=DIRECTION('',(0.,1.,0.));
#4000=DIRECTION('',(0.,0.,1.));
#4001=DIRECTION('',(0.,0.,-1.));
#4002=DIRECTION('',(-1.,0.,0.));
#4003=DIRECTION('',(0.,0.,-1.));
#4004=DIRECTION('',(0.,0.,1.));
#4005=DIRECTION('',(1.,0.,0.));
#4006=DIRECTION('',(0.,1.,0.));
#4007=DIRECTION('',(-1.,0.,0.));
#4008=DIRECTION('',(0.,1.,0.));
#4009=DIRECTION('',(0.,1.,0.));
#4010=DIRECTION('',(0.,0.,1.));
#4011=DIRECTION('',(0.,0.,-1.));
#4012=DIRECTION('',(-1.,0.,0.));
#4013=DIRECTION('',(0.,0.,-1.));
#4014=DIRECTION('',(0.,0.,1.));
#4015=DIRECTION('',(1.,0.,0.));
#4016=DIRECTION('',(0.,1.,0.));
#4017=DIRECTION('',(0.,1.,0.));
#4018=DIRECTION('',(1.,0.,0.));
#4019=DIRECTION('',(0.,0.,-1.));
#4020=DIRECTION('',(1.,0.,0.));
#4021=DIRECTION('',(0.,0.,-1.));
#4022=DIRECTION('',(-1.,0.,0.));
#4023=DIRECTION('',(0.,0.,1.));
#4024=DIRECTION('',(0.,0.,-1.));
#4025=DIRECTION('',(-1.,0.,0.));
#4026=DIRECTION('',(0.,0.,1.));
#4027=DIRECTION('',(1.,0.,0.));
#4028=DIRECTION('',(0.,0.,-1.));
#4029=DIRECTION('',(0.,0.,1.));
#4030=DIRECTION('',(1.,0.,0.));
#4031=DIRECTION('',(0.,0.,-1.));
#4032=DIRECTION('',(1.,0.,0.));
#4033=DIRECTION('',(0.,0.,-1.));
#4034=DIRECTION('',(0.,-1.,0.));
#4035=DIRECTION('',(0.,0.,-1.));
#4036=DIRECTION('',(0.,-1.,0.));
#4037=DIRECTION('',(8.53702498020082E-17,1.,0.));
#4038=DIRECTION('',(-1.,8.53702498020082E-17,0.));
#4039=DIRECTION('',(1.,-8.53702498020082E-17,0.));
#4040=DIRECTION('',(0.,0.,-1.));
#4041=DIRECTION('',(1.,-8.53702498020082E-17,0.));
#4042=DIRECTION('',(-1.,0.,0.));
#4043=DIRECTION('',(0.,0.,1.));
#4044=DIRECTION('',(0.,1.,0.));
#4045=DIRECTION('',(0.,0.,-1.));
#4046=DIRECTION('',(0.,1.,0.));
#4047=DIRECTION('',(0.,-1.,0.));
#4048=DIRECTION('',(0.,0.,-1.));
#4049=DIRECTION('',(-1.,0.,0.));
#4050=DIRECTION('',(0.,0.,-1.));
#4051=DIRECTION('',(-1.,0.,0.));
#4052=DIRECTION('',(-1.,0.,0.));
#4053=DIRECTION('',(0.,0.,1.));
#4054=DIRECTION('',(0.,1.,0.));
#4055=DIRECTION('',(0.,0.,-1.));
#4056=DIRECTION('',(0.,1.,0.));
#4057=DIRECTION('',(0.,0.,-1.));
#4058=DIRECTION('',(-1.,0.,0.));
#4059=DIRECTION('',(0.,0.,1.));
#4060=DIRECTION('',(1.,0.,0.));
#4061=DIRECTION('',(0.,0.,-1.));
#4062=DIRECTION('',(0.,0.,1.));
#4063=DIRECTION('',(1.,0.,0.));
#4064=DIRECTION('',(-1.,0.,0.));
#4065=DIRECTION('',(0.,0.,1.));
#4066=DIRECTION('',(0.,1.,0.));
#4067=DIRECTION('',(0.,0.,-1.));
#4068=DIRECTION('',(0.,1.,0.));
#4069=DIRECTION('',(0.,0.,-1.));
#4070=DIRECTION('',(-1.,0.,0.));
#4071=DIRECTION('',(0.,0.,1.));
#4072=DIRECTION('',(1.,0.,0.));
#4073=DIRECTION('',(0.,0.,-1.));
#4074=DIRECTION('',(0.,0.,1.));
#4075=DIRECTION('',(1.,0.,0.));
#4076=DIRECTION('',(1.,0.,0.));
#4077=DIRECTION('',(0.,0.,-1.));
#4078=DIRECTION('',(0.,-1.,0.));
#4079=DIRECTION('',(0.,0.,-1.));
#4080=DIRECTION('',(0.,-1.,0.));
#4081=DIRECTION('',(0.,0.,-1.));
#4082=DIRECTION('',(-1.,0.,0.));
#4083=DIRECTION('',(0.,0.,1.));
#4084=DIRECTION('',(1.,0.,0.));
#4085=DIRECTION('',(0.,0.,-1.));
#4086=DIRECTION('',(0.,0.,1.));
#4087=DIRECTION('',(1.,0.,0.));
#4088=DIRECTION('',(-1.,0.,0.));
#4089=DIRECTION('',(0.,0.,1.));
#4090=DIRECTION('',(0.,1.,0.));
#4091=DIRECTION('',(0.,0.,-1.));
#4092=DIRECTION('',(0.,1.,0.));
#4093=DIRECTION('',(0.,0.,-1.));
#4094=DIRECTION('',(-1.,0.,0.));
#4095=DIRECTION('',(0.,0.,1.));
#4096=DIRECTION('',(1.,0.,0.));
#4097=DIRECTION('',(0.,0.,-1.));
#4098=DIRECTION('',(0.,0.,1.));
#4099=DIRECTION('',(1.,0.,0.));
#4100=DIRECTION('',(1.,0.,0.));
#4101=DIRECTION('',(0.,0.,-1.));
#4102=DIRECTION('',(0.,-1.,0.));
#4103=DIRECTION('',(0.,0.,-1.));
#4104=DIRECTION('',(0.,-1.,0.));
#4105=DIRECTION('',(0.,0.,-1.));
#4106=DIRECTION('',(-1.,0.,0.));
#4107=DIRECTION('',(0.,0.,1.));
#4108=DIRECTION('',(1.,0.,0.));
#4109=DIRECTION('',(0.,0.,-1.));
#4110=DIRECTION('',(0.,0.,1.));
#4111=DIRECTION('',(1.,0.,0.));
#4112=DIRECTION('',(-1.,0.,0.));
#4113=DIRECTION('',(0.,0.,1.));
#4114=DIRECTION('',(0.,1.,0.));
#4115=DIRECTION('',(0.,0.,-1.));
#4116=DIRECTION('',(0.,1.,0.));
#4117=DIRECTION('',(0.,0.,-1.));
#4118=DIRECTION('',(-1.,0.,0.));
#4119=DIRECTION('',(0.,0.,1.));
#4120=DIRECTION('',(1.,0.,0.));
#4121=DIRECTION('',(0.,0.,-1.));
#4122=DIRECTION('',(0.,0.,1.));
#4123=DIRECTION('',(1.,0.,0.));
#4124=DIRECTION('',(1.,0.,0.));
#4125=DIRECTION('',(0.,0.,-1.));
#4126=DIRECTION('',(0.,-1.,0.));
#4127=DIRECTION('',(0.,0.,-1.));
#4128=DIRECTION('',(0.,-1.,0.));
#4129=DIRECTION('',(0.,0.,-1.));
#4130=DIRECTION('',(-1.,0.,0.));
#4131=DIRECTION('',(0.,0.,1.));
#4132=DIRECTION('',(1.,0.,0.));
#4133=DIRECTION('',(0.,0.,-1.));
#4134=DIRECTION('',(0.,0.,1.));
#4135=DIRECTION('',(1.,0.,0.));
#4136=DIRECTION('',(-1.,0.,0.));
#4137=DIRECTION('',(0.,0.,1.));
#4138=DIRECTION('',(0.,1.,0.));
#4139=DIRECTION('',(0.,0.,-1.));
#4140=DIRECTION('',(0.,1.,0.));
#4141=DIRECTION('',(0.,0.,-1.));
#4142=DIRECTION('',(-1.,0.,0.));
#4143=DIRECTION('',(0.,0.,1.));
#4144=DIRECTION('',(1.,0.,0.));
#4145=DIRECTION('',(0.,0.,-1.));
#4146=DIRECTION('',(0.,0.,1.));
#4147=DIRECTION('',(1.,0.,0.));
#4148=DIRECTION('',(1.,0.,0.));
#4149=DIRECTION('',(0.,0.,-1.));
#4150=DIRECTION('',(0.,-1.,0.));
#4151=DIRECTION('',(0.,0.,-1.));
#4152=DIRECTION('',(0.,-1.,0.));
#4153=DIRECTION('',(0.,0.,-1.));
#4154=DIRECTION('',(-1.,0.,0.));
#4155=DIRECTION('',(0.,0.,1.));
#4156=DIRECTION('',(1.,0.,0.));
#4157=DIRECTION('',(0.,0.,-1.));
#4158=DIRECTION('',(0.,0.,1.));
#4159=DIRECTION('',(1.,0.,0.));
#4160=DIRECTION('',(-1.,0.,0.));
#4161=DIRECTION('',(0.,0.,1.));
#4162=DIRECTION('',(0.,1.,0.));
#4163=DIRECTION('',(0.,0.,-1.));
#4164=DIRECTION('',(0.,1.,0.));
#4165=DIRECTION('',(0.,0.,-1.));
#4166=DIRECTION('',(-1.,0.,0.));
#4167=DIRECTION('',(0.,0.,1.));
#4168=DIRECTION('',(1.,0.,0.));
#4169=DIRECTION('',(0.,0.,-1.));
#4170=DIRECTION('',(0.,0.,1.));
#4171=DIRECTION('',(1.,0.,0.));
#4172=DIRECTION('',(1.,0.,0.));
#4173=DIRECTION('',(0.,0.,-1.));
#4174=DIRECTION('',(0.,-1.,0.));
#4175=DIRECTION('',(0.,0.,-1.));
#4176=DIRECTION('',(0.,-1.,0.));
#4177=DIRECTION('',(0.,0.,-1.));
#4178=DIRECTION('',(-1.,0.,0.));
#4179=DIRECTION('',(0.,0.,1.));
#4180=DIRECTION('',(1.,0.,0.));
#4181=DIRECTION('',(0.,0.,-1.));
#4182=DIRECTION('',(0.,0.,1.));
#4183=DIRECTION('',(1.,0.,0.));
#4184=DIRECTION('',(-1.,0.,0.));
#4185=DIRECTION('',(0.,0.,1.));
#4186=DIRECTION('',(0.,1.,0.));
#4187=DIRECTION('',(0.,0.,-1.));
#4188=DIRECTION('',(0.,1.,0.));
#4189=DIRECTION('',(0.,0.,-1.));
#4190=DIRECTION('',(-1.,0.,0.));
#4191=DIRECTION('',(0.,0.,1.));
#4192=DIRECTION('',(1.,0.,0.));
#4193=DIRECTION('',(0.,0.,-1.));
#4194=DIRECTION('',(0.,0.,1.));
#4195=DIRECTION('',(1.,0.,0.));
#4196=DIRECTION('',(1.,0.,0.));
#4197=DIRECTION('',(0.,0.,-1.));
#4198=DIRECTION('',(0.,-1.,0.));
#4199=DIRECTION('',(0.,0.,-1.));
#4200=DIRECTION('',(0.,-1.,0.));
#4201=DIRECTION('',(0.,0.,-1.));
#4202=DIRECTION('',(-1.,0.,0.));
#4203=DIRECTION('',(0.,0.,1.));
#4204=DIRECTION('',(1.,0.,0.));
#4205=DIRECTION('',(0.,0.,-1.));
#4206=DIRECTION('',(0.,0.,1.));
#4207=DIRECTION('',(1.,0.,0.));
#4208=DIRECTION('',(-1.,0.,0.));
#4209=DIRECTION('',(0.,0.,1.));
#4210=DIRECTION('',(0.,1.,0.));
#4211=DIRECTION('',(0.,0.,-1.));
#4212=DIRECTION('',(0.,1.,0.));
#4213=DIRECTION('',(0.,0.,-1.));
#4214=DIRECTION('',(-1.,0.,0.));
#4215=DIRECTION('',(0.,0.,1.));
#4216=DIRECTION('',(1.,0.,0.));
#4217=DIRECTION('',(0.,0.,-1.));
#4218=DIRECTION('',(0.,0.,1.));
#4219=DIRECTION('',(1.,0.,0.));
#4220=DIRECTION('',(1.,0.,0.));
#4221=DIRECTION('',(0.,0.,-1.));
#4222=DIRECTION('',(0.,-1.,0.));
#4223=DIRECTION('',(0.,-1.,0.));
#4224=DIRECTION('',(0.,0.,1.));
#4225=DIRECTION('',(1.,0.,0.));
#4226=DIRECTION('',(0.,0.,1.));
#4227=DIRECTION('',(1.,0.,0.));
#4228=DIRECTION('',(-1.,0.,0.));
#4229=DIRECTION('',(0.,0.,1.));
#4230=CARTESIAN_POINT('',(0.,0.,0.));
#4231=CARTESIAN_POINT('',(-0.0924999999999999,-0.315000000000001,-0.15));
#4232=CARTESIAN_POINT('',(-0.25,-0.252,-0.15));
#4233=CARTESIAN_POINT('',(-0.22,-0.252,-0.15));
#4234=CARTESIAN_POINT('',(-0.19,-0.252,-0.15));
#4235=CARTESIAN_POINT('',(-0.22,-0.65,-0.15));
#4236=CARTESIAN_POINT('',(-0.22,-0.15,-0.15));
#4237=CARTESIAN_POINT('',(-0.0924999999999999,-0.15,-0.15));
#4238=CARTESIAN_POINT('',(-0.19,-0.15,-0.15));
#4239=CARTESIAN_POINT('',(-0.19,-0.65,-0.15));
#4240=CARTESIAN_POINT('',(0.,-0.15,0.));
#4241=CARTESIAN_POINT('',(-0.25,-0.15,-0.13));
#4242=CARTESIAN_POINT('',(-0.25,-0.15,-0.13));
#4243=CARTESIAN_POINT('',(-0.22,-0.15,-0.13));
#4244=CARTESIAN_POINT('',(-0.25,-0.15,-0.35));
#4245=CARTESIAN_POINT('',(-0.25,-0.15,-0.11));
#4246=CARTESIAN_POINT('',(-0.25,-0.15,-0.11));
#4247=CARTESIAN_POINT('',(-0.19,-0.15,-0.11));
#4248=CARTESIAN_POINT('',(-0.19,-0.15,-0.15));
#4249=CARTESIAN_POINT('',(-0.22,-0.15,-0.13));
#4250=CARTESIAN_POINT('',(-0.0924999999999999,-0.315000000000001,-0.15));
#4251=CARTESIAN_POINT('',(0.1125,-0.252,-0.15));
#4252=CARTESIAN_POINT('',(0.19,-0.252,-0.15));
#4253=CARTESIAN_POINT('',(0.22,-0.252,-0.15));
#4254=CARTESIAN_POINT('',(0.19,-0.65,-0.15));
#4255=CARTESIAN_POINT('',(0.19,-0.15,-0.15));
#4256=CARTESIAN_POINT('',(-0.0924999999999999,-0.15,-0.15));
#4257=CARTESIAN_POINT('',(0.22,-0.15,-0.15));
#4258=CARTESIAN_POINT('',(0.22,-0.65,-0.15));
#4259=CARTESIAN_POINT('',(-0.25,-0.1,0.15));
#4260=CARTESIAN_POINT('',(-0.25,-0.65,-0.13));
#4261=CARTESIAN_POINT('',(-0.25,-0.252,-0.13));
#4262=CARTESIAN_POINT('',(-0.25,-0.252,0.15));
#4263=CARTESIAN_POINT('',(-0.25,-0.252,0.13));
#4264=CARTESIAN_POINT('',(-0.25,-0.5,0.13));
#4265=CARTESIAN_POINT('',(-0.25,-0.1,0.13));
#4266=CARTESIAN_POINT('',(-0.25,-0.1,0.15));
#4267=CARTESIAN_POINT('',(-0.25,-0.1,-0.11));
#4268=CARTESIAN_POINT('',(-0.25,-0.15,-0.11));
#4269=CARTESIAN_POINT('',(-0.25,-0.252,0.15));
#4270=CARTESIAN_POINT('',(-0.25,-0.252,-0.13));
#4271=CARTESIAN_POINT('',(-0.22,-0.252,-0.13));
#4272=CARTESIAN_POINT('',(-0.22,-0.252,0.15));
#4273=CARTESIAN_POINT('',(-0.19,-0.252,0.15));
#4274=CARTESIAN_POINT('',(-0.19,-0.252,-0.11));
#4275=CARTESIAN_POINT('',(-0.25,-0.252,-0.11));
#4276=CARTESIAN_POINT('',(-0.1125,-0.252,-0.11));
#4277=CARTESIAN_POINT('',(-0.1125,-0.252,0.15));
#4278=CARTESIAN_POINT('',(-0.1125,-0.252,0.09));
#4279=CARTESIAN_POINT('',(-0.25,-0.252,0.09));
#4280=CARTESIAN_POINT('',(-0.22,-0.252,0.09));
#4281=CARTESIAN_POINT('',(-0.22,-0.252,0.15));
#4282=CARTESIAN_POINT('',(-0.22,-0.252,0.13));
#4283=CARTESIAN_POINT('',(-0.25,-0.252,0.13));
#4284=CARTESIAN_POINT('',(-0.1125,-0.252,0.15));
#4285=CARTESIAN_POINT('',(-0.1125,-0.252,-0.11));
#4286=CARTESIAN_POINT('',(-0.1125,-0.315000000000001,-0.11));
#4287=CARTESIAN_POINT('',(-0.1125,-0.315000000000001,0.15));
#4288=CARTESIAN_POINT('',(-0.1125,-0.315000000000001,0.09));
#4289=CARTESIAN_POINT('',(-0.1125,-0.252,0.09));
#4290=CARTESIAN_POINT('',(-0.0925000000000001,-0.315000000000001,0.15));
#4291=CARTESIAN_POINT('',(-0.0925000000000001,-0.315000000000001,0.09));
#4292=CARTESIAN_POINT('',(-0.0725,-0.315000000000001,0.09));
#4293=CARTESIAN_POINT('',(-0.0924999999999999,-0.315000000000001,-0.11));
#4294=CARTESIAN_POINT('',(-0.0725,-0.315000000000001,-0.11));
#4295=CARTESIAN_POINT('',(-0.0725,-0.315000000000001,0.15));
#4296=CARTESIAN_POINT('',(-0.0725,-0.315000000000001,0.15));
#4297=CARTESIAN_POINT('',(-0.0725,-0.315000000000001,-0.11));
#4298=CARTESIAN_POINT('',(-0.0725,-0.252,-0.11));
#4299=CARTESIAN_POINT('',(-0.0725,-0.252,0.15));
#4300=CARTESIAN_POINT('',(-0.0725,-0.252,0.09));
#4301=CARTESIAN_POINT('',(-0.0725,-0.315000000000001,0.09));
#4302=CARTESIAN_POINT('',(-0.0725,-0.252,0.15));
#4303=CARTESIAN_POINT('',(-0.0725,-0.252,-0.11));
#4304=CARTESIAN_POINT('',(0.0725,-0.252,-0.11));
#4305=CARTESIAN_POINT('',(0.0725,-0.252,0.15));
#4306=CARTESIAN_POINT('',(0.0725,-0.252,0.09));
#4307=CARTESIAN_POINT('',(-0.0725,-0.252,0.09));
#4308=CARTESIAN_POINT('',(0.0725,-0.252,0.15));
#4309=CARTESIAN_POINT('',(0.0725,-0.252,-0.11));
#4310=CARTESIAN_POINT('',(0.0725,-0.315,-0.11));
#4311=CARTESIAN_POINT('',(0.0725,-0.315,0.15));
#4312=CARTESIAN_POINT('',(0.0725,-0.315,0.09));
#4313=CARTESIAN_POINT('',(0.0725,-0.252,0.09));
#4314=CARTESIAN_POINT('',(0.0924999999999999,-0.315,0.15));
#4315=CARTESIAN_POINT('',(0.0924999999999999,-0.315,0.09));
#4316=CARTESIAN_POINT('',(0.1125,-0.315,0.09));
#4317=CARTESIAN_POINT('',(0.0925000000000001,-0.315,-0.11));
#4318=CARTESIAN_POINT('',(0.1125,-0.315,-0.11));
#4319=CARTESIAN_POINT('',(0.1125,-0.315,0.15));
#4320=CARTESIAN_POINT('',(0.1125,-0.315,0.15));
#4321=CARTESIAN_POINT('',(0.1125,-0.315,-0.11));
#4322=CARTESIAN_POINT('',(0.1125,-0.252,-0.11));
#4323=CARTESIAN_POINT('',(0.1125,-0.252,0.15));
#4324=CARTESIAN_POINT('',(0.1125,-0.252,0.09));
#4325=CARTESIAN_POINT('',(0.1125,-0.315,0.09));
#4326=CARTESIAN_POINT('',(0.1125,-0.252,0.15));
#4327=CARTESIAN_POINT('',(0.1125,-0.252,-0.11));
#4328=CARTESIAN_POINT('',(0.19,-0.252,-0.11));
#4329=CARTESIAN_POINT('',(0.19,-0.252,0.15));
#4330=CARTESIAN_POINT('',(0.22,-0.252,0.15));
#4331=CARTESIAN_POINT('',(0.22,-0.252,-0.13));
#4332=CARTESIAN_POINT('',(0.1125,-0.252,-0.13));
#4333=CARTESIAN_POINT('',(0.25,-0.252,-0.13));
#4334=CARTESIAN_POINT('',(0.25,-0.252,0.15));
#4335=CARTESIAN_POINT('',(0.25,-0.252,0.13));
#4336=CARTESIAN_POINT('',(0.1125,-0.252,0.13));
#4337=CARTESIAN_POINT('',(0.22,-0.252,0.13));
#4338=CARTESIAN_POINT('',(0.22,-0.252,0.15));
#4339=CARTESIAN_POINT('',(0.22,-0.252,0.09));
#4340=CARTESIAN_POINT('',(0.1125,-0.252,0.09));
#4341=CARTESIAN_POINT('',(0.25,-0.252,0.15));
#4342=CARTESIAN_POINT('',(0.25,-0.65,-0.13));
#4343=CARTESIAN_POINT('',(0.25,-0.15,-0.13));
#4344=CARTESIAN_POINT('',(0.25,-0.15,-0.11));
#4345=CARTESIAN_POINT('',(0.25,-0.15,-0.11));
#4346=CARTESIAN_POINT('',(0.25,-0.15,-0.11));
#4347=CARTESIAN_POINT('',(0.25,-0.1,-0.11));
#4348=CARTESIAN_POINT('',(0.25,-0.1,0.15));
#4349=CARTESIAN_POINT('',(0.25,-0.1,0.13));
#4350=CARTESIAN_POINT('',(0.25,-0.5,0.13));
#4351=CARTESIAN_POINT('',(0.25,-0.1,0.15));
#4352=CARTESIAN_POINT('',(0.25,-0.1,-0.11));
#4353=CARTESIAN_POINT('',(0.075,-0.1,-0.11));
#4354=CARTESIAN_POINT('',(0.075,-0.1,-0.138));
#4355=CARTESIAN_POINT('',(0.075,-0.1,-0.138));
#4356=CARTESIAN_POINT('',(0.075,-0.1,-0.138));
#4357=CARTESIAN_POINT('',(-0.075,-0.1,-0.138));
#4358=CARTESIAN_POINT('',(-0.075,-0.1,-0.138));
#4359=CARTESIAN_POINT('',(-0.075,-0.1,-0.11));
#4360=CARTESIAN_POINT('',(0.25,-0.1,-0.11));
#4361=CARTESIAN_POINT('',(0.25,-0.1,0.13));
#4362=CARTESIAN_POINT('',(-0.22,-0.1,0.13));
#4363=CARTESIAN_POINT('',(-0.22,-0.1,0.15));
#4364=CARTESIAN_POINT('',(-0.22,-0.1,0.09));
#4365=CARTESIAN_POINT('',(0.25,-0.1,0.09));
#4366=CARTESIAN_POINT('',(-0.075,-0.1,0.09));
#4367=CARTESIAN_POINT('',(-0.075,-0.1,-0.138));
#4368=CARTESIAN_POINT('',(-0.075,-0.1,0.138));
#4369=CARTESIAN_POINT('',(0.075,-0.1,0.138));
#4370=CARTESIAN_POINT('',(0.075,-0.1,0.138));
#4371=CARTESIAN_POINT('',(0.075,-0.1,-0.138));
#4372=CARTESIAN_POINT('',(0.075,-0.1,0.09));
#4373=CARTESIAN_POINT('',(0.25,-0.1,0.09));
#4374=CARTESIAN_POINT('',(0.22,-0.1,0.09));
#4375=CARTESIAN_POINT('',(0.22,-0.1,0.15));
#4376=CARTESIAN_POINT('',(0.22,-0.1,0.13));
#4377=CARTESIAN_POINT('',(0.25,-0.1,0.13));
#4378=CARTESIAN_POINT('',(-0.25,-0.15,-0.11));
#4379=CARTESIAN_POINT('',(-0.25,-0.15,-0.11));
#4380=CARTESIAN_POINT('',(0.19,-0.15,-0.11));
#4381=CARTESIAN_POINT('',(0.19,-0.65,-0.11));
#4382=CARTESIAN_POINT('',(-0.19,-0.65,-0.11));
#4383=CARTESIAN_POINT('',(-0.075,-0.15,-0.11));
#4384=CARTESIAN_POINT('',(-0.075,-0.15,-0.11));
#4385=CARTESIAN_POINT('',(-0.19,-0.15,-0.11));
#4386=CARTESIAN_POINT('',(0.075,-0.15,-0.11));
#4387=CARTESIAN_POINT('',(0.075,-0.15,-0.11));
#4388=CARTESIAN_POINT('',(0.,-0.15,0.));
#4389=CARTESIAN_POINT('',(0.19,-0.15,-0.11));
#4390=CARTESIAN_POINT('',(0.22,-0.15,-0.13));
#4391=CARTESIAN_POINT('',(0.22,-0.15,-0.13));
#4392=CARTESIAN_POINT('',(0.22,-0.15,-0.15));
#4393=CARTESIAN_POINT('',(0.25,-0.5,0.13));
#4394=CARTESIAN_POINT('',(0.22,-0.5,0.13));
#4395=CARTESIAN_POINT('',(0.22,-0.5,0.13));
#4396=CARTESIAN_POINT('',(0.22,-0.5,0.09));
#4397=CARTESIAN_POINT('',(0.22,-0.5,0.09));
#4398=CARTESIAN_POINT('',(0.075,-0.5,0.09));
#4399=CARTESIAN_POINT('',(0.075,-0.15,0.09));
#4400=CARTESIAN_POINT('',(0.22,-0.15,0.09));
#4401=CARTESIAN_POINT('',(-0.075,-0.15,0.09));
#4402=CARTESIAN_POINT('',(-0.075,-0.5,0.09));
#4403=CARTESIAN_POINT('',(-0.22,-0.5,0.09));
#4404=CARTESIAN_POINT('',(-0.22,-0.5,0.09));
#4405=CARTESIAN_POINT('',(-0.22,-0.5,0.13));
#4406=CARTESIAN_POINT('',(-0.22,-0.5,0.13));
#4407=CARTESIAN_POINT('',(0.075,-0.1,0.138));
#4408=CARTESIAN_POINT('',(-0.075,-0.1,0.138));
#4409=CARTESIAN_POINT('',(-0.075,-0.125,0.138));
#4410=CARTESIAN_POINT('',(0.075,-0.125,0.138));
#4411=CARTESIAN_POINT('',(0.075,-0.125,0.138));
#4412=CARTESIAN_POINT('',(0.075,-0.1,0.138));
#4413=CARTESIAN_POINT('',(0.075,-0.125,0.138));
#4414=CARTESIAN_POINT('',(-0.075,-0.125,0.138));
#4415=CARTESIAN_POINT('',(-0.075,-0.15,0.113));
#4416=CARTESIAN_POINT('',(0.075,-0.15,0.113));
#4417=CARTESIAN_POINT('',(0.075,-0.15,0.113));
#4418=CARTESIAN_POINT('',(0.075,-0.125,0.138));
#4419=CARTESIAN_POINT('',(-0.075,0.,0.));
#4420=CARTESIAN_POINT('',(-0.075,-0.15,0.113));
#4421=CARTESIAN_POINT('',(0.075,0.,0.));
#4422=CARTESIAN_POINT('',(0.075,-0.15,0.113));
#4423=CARTESIAN_POINT('',(0.075,-0.15,0.113));
#4424=CARTESIAN_POINT('',(0.075,0.,0.));
#4425=CARTESIAN_POINT('',(0.075,-0.15,0.113));
#4426=CARTESIAN_POINT('',(0.075,-0.15,-0.113));
#4427=CARTESIAN_POINT('',(0.075,-0.15,-0.113));
#4428=CARTESIAN_POINT('',(0.075,-0.125,-0.138));
#4429=CARTESIAN_POINT('',(0.075,-0.125,-0.138));
#4430=CARTESIAN_POINT('',(-0.075,0.,0.));
#4431=CARTESIAN_POINT('',(-0.075,-0.15,0.113));
#4432=CARTESIAN_POINT('',(-0.075,-0.15,-0.113));
#4433=CARTESIAN_POINT('',(-0.075,-0.125,-0.138));
#4434=CARTESIAN_POINT('',(-0.075,-0.125,-0.138));
#4435=CARTESIAN_POINT('',(-0.075,-0.15,-0.113));
#4436=CARTESIAN_POINT('',(0.075,-0.15,-0.113));
#4437=CARTESIAN_POINT('',(0.075,-0.125,-0.138));
#4438=CARTESIAN_POINT('',(0.075,-0.15,-0.113));
#4439=CARTESIAN_POINT('',(0.075,-0.125,-0.138));
#4440=CARTESIAN_POINT('',(0.,-0.15,0.));
#4441=CARTESIAN_POINT('',(0.19,-0.65,-0.11));
#4442=CARTESIAN_POINT('',(-0.19,-0.65,-0.15));
#4443=CARTESIAN_POINT('',(0.22,-0.65,-0.13));
#4444=CARTESIAN_POINT('',(0.22,-0.65,-0.13));
#4445=CARTESIAN_POINT('',(0.22,-0.65,-0.15));
#4446=CARTESIAN_POINT('',(-0.25,-0.65,-0.13));
#4447=CARTESIAN_POINT('',(-0.22,-0.65,-0.13));
#4448=CARTESIAN_POINT('',(-0.22,-0.65,-0.13));
#4449=CARTESIAN_POINT('',(0.,0.,0.));
#4450=CARTESIAN_POINT('',(-0.2555,-0.02,-0.138));
#4451=CARTESIAN_POINT('',(-0.2555,-0.15,-0.138));
#4452=CARTESIAN_POINT('',(0.075,-0.15,-0.138));
#4453=CARTESIAN_POINT('',(-0.075,-0.15,-0.138));
#4454=CARTESIAN_POINT('',(0.075,-0.02,-0.138));
#4455=CARTESIAN_POINT('',(0.075,-0.1,-0.138));
#4456=CARTESIAN_POINT('',(-0.2555,-0.1,-0.138));
#4457=CARTESIAN_POINT('',(-0.075,-0.1,-0.138));
#4458=CARTESIAN_POINT('',(-0.075,-0.02,-0.138));
#4459=CARTESIAN_POINT('',(-0.2555,-0.15,-0.138));
#4460=CARTESIAN_POINT('',(0.25,-0.15,-0.138));
#4461=CARTESIAN_POINT('',(0.19,-0.15,-0.138));
#4462=CARTESIAN_POINT('',(0.19,-0.02,-0.138));
#4463=CARTESIAN_POINT('',(0.19,-0.232,-0.138));
#4464=CARTESIAN_POINT('',(-0.2755,-0.232,-0.138));
#4465=CARTESIAN_POINT('',(-0.19,-0.232,-0.138));
#4466=CARTESIAN_POINT('',(-0.19,-0.02,-0.138));
#4467=CARTESIAN_POINT('',(-0.19,-0.15,-0.138));
#4468=CARTESIAN_POINT('',(-0.2555,-0.15,-0.138));
#4469=CARTESIAN_POINT('',(-0.25,-0.15,-0.138));
#4470=CARTESIAN_POINT('',(-0.25,-0.02,-0.138));
#4471=CARTESIAN_POINT('',(-0.25,-0.1,-0.138));
#4472=CARTESIAN_POINT('',(-0.2555,-0.1,-0.138));
#4473=CARTESIAN_POINT('',(-0.2755,-0.1,-0.138));
#4474=CARTESIAN_POINT('',(-0.2755,-0.02,-0.138));
#4475=CARTESIAN_POINT('',(-0.2755,-0.02,-0.138));
#4476=CARTESIAN_POINT('',(-0.2555,-0.02,-0.138));
#4477=CARTESIAN_POINT('',(-0.2555,0.,-0.138));
#4478=CARTESIAN_POINT('',(0.2555,0.,-0.138));
#4479=CARTESIAN_POINT('',(0.2555,1.28055374703012E-17,-0.138));
#4480=CARTESIAN_POINT('',(0.2555,-0.02,-0.138));
#4481=CARTESIAN_POINT('',(0.2755,-0.02,-0.138));
#4482=CARTESIAN_POINT('',(0.2755,-0.232,-0.138));
#4483=CARTESIAN_POINT('',(0.2755,-0.1,-0.138));
#4484=CARTESIAN_POINT('',(-0.2555,-0.1,-0.138));
#4485=CARTESIAN_POINT('',(0.25,-0.1,-0.138));
#4486=CARTESIAN_POINT('',(0.25,-0.02,-0.138));
#4487=CARTESIAN_POINT('',(-0.2755,-0.02,0.138));
#4488=CARTESIAN_POINT('',(-0.2755,-0.1,0.138));
#4489=CARTESIAN_POINT('',(-0.2755,-0.1,0.138));
#4490=CARTESIAN_POINT('',(-0.2755,-0.02,0.138));
#4491=CARTESIAN_POINT('',(-0.2755,-0.02,0.138));
#4492=CARTESIAN_POINT('',(-0.2755,-0.02,0.138));
#4493=CARTESIAN_POINT('',(-0.2755,-0.232,0.138));
#4494=CARTESIAN_POINT('',(-0.2755,-0.232,0.138));
#4495=CARTESIAN_POINT('',(-0.22,-0.232,0.138));
#4496=CARTESIAN_POINT('',(0.22,-0.232,0.138));
#4497=CARTESIAN_POINT('',(-0.22,-0.232,0.138));
#4498=CARTESIAN_POINT('',(-0.22,-0.232,0.09));
#4499=CARTESIAN_POINT('',(-0.2755,-0.232,0.09));
#4500=CARTESIAN_POINT('',(0.22,-0.232,0.09));
#4501=CARTESIAN_POINT('',(0.22,-0.232,0.138));
#4502=CARTESIAN_POINT('',(-0.2755,-0.232,0.138));
#4503=CARTESIAN_POINT('',(0.19,-0.232,0.138));
#4504=CARTESIAN_POINT('',(0.19,-0.232,-0.11));
#4505=CARTESIAN_POINT('',(-0.2755,-0.232,-0.11));
#4506=CARTESIAN_POINT('',(-0.19,-0.232,-0.11));
#4507=CARTESIAN_POINT('',(-0.19,-0.232,0.138));
#4508=CARTESIAN_POINT('',(0.2755,-0.232,0.138));
#4509=CARTESIAN_POINT('',(0.2755,-0.1,0.138));
#4510=CARTESIAN_POINT('',(0.2755,-0.1,0.138));
#4511=CARTESIAN_POINT('',(0.2755,-0.02,0.138));
#4512=CARTESIAN_POINT('',(0.2755,-0.02,0.138));
#4513=CARTESIAN_POINT('',(0.2755,-0.232,0.138));
#4514=CARTESIAN_POINT('',(-0.2555,-0.02,0.138));
#4515=CARTESIAN_POINT('',(-0.2555,-0.02,0.138));
#4516=CARTESIAN_POINT('',(-0.2555,0.,0.138));
#4517=CARTESIAN_POINT('',(-0.2555,0.,0.138));
#4518=CARTESIAN_POINT('',(0.2555,-0.02,0.138));
#4519=CARTESIAN_POINT('',(0.2555,1.28055374703012E-17,0.138));
#4520=CARTESIAN_POINT('',(0.2555,1.28055374703012E-17,0.138));
#4521=CARTESIAN_POINT('',(0.2555,-0.02,0.138));
#4522=CARTESIAN_POINT('',(0.2555,0.,0.138));
#4523=CARTESIAN_POINT('',(0.1,0.,-0.075));
#4524=CARTESIAN_POINT('',(0.1,0.,-0.075));
#4525=CARTESIAN_POINT('',(-0.1,0.,-0.075));
#4526=CARTESIAN_POINT('',(0.1,0.,-0.075));
#4527=CARTESIAN_POINT('',(0.1,0.,0.075));
#4528=CARTESIAN_POINT('',(0.1,0.,0.075));
#4529=CARTESIAN_POINT('',(-0.1,0.,0.075));
#4530=CARTESIAN_POINT('',(-0.1,0.,-0.075));
#4531=CARTESIAN_POINT('',(0.2555,0.,0.138));
#4532=CARTESIAN_POINT('',(-0.2555,-0.02,0.138));
#4533=CARTESIAN_POINT('',(0.22,-0.02,0.138));
#4534=CARTESIAN_POINT('',(0.22,-0.1,0.138));
#4535=CARTESIAN_POINT('',(-0.2555,-0.1,0.138));
#4536=CARTESIAN_POINT('',(-0.2555,-0.1,0.138));
#4537=CARTESIAN_POINT('',(-0.22,-0.1,0.138));
#4538=CARTESIAN_POINT('',(-0.22,-0.02,0.138));
#4539=CARTESIAN_POINT('',(0.075,-0.02,0.138));
#4540=CARTESIAN_POINT('',(0.075,-0.15,0.138));
#4541=CARTESIAN_POINT('',(0.075,-0.1,0.138));
#4542=CARTESIAN_POINT('',(-0.2555,-0.15,0.138));
#4543=CARTESIAN_POINT('',(-0.075,-0.15,0.138));
#4544=CARTESIAN_POINT('',(-0.075,-0.02,0.138));
#4545=CARTESIAN_POINT('',(-0.075,-0.1,0.138));
#4546=CARTESIAN_POINT('',(-0.2555,-0.1,0.138));
#4547=CARTESIAN_POINT('',(0.5,-0.1,0.09));
#4548=CARTESIAN_POINT('',(-0.22,-0.6,0.09));
#4549=CARTESIAN_POINT('',(-0.22,-0.1,0.09));
#4550=CARTESIAN_POINT('',(0.5,-0.1,0.09));
#4551=CARTESIAN_POINT('',(-0.075,-0.1,0.0900000000000001));
#4552=CARTESIAN_POINT('',(-0.075,-0.1,0.09));
#4553=CARTESIAN_POINT('',(-0.075,-0.15,0.09));
#4554=CARTESIAN_POINT('',(0.5,-0.15,0.09));
#4555=CARTESIAN_POINT('',(0.075,-0.15,0.09));
#4556=CARTESIAN_POINT('',(0.075,-0.1,0.09));
#4557=CARTESIAN_POINT('',(0.075,-0.1,0.0900000000000001));
#4558=CARTESIAN_POINT('',(0.5,-0.1,0.09));
#4559=CARTESIAN_POINT('',(0.22,-0.1,0.09));
#4560=CARTESIAN_POINT('',(0.22,-0.6,0.09));
#4561=CARTESIAN_POINT('',(0.5,-0.332,-0.11));
#4562=CARTESIAN_POINT('',(0.19,-0.332,-0.11));
#4563=CARTESIAN_POINT('',(0.19,-0.15,-0.11));
#4564=CARTESIAN_POINT('',(0.5,-0.15,-0.11));
#4565=CARTESIAN_POINT('',(0.25,-0.15,-0.11));
#4566=CARTESIAN_POINT('',(0.25,-0.332,-0.11));
#4567=CARTESIAN_POINT('',(0.25,-0.1,-0.11));
#4568=CARTESIAN_POINT('',(0.5,-0.1,-0.11));
#4569=CARTESIAN_POINT('',(0.075,-0.1,-0.11));
#4570=CARTESIAN_POINT('',(0.075,-0.332,-0.11));
#4571=CARTESIAN_POINT('',(0.075,-0.15,-0.11));
#4572=CARTESIAN_POINT('',(0.5,-0.15,-0.11));
#4573=CARTESIAN_POINT('',(-0.075,-0.15,-0.11));
#4574=CARTESIAN_POINT('',(-0.075,-0.332,-0.11));
#4575=CARTESIAN_POINT('',(-0.075,-0.1,-0.11));
#4576=CARTESIAN_POINT('',(0.5,-0.1,-0.11));
#4577=CARTESIAN_POINT('',(-0.25,-0.1,-0.11));
#4578=CARTESIAN_POINT('',(-0.25,-0.332,-0.11));
#4579=CARTESIAN_POINT('',(-0.25,-0.15,-0.11));
#4580=CARTESIAN_POINT('',(0.5,-0.15,-0.11));
#4581=CARTESIAN_POINT('',(-0.19,-0.15,-0.11));
#4582=CARTESIAN_POINT('',(-0.19,-0.332,-0.11));
#4583=CARTESIAN_POINT('',(0.5,-0.1,-0.11));
#4584=CARTESIAN_POINT('',(0.25,-0.1,-0.3));
#4585=CARTESIAN_POINT('',(0.22,-0.1,0.09));
#4586=CARTESIAN_POINT('',(0.075,-0.1,-0.25));
#4587=CARTESIAN_POINT('',(-0.075,-0.1,-0.25));
#4588=CARTESIAN_POINT('',(-0.22,-0.1,0.5));
#4589=CARTESIAN_POINT('',(-0.25,-0.1,-0.05));
#4590=CARTESIAN_POINT('',(-0.075,-0.1,-0.25));
#4591=CARTESIAN_POINT('',(0.075,-0.1,-0.25));
#4592=CARTESIAN_POINT('',(0.075,0.,0.));
#4593=CARTESIAN_POINT('',(0.075,-0.15,0.25));
#4594=CARTESIAN_POINT('',(-0.075,0.,0.));
#4595=CARTESIAN_POINT('',(-0.075,-0.15,0.25));
#4596=CARTESIAN_POINT('',(0.075,-0.15,0.25));
#4597=CARTESIAN_POINT('',(0.075,-0.15,0.25));
#4598=CARTESIAN_POINT('',(0.075,-0.15,0.25));
#4599=CARTESIAN_POINT('',(-0.075,-0.15,0.25));
#4600=CARTESIAN_POINT('',(0.075,0.,0.));
#4601=CARTESIAN_POINT('',(-0.075,0.,0.));
#4602=CARTESIAN_POINT('',(0.22,-0.6,0.09));
#4603=CARTESIAN_POINT('',(-0.22,-0.6,0.5));
#4604=CARTESIAN_POINT('',(-0.25,-0.2,-0.05));
#4605=CARTESIAN_POINT('',(-0.25,-0.15,-0.05));
#4606=CARTESIAN_POINT('',(0.25,-0.2,-0.3));
#4607=CARTESIAN_POINT('',(0.25,-0.15,-0.3));
#4608=CARTESIAN_POINT('',(0.1,0.,0.075));
#4609=CARTESIAN_POINT('',(-0.1,0.,0.075));
#4610=CARTESIAN_POINT('',(-0.1,-0.05,0.075));
#4611=CARTESIAN_POINT('',(0.1,0.,0.075));
#4612=CARTESIAN_POINT('',(0.1,-0.05,0.075));
#4613=CARTESIAN_POINT('',(0.1,-0.05,0.075));
#4614=CARTESIAN_POINT('',(0.1,-0.05,0.075));
#4615=CARTESIAN_POINT('',(-0.1,-0.05,0.075));
#4616=CARTESIAN_POINT('',(-0.1,-0.05,-0.075));
#4617=CARTESIAN_POINT('',(0.1,-0.05,0.075));
#4618=CARTESIAN_POINT('',(0.1,-0.05,-0.075));
#4619=CARTESIAN_POINT('',(0.1,-0.05,-0.075));
#4620=CARTESIAN_POINT('',(0.1,-0.05,-0.075));
#4621=CARTESIAN_POINT('',(-0.1,-0.05,-0.075));
#4622=CARTESIAN_POINT('',(0.1,-0.05,-0.075));
#4623=CARTESIAN_POINT('',(0.1,0.,0.));
#4624=CARTESIAN_POINT('',(-0.1,0.,0.));
#4625=CARTESIAN_POINT('',(0.,-0.15,0.));
#4626=CARTESIAN_POINT('',(0.19,-0.15,-0.15));
#4627=CARTESIAN_POINT('',(0.19,-0.65,-0.15));
#4628=CARTESIAN_POINT('',(-0.19,-0.65,-0.03));
#4629=CARTESIAN_POINT('',(-0.19,-0.15,-0.03));
#4630=CARTESIAN_POINT('',(0.,-0.15,0.));
#4631=CARTESIAN_POINT('',(0.,0.,0.));
#4632=CARTESIAN_POINT('',(-0.185,-0.242,0.02));
#4633=CARTESIAN_POINT('',(0.171,-0.242,0.02));
#4634=CARTESIAN_POINT('',(0.171,-0.242,0.02));
#4635=CARTESIAN_POINT('',(0.171,-0.242,-0.02));
#4636=CARTESIAN_POINT('',(-0.185,-0.242,0.02));
#4637=CARTESIAN_POINT('',(0.01,-0.242,0.02));
#4638=CARTESIAN_POINT('',(0.01,-0.242,0.02));
#4639=CARTESIAN_POINT('',(0.01,-0.242,-0.02));
#4640=CARTESIAN_POINT('',(-0.185,-0.242,-0.02));
#4641=CARTESIAN_POINT('',(0.,0.,0.02));
#4642=CARTESIAN_POINT('',(0.171,0.,0.02));
#4643=CARTESIAN_POINT('',(0.171,-0.232,0.02));
#4644=CARTESIAN_POINT('',(0.185,-0.232,0.02));
#4645=CARTESIAN_POINT('',(0.01,-0.232,0.02));
#4646=CARTESIAN_POINT('',(0.01,0.,0.02));
#4647=CARTESIAN_POINT('',(0.,0.,-0.02));
#4648=CARTESIAN_POINT('',(0.171,0.,-0.02));
#4649=CARTESIAN_POINT('',(0.171,-0.232,-0.02));
#4650=CARTESIAN_POINT('',(0.01,0.,-0.02));
#4651=CARTESIAN_POINT('',(0.01,-0.232,-0.02));
#4652=CARTESIAN_POINT('',(0.185,-0.232,-0.02));
#4653=CARTESIAN_POINT('',(-0.185,-0.242,0.02));
#4654=CARTESIAN_POINT('',(-0.185,-0.242,0.02));
#4655=CARTESIAN_POINT('',(-0.171,-0.242,0.02));
#4656=CARTESIAN_POINT('',(-0.01,-0.242,0.02));
#4657=CARTESIAN_POINT('',(-0.171,-0.242,0.02));
#4658=CARTESIAN_POINT('',(-0.171,-0.242,-0.02));
#4659=CARTESIAN_POINT('',(-0.185,-0.242,-0.02));
#4660=CARTESIAN_POINT('',(-0.01,-0.242,-0.02));
#4661=CARTESIAN_POINT('',(-0.01,-0.242,0.02));
#4662=CARTESIAN_POINT('',(0.,0.,0.02));
#4663=CARTESIAN_POINT('',(-0.171,0.,0.02));
#4664=CARTESIAN_POINT('',(-0.171,-0.232,0.02));
#4665=CARTESIAN_POINT('',(-0.01,0.,0.02));
#4666=CARTESIAN_POINT('',(-0.01,-0.232,0.02));
#4667=CARTESIAN_POINT('',(0.185,-0.232,0.02));
#4668=CARTESIAN_POINT('',(0.,0.,-0.02));
#4669=CARTESIAN_POINT('',(-0.171,0.,-0.02));
#4670=CARTESIAN_POINT('',(-0.171,-0.232,-0.02));
#4671=CARTESIAN_POINT('',(0.185,-0.232,-0.02));
#4672=CARTESIAN_POINT('',(-0.01,-0.232,-0.02));
#4673=CARTESIAN_POINT('',(-0.01,0.,-0.02));
#4674=CARTESIAN_POINT('',(0.185,-0.232,0.02));
#4675=CARTESIAN_POINT('',(0.171,-0.232,-0.0435));
#4676=CARTESIAN_POINT('',(0.171,-0.232,-0.0435));
#4677=CARTESIAN_POINT('',(0.01,-0.232,-0.0435));
#4678=CARTESIAN_POINT('',(0.01,-0.232,-0.0435));
#4679=CARTESIAN_POINT('',(0.01,-0.232,-0.0435));
#4680=CARTESIAN_POINT('',(-0.01,-0.232,-0.0435));
#4681=CARTESIAN_POINT('',(-0.01,-0.232,-0.0435));
#4682=CARTESIAN_POINT('',(-0.171,-0.232,-0.0435));
#4683=CARTESIAN_POINT('',(-0.171,-0.232,-0.0435));
#4684=CARTESIAN_POINT('',(-0.171,-0.232,-0.0435));
#4685=CARTESIAN_POINT('',(-0.199,-0.232,-0.0435));
#4686=CARTESIAN_POINT('',(-0.199,-0.232,-0.0435));
#4687=CARTESIAN_POINT('',(-0.199,-0.232,0.0435));
#4688=CARTESIAN_POINT('',(-0.171,-0.232,0.0435));
#4689=CARTESIAN_POINT('',(-0.171,-0.232,0.0435));
#4690=CARTESIAN_POINT('',(-0.171,-0.232,-0.0435));
#4691=CARTESIAN_POINT('',(-0.01,-0.232,-0.0435));
#4692=CARTESIAN_POINT('',(-0.01,-0.232,0.0435));
#4693=CARTESIAN_POINT('',(0.01,-0.232,0.0435));
#4694=CARTESIAN_POINT('',(0.01,-0.232,0.0435));
#4695=CARTESIAN_POINT('',(0.01,-0.232,-0.0435));
#4696=CARTESIAN_POINT('',(0.171,-0.232,-0.0435));
#4697=CARTESIAN_POINT('',(0.171,-0.232,0.0435));
#4698=CARTESIAN_POINT('',(0.199,-0.232,0.0435));
#4699=CARTESIAN_POINT('',(0.199,-0.232,0.0435));
#4700=CARTESIAN_POINT('',(0.199,-0.232,-0.0435));
#4701=CARTESIAN_POINT('',(0.199,-0.232,-0.0435));
#4702=CARTESIAN_POINT('',(0.199,-0.232,-0.0435));
#4703=CARTESIAN_POINT('',(0.01,-0.232,0.0435));
#4704=CARTESIAN_POINT('',(-0.01,-0.232,0.0435));
#4705=CARTESIAN_POINT('',(-0.01,-0.285,0.0435));
#4706=CARTESIAN_POINT('',(0.01,-0.285,0.0435));
#4707=CARTESIAN_POINT('',(0.01,-0.285,0.0435));
#4708=CARTESIAN_POINT('',(0.01,-0.232,0.0435));
#4709=CARTESIAN_POINT('',(0.01,-0.285,0.0435));
#4710=CARTESIAN_POINT('',(-0.01,-0.285,0.0435));
#4711=CARTESIAN_POINT('',(-0.01,-0.285,0.0335));
#4712=CARTESIAN_POINT('',(0.01,-0.285,0.0335));
#4713=CARTESIAN_POINT('',(0.01,-0.285,0.0335));
#4714=CARTESIAN_POINT('',(0.01,-0.285,0.0435));
#4715=CARTESIAN_POINT('',(0.01,-0.285,0.0335));
#4716=CARTESIAN_POINT('',(-0.01,-0.285,0.0335));
#4717=CARTESIAN_POINT('',(-0.01,-0.335,0.0335));
#4718=CARTESIAN_POINT('',(0.01,-0.335,0.0335));
#4719=CARTESIAN_POINT('',(0.01,-0.335,0.0335));
#4720=CARTESIAN_POINT('',(0.01,-0.285,0.0335));
#4721=CARTESIAN_POINT('',(0.01,-0.335,0.0335));
#4722=CARTESIAN_POINT('',(-0.01,-0.335,0.0335));
#4723=CARTESIAN_POINT('',(-0.01,-0.335,0.0235));
#4724=CARTESIAN_POINT('',(0.01,-0.335,0.0235));
#4725=CARTESIAN_POINT('',(0.01,-0.335,0.0235));
#4726=CARTESIAN_POINT('',(0.01,-0.335,0.0335));
#4727=CARTESIAN_POINT('',(0.01,-0.335,0.0235));
#4728=CARTESIAN_POINT('',(-0.01,-0.335,0.0235));
#4729=CARTESIAN_POINT('',(-0.01,-0.484,0.0235));
#4730=CARTESIAN_POINT('',(0.01,-0.484,0.0235));
#4731=CARTESIAN_POINT('',(0.01,-0.484,0.0235));
#4732=CARTESIAN_POINT('',(0.01,-0.335,0.0235));
#4733=CARTESIAN_POINT('',(0.01,-0.484,0.00349999999999992));
#4734=CARTESIAN_POINT('',(-0.01,-0.484,0.00349999999999992));
#4735=CARTESIAN_POINT('',(-0.01,-0.504,0.00350000000000001));
#4736=CARTESIAN_POINT('',(0.01,-0.504,0.00350000000000001));
#4737=CARTESIAN_POINT('',(0.01,-0.504,0.00350000000000001));
#4738=CARTESIAN_POINT('',(0.01,-0.484,0.00349999999999992));
#4739=CARTESIAN_POINT('',(0.01,-0.504,0.0035));
#4740=CARTESIAN_POINT('',(-0.01,-0.504,0.0035));
#4741=CARTESIAN_POINT('',(-0.01,-0.504,-0.0035));
#4742=CARTESIAN_POINT('',(0.01,-0.504,-0.0035));
#4743=CARTESIAN_POINT('',(0.01,-0.504,-0.0035));
#4744=CARTESIAN_POINT('',(0.01,-0.504,0.0035));
#4745=CARTESIAN_POINT('',(0.01,-0.484,-0.00349999999999992));
#4746=CARTESIAN_POINT('',(-0.01,-0.484,-0.00349999999999992));
#4747=CARTESIAN_POINT('',(-0.01,-0.484,-0.0235));
#4748=CARTESIAN_POINT('',(0.01,-0.484,-0.0235));
#4749=CARTESIAN_POINT('',(0.01,-0.484,-0.0235));
#4750=CARTESIAN_POINT('',(0.01,-0.484,-0.00349999999999992));
#4751=CARTESIAN_POINT('',(0.01,-0.484,-0.0235));
#4752=CARTESIAN_POINT('',(-0.01,-0.484,-0.0235));
#4753=CARTESIAN_POINT('',(-0.01,-0.335,-0.0235));
#4754=CARTESIAN_POINT('',(0.01,-0.335,-0.0235));
#4755=CARTESIAN_POINT('',(0.01,-0.335,-0.0235));
#4756=CARTESIAN_POINT('',(0.01,-0.484,-0.0235));
#4757=CARTESIAN_POINT('',(0.01,-0.335,-0.0235));
#4758=CARTESIAN_POINT('',(-0.01,-0.335,-0.0235));
#4759=CARTESIAN_POINT('',(-0.01,-0.335,-0.0335));
#4760=CARTESIAN_POINT('',(0.01,-0.335,-0.0335));
#4761=CARTESIAN_POINT('',(0.01,-0.335,-0.0335));
#4762=CARTESIAN_POINT('',(0.01,-0.335,-0.0235));
#4763=CARTESIAN_POINT('',(0.01,-0.335,-0.0335));
#4764=CARTESIAN_POINT('',(-0.01,-0.335,-0.0335));
#4765=CARTESIAN_POINT('',(-0.01,-0.285,-0.0335));
#4766=CARTESIAN_POINT('',(0.01,-0.285,-0.0335));
#4767=CARTESIAN_POINT('',(0.01,-0.285,-0.0335));
#4768=CARTESIAN_POINT('',(0.01,-0.335,-0.0335));
#4769=CARTESIAN_POINT('',(0.01,-0.285,-0.0335));
#4770=CARTESIAN_POINT('',(-0.01,-0.285,-0.0335));
#4771=CARTESIAN_POINT('',(-0.01,-0.285,-0.0435));
#4772=CARTESIAN_POINT('',(0.01,-0.285,-0.0435));
#4773=CARTESIAN_POINT('',(0.01,-0.285,-0.0435));
#4774=CARTESIAN_POINT('',(0.01,-0.285,-0.0335));
#4775=CARTESIAN_POINT('',(0.01,-0.285,-0.0435));
#4776=CARTESIAN_POINT('',(-0.01,-0.285,-0.0435));
#4777=CARTESIAN_POINT('',(0.01,-0.285,-0.0435));
#4778=CARTESIAN_POINT('',(0.01,-0.484,0.00349999999999992));
#4779=CARTESIAN_POINT('',(-0.01,-0.484,0.00349999999999992));
#4780=CARTESIAN_POINT('',(-0.171,-0.232,0.0435));
#4781=CARTESIAN_POINT('',(-0.199,-0.232,0.0435));
#4782=CARTESIAN_POINT('',(-0.199,-0.285,0.0435));
#4783=CARTESIAN_POINT('',(-0.171,-0.285,0.0435));
#4784=CARTESIAN_POINT('',(-0.171,-0.285,0.0435));
#4785=CARTESIAN_POINT('',(-0.171,-0.232,0.0435));
#4786=CARTESIAN_POINT('',(-0.171,-0.285,0.0435));
#4787=CARTESIAN_POINT('',(-0.199,-0.285,0.0435));
#4788=CARTESIAN_POINT('',(-0.199,-0.285,0.0335));
#4789=CARTESIAN_POINT('',(-0.171,-0.285,0.0335));
#4790=CARTESIAN_POINT('',(-0.171,-0.285,0.0335));
#4791=CARTESIAN_POINT('',(-0.171,-0.285,0.0435));
#4792=CARTESIAN_POINT('',(-0.171,-0.285,0.0335));
#4793=CARTESIAN_POINT('',(-0.199,-0.285,0.0335));
#4794=CARTESIAN_POINT('',(-0.199,-0.335,0.0335));
#4795=CARTESIAN_POINT('',(-0.171,-0.335,0.0335));
#4796=CARTESIAN_POINT('',(-0.171,-0.335,0.0335));
#4797=CARTESIAN_POINT('',(-0.171,-0.285,0.0335));
#4798=CARTESIAN_POINT('',(-0.171,-0.335,0.0335));
#4799=CARTESIAN_POINT('',(-0.199,-0.335,0.0335));
#4800=CARTESIAN_POINT('',(-0.199,-0.335,0.0235));
#4801=CARTESIAN_POINT('',(-0.171,-0.335,0.0235));
#4802=CARTESIAN_POINT('',(-0.171,-0.335,0.0235));
#4803=CARTESIAN_POINT('',(-0.171,-0.335,0.0335));
#4804=CARTESIAN_POINT('',(-0.171,-0.335,0.0235));
#4805=CARTESIAN_POINT('',(-0.199,-0.335,0.0235));
#4806=CARTESIAN_POINT('',(-0.199,-0.484,0.0235));
#4807=CARTESIAN_POINT('',(-0.171,-0.484,0.0235));
#4808=CARTESIAN_POINT('',(-0.171,-0.484,0.0235));
#4809=CARTESIAN_POINT('',(-0.171,-0.335,0.0235));
#4810=CARTESIAN_POINT('',(-0.171,-0.484,0.00349999999999992));
#4811=CARTESIAN_POINT('',(-0.199,-0.484,0.00349999999999992));
#4812=CARTESIAN_POINT('',(-0.199,-0.504,0.00350000000000001));
#4813=CARTESIAN_POINT('',(-0.171,-0.504,0.00350000000000001));
#4814=CARTESIAN_POINT('',(-0.171,-0.504,0.00350000000000001));
#4815=CARTESIAN_POINT('',(-0.171,-0.484,0.00349999999999992));
#4816=CARTESIAN_POINT('',(-0.171,-0.504,0.0035));
#4817=CARTESIAN_POINT('',(-0.199,-0.504,0.0035));
#4818=CARTESIAN_POINT('',(-0.199,-0.504,-0.0035));
#4819=CARTESIAN_POINT('',(-0.171,-0.504,-0.0035));
#4820=CARTESIAN_POINT('',(-0.171,-0.504,-0.0035));
#4821=CARTESIAN_POINT('',(-0.171,-0.504,0.0035));
#4822=CARTESIAN_POINT('',(-0.171,-0.484,-0.00349999999999992));
#4823=CARTESIAN_POINT('',(-0.199,-0.484,-0.00349999999999992));
#4824=CARTESIAN_POINT('',(-0.199,-0.484,-0.0235));
#4825=CARTESIAN_POINT('',(-0.171,-0.484,-0.0235));
#4826=CARTESIAN_POINT('',(-0.171,-0.484,-0.0235));
#4827=CARTESIAN_POINT('',(-0.171,-0.484,-0.00349999999999992));
#4828=CARTESIAN_POINT('',(-0.171,-0.484,-0.0235));
#4829=CARTESIAN_POINT('',(-0.199,-0.484,-0.0235));
#4830=CARTESIAN_POINT('',(-0.199,-0.335,-0.0235));
#4831=CARTESIAN_POINT('',(-0.171,-0.335,-0.0235));
#4832=CARTESIAN_POINT('',(-0.171,-0.335,-0.0235));
#4833=CARTESIAN_POINT('',(-0.171,-0.484,-0.0235));
#4834=CARTESIAN_POINT('',(-0.171,-0.335,-0.0235));
#4835=CARTESIAN_POINT('',(-0.199,-0.335,-0.0235));
#4836=CARTESIAN_POINT('',(-0.199,-0.335,-0.0335));
#4837=CARTESIAN_POINT('',(-0.171,-0.335,-0.0335));
#4838=CARTESIAN_POINT('',(-0.171,-0.335,-0.0335));
#4839=CARTESIAN_POINT('',(-0.171,-0.335,-0.0235));
#4840=CARTESIAN_POINT('',(-0.171,-0.335,-0.0335));
#4841=CARTESIAN_POINT('',(-0.199,-0.335,-0.0335));
#4842=CARTESIAN_POINT('',(-0.199,-0.285,-0.0335));
#4843=CARTESIAN_POINT('',(-0.171,-0.285,-0.0335));
#4844=CARTESIAN_POINT('',(-0.171,-0.285,-0.0335));
#4845=CARTESIAN_POINT('',(-0.171,-0.335,-0.0335));
#4846=CARTESIAN_POINT('',(-0.171,-0.285,-0.0335));
#4847=CARTESIAN_POINT('',(-0.199,-0.285,-0.0335));
#4848=CARTESIAN_POINT('',(-0.199,-0.285,-0.0435));
#4849=CARTESIAN_POINT('',(-0.171,-0.285,-0.0435));
#4850=CARTESIAN_POINT('',(-0.171,-0.285,-0.0435));
#4851=CARTESIAN_POINT('',(-0.171,-0.285,-0.0335));
#4852=CARTESIAN_POINT('',(-0.171,-0.285,-0.0435));
#4853=CARTESIAN_POINT('',(-0.199,-0.285,-0.0435));
#4854=CARTESIAN_POINT('',(-0.171,-0.285,-0.0435));
#4855=CARTESIAN_POINT('',(-0.171,-0.484,0.00349999999999992));
#4856=CARTESIAN_POINT('',(-0.199,-0.484,0.00349999999999992));
#4857=CARTESIAN_POINT('',(0.199,-0.232,0.0435));
#4858=CARTESIAN_POINT('',(0.171,-0.232,0.0435));
#4859=CARTESIAN_POINT('',(0.171,-0.285,0.0435));
#4860=CARTESIAN_POINT('',(0.199,-0.285,0.0435));
#4861=CARTESIAN_POINT('',(0.199,-0.285,0.0435));
#4862=CARTESIAN_POINT('',(0.199,-0.232,0.0435));
#4863=CARTESIAN_POINT('',(0.199,-0.285,0.0435));
#4864=CARTESIAN_POINT('',(0.171,-0.285,0.0435));
#4865=CARTESIAN_POINT('',(0.171,-0.285,0.0335));
#4866=CARTESIAN_POINT('',(0.199,-0.285,0.0335));
#4867=CARTESIAN_POINT('',(0.199,-0.285,0.0335));
#4868=CARTESIAN_POINT('',(0.199,-0.285,0.0435));
#4869=CARTESIAN_POINT('',(0.199,-0.285,0.0335));
#4870=CARTESIAN_POINT('',(0.171,-0.285,0.0335));
#4871=CARTESIAN_POINT('',(0.171,-0.335,0.0335));
#4872=CARTESIAN_POINT('',(0.199,-0.335,0.0335));
#4873=CARTESIAN_POINT('',(0.199,-0.335,0.0335));
#4874=CARTESIAN_POINT('',(0.199,-0.285,0.0335));
#4875=CARTESIAN_POINT('',(0.199,-0.335,0.0335));
#4876=CARTESIAN_POINT('',(0.171,-0.335,0.0335));
#4877=CARTESIAN_POINT('',(0.171,-0.335,0.0235));
#4878=CARTESIAN_POINT('',(0.199,-0.335,0.0235));
#4879=CARTESIAN_POINT('',(0.199,-0.335,0.0235));
#4880=CARTESIAN_POINT('',(0.199,-0.335,0.0335));
#4881=CARTESIAN_POINT('',(0.199,-0.335,0.0235));
#4882=CARTESIAN_POINT('',(0.171,-0.335,0.0235));
#4883=CARTESIAN_POINT('',(0.171,-0.484,0.0235));
#4884=CARTESIAN_POINT('',(0.199,-0.484,0.0235));
#4885=CARTESIAN_POINT('',(0.199,-0.484,0.0235));
#4886=CARTESIAN_POINT('',(0.199,-0.335,0.0235));
#4887=CARTESIAN_POINT('',(0.199,-0.484,0.00349999999999992));
#4888=CARTESIAN_POINT('',(0.171,-0.484,0.00349999999999992));
#4889=CARTESIAN_POINT('',(0.171,-0.504,0.00350000000000001));
#4890=CARTESIAN_POINT('',(0.199,-0.504,0.00350000000000001));
#4891=CARTESIAN_POINT('',(0.199,-0.504,0.00350000000000001));
#4892=CARTESIAN_POINT('',(0.199,-0.484,0.00349999999999992));
#4893=CARTESIAN_POINT('',(0.199,-0.504,0.0035));
#4894=CARTESIAN_POINT('',(0.171,-0.504,0.0035));
#4895=CARTESIAN_POINT('',(0.171,-0.504,-0.0035));
#4896=CARTESIAN_POINT('',(0.199,-0.504,-0.0035));
#4897=CARTESIAN_POINT('',(0.199,-0.504,-0.0035));
#4898=CARTESIAN_POINT('',(0.199,-0.504,0.0035));
#4899=CARTESIAN_POINT('',(0.199,-0.484,-0.00349999999999992));
#4900=CARTESIAN_POINT('',(0.171,-0.484,-0.00349999999999992));
#4901=CARTESIAN_POINT('',(0.171,-0.484,-0.0235));
#4902=CARTESIAN_POINT('',(0.199,-0.484,-0.0235));
#4903=CARTESIAN_POINT('',(0.199,-0.484,-0.0235));
#4904=CARTESIAN_POINT('',(0.199,-0.484,-0.00349999999999992));
#4905=CARTESIAN_POINT('',(0.199,-0.484,-0.0235));
#4906=CARTESIAN_POINT('',(0.171,-0.484,-0.0235));
#4907=CARTESIAN_POINT('',(0.171,-0.335,-0.0235));
#4908=CARTESIAN_POINT('',(0.199,-0.335,-0.0235));
#4909=CARTESIAN_POINT('',(0.199,-0.335,-0.0235));
#4910=CARTESIAN_POINT('',(0.199,-0.484,-0.0235));
#4911=CARTESIAN_POINT('',(0.199,-0.335,-0.0235));
#4912=CARTESIAN_POINT('',(0.171,-0.335,-0.0235));
#4913=CARTESIAN_POINT('',(0.171,-0.335,-0.0335));
#4914=CARTESIAN_POINT('',(0.199,-0.335,-0.0335));
#4915=CARTESIAN_POINT('',(0.199,-0.335,-0.0335));
#4916=CARTESIAN_POINT('',(0.199,-0.335,-0.0235));
#4917=CARTESIAN_POINT('',(0.199,-0.335,-0.0335));
#4918=CARTESIAN_POINT('',(0.171,-0.335,-0.0335));
#4919=CARTESIAN_POINT('',(0.171,-0.285,-0.0335));
#4920=CARTESIAN_POINT('',(0.199,-0.285,-0.0335));
#4921=CARTESIAN_POINT('',(0.199,-0.285,-0.0335));
#4922=CARTESIAN_POINT('',(0.199,-0.335,-0.0335));
#4923=CARTESIAN_POINT('',(0.199,-0.285,-0.0335));
#4924=CARTESIAN_POINT('',(0.171,-0.285,-0.0335));
#4925=CARTESIAN_POINT('',(0.171,-0.285,-0.0435));
#4926=CARTESIAN_POINT('',(0.199,-0.285,-0.0435));
#4927=CARTESIAN_POINT('',(0.199,-0.285,-0.0435));
#4928=CARTESIAN_POINT('',(0.199,-0.285,-0.0335));
#4929=CARTESIAN_POINT('',(0.199,-0.285,-0.0435));
#4930=CARTESIAN_POINT('',(0.171,-0.285,-0.0435));
#4931=CARTESIAN_POINT('',(0.199,-0.285,-0.0435));
#4932=CARTESIAN_POINT('',(0.199,-0.484,0.00349999999999992));
#4933=CARTESIAN_POINT('',(0.171,-0.484,0.00349999999999992));
#4934=CARTESIAN_POINT('',(0.,0.,0.));
#4935=CARTESIAN_POINT('',(-0.0249999999999938,0.0499999999999896,0.075));
#4936=CARTESIAN_POINT('',(-0.0249999999999938,0.0499999999999896,-0.075));
#4937=CARTESIAN_POINT('',(-0.09,0.168321595661992,-0.075));
#4938=CARTESIAN_POINT('',(-0.1,0.162249721603218,-0.075));
#4939=CARTESIAN_POINT('',(-0.1,0.162249721603218,0.075));
#4940=CARTESIAN_POINT('',(-0.1,0.162249721603218,0.075));
#4941=CARTESIAN_POINT('',(-0.0249999999999938,0.0499999999999896,0.075));
#4942=CARTESIAN_POINT('',(-0.09,0.168321595661992,0.075));
#4943=CARTESIAN_POINT('',(-0.09,0.168321595661992,0.075));
#4944=CARTESIAN_POINT('',(-0.1,0.162249721603218,0.075));
#4945=CARTESIAN_POINT('',(-0.1,0.162249721603218,-0.075));
#4946=CARTESIAN_POINT('',(-0.1,-0.05,-0.075));
#4947=CARTESIAN_POINT('',(-0.1,-0.05,0.075));
#4948=CARTESIAN_POINT('',(-0.1,-0.05,0.075));
#4949=CARTESIAN_POINT('',(-0.1,0.162249721603218,0.075));
#4950=CARTESIAN_POINT('',(-0.1,-0.05,0.075));
#4951=CARTESIAN_POINT('',(-0.1,-0.05,-0.075));
#4952=CARTESIAN_POINT('',(0.1,-0.05,-0.075));
#4953=CARTESIAN_POINT('',(0.1,-0.05,0.075));
#4954=CARTESIAN_POINT('',(0.1,-0.05,0.075));
#4955=CARTESIAN_POINT('',(-0.1,-0.05,0.075));
#4956=CARTESIAN_POINT('',(0.1,-0.05,0.075));
#4957=CARTESIAN_POINT('',(0.1,-0.05,-0.075));
#4958=CARTESIAN_POINT('',(0.1,-0.025,-0.075));
#4959=CARTESIAN_POINT('',(0.1,-0.025,0.075));
#4960=CARTESIAN_POINT('',(0.1,-0.025,0.075));
#4961=CARTESIAN_POINT('',(0.1,-0.05,0.075));
#4962=CARTESIAN_POINT('',(0.1,-0.025,0.075));
#4963=CARTESIAN_POINT('',(0.1,-0.025,-0.075));
#4964=CARTESIAN_POINT('',(0.05,-0.025,-0.075));
#4965=CARTESIAN_POINT('',(0.05,-0.025,0.075));
#4966=CARTESIAN_POINT('',(0.05,-0.025,0.075));
#4967=CARTESIAN_POINT('',(0.1,-0.025,0.075));
#4968=CARTESIAN_POINT('',(0.05,-0.025,0.075));
#4969=CARTESIAN_POINT('',(0.05,-0.025,-0.075));
#4970=CARTESIAN_POINT('',(0.05,0.162249721603218,-0.075));
#4971=CARTESIAN_POINT('',(0.05,0.162249721603218,0.075));
#4972=CARTESIAN_POINT('',(0.05,0.162249721603218,0.075));
#4973=CARTESIAN_POINT('',(0.05,-0.025,0.075));
#4974=CARTESIAN_POINT('',(-0.0250000000000026,0.0499999999999962,0.075));
#4975=CARTESIAN_POINT('',(-0.0250000000000026,0.0499999999999962,-0.075));
#4976=CARTESIAN_POINT('',(0.04,0.168321595661992,-0.075));
#4977=CARTESIAN_POINT('',(0.04,0.168321595661992,0.075));
#4978=CARTESIAN_POINT('',(0.04,0.168321595661992,0.075));
#4979=CARTESIAN_POINT('',(-0.0250000000000026,0.0499999999999962,0.075));
#4980=CARTESIAN_POINT('',(0.04,0.168321595661992,0.075));
#4981=CARTESIAN_POINT('',(0.04,0.168321595661992,-0.075));
#4982=CARTESIAN_POINT('',(0.04,0.186293800299207,-0.075));
#4983=CARTESIAN_POINT('',(0.04,0.186293800299207,0.075));
#4984=CARTESIAN_POINT('',(0.04,0.186293800299207,0.075));
#4985=CARTESIAN_POINT('',(0.04,0.168321595661992,0.075));
#4986=CARTESIAN_POINT('',(-0.0250000000000277,0.0499999999999362,0.075));
#4987=CARTESIAN_POINT('',(-0.0250000000000277,0.0499999999999362,-0.075));
#4988=CARTESIAN_POINT('',(0.03,0.190627166649976,-0.075));
#4989=CARTESIAN_POINT('',(0.03,0.190627166649976,0.075));
#4990=CARTESIAN_POINT('',(0.03,0.190627166649976,0.075));
#4991=CARTESIAN_POINT('',(-0.0250000000000277,0.0499999999999362,0.075));
#4992=CARTESIAN_POINT('',(0.03,0.190627166649976,0.075));
#4993=CARTESIAN_POINT('',(0.03,0.190627166649976,-0.075));
#4994=CARTESIAN_POINT('',(0.03,0.17328828005938,-0.075));
#4995=CARTESIAN_POINT('',(0.03,0.17328828005938,0.075));
#4996=CARTESIAN_POINT('',(0.03,0.17328828005938,0.075));
#4997=CARTESIAN_POINT('',(0.03,0.190627166649976,0.075));
#4998=CARTESIAN_POINT('',(-0.0250000000000137,0.0499999999999656,0.075));
#4999=CARTESIAN_POINT('',(-0.0250000000000137,0.0499999999999656,-0.075));
#5000=CARTESIAN_POINT('',(0.02,0.177279220613579,-0.075));
#5001=CARTESIAN_POINT('',(0.02,0.177279220613579,0.075));
#5002=CARTESIAN_POINT('',(0.02,0.177279220613579,0.075));
#5003=CARTESIAN_POINT('',(-0.0250000000000137,0.0499999999999656,0.075));
#5004=CARTESIAN_POINT('',(0.02,0.177279220613579,0.075));
#5005=CARTESIAN_POINT('',(0.02,0.177279220613579,-0.075));
#5006=CARTESIAN_POINT('',(0.02,0.194138821973818,-0.075));
#5007=CARTESIAN_POINT('',(0.02,0.194138821973818,0.075));
#5008=CARTESIAN_POINT('',(0.02,0.194138821973818,0.075));
#5009=CARTESIAN_POINT('',(0.02,0.177279220613579,0.075));
#5010=CARTESIAN_POINT('',(-0.025000000000013,0.0499999999999541,0.075));
#5011=CARTESIAN_POINT('',(-0.025000000000013,0.0499999999999541,-0.075));
#5012=CARTESIAN_POINT('',(0.00999999999999998,0.196887712215828,-0.075));
#5013=CARTESIAN_POINT('',(0.00999999999999998,0.196887712215828,0.075));
#5014=CARTESIAN_POINT('',(0.00999999999999998,0.196887712215828,0.075));
#5015=CARTESIAN_POINT('',(-0.025000000000013,0.0499999999999541,0.075));
#5016=CARTESIAN_POINT('',(0.00999999999999999,0.196887712215828,0.075));
#5017=CARTESIAN_POINT('',(0.00999999999999999,0.196887712215828,-0.075));
#5018=CARTESIAN_POINT('',(0.00999999999999999,0.180384048104053,-0.075));
#5019=CARTESIAN_POINT('',(0.00999999999999999,0.180384048104053,0.075));
#5020=CARTESIAN_POINT('',(0.00999999999999999,0.180384048104053,0.075));
#5021=CARTESIAN_POINT('',(0.00999999999999999,0.196887712215828,0.075));
#5022=CARTESIAN_POINT('',(-0.025000000000004,0.0499999999999792,0.075));
#5023=CARTESIAN_POINT('',(-0.025000000000004,0.0499999999999792,-0.075));
#5024=CARTESIAN_POINT('',(-4.26851249010041E-17,0.182664991614216,-0.075));
#5025=CARTESIAN_POINT('',(-4.26851249010041E-17,0.182664991614216,0.075));
#5026=CARTESIAN_POINT('',(-4.26851249010041E-17,0.182664991614216,0.075));
#5027=CARTESIAN_POINT('',(-0.025000000000004,0.0499999999999792,0.075));
#5028=CARTESIAN_POINT('',(-6.93889390390723E-18,0.182664991614216,0.075));
#5029=CARTESIAN_POINT('',(-6.93889390390723E-18,0.182664991614216,-0.075));
#5030=CARTESIAN_POINT('',(-6.93889390390723E-18,0.19891608375189,-0.075));
#5031=CARTESIAN_POINT('',(-6.93889390390723E-18,0.19891608375189,0.075));
#5032=CARTESIAN_POINT('',(-6.93889390390723E-18,0.19891608375189,0.075));
#5033=CARTESIAN_POINT('',(-6.93889390390723E-18,0.182664991614216,0.075));
#5034=CARTESIAN_POINT('',(-0.0249999999999961,0.0500000000000302,0.075));
#5035=CARTESIAN_POINT('',(-0.0249999999999961,0.0500000000000302,-0.075));
#5036=CARTESIAN_POINT('',(-0.01,0.200253119767944,-0.075));
#5037=CARTESIAN_POINT('',(-0.01,0.200253119767944,0.075));
#5038=CARTESIAN_POINT('',(-0.01,0.200253119767944,0.075));
#5039=CARTESIAN_POINT('',(-0.0249999999999961,0.0500000000000302,0.075));
#5040=CARTESIAN_POINT('',(-0.01,0.200253119767944,0.075));
#5041=CARTESIAN_POINT('',(-0.01,0.200253119767944,-0.075));
#5042=CARTESIAN_POINT('',(-0.01,0.184164078649987,-0.075));
#5043=CARTESIAN_POINT('',(-0.01,0.184164078649987,0.075));
#5044=CARTESIAN_POINT('',(-0.01,0.184164078649987,0.075));
#5045=CARTESIAN_POINT('',(-0.01,0.200253119767944,0.075));
#5046=CARTESIAN_POINT('',(-0.0249999999999982,0.0500000000000202,0.075));
#5047=CARTESIAN_POINT('',(-0.0249999999999982,0.0500000000000202,-0.075));
#5048=CARTESIAN_POINT('',(-0.02,0.18490737563232,-0.075));
#5049=CARTESIAN_POINT('',(-0.02,0.18490737563232,0.075));
#5050=CARTESIAN_POINT('',(-0.02,0.18490737563232,0.075));
#5051=CARTESIAN_POINT('',(-0.0249999999999982,0.0500000000000202,0.075));
#5052=CARTESIAN_POINT('',(-0.02,0.18490737563232,0.075));
#5053=CARTESIAN_POINT('',(-0.02,0.18490737563232,-0.075));
#5054=CARTESIAN_POINT('',(-0.02,0.200917195839308,-0.075));
#5055=CARTESIAN_POINT('',(-0.02,0.200917195839308,0.075));
#5056=CARTESIAN_POINT('',(-0.02,0.200917195839308,0.075));
#5057=CARTESIAN_POINT('',(-0.02,0.18490737563232,0.075));
#5058=CARTESIAN_POINT('',(-0.025,0.0500000000000285,0.075));
#5059=CARTESIAN_POINT('',(-0.025,0.0500000000000285,-0.075));
#5060=CARTESIAN_POINT('',(-0.0300000000000001,0.200917195839308,-0.075));
#5061=CARTESIAN_POINT('',(-0.0300000000000001,0.200917195839308,0.075));
#5062=CARTESIAN_POINT('',(-0.0300000000000001,0.200917195839308,0.075));
#5063=CARTESIAN_POINT('',(-0.025,0.0500000000000285,0.075));
#5064=CARTESIAN_POINT('',(-0.03,0.200917195839308,0.075));
#5065=CARTESIAN_POINT('',(-0.03,0.200917195839308,-0.075));
#5066=CARTESIAN_POINT('',(-0.03,0.18490737563232,-0.075));
#5067=CARTESIAN_POINT('',(-0.03,0.18490737563232,0.075));
#5068=CARTESIAN_POINT('',(-0.03,0.18490737563232,0.075));
#5069=CARTESIAN_POINT('',(-0.03,0.200917195839308,0.075));
#5070=CARTESIAN_POINT('',(-0.0250000000000001,0.0500000000000086,0.075));
#5071=CARTESIAN_POINT('',(-0.0250000000000001,0.0500000000000086,-0.075));
#5072=CARTESIAN_POINT('',(-0.04,0.184164078649987,-0.075));
#5073=CARTESIAN_POINT('',(-0.04,0.184164078649987,0.075));
#5074=CARTESIAN_POINT('',(-0.04,0.184164078649987,0.075));
#5075=CARTESIAN_POINT('',(-0.0250000000000001,0.0500000000000086,0.075));
#5076=CARTESIAN_POINT('',(-0.04,0.184164078649987,0.075));
#5077=CARTESIAN_POINT('',(-0.04,0.184164078649987,-0.075));
#5078=CARTESIAN_POINT('',(-0.04,0.200253119767944,-0.075));
#5079=CARTESIAN_POINT('',(-0.04,0.200253119767944,0.075));
#5080=CARTESIAN_POINT('',(-0.04,0.200253119767944,0.075));
#5081=CARTESIAN_POINT('',(-0.04,0.184164078649987,0.075));
#5082=CARTESIAN_POINT('',(-0.0249999999999959,0.0499999999999701,0.075));
#5083=CARTESIAN_POINT('',(-0.0249999999999959,0.0499999999999701,-0.075));
#5084=CARTESIAN_POINT('',(-0.05,0.19891608375189,-0.075));
#5085=CARTESIAN_POINT('',(-0.05,0.19891608375189,0.075));
#5086=CARTESIAN_POINT('',(-0.05,0.19891608375189,0.075));
#5087=CARTESIAN_POINT('',(-0.0249999999999959,0.0499999999999701,0.075));
#5088=CARTESIAN_POINT('',(-0.05,0.19891608375189,0.075));
#5089=CARTESIAN_POINT('',(-0.05,0.19891608375189,-0.075));
#5090=CARTESIAN_POINT('',(-0.05,0.182664991614216,-0.075));
#5091=CARTESIAN_POINT('',(-0.05,0.182664991614216,0.075));
#5092=CARTESIAN_POINT('',(-0.05,0.182664991614216,0.075));
#5093=CARTESIAN_POINT('',(-0.05,0.19891608375189,0.075));
#5094=CARTESIAN_POINT('',(-0.0250000000000042,0.0500000000000176,0.075));
#5095=CARTESIAN_POINT('',(-0.0250000000000042,0.0500000000000176,-0.075));
#5096=CARTESIAN_POINT('',(-0.06,0.180384048104053,-0.075));
#5097=CARTESIAN_POINT('',(-0.06,0.180384048104053,0.075));
#5098=CARTESIAN_POINT('',(-0.06,0.180384048104053,0.075));
#5099=CARTESIAN_POINT('',(-0.0250000000000042,0.0500000000000176,0.075));
#5100=CARTESIAN_POINT('',(-0.06,0.180384048104053,0.075));
#5101=CARTESIAN_POINT('',(-0.06,0.180384048104053,-0.075));
#5102=CARTESIAN_POINT('',(-0.06,0.196887712215828,-0.075));
#5103=CARTESIAN_POINT('',(-0.06,0.196887712215828,0.075));
#5104=CARTESIAN_POINT('',(-0.06,0.196887712215828,0.075));
#5105=CARTESIAN_POINT('',(-0.06,0.180384048104053,0.075));
#5106=CARTESIAN_POINT('',(-0.024999999999991,0.0499999999999667,0.075));
#5107=CARTESIAN_POINT('',(-0.024999999999991,0.0499999999999667,-0.075));
#5108=CARTESIAN_POINT('',(-0.07,0.194138821973818,-0.075));
#5109=CARTESIAN_POINT('',(-0.07,0.194138821973818,0.075));
#5110=CARTESIAN_POINT('',(-0.07,0.194138821973818,0.075));
#5111=CARTESIAN_POINT('',(-0.024999999999991,0.0499999999999667,0.075));
#5112=CARTESIAN_POINT('',(-0.07,0.194138821973818,0.075));
#5113=CARTESIAN_POINT('',(-0.07,0.194138821973818,-0.075));
#5114=CARTESIAN_POINT('',(-0.07,0.177279220613579,-0.075));
#5115=CARTESIAN_POINT('',(-0.07,0.177279220613579,0.075));
#5116=CARTESIAN_POINT('',(-0.07,0.177279220613579,0.075));
#5117=CARTESIAN_POINT('',(-0.07,0.194138821973818,0.075));
#5118=CARTESIAN_POINT('',(-0.0249999999999922,0.049999999999981,0.075));
#5119=CARTESIAN_POINT('',(-0.0249999999999922,0.049999999999981,-0.075));
#5120=CARTESIAN_POINT('',(-0.08,0.17328828005938,-0.075));
#5121=CARTESIAN_POINT('',(-0.08,0.17328828005938,0.075));
#5122=CARTESIAN_POINT('',(-0.08,0.17328828005938,0.075));
#5123=CARTESIAN_POINT('',(-0.0249999999999922,0.049999999999981,0.075));
#5124=CARTESIAN_POINT('',(-0.08,0.17328828005938,0.075));
#5125=CARTESIAN_POINT('',(-0.08,0.17328828005938,-0.075));
#5126=CARTESIAN_POINT('',(-0.08,0.190627166649976,-0.075));
#5127=CARTESIAN_POINT('',(-0.08,0.190627166649976,0.075));
#5128=CARTESIAN_POINT('',(-0.08,0.190627166649976,0.075));
#5129=CARTESIAN_POINT('',(-0.08,0.17328828005938,0.075));
#5130=CARTESIAN_POINT('',(-0.0250000000000008,0.0500000000000026,0.075));
#5131=CARTESIAN_POINT('',(-0.0250000000000008,0.0500000000000026,-0.075));
#5132=CARTESIAN_POINT('',(-0.09,0.186293800299207,-0.075));
#5133=CARTESIAN_POINT('',(-0.09,0.186293800299207,0.075));
#5134=CARTESIAN_POINT('',(-0.09,0.186293800299207,0.075));
#5135=CARTESIAN_POINT('',(-0.0250000000000008,0.0500000000000026,0.075));
#5136=CARTESIAN_POINT('',(-0.09,0.186293800299207,0.075));
#5137=CARTESIAN_POINT('',(-0.09,0.186293800299207,-0.075));
#5138=CARTESIAN_POINT('',(-0.09,0.186293800299207,0.075));
#5139=CARTESIAN_POINT('',(-0.0249999999999938,0.0499999999999896,0.075));
#5140=CARTESIAN_POINT('',(-0.0249999999999938,0.0499999999999896,-0.075));
#5141=CARTESIAN_POINT('',(0.,0.,0.));
#5142=(
GEOMETRIC_REPRESENTATION_CONTEXT(3)
GLOBAL_UNCERTAINTY_ASSIGNED_CONTEXT((#5147))
GLOBAL_UNIT_ASSIGNED_CONTEXT((#5154,#5153,#5152))
REPRESENTATION_CONTEXT('CS12ANW03','TOP_LEVEL_ASSEMBLY_PART')
);
#5143=(
GEOMETRIC_REPRESENTATION_CONTEXT(3)
GLOBAL_UNCERTAINTY_ASSIGNED_CONTEXT((#5148))
GLOBAL_UNIT_ASSIGNED_CONTEXT((#5154,#5153,#5152))
REPRESENTATION_CONTEXT('CS12ANW03-body','COMPONENT_PART')
);
#5144=(
GEOMETRIC_REPRESENTATION_CONTEXT(3)
GLOBAL_UNCERTAINTY_ASSIGNED_CONTEXT((#5149))
GLOBAL_UNIT_ASSIGNED_CONTEXT((#5154,#5153,#5152))
REPRESENTATION_CONTEXT('CS12ANW03-top','COMPONENT_PART')
);
#5145=(
GEOMETRIC_REPRESENTATION_CONTEXT(3)
GLOBAL_UNCERTAINTY_ASSIGNED_CONTEXT((#5150))
GLOBAL_UNIT_ASSIGNED_CONTEXT((#5154,#5153,#5152))
REPRESENTATION_CONTEXT('CS12ANW03-term','COMPONENT_PART')
);
#5146=(
GEOMETRIC_REPRESENTATION_CONTEXT(3)
GLOBAL_UNCERTAINTY_ASSIGNED_CONTEXT((#5151))
GLOBAL_UNIT_ASSIGNED_CONTEXT((#5154,#5153,#5152))
REPRESENTATION_CONTEXT('CS12ANW03-slide','COMPONENT_PART')
);
#5147=UNCERTAINTY_MEASURE_WITH_UNIT(LENGTH_MEASURE(3.93700787401575E-7),
#5154,'DISTANCE_ACCURACY_VALUE','Maximum Tolerance applied to model');
#5148=UNCERTAINTY_MEASURE_WITH_UNIT(LENGTH_MEASURE(3.93700787401575E-7),
#5154,'DISTANCE_ACCURACY_VALUE','Maximum Tolerance applied to model');
#5149=UNCERTAINTY_MEASURE_WITH_UNIT(LENGTH_MEASURE(3.93700787401575E-7),
#5154,'DISTANCE_ACCURACY_VALUE','Maximum Tolerance applied to model');
#5150=UNCERTAINTY_MEASURE_WITH_UNIT(LENGTH_MEASURE(3.93700787401575E-7),
#5154,'DISTANCE_ACCURACY_VALUE','Maximum Tolerance applied to model');
#5151=UNCERTAINTY_MEASURE_WITH_UNIT(LENGTH_MEASURE(3.93700787401575E-7),
#5154,'DISTANCE_ACCURACY_VALUE','Maximum Tolerance applied to model');
#5152=(
NAMED_UNIT(*)
SI_UNIT($,.STERADIAN.)
SOLID_ANGLE_UNIT()
);
#5153=(
NAMED_UNIT(*)
PLANE_ANGLE_UNIT()
SI_UNIT($,.RADIAN.)
);
#5154=(
CONVERSION_BASED_UNIT('INCH',#5156)
LENGTH_UNIT()
NAMED_UNIT(#5155)
);
#5155=DIMENSIONAL_EXPONENTS(1.,0.,0.,0.,0.,0.,0.);
#5156=LENGTH_MEASURE_WITH_UNIT(LENGTH_MEASURE(25.4),#5157);
#5157=(
LENGTH_UNIT()
NAMED_UNIT(*)
SI_UNIT(.MILLI.,.METRE.)
);
#5158=PRODUCT_DEFINITION_SHAPE('','',#5167);
#5159=PRODUCT_DEFINITION_SHAPE('','',#5168);
#5160=PRODUCT_DEFINITION_SHAPE(' ','NAUO PRDDFN',#22);
#5161=PRODUCT_DEFINITION_SHAPE('','',#5169);
#5162=PRODUCT_DEFINITION_SHAPE(' ','NAUO PRDDFN',#23);
#5163=PRODUCT_DEFINITION_SHAPE('','',#5170);
#5164=PRODUCT_DEFINITION_SHAPE(' ','NAUO PRDDFN',#24);
#5165=PRODUCT_DEFINITION_SHAPE('','',#5171);
#5166=PRODUCT_DEFINITION_SHAPE(' ','NAUO PRDDFN',#25);
#5167=PRODUCT_DEFINITION('','',#5177,#5172);
#5168=PRODUCT_DEFINITION('','',#5178,#5173);
#5169=PRODUCT_DEFINITION('','',#5179,#5174);
#5170=PRODUCT_DEFINITION('','',#5180,#5175);
#5171=PRODUCT_DEFINITION('','',#5181,#5176);
#5172=DESIGN_CONTEXT('',#5203,'design');
#5173=DESIGN_CONTEXT('',#5203,'design');
#5174=DESIGN_CONTEXT('',#5203,'design');
#5175=DESIGN_CONTEXT('',#5203,'design');
#5176=DESIGN_CONTEXT('',#5203,'design');
#5177=PRODUCT_DEFINITION_FORMATION_WITH_SPECIFIED_SOURCE('','',#5187,
 .NOT_KNOWN.);
#5178=PRODUCT_DEFINITION_FORMATION_WITH_SPECIFIED_SOURCE('','',#5188,
 .NOT_KNOWN.);
#5179=PRODUCT_DEFINITION_FORMATION_WITH_SPECIFIED_SOURCE('','',#5189,
 .NOT_KNOWN.);
#5180=PRODUCT_DEFINITION_FORMATION_WITH_SPECIFIED_SOURCE('','',#5190,
 .NOT_KNOWN.);
#5181=PRODUCT_DEFINITION_FORMATION_WITH_SPECIFIED_SOURCE('','',#5191,
 .NOT_KNOWN.);
#5182=PRODUCT_RELATED_PRODUCT_CATEGORY('','',(#5187));
#5183=PRODUCT_RELATED_PRODUCT_CATEGORY('','',(#5188));
#5184=PRODUCT_RELATED_PRODUCT_CATEGORY('','',(#5189));
#5185=PRODUCT_RELATED_PRODUCT_CATEGORY('','',(#5190));
#5186=PRODUCT_RELATED_PRODUCT_CATEGORY('','',(#5191));
#5187=PRODUCT('CS12ANW03','CS12ANW03','CS12ANW03',(#5197));
#5188=PRODUCT('CS12ANW03-body','CS12ANW03-body','CS12ANW03-body',(#5198));
#5189=PRODUCT('CS12ANW03-top','CS12ANW03-top','CS12ANW03-top',(#5199));
#5190=PRODUCT('CS12ANW03-term','CS12ANW03-term','CS12ANW03-term',(#5200));
#5191=PRODUCT('CS12ANW03-slide','CS12ANW03-slide','CS12ANW03-slide',(#5201));
#5192=PRODUCT_CATEGORY('','');
#5193=PRODUCT_CATEGORY('','');
#5194=PRODUCT_CATEGORY('','');
#5195=PRODUCT_CATEGORY('','');
#5196=PRODUCT_CATEGORY('','');
#5197=MECHANICAL_CONTEXT('',#5203,'mechanical');
#5198=MECHANICAL_CONTEXT('',#5203,'mechanical');
#5199=MECHANICAL_CONTEXT('',#5203,'mechanical');
#5200=MECHANICAL_CONTEXT('',#5203,'mechanical');
#5201=MECHANICAL_CONTEXT('',#5203,'mechanical');
#5202=APPLICATION_PROTOCOL_DEFINITION('international standard',
'config_control_design',2010,#5203);
#5203=APPLICATION_CONTEXT(
'configuration controlled 3D designs of mechanical parts and assemblie
s');
ENDSEC;
END-ISO-10303-21;
