ISO-10303-21;
HEADER;
FILE_DESCRIPTION((''),'2;1');
FILE_NAME('DDW0044D_ASM','2017-06-27T',('a0412025'),(''),
'CREO PARAMETRIC BY PTC INC, 2016050','CREO PARAMETRIC BY PTC INC, 2016050','');
FILE_SCHEMA(('AUTOMOTIVE_DESIGN { 1 0 10303 214 1 1 1 1 }'));
ENDSEC;
DATA;
#28=CARTESIAN_POINT('',(6.900744515811E0,8.437284844120E-6,-3.049998269564E0));
#29=CARTESIAN_POINT('',(6.904212696067E0,8.437284844120E-6,-3.049972442024E0));
#30=CARTESIAN_POINT('',(6.911105774119E0,-3.915757369502E-6,-3.049560925908E0));
#31=CARTESIAN_POINT('',(6.921362873614E0,1.049223527076E-6,-3.047875685057E0));
#32=CARTESIAN_POINT('',(6.931380445809E0,-2.811367388019E-7,-3.045137614345E0));
#33=CARTESIAN_POINT('',(6.941063322035E0,7.532342813184E-8,-3.041376943930E0));
#34=CARTESIAN_POINT('',(6.950304050783E0,-2.015697372542E-8,-3.036633886028E0));
#35=CARTESIAN_POINT('',(6.959004188535E0,5.304466769848E-9,-3.030959484469E0));
#36=CARTESIAN_POINT('',(6.967069962379E0,-1.060893353970E-9,-3.024414725286E0));
#37=CARTESIAN_POINT('',(6.974414725286E0,-1.060893353969E-9,-3.017069962379E0));
#38=CARTESIAN_POINT('',(6.980959484469E0,5.304466769846E-9,-3.009004188535E0));
#39=CARTESIAN_POINT('',(6.986633886028E0,-2.015697372542E-8,-3.000304050783E0));
#40=CARTESIAN_POINT('',(6.991376943930E0,7.532342813182E-8,-2.991063322035E0));
#41=CARTESIAN_POINT('',(6.995137614345E0,-2.811367388019E-7,-2.981380445809E0));
#42=CARTESIAN_POINT('',(6.997875685057E0,1.049223527076E-6,-2.971362873614E0));
#43=CARTESIAN_POINT('',(6.999560925908E0,-3.915757369501E-6,-2.961105774119E0));
#44=CARTESIAN_POINT('',(6.999972442024E0,8.437284844118E-6,-2.954212696067E0));
#45=CARTESIAN_POINT('',(6.999998269564E0,8.437284844118E-6,-2.950744515811E0));
#47=DRAUGHTING_PRE_DEFINED_CURVE_FONT('continuous');
#48=CURVE_STYLE('',#47,POSITIVE_LENGTH_MEASURE(2.E-2),#6);
#49=PRESENTATION_STYLE_ASSIGNMENT((#48));
#50=STYLED_ITEM('',(#49),#46);
#51=CARTESIAN_POINT('',(6.999998269564E0,8.437284844132E-6,2.950744515811E0));
#52=CARTESIAN_POINT('',(6.999972442024E0,8.437284844132E-6,2.954212696067E0));
#53=CARTESIAN_POINT('',(6.999560925908E0,-3.915757369507E-6,2.961105774119E0));
#54=CARTESIAN_POINT('',(6.997875685057E0,1.049223527077E-6,2.971362873614E0));
#55=CARTESIAN_POINT('',(6.995137614345E0,-2.811367388023E-7,2.981380445809E0));
#56=CARTESIAN_POINT('',(6.991376943930E0,7.532342813195E-8,2.991063322035E0));
#57=CARTESIAN_POINT('',(6.986633886028E0,-2.015697372546E-8,3.000304050783E0));
#58=CARTESIAN_POINT('',(6.980959484469E0,5.304466769889E-9,3.009004188535E0));
#59=CARTESIAN_POINT('',(6.974414725286E0,-1.060893354097E-9,3.017069962379E0));
#60=CARTESIAN_POINT('',(6.967069962379E0,-1.060893353500E-9,3.024414725286E0));
#61=CARTESIAN_POINT('',(6.959004188535E0,5.304466768097E-9,3.030959484469E0));
#62=CARTESIAN_POINT('',(6.950304050783E0,-2.015697371889E-8,3.036633886028E0));
#63=CARTESIAN_POINT('',(6.941063322035E0,7.532342810746E-8,3.041376943930E0));
#64=CARTESIAN_POINT('',(6.931380445809E0,-2.811367387109E-7,3.045137614345E0));
#65=CARTESIAN_POINT('',(6.921362873614E0,1.049223526736E-6,3.047875685057E0));
#66=CARTESIAN_POINT('',(6.911105774119E0,-3.915757368234E-6,3.049560925908E0));
#67=CARTESIAN_POINT('',(6.904212696067E0,8.437284841389E-6,3.049972442024E0));
#68=CARTESIAN_POINT('',(6.900744515811E0,8.437284841389E-6,3.049998269564E0));
#70=CURVE_STYLE('',#47,POSITIVE_LENGTH_MEASURE(2.E-2),#6);
#71=PRESENTATION_STYLE_ASSIGNMENT((#70));
#72=STYLED_ITEM('',(#71),#69);
#73=CARTESIAN_POINT('',(-6.900744515811E0,8.437284842774E-6,3.049998269564E0));
#74=CARTESIAN_POINT('',(-6.904212696067E0,8.437284842774E-6,3.049972442024E0));
#75=CARTESIAN_POINT('',(-6.911105774119E0,-3.915757368877E-6,3.049560925908E0));
#76=CARTESIAN_POINT('',(-6.921362873614E0,1.049223526909E-6,3.047875685057E0));
#77=CARTESIAN_POINT('',(-6.931380445809E0,-2.811367387571E-7,3.045137614345E0));
#78=CARTESIAN_POINT('',(-6.941063322035E0,7.532342811983E-8,3.041376943930E0));
#79=CARTESIAN_POINT('',(-6.950304050783E0,-2.015697372221E-8,3.036633886028E0));
#80=CARTESIAN_POINT('',(-6.959004188535E0,5.304466769019E-9,3.030959484469E0));
#81=CARTESIAN_POINT('',(-6.967069962379E0,-1.060893353865E-9,3.024414725286E0));
#82=CARTESIAN_POINT('',(-6.974414725286E0,-1.060893353560E-9,3.017069962379E0));
#83=CARTESIAN_POINT('',(-6.980959484469E0,5.304466768104E-9,3.009004188535E0));
#84=CARTESIAN_POINT('',(-6.986633886028E0,-2.015697371886E-8,3.000304050783E0));
#85=CARTESIAN_POINT('',(-6.991376943930E0,7.532342810733E-8,2.991063322035E0));
#86=CARTESIAN_POINT('',(-6.995137614345E0,-2.811367387105E-7,2.981380445809E0));
#87=CARTESIAN_POINT('',(-6.997875685057E0,1.049223526734E-6,2.971362873614E0));
#88=CARTESIAN_POINT('',(-6.999560925908E0,-3.915757368227E-6,2.961105774119E0));
#89=CARTESIAN_POINT('',(-6.999972442024E0,8.437284841374E-6,2.954212696067E0));
#90=CARTESIAN_POINT('',(-6.999998269564E0,8.437284841374E-6,2.950744515811E0));
#92=CURVE_STYLE('',#47,POSITIVE_LENGTH_MEASURE(2.E-2),#6);
#93=PRESENTATION_STYLE_ASSIGNMENT((#92));
#94=STYLED_ITEM('',(#93),#91);
#95=CARTESIAN_POINT('',(-6.999998269564E0,8.437284844132E-6,-2.950744515811E0));
#96=CARTESIAN_POINT('',(-6.999972442024E0,8.437284844132E-6,-2.954212696067E0));
#97=CARTESIAN_POINT('',(-6.999560925908E0,-3.915757369507E-6,
-2.961105774119E0));
#98=CARTESIAN_POINT('',(-6.997875685057E0,1.049223527077E-6,-2.971362873614E0));
#99=CARTESIAN_POINT('',(-6.995137614345E0,-2.811367388023E-7,
-2.981380445809E0));
#100=CARTESIAN_POINT('',(-6.991376943930E0,7.532342813195E-8,
-2.991063322035E0));
#101=CARTESIAN_POINT('',(-6.986633886028E0,-2.015697372545E-8,
-3.000304050783E0));
#102=CARTESIAN_POINT('',(-6.980959484469E0,5.304466769872E-9,
-3.009004188535E0));
#103=CARTESIAN_POINT('',(-6.974414725286E0,-1.060893354035E-9,
-3.017069962379E0));
#104=CARTESIAN_POINT('',(-6.967069962379E0,-1.060893353734E-9,
-3.024414725286E0));
#105=CARTESIAN_POINT('',(-6.959004188535E0,5.304466768971E-9,
-3.030959484469E0));
#106=CARTESIAN_POINT('',(-6.950304050783E0,-2.015697372215E-8,
-3.036633886028E0));
#107=CARTESIAN_POINT('',(-6.941063322035E0,7.532342811963E-8,
-3.041376943930E0));
#108=CARTESIAN_POINT('',(-6.931380445809E0,-2.811367387564E-7,
-3.045137614345E0));
#109=CARTESIAN_POINT('',(-6.921362873614E0,1.049223526906E-6,
-3.047875685057E0));
#110=CARTESIAN_POINT('',(-6.911105774119E0,-3.915757368867E-6,
-3.049560925908E0));
#111=CARTESIAN_POINT('',(-6.904212696067E0,8.437284842752E-6,
-3.049972442024E0));
#112=CARTESIAN_POINT('',(-6.900744515811E0,8.437284842752E-6,
-3.049998269564E0));
#114=CURVE_STYLE('',#47,POSITIVE_LENGTH_MEASURE(2.E-2),#6);
#115=PRESENTATION_STYLE_ASSIGNMENT((#114));
#116=STYLED_ITEM('',(#115),#113);
#117=CARTESIAN_POINT('',(6.899999999972E0,-1.500000000004E-1,-3.05E0));
#118=CARTESIAN_POINT('',(6.900247656050E0,-1.500000000004E-1,-3.05E0));
#119=CARTESIAN_POINT('',(6.900497320252E0,-1.499934498548E-1,
-3.050000109789E0));
#120=CARTESIAN_POINT('',(6.900744515247E0,-1.500084424724E-1,
-3.049998268927E0));
#122=CURVE_STYLE('',#47,POSITIVE_LENGTH_MEASURE(2.E-2),#6);
#123=PRESENTATION_STYLE_ASSIGNMENT((#122));
#124=STYLED_ITEM('',(#123),#121);
#125=CARTESIAN_POINT('',(6.999998268927E0,-1.500084424724E-1,
-2.950744515245E0));
#126=CARTESIAN_POINT('',(7.000000109789E0,-1.499934498566E-1,
-2.950497320278E0));
#127=CARTESIAN_POINT('',(7.E0,-1.5E-1,-2.950247656050E0));
#128=CARTESIAN_POINT('',(7.E0,-1.5E-1,-2.95E0));
#130=CURVE_STYLE('',#47,POSITIVE_LENGTH_MEASURE(2.E-2),#6);
#131=PRESENTATION_STYLE_ASSIGNMENT((#130));
#132=STYLED_ITEM('',(#131),#129);
#133=DIRECTION('',(-1.836575336251E-10,-1.E0,0.E0));
#134=VECTOR('',#133,1.500000000004E-1);
#135=CARTESIAN_POINT('',(6.9E0,0.E0,-3.05E0));
#136=LINE('',#135,#134);
#137=CURVE_STYLE('',#47,POSITIVE_LENGTH_MEASURE(2.E-2),#6);
#138=PRESENTATION_STYLE_ASSIGNMENT((#137));
#139=STYLED_ITEM('',(#138),#136);
#140=DIRECTION('',(1.E0,-3.036218619524E-14,0.E0));
#141=VECTOR('',#140,1.379999999997E1);
#142=CARTESIAN_POINT('',(-6.9E0,-1.5E-1,-3.05E0));
#143=LINE('',#142,#141);
#144=CURVE_STYLE('',#47,POSITIVE_LENGTH_MEASURE(2.E-2),#6);
#145=PRESENTATION_STYLE_ASSIGNMENT((#144));
#146=STYLED_ITEM('',(#145),#143);
#147=DIRECTION('',(-1.243449787580E-13,-1.E0,0.E0));
#148=VECTOR('',#147,1.5E-1);
#149=CARTESIAN_POINT('',(-6.9E0,0.E0,-3.05E0));
#150=LINE('',#149,#148);
#151=CURVE_STYLE('',#47,POSITIVE_LENGTH_MEASURE(2.E-2),#6);
#152=PRESENTATION_STYLE_ASSIGNMENT((#151));
#153=STYLED_ITEM('',(#152),#150);
#154=CARTESIAN_POINT('',(-6.900744515811E0,8.437284842752E-6,
-3.049998269564E0));
#155=CARTESIAN_POINT('',(-6.900621590423E0,9.817430239697E-7,
-3.049999184990E0));
#156=CARTESIAN_POINT('',(-6.900372060063E0,1.081492879891E-5,
-3.049999019328E0));
#157=CARTESIAN_POINT('',(-6.900124617151E0,0.E0,-3.05E0));
#158=CARTESIAN_POINT('',(-6.9E0,0.E0,-3.05E0));
#160=CURVE_STYLE('',#47,POSITIVE_LENGTH_MEASURE(2.E-2),#6);
#161=PRESENTATION_STYLE_ASSIGNMENT((#160));
#162=STYLED_ITEM('',(#161),#159);
#163=DIRECTION('',(1.E0,0.E0,0.E0));
#164=VECTOR('',#163,1.38E1);
#165=CARTESIAN_POINT('',(-6.9E0,0.E0,-3.05E0));
#166=LINE('',#165,#164);
#167=CURVE_STYLE('',#47,POSITIVE_LENGTH_MEASURE(2.E-2),#6);
#168=PRESENTATION_STYLE_ASSIGNMENT((#167));
#169=STYLED_ITEM('',(#168),#166);
#170=CARTESIAN_POINT('',(6.9E0,0.E0,-3.05E0));
#171=CARTESIAN_POINT('',(6.900124617151E0,0.E0,-3.05E0));
#172=CARTESIAN_POINT('',(6.900372060063E0,1.081492880376E-5,-3.049999019328E0));
#173=CARTESIAN_POINT('',(6.900621590423E0,9.817430278071E-7,-3.049999184990E0));
#174=CARTESIAN_POINT('',(6.900744515811E0,8.437284844120E-6,-3.049998269564E0));
#176=CURVE_STYLE('',#47,POSITIVE_LENGTH_MEASURE(2.E-2),#6);
#177=PRESENTATION_STYLE_ASSIGNMENT((#176));
#178=STYLED_ITEM('',(#177),#175);
#179=DIRECTION('',(-1.209748903887E-1,9.852567517285E-1,1.209719350466E-1));
#180=VECTOR('',#179,2.914757970974E-1);
#181=CARTESIAN_POINT('',(6.900744515811E0,8.437284844120E-6,-3.049998269564E0));
#182=LINE('',#181,#180);
#183=CURVE_STYLE('',#47,POSITIVE_LENGTH_MEASURE(2.E-2),#6);
#184=PRESENTATION_STYLE_ASSIGNMENT((#183));
#185=STYLED_ITEM('',(#184),#182);
#186=CARTESIAN_POINT('',(6.900744515811E0,8.437284844120E-6,-3.049998269564E0));
#187=CARTESIAN_POINT('',(6.904245623389E0,8.437284844120E-6,-3.049998269564E0));
#188=CARTESIAN_POINT('',(6.911206447707E0,-3.915757369502E-6,
-3.049638437771E0));
#189=CARTESIAN_POINT('',(6.921590724148E0,1.049223527076E-6,-3.048000847172E0));
#190=CARTESIAN_POINT('',(6.931700954124E0,-2.811367388019E-7,
-3.045291977473E0));
#191=CARTESIAN_POINT('',(6.941355653523E0,7.532342813184E-8,-3.041591164952E0));
#192=CARTESIAN_POINT('',(6.950613352214E0,-2.015697372542E-8,
-3.036887340650E0));
#193=CARTESIAN_POINT('',(6.959348558347E0,5.304466769848E-9,-3.031221807915E0));
#194=CARTESIAN_POINT('',(6.967414919496E0,-1.060893353970E-9,
-3.024685349524E0));
#195=CARTESIAN_POINT('',(6.974685349524E0,-1.060893353969E-9,
-3.017414919496E0));
#196=CARTESIAN_POINT('',(6.981221807915E0,5.304466769846E-9,-3.009348558347E0));
#197=CARTESIAN_POINT('',(6.986887340650E0,-2.015697372542E-8,
-3.000613352214E0));
#198=CARTESIAN_POINT('',(6.991591164952E0,7.532342813182E-8,-2.991355653523E0));
#199=CARTESIAN_POINT('',(6.995291977473E0,-2.811367388019E-7,
-2.981700954124E0));
#200=CARTESIAN_POINT('',(6.998000847172E0,1.049223527076E-6,-2.971590724148E0));
#201=CARTESIAN_POINT('',(6.999638437771E0,-3.915757369501E-6,
-2.961206447707E0));
#202=CARTESIAN_POINT('',(6.999998269564E0,8.437284844118E-6,-2.954245623389E0));
#203=CARTESIAN_POINT('',(6.999998269564E0,8.437284844118E-6,-2.950744515811E0));
#205=CURVE_STYLE('',#47,POSITIVE_LENGTH_MEASURE(2.E-2),#6);
#206=PRESENTATION_STYLE_ASSIGNMENT((#205));
#207=STYLED_ITEM('',(#206),#204);
#208=DIRECTION('',(-1.209719350466E-1,9.852567517285E-1,1.209748903887E-1));
#209=VECTOR('',#208,2.914757970974E-1);
#210=CARTESIAN_POINT('',(6.999998269564E0,8.437284844118E-6,-2.950744515811E0));
#211=LINE('',#210,#209);
#212=CURVE_STYLE('',#47,POSITIVE_LENGTH_MEASURE(2.E-2),#6);
#213=PRESENTATION_STYLE_ASSIGNMENT((#212));
#214=STYLED_ITEM('',(#213),#211);
#215=CARTESIAN_POINT('',(6.999998269564E0,8.437284844118E-6,-2.950744515811E0));
#216=CARTESIAN_POINT('',(6.999999184990E0,9.817430302272E-7,-2.950621590423E0));
#217=CARTESIAN_POINT('',(6.999999019328E0,1.081492880741E-5,-2.950372060063E0));
#218=CARTESIAN_POINT('',(7.E0,0.E0,-2.950124617152E0));
#219=CARTESIAN_POINT('',(7.E0,0.E0,-2.95E0));
#221=CURVE_STYLE('',#47,POSITIVE_LENGTH_MEASURE(2.E-2),#6);
#222=PRESENTATION_STYLE_ASSIGNMENT((#221));
#223=STYLED_ITEM('',(#222),#220);
#224=DIRECTION('',(0.E0,0.E0,-1.E0));
#225=VECTOR('',#224,5.9E0);
#226=CARTESIAN_POINT('',(7.E0,0.E0,2.95E0));
#227=LINE('',#226,#225);
#228=CURVE_STYLE('',#47,POSITIVE_LENGTH_MEASURE(2.E-2),#6);
#229=PRESENTATION_STYLE_ASSIGNMENT((#228));
#230=STYLED_ITEM('',(#229),#227);
#231=CARTESIAN_POINT('',(7.E0,0.E0,2.95E0));
#232=CARTESIAN_POINT('',(7.E0,0.E0,2.950124617152E0));
#233=CARTESIAN_POINT('',(6.999999019328E0,1.081492880739E-5,2.950372060063E0));
#234=CARTESIAN_POINT('',(6.999999184990E0,9.817430302612E-7,2.950621590423E0));
#235=CARTESIAN_POINT('',(6.999998269564E0,8.437284844132E-6,2.950744515811E0));
#237=CURVE_STYLE('',#47,POSITIVE_LENGTH_MEASURE(2.E-2),#6);
#238=PRESENTATION_STYLE_ASSIGNMENT((#237));
#239=STYLED_ITEM('',(#238),#236);
#240=DIRECTION('',(0.E0,-9.495229461515E-14,1.E0));
#241=VECTOR('',#240,5.899999999963E0);
#242=CARTESIAN_POINT('',(7.E0,-1.5E-1,-2.95E0));
#243=LINE('',#242,#241);
#244=CURVE_STYLE('',#47,POSITIVE_LENGTH_MEASURE(2.E-2),#6);
#245=PRESENTATION_STYLE_ASSIGNMENT((#244));
#246=STYLED_ITEM('',(#245),#243);
#247=DIRECTION('',(0.E0,-1.E0,-5.299464570877E-13));
#248=VECTOR('',#247,1.5E-1);
#249=CARTESIAN_POINT('',(7.E0,0.E0,-2.95E0));
#250=LINE('',#249,#248);
#251=CURVE_STYLE('',#47,POSITIVE_LENGTH_MEASURE(2.E-2),#6);
#252=PRESENTATION_STYLE_ASSIGNMENT((#251));
#253=STYLED_ITEM('',(#252),#250);
#254=DIRECTION('',(-1.209719350430E-1,-9.852567516993E-1,1.209748906300E-1));
#255=VECTOR('',#254,2.914757918408E-1);
#256=CARTESIAN_POINT('',(6.999998268927E0,-1.500084424724E-1,
-2.950744515245E0));
#257=LINE('',#256,#255);
#258=CURVE_STYLE('',#47,POSITIVE_LENGTH_MEASURE(2.E-2),#6);
#259=PRESENTATION_STYLE_ASSIGNMENT((#258));
#260=STYLED_ITEM('',(#259),#257);
#261=CARTESIAN_POINT('',(6.999998268927E0,-1.500084424724E-1,
-2.950744515245E0));
#262=CARTESIAN_POINT('',(6.999998268927E0,-1.500084424724E-1,
-2.954245622823E0));
#263=CARTESIAN_POINT('',(6.999638438066E0,-1.499960818351E-1,
-2.961206447970E0));
#264=CARTESIAN_POINT('',(6.998000847092E0,-1.500010498686E-1,
-2.971590724077E0));
#265=CARTESIAN_POINT('',(6.995291977495E0,-1.499997186904E-1,
-2.981700954143E0));
#266=CARTESIAN_POINT('',(6.991591164946E0,-1.500000753697E-1,
-2.991355653518E0));
#267=CARTESIAN_POINT('',(6.986887340652E0,-1.499999798306E-1,
-3.000613352215E0));
#268=CARTESIAN_POINT('',(6.981221807914E0,-1.500000053077E-1,
-3.009348558346E0));
#269=CARTESIAN_POINT('',(6.974685349524E0,-1.499999989385E-1,
-3.017414919496E0));
#270=CARTESIAN_POINT('',(6.967414919496E0,-1.499999989385E-1,
-3.024685349524E0));
#271=CARTESIAN_POINT('',(6.959348558346E0,-1.500000053077E-1,
-3.031221807914E0));
#272=CARTESIAN_POINT('',(6.950613352215E0,-1.499999798306E-1,
-3.036887340652E0));
#273=CARTESIAN_POINT('',(6.941355653518E0,-1.500000753697E-1,
-3.041591164946E0));
#274=CARTESIAN_POINT('',(6.931700954143E0,-1.499997186904E-1,
-3.045291977495E0));
#275=CARTESIAN_POINT('',(6.921590724077E0,-1.500010498686E-1,
-3.048000847092E0));
#276=CARTESIAN_POINT('',(6.911206447970E0,-1.499960818351E-1,
-3.049638438066E0));
#277=CARTESIAN_POINT('',(6.904245622823E0,-1.500084424724E-1,
-3.049998268927E0));
#278=CARTESIAN_POINT('',(6.900744515247E0,-1.500084424724E-1,
-3.049998268927E0));
#280=CURVE_STYLE('',#47,POSITIVE_LENGTH_MEASURE(2.E-2),#6);
#281=PRESENTATION_STYLE_ASSIGNMENT((#280));
#282=STYLED_ITEM('',(#281),#279);
#283=DIRECTION('',(-1.209748906380E-1,-9.852567516983E-1,1.209719350428E-1));
#284=VECTOR('',#283,2.914757918411E-1);
#285=CARTESIAN_POINT('',(6.900744515247E0,-1.500084424724E-1,
-3.049998268927E0));
#286=LINE('',#285,#284);
#287=CURVE_STYLE('',#47,POSITIVE_LENGTH_MEASURE(2.E-2),#6);
#288=PRESENTATION_STYLE_ASSIGNMENT((#287));
#289=STYLED_ITEM('',(#288),#286);
#290=CARTESIAN_POINT('',(-6.999998268927E0,-1.500084424724E-1,
-2.950744515247E0));
#291=CARTESIAN_POINT('',(-6.999972441156E0,-1.500084424724E-1,
-2.954212725183E0));
#292=CARTESIAN_POINT('',(-6.999560918865E0,-1.499960818351E-1,
-2.961105849852E0));
#293=CARTESIAN_POINT('',(-6.997875667575E0,-1.500010498686E-1,
-2.971362954048E0));
#294=CARTESIAN_POINT('',(-6.995137584679E0,-1.499997186904E-1,
-2.981380536939E0));
#295=CARTESIAN_POINT('',(-6.991376904670E0,-1.500000753697E-1,
-2.991063408855E0));
#296=CARTESIAN_POINT('',(-6.986633842338E0,-1.499999798306E-1,
-3.000304125068E0));
#297=CARTESIAN_POINT('',(-6.980959444496E0,-1.500000053077E-1,
-3.009004242005E0));
#298=CARTESIAN_POINT('',(-6.974414698986E0,-1.499999989385E-1,
-3.017069989636E0));
#299=CARTESIAN_POINT('',(-6.967069963834E0,-1.499999989385E-1,
-3.024414722244E0));
#300=CARTESIAN_POINT('',(-6.959004213906E0,-1.500000053077E-1,
-3.030959464973E0));
#301=CARTESIAN_POINT('',(-6.950304094996E0,-1.499999798306E-1,
-3.036633859811E0));
#302=CARTESIAN_POINT('',(-6.941063376941E0,-1.500000753697E-1,
-3.041376918992E0));
#303=CARTESIAN_POINT('',(-6.931380504118E0,-1.499997186904E-1,
-3.045137595547E0));
#304=CARTESIAN_POINT('',(-6.921362918336E0,-1.500010498686E-1,
-3.047875675391E0));
#305=CARTESIAN_POINT('',(-6.911105819520E0,-1.499960818351E-1,
-3.049560921694E0));
#306=CARTESIAN_POINT('',(-6.904212713127E0,-1.500084424724E-1,
-3.049972441246E0));
#307=CARTESIAN_POINT('',(-6.900744515245E0,-1.500084424724E-1,
-3.049998268927E0));
#309=CURVE_STYLE('',#47,POSITIVE_LENGTH_MEASURE(2.E-2),#6);
#310=PRESENTATION_STYLE_ASSIGNMENT((#309));
#311=STYLED_ITEM('',(#310),#308);
#312=CARTESIAN_POINT('',(6.900744515247E0,-1.500084424724E-1,
-3.049998268927E0));
#313=CARTESIAN_POINT('',(6.904212725183E0,-1.500084424724E-1,
-3.049972441156E0));
#314=CARTESIAN_POINT('',(6.911105849852E0,-1.499960818351E-1,
-3.049560918865E0));
#315=CARTESIAN_POINT('',(6.921362954048E0,-1.500010498686E-1,
-3.047875667575E0));
#316=CARTESIAN_POINT('',(6.931380536939E0,-1.499997186904E-1,
-3.045137584679E0));
#317=CARTESIAN_POINT('',(6.941063408855E0,-1.500000753697E-1,
-3.041376904670E0));
#318=CARTESIAN_POINT('',(6.950304125068E0,-1.499999798306E-1,
-3.036633842338E0));
#319=CARTESIAN_POINT('',(6.959004242005E0,-1.500000053077E-1,
-3.030959444496E0));
#320=CARTESIAN_POINT('',(6.967069989636E0,-1.499999989385E-1,
-3.024414698986E0));
#321=CARTESIAN_POINT('',(6.974414722243E0,-1.499999989385E-1,
-3.017069963834E0));
#322=CARTESIAN_POINT('',(6.980959464973E0,-1.500000053077E-1,
-3.009004213906E0));
#323=CARTESIAN_POINT('',(6.986633859811E0,-1.499999798306E-1,
-3.000304094996E0));
#324=CARTESIAN_POINT('',(6.991376918992E0,-1.500000753697E-1,
-2.991063376941E0));
#325=CARTESIAN_POINT('',(6.995137595547E0,-1.499997186904E-1,
-2.981380504118E0));
#326=CARTESIAN_POINT('',(6.997875675391E0,-1.500010498686E-1,
-2.971362918336E0));
#327=CARTESIAN_POINT('',(6.999560921694E0,-1.499960818351E-1,
-2.961105819520E0));
#328=CARTESIAN_POINT('',(6.999972441246E0,-1.500084424724E-1,
-2.954212713127E0));
#329=CARTESIAN_POINT('',(6.999998268927E0,-1.500084424724E-1,
-2.950744515245E0));
#331=CURVE_STYLE('',#47,POSITIVE_LENGTH_MEASURE(2.E-2),#6);
#332=PRESENTATION_STYLE_ASSIGNMENT((#331));
#333=STYLED_ITEM('',(#332),#330);
#334=CARTESIAN_POINT('',(6.999998268927E0,-1.500084424724E-1,2.950744515247E0));
#335=CARTESIAN_POINT('',(6.999972441156E0,-1.500084424724E-1,2.954212725183E0));
#336=CARTESIAN_POINT('',(6.999560918865E0,-1.499960818351E-1,2.961105849852E0));
#337=CARTESIAN_POINT('',(6.997875667575E0,-1.500010498686E-1,2.971362954048E0));
#338=CARTESIAN_POINT('',(6.995137584679E0,-1.499997186904E-1,2.981380536939E0));
#339=CARTESIAN_POINT('',(6.991376904670E0,-1.500000753697E-1,2.991063408855E0));
#340=CARTESIAN_POINT('',(6.986633842338E0,-1.499999798306E-1,3.000304125068E0));
#341=CARTESIAN_POINT('',(6.980959444496E0,-1.500000053077E-1,3.009004242005E0));
#342=CARTESIAN_POINT('',(6.974414698986E0,-1.499999989385E-1,3.017069989636E0));
#343=CARTESIAN_POINT('',(6.967069963834E0,-1.499999989385E-1,3.024414722244E0));
#344=CARTESIAN_POINT('',(6.959004213906E0,-1.500000053077E-1,3.030959464973E0));
#345=CARTESIAN_POINT('',(6.950304094995E0,-1.499999798306E-1,3.036633859811E0));
#346=CARTESIAN_POINT('',(6.941063376941E0,-1.500000753697E-1,3.041376918992E0));
#347=CARTESIAN_POINT('',(6.931380504118E0,-1.499997186904E-1,3.045137595547E0));
#348=CARTESIAN_POINT('',(6.921362918336E0,-1.500010498686E-1,3.047875675391E0));
#349=CARTESIAN_POINT('',(6.911105819520E0,-1.499960818351E-1,3.049560921694E0));
#350=CARTESIAN_POINT('',(6.904212713127E0,-1.500084424724E-1,3.049972441246E0));
#351=CARTESIAN_POINT('',(6.900744515245E0,-1.500084424724E-1,3.049998268927E0));
#353=CURVE_STYLE('',#47,POSITIVE_LENGTH_MEASURE(2.E-2),#6);
#354=PRESENTATION_STYLE_ASSIGNMENT((#353));
#355=STYLED_ITEM('',(#354),#352);
#356=CARTESIAN_POINT('',(-6.900744515247E0,-1.500084424724E-1,
3.049998268927E0));
#357=CARTESIAN_POINT('',(-6.904212725134E0,-1.500084424724E-1,
3.049972441156E0));
#358=CARTESIAN_POINT('',(-6.911105849733E0,-1.499960818351E-1,
3.049560918878E0));
#359=CARTESIAN_POINT('',(-6.921362953971E0,-1.500010498686E-1,
3.047875667593E0));
#360=CARTESIAN_POINT('',(-6.931380536862E0,-1.499997186904E-1,
3.045137584704E0));
#361=CARTESIAN_POINT('',(-6.941063408789E0,-1.500000753697E-1,
3.041376904700E0));
#362=CARTESIAN_POINT('',(-6.950304125011E0,-1.499999798306E-1,
3.036633842371E0));
#363=CARTESIAN_POINT('',(-6.959004241957E0,-1.500000053077E-1,
3.030959444531E0));
#364=CARTESIAN_POINT('',(-6.967069989597E0,-1.499999989385E-1,
3.024414699021E0));
#365=CARTESIAN_POINT('',(-6.974414722213E0,-1.499999989385E-1,
3.017069963868E0));
#366=CARTESIAN_POINT('',(-6.980959464950E0,-1.500000053077E-1,
3.009004213938E0));
#367=CARTESIAN_POINT('',(-6.986633859795E0,-1.499999798306E-1,
3.000304095024E0));
#368=CARTESIAN_POINT('',(-6.991376918981E0,-1.500000753697E-1,
2.991063376965E0));
#369=CARTESIAN_POINT('',(-6.995137595541E0,-1.499997186904E-1,
2.981380504137E0));
#370=CARTESIAN_POINT('',(-6.997875675388E0,-1.500010498686E-1,
2.971362918349E0));
#371=CARTESIAN_POINT('',(-6.999560921693E0,-1.499960818351E-1,
2.961105819527E0));
#372=CARTESIAN_POINT('',(-6.999972441246E0,-1.500084424724E-1,
2.954212713130E0));
#373=CARTESIAN_POINT('',(-6.999998268927E0,-1.500084424724E-1,
2.950744515245E0));
#375=CURVE_STYLE('',#47,POSITIVE_LENGTH_MEASURE(2.E-2),#6);
#376=PRESENTATION_STYLE_ASSIGNMENT((#375));
#377=STYLED_ITEM('',(#376),#374);
#378=CARTESIAN_POINT('',(-7.E0,-1.500000000006E-1,-2.949999999963E0));
#379=CARTESIAN_POINT('',(-7.E0,-1.500000000006E-1,-2.950247656050E0));
#380=CARTESIAN_POINT('',(-7.000000109789E0,-1.499934498542E-1,
-2.950497320243E0));
#381=CARTESIAN_POINT('',(-6.999998268927E0,-1.500084424724E-1,
-2.950744515247E0));
#383=CURVE_STYLE('',#47,POSITIVE_LENGTH_MEASURE(2.E-2),#6);
#384=PRESENTATION_STYLE_ASSIGNMENT((#383));
#385=STYLED_ITEM('',(#384),#382);
#386=CARTESIAN_POINT('',(-6.900744515245E0,-1.500084424724E-1,
-3.049998268927E0));
#387=CARTESIAN_POINT('',(-6.900497320278E0,-1.499934498566E-1,
-3.050000109789E0));
#388=CARTESIAN_POINT('',(-6.900247656050E0,-1.5E-1,-3.05E0));
#389=CARTESIAN_POINT('',(-6.9E0,-1.5E-1,-3.05E0));
#391=CURVE_STYLE('',#47,POSITIVE_LENGTH_MEASURE(2.E-2),#6);
#392=PRESENTATION_STYLE_ASSIGNMENT((#391));
#393=STYLED_ITEM('',(#392),#390);
#394=DIRECTION('',(0.E0,-1.E0,2.464428661133E-10));
#395=VECTOR('',#394,1.500000000006E-1);
#396=CARTESIAN_POINT('',(-7.E0,0.E0,-2.95E0));
#397=LINE('',#396,#395);
#398=CURVE_STYLE('',#47,POSITIVE_LENGTH_MEASURE(2.E-2),#6);
#399=PRESENTATION_STYLE_ASSIGNMENT((#398));
#400=STYLED_ITEM('',(#399),#397);
#401=DIRECTION('',(0.E0,-9.544624977441E-14,-1.E0));
#402=VECTOR('',#401,5.899999999963E0);
#403=CARTESIAN_POINT('',(-7.E0,-1.5E-1,2.95E0));
#404=LINE('',#403,#402);
#405=CURVE_STYLE('',#47,POSITIVE_LENGTH_MEASURE(2.E-2),#6);
#406=PRESENTATION_STYLE_ASSIGNMENT((#405));
#407=STYLED_ITEM('',(#406),#404);
#408=DIRECTION('',(0.E0,-1.E0,0.E0));
#409=VECTOR('',#408,1.5E-1);
#410=CARTESIAN_POINT('',(-7.E0,0.E0,2.95E0));
#411=LINE('',#410,#409);
#412=CURVE_STYLE('',#47,POSITIVE_LENGTH_MEASURE(2.E-2),#6);
#413=PRESENTATION_STYLE_ASSIGNMENT((#412));
#414=STYLED_ITEM('',(#413),#411);
#415=CARTESIAN_POINT('',(-6.999998269564E0,8.437284841374E-6,2.950744515811E0));
#416=CARTESIAN_POINT('',(-6.999999184990E0,9.817430225660E-7,2.950621590423E0));
#417=CARTESIAN_POINT('',(-6.999999019328E0,1.081492879781E-5,2.950372060063E0));
#418=CARTESIAN_POINT('',(-7.E0,0.E0,2.950124617151E0));
#419=CARTESIAN_POINT('',(-7.E0,0.E0,2.95E0));
#421=CURVE_STYLE('',#47,POSITIVE_LENGTH_MEASURE(2.E-2),#6);
#422=PRESENTATION_STYLE_ASSIGNMENT((#421));
#423=STYLED_ITEM('',(#422),#420);
#424=DIRECTION('',(0.E0,0.E0,-1.E0));
#425=VECTOR('',#424,5.9E0);
#426=CARTESIAN_POINT('',(-7.E0,0.E0,2.95E0));
#427=LINE('',#426,#425);
#428=CURVE_STYLE('',#47,POSITIVE_LENGTH_MEASURE(2.E-2),#6);
#429=PRESENTATION_STYLE_ASSIGNMENT((#428));
#430=STYLED_ITEM('',(#429),#427);
#431=CARTESIAN_POINT('',(-7.E0,0.E0,-2.95E0));
#432=CARTESIAN_POINT('',(-7.E0,0.E0,-2.950124617152E0));
#433=CARTESIAN_POINT('',(-6.999999019328E0,1.081492880738E-5,
-2.950372060063E0));
#434=CARTESIAN_POINT('',(-6.999999184990E0,9.817430302901E-7,
-2.950621590423E0));
#435=CARTESIAN_POINT('',(-6.999998269564E0,8.437284844132E-6,
-2.950744515811E0));
#437=CURVE_STYLE('',#47,POSITIVE_LENGTH_MEASURE(2.E-2),#6);
#438=PRESENTATION_STYLE_ASSIGNMENT((#437));
#439=STYLED_ITEM('',(#438),#436);
#440=DIRECTION('',(1.209719350466E-1,9.852567517285E-1,1.209748903887E-1));
#441=VECTOR('',#440,2.914757970974E-1);
#442=CARTESIAN_POINT('',(-6.999998269564E0,8.437284844132E-6,
-2.950744515811E0));
#443=LINE('',#442,#441);
#444=CURVE_STYLE('',#47,POSITIVE_LENGTH_MEASURE(2.E-2),#6);
#445=PRESENTATION_STYLE_ASSIGNMENT((#444));
#446=STYLED_ITEM('',(#445),#443);
#447=CARTESIAN_POINT('',(-6.999998269564E0,8.437284844132E-6,
-2.950744515811E0));
#448=CARTESIAN_POINT('',(-6.999998269564E0,8.437284844132E-6,
-2.954245623389E0));
#449=CARTESIAN_POINT('',(-6.999638437771E0,-3.915757369507E-6,
-2.961206447707E0));
#450=CARTESIAN_POINT('',(-6.998000847172E0,1.049223527077E-6,
-2.971590724148E0));
#451=CARTESIAN_POINT('',(-6.995291977473E0,-2.811367388023E-7,
-2.981700954124E0));
#452=CARTESIAN_POINT('',(-6.991591164952E0,7.532342813195E-8,
-2.991355653523E0));
#453=CARTESIAN_POINT('',(-6.986887340650E0,-2.015697372545E-8,
-3.000613352214E0));
#454=CARTESIAN_POINT('',(-6.981221807915E0,5.304466769872E-9,
-3.009348558347E0));
#455=CARTESIAN_POINT('',(-6.974685349524E0,-1.060893354035E-9,
-3.017414919496E0));
#456=CARTESIAN_POINT('',(-6.967414919496E0,-1.060893353734E-9,
-3.024685349524E0));
#457=CARTESIAN_POINT('',(-6.959348558347E0,5.304466768971E-9,
-3.031221807915E0));
#458=CARTESIAN_POINT('',(-6.950613352214E0,-2.015697372215E-8,
-3.036887340650E0));
#459=CARTESIAN_POINT('',(-6.941355653523E0,7.532342811963E-8,
-3.041591164952E0));
#460=CARTESIAN_POINT('',(-6.931700954124E0,-2.811367387564E-7,
-3.045291977473E0));
#461=CARTESIAN_POINT('',(-6.921590724148E0,1.049223526906E-6,
-3.048000847172E0));
#462=CARTESIAN_POINT('',(-6.911206447707E0,-3.915757368867E-6,
-3.049638437771E0));
#463=CARTESIAN_POINT('',(-6.904245623389E0,8.437284842752E-6,
-3.049998269564E0));
#464=CARTESIAN_POINT('',(-6.900744515811E0,8.437284842752E-6,
-3.049998269564E0));
#466=CURVE_STYLE('',#47,POSITIVE_LENGTH_MEASURE(2.E-2),#6);
#467=PRESENTATION_STYLE_ASSIGNMENT((#466));
#468=STYLED_ITEM('',(#467),#465);
#469=DIRECTION('',(1.209748903887E-1,9.852567517285E-1,1.209719350466E-1));
#470=VECTOR('',#469,2.914757970974E-1);
#471=CARTESIAN_POINT('',(-6.900744515811E0,8.437284842752E-6,
-3.049998269564E0));
#472=LINE('',#471,#470);
#473=CURVE_STYLE('',#47,POSITIVE_LENGTH_MEASURE(2.E-2),#6);
#474=PRESENTATION_STYLE_ASSIGNMENT((#473));
#475=STYLED_ITEM('',(#474),#472);
#476=CARTESIAN_POINT('',(-6.865483263206E0,2.75E-1,-2.915483263206E0));
#477=DIRECTION('',(-1.209742911514E-1,-9.852565360153E-1,-1.209742911514E-1));
#478=DIRECTION('',(-9.925461516413E-1,1.218693434051E-1,0.E0));
#479=AXIS2_PLACEMENT_3D('',#476,#477,#478);
#481=CURVE_STYLE('',#47,POSITIVE_LENGTH_MEASURE(2.E-2),#6);
#482=PRESENTATION_STYLE_ASSIGNMENT((#481));
#483=STYLED_ITEM('',(#482),#480);
#484=CARTESIAN_POINT('',(-6.865483263206E0,2.75E-1,-2.915483263206E0));
#485=DIRECTION('',(1.E0,0.E0,0.E0));
#486=DIRECTION('',(0.E0,1.218693434051E-1,-9.925461516413E-1));
#487=AXIS2_PLACEMENT_3D('',#484,#485,#486);
#489=CURVE_STYLE('',#47,POSITIVE_LENGTH_MEASURE(2.E-2),#6);
#490=PRESENTATION_STYLE_ASSIGNMENT((#489));
#491=STYLED_ITEM('',(#490),#488);
#492=CARTESIAN_POINT('',(-6.865483263206E0,2.75E-1,-2.915483263206E0));
#493=DIRECTION('',(0.E0,0.E0,1.E0));
#494=DIRECTION('',(0.E0,1.E0,0.E0));
#495=AXIS2_PLACEMENT_3D('',#492,#493,#494);
#497=CURVE_STYLE('',#47,POSITIVE_LENGTH_MEASURE(2.E-2),#6);
#498=PRESENTATION_STYLE_ASSIGNMENT((#497));
#499=STYLED_ITEM('',(#498),#496);
#500=DIRECTION('',(-1.E0,0.E0,0.E0));
#501=VECTOR('',#500,1.373096652641E1);
#502=CARTESIAN_POINT('',(6.865483263206E0,3.75E-1,-2.915483263206E0));
#503=LINE('',#502,#501);
#504=CURVE_STYLE('',#47,POSITIVE_LENGTH_MEASURE(2.E-2),#6);
#505=PRESENTATION_STYLE_ASSIGNMENT((#504));
#506=STYLED_ITEM('',(#505),#503);
#507=DIRECTION('',(-1.E0,0.E0,0.E0));
#508=VECTOR('',#507,1.373096652641E1);
#509=CARTESIAN_POINT('',(6.865483263206E0,2.871869343405E-1,-3.014737878370E0));
#510=LINE('',#509,#508);
#511=CURVE_STYLE('',#47,POSITIVE_LENGTH_MEASURE(2.E-2),#6);
#512=PRESENTATION_STYLE_ASSIGNMENT((#511));
#513=STYLED_ITEM('',(#512),#510);
#514=DIRECTION('',(1.E0,0.E0,0.E0));
#515=VECTOR('',#514,1.373096652641E1);
#516=CARTESIAN_POINT('',(-6.865483263206E0,3.75E-1,2.915483263206E0));
#517=LINE('',#516,#515);
#518=CURVE_STYLE('',#47,POSITIVE_LENGTH_MEASURE(2.E-2),#6);
#519=PRESENTATION_STYLE_ASSIGNMENT((#518));
#520=STYLED_ITEM('',(#519),#517);
#521=DIRECTION('',(1.E0,0.E0,0.E0));
#522=VECTOR('',#521,1.373096652641E1);
#523=CARTESIAN_POINT('',(-6.865483263206E0,2.871869343405E-1,3.014737878370E0));
#524=LINE('',#523,#522);
#525=CURVE_STYLE('',#47,POSITIVE_LENGTH_MEASURE(2.E-2),#6);
#526=PRESENTATION_STYLE_ASSIGNMENT((#525));
#527=STYLED_ITEM('',(#526),#524);
#528=CARTESIAN_POINT('',(6.865483263206E0,2.75E-1,2.915483263206E0));
#529=DIRECTION('',(1.209742911514E-1,-9.852565360153E-1,1.209742911514E-1));
#530=DIRECTION('',(9.925461516413E-1,1.218693434051E-1,0.E0));
#531=AXIS2_PLACEMENT_3D('',#528,#529,#530);
#533=CURVE_STYLE('',#47,POSITIVE_LENGTH_MEASURE(2.E-2),#6);
#534=PRESENTATION_STYLE_ASSIGNMENT((#533));
#535=STYLED_ITEM('',(#534),#532);
#536=CARTESIAN_POINT('',(6.865483263206E0,2.75E-1,2.915483263206E0));
#537=DIRECTION('',(-1.E0,0.E0,0.E0));
#538=DIRECTION('',(0.E0,1.218693434051E-1,9.925461516413E-1));
#539=AXIS2_PLACEMENT_3D('',#536,#537,#538);
#541=CURVE_STYLE('',#47,POSITIVE_LENGTH_MEASURE(2.E-2),#6);
#542=PRESENTATION_STYLE_ASSIGNMENT((#541));
#543=STYLED_ITEM('',(#542),#540);
#544=CARTESIAN_POINT('',(6.865483263206E0,2.75E-1,2.915483263206E0));
#545=DIRECTION('',(0.E0,0.E0,-1.E0));
#546=DIRECTION('',(0.E0,1.E0,0.E0));
#547=AXIS2_PLACEMENT_3D('',#544,#545,#546);
#549=CURVE_STYLE('',#47,POSITIVE_LENGTH_MEASURE(2.E-2),#6);
#550=PRESENTATION_STYLE_ASSIGNMENT((#549));
#551=STYLED_ITEM('',(#550),#548);
#552=DIRECTION('',(-1.209719350466E-1,9.852567517285E-1,-1.209748903887E-1));
#553=VECTOR('',#552,2.914757970974E-1);
#554=CARTESIAN_POINT('',(6.999998269564E0,8.437284844132E-6,2.950744515811E0));
#555=LINE('',#554,#553);
#556=CURVE_STYLE('',#47,POSITIVE_LENGTH_MEASURE(2.E-2),#6);
#557=PRESENTATION_STYLE_ASSIGNMENT((#556));
#558=STYLED_ITEM('',(#557),#555);
#559=CARTESIAN_POINT('',(6.999998269564E0,8.437284844132E-6,2.950744515811E0));
#560=CARTESIAN_POINT('',(6.999998269564E0,8.437284844132E-6,2.954245623389E0));
#561=CARTESIAN_POINT('',(6.999638437771E0,-3.915757369507E-6,2.961206447707E0));
#562=CARTESIAN_POINT('',(6.998000847172E0,1.049223527077E-6,2.971590724148E0));
#563=CARTESIAN_POINT('',(6.995291977473E0,-2.811367388023E-7,2.981700954124E0));
#564=CARTESIAN_POINT('',(6.991591164952E0,7.532342813195E-8,2.991355653523E0));
#565=CARTESIAN_POINT('',(6.986887340650E0,-2.015697372546E-8,3.000613352214E0));
#566=CARTESIAN_POINT('',(6.981221807915E0,5.304466769889E-9,3.009348558347E0));
#567=CARTESIAN_POINT('',(6.974685349524E0,-1.060893354097E-9,3.017414919496E0));
#568=CARTESIAN_POINT('',(6.967414919496E0,-1.060893353500E-9,3.024685349524E0));
#569=CARTESIAN_POINT('',(6.959348558347E0,5.304466768097E-9,3.031221807915E0));
#570=CARTESIAN_POINT('',(6.950613352214E0,-2.015697371889E-8,3.036887340650E0));
#571=CARTESIAN_POINT('',(6.941355653523E0,7.532342810746E-8,3.041591164952E0));
#572=CARTESIAN_POINT('',(6.931700954124E0,-2.811367387109E-7,3.045291977473E0));
#573=CARTESIAN_POINT('',(6.921590724148E0,1.049223526736E-6,3.048000847172E0));
#574=CARTESIAN_POINT('',(6.911206447707E0,-3.915757368234E-6,3.049638437771E0));
#575=CARTESIAN_POINT('',(6.904245623389E0,8.437284841389E-6,3.049998269564E0));
#576=CARTESIAN_POINT('',(6.900744515811E0,8.437284841389E-6,3.049998269564E0));
#578=CURVE_STYLE('',#47,POSITIVE_LENGTH_MEASURE(2.E-2),#6);
#579=PRESENTATION_STYLE_ASSIGNMENT((#578));
#580=STYLED_ITEM('',(#579),#577);
#581=DIRECTION('',(-1.209748903887E-1,9.852567517285E-1,-1.209719350466E-1));
#582=VECTOR('',#581,2.914757970974E-1);
#583=CARTESIAN_POINT('',(6.900744515811E0,8.437284841389E-6,3.049998269564E0));
#584=LINE('',#583,#582);
#585=CURVE_STYLE('',#47,POSITIVE_LENGTH_MEASURE(2.E-2),#6);
#586=PRESENTATION_STYLE_ASSIGNMENT((#585));
#587=STYLED_ITEM('',(#586),#584);
#588=CARTESIAN_POINT('',(6.900744515811E0,8.437284841389E-6,3.049998269564E0));
#589=CARTESIAN_POINT('',(6.900621590423E0,9.817430226127E-7,3.049999184990E0));
#590=CARTESIAN_POINT('',(6.900372060063E0,1.081492879959E-5,3.049999019328E0));
#591=CARTESIAN_POINT('',(6.900124617151E0,0.E0,3.05E0));
#592=CARTESIAN_POINT('',(6.9E0,0.E0,3.05E0));
#594=CURVE_STYLE('',#47,POSITIVE_LENGTH_MEASURE(2.E-2),#6);
#595=PRESENTATION_STYLE_ASSIGNMENT((#594));
#596=STYLED_ITEM('',(#595),#593);
#597=DIRECTION('',(1.E0,0.E0,0.E0));
#598=VECTOR('',#597,1.38E1);
#599=CARTESIAN_POINT('',(-6.9E0,0.E0,3.05E0));
#600=LINE('',#599,#598);
#601=CURVE_STYLE('',#47,POSITIVE_LENGTH_MEASURE(2.E-2),#6);
#602=PRESENTATION_STYLE_ASSIGNMENT((#601));
#603=STYLED_ITEM('',(#602),#600);
#604=CARTESIAN_POINT('',(-6.9E0,0.E0,3.05E0));
#605=CARTESIAN_POINT('',(-6.900124617151E0,0.E0,3.05E0));
#606=CARTESIAN_POINT('',(-6.900372060063E0,1.081492880444E-5,3.049999019328E0));
#607=CARTESIAN_POINT('',(-6.900621590423E0,9.817430264615E-7,3.049999184990E0));
#608=CARTESIAN_POINT('',(-6.900744515811E0,8.437284842774E-6,3.049998269564E0));
#610=CURVE_STYLE('',#47,POSITIVE_LENGTH_MEASURE(2.E-2),#6);
#611=PRESENTATION_STYLE_ASSIGNMENT((#610));
#612=STYLED_ITEM('',(#611),#609);
#613=CARTESIAN_POINT('',(7.E0,-1.500000000006E-1,2.949999999963E0));
#614=CARTESIAN_POINT('',(7.E0,-1.500000000006E-1,2.950247656050E0));
#615=CARTESIAN_POINT('',(7.000000109789E0,-1.499934498542E-1,2.950497320243E0));
#616=CARTESIAN_POINT('',(6.999998268927E0,-1.500084424724E-1,2.950744515247E0));
#618=CURVE_STYLE('',#47,POSITIVE_LENGTH_MEASURE(2.E-2),#6);
#619=PRESENTATION_STYLE_ASSIGNMENT((#618));
#620=STYLED_ITEM('',(#619),#617);
#621=CARTESIAN_POINT('',(6.900744515245E0,-1.500084424724E-1,3.049998268927E0));
#622=CARTESIAN_POINT('',(6.900497320278E0,-1.499934498566E-1,3.050000109789E0));
#623=CARTESIAN_POINT('',(6.900247656050E0,-1.5E-1,3.05E0));
#624=CARTESIAN_POINT('',(6.9E0,-1.5E-1,3.05E0));
#626=CURVE_STYLE('',#47,POSITIVE_LENGTH_MEASURE(2.E-2),#6);
#627=PRESENTATION_STYLE_ASSIGNMENT((#626));
#628=STYLED_ITEM('',(#627),#625);
#629=DIRECTION('',(0.E0,-1.E0,-2.462385850767E-10));
#630=VECTOR('',#629,1.500000000006E-1);
#631=CARTESIAN_POINT('',(7.E0,0.E0,2.95E0));
#632=LINE('',#631,#630);
#633=CURVE_STYLE('',#47,POSITIVE_LENGTH_MEASURE(2.E-2),#6);
#634=PRESENTATION_STYLE_ASSIGNMENT((#633));
#635=STYLED_ITEM('',(#634),#632);
#636=DIRECTION('',(-1.E0,0.E0,0.E0));
#637=VECTOR('',#636,1.38E1);
#638=CARTESIAN_POINT('',(6.9E0,-1.5E-1,3.05E0));
#639=LINE('',#638,#637);
#640=CURVE_STYLE('',#47,POSITIVE_LENGTH_MEASURE(2.E-2),#6);
#641=PRESENTATION_STYLE_ASSIGNMENT((#640));
#642=STYLED_ITEM('',(#641),#639);
#643=DIRECTION('',(0.E0,-1.E0,0.E0));
#644=VECTOR('',#643,1.5E-1);
#645=CARTESIAN_POINT('',(6.9E0,0.E0,3.05E0));
#646=LINE('',#645,#644);
#647=CURVE_STYLE('',#47,POSITIVE_LENGTH_MEASURE(2.E-2),#6);
#648=PRESENTATION_STYLE_ASSIGNMENT((#647));
#649=STYLED_ITEM('',(#648),#646);
#650=CARTESIAN_POINT('',(-6.9E0,-1.5E-1,3.05E0));
#651=CARTESIAN_POINT('',(-6.900247656050E0,-1.5E-1,3.05E0));
#652=CARTESIAN_POINT('',(-6.900497320280E0,-1.499934498565E-1,
3.050000109789E0));
#653=CARTESIAN_POINT('',(-6.900744515247E0,-1.500084424724E-1,
3.049998268927E0));
#655=CURVE_STYLE('',#47,POSITIVE_LENGTH_MEASURE(2.E-2),#6);
#656=PRESENTATION_STYLE_ASSIGNMENT((#655));
#657=STYLED_ITEM('',(#656),#654);
#658=CARTESIAN_POINT('',(-6.999998268927E0,-1.500084424724E-1,
2.950744515245E0));
#659=CARTESIAN_POINT('',(-7.000000109789E0,-1.499934498566E-1,
2.950497320278E0));
#660=CARTESIAN_POINT('',(-7.E0,-1.5E-1,2.950247656050E0));
#661=CARTESIAN_POINT('',(-7.E0,-1.5E-1,2.95E0));
#663=CURVE_STYLE('',#47,POSITIVE_LENGTH_MEASURE(2.E-2),#6);
#664=PRESENTATION_STYLE_ASSIGNMENT((#663));
#665=STYLED_ITEM('',(#664),#662);
#666=DIRECTION('',(-2.723747153747E-13,-1.E0,0.E0));
#667=VECTOR('',#666,1.5E-1);
#668=CARTESIAN_POINT('',(-6.9E0,0.E0,3.05E0));
#669=LINE('',#668,#667);
#670=CURVE_STYLE('',#47,POSITIVE_LENGTH_MEASURE(2.E-2),#6);
#671=PRESENTATION_STYLE_ASSIGNMENT((#670));
#672=STYLED_ITEM('',(#671),#669);
#673=DIRECTION('',(-1.209748906300E-1,-9.852567516993E-1,-1.209719350430E-1));
#674=VECTOR('',#673,2.914757918408E-1);
#675=CARTESIAN_POINT('',(6.900744515245E0,-1.500084424724E-1,3.049998268927E0));
#676=LINE('',#675,#674);
#677=CURVE_STYLE('',#47,POSITIVE_LENGTH_MEASURE(2.E-2),#6);
#678=PRESENTATION_STYLE_ASSIGNMENT((#677));
#679=STYLED_ITEM('',(#678),#676);
#680=CARTESIAN_POINT('',(6.900744515245E0,-1.500084424724E-1,3.049998268927E0));
#681=CARTESIAN_POINT('',(6.904245622823E0,-1.500084424724E-1,3.049998268927E0));
#682=CARTESIAN_POINT('',(6.911206447970E0,-1.499960818351E-1,3.049638438066E0));
#683=CARTESIAN_POINT('',(6.921590724077E0,-1.500010498686E-1,3.048000847092E0));
#684=CARTESIAN_POINT('',(6.931700954143E0,-1.499997186904E-1,3.045291977495E0));
#685=CARTESIAN_POINT('',(6.941355653518E0,-1.500000753697E-1,3.041591164946E0));
#686=CARTESIAN_POINT('',(6.950613352215E0,-1.499999798306E-1,3.036887340652E0));
#687=CARTESIAN_POINT('',(6.959348558346E0,-1.500000053077E-1,3.031221807914E0));
#688=CARTESIAN_POINT('',(6.967414919496E0,-1.499999989385E-1,3.024685349524E0));
#689=CARTESIAN_POINT('',(6.974685349524E0,-1.499999989385E-1,3.017414919496E0));
#690=CARTESIAN_POINT('',(6.981221807914E0,-1.500000053077E-1,3.009348558346E0));
#691=CARTESIAN_POINT('',(6.986887340652E0,-1.499999798306E-1,3.000613352215E0));
#692=CARTESIAN_POINT('',(6.991591164946E0,-1.500000753697E-1,2.991355653518E0));
#693=CARTESIAN_POINT('',(6.995291977495E0,-1.499997186904E-1,2.981700954143E0));
#694=CARTESIAN_POINT('',(6.998000847092E0,-1.500010498686E-1,2.971590724077E0));
#695=CARTESIAN_POINT('',(6.999638438066E0,-1.499960818351E-1,2.961206447970E0));
#696=CARTESIAN_POINT('',(6.999998268927E0,-1.500084424724E-1,2.954245622823E0));
#697=CARTESIAN_POINT('',(6.999998268927E0,-1.500084424724E-1,2.950744515247E0));
#699=CURVE_STYLE('',#47,POSITIVE_LENGTH_MEASURE(2.E-2),#6);
#700=PRESENTATION_STYLE_ASSIGNMENT((#699));
#701=STYLED_ITEM('',(#700),#698);
#702=DIRECTION('',(-1.209719350428E-1,-9.852567516983E-1,-1.209748906381E-1));
#703=VECTOR('',#702,2.914757918411E-1);
#704=CARTESIAN_POINT('',(6.999998268927E0,-1.500084424724E-1,2.950744515247E0));
#705=LINE('',#704,#703);
#706=CURVE_STYLE('',#47,POSITIVE_LENGTH_MEASURE(2.E-2),#6);
#707=PRESENTATION_STYLE_ASSIGNMENT((#706));
#708=STYLED_ITEM('',(#707),#705);
#709=CARTESIAN_POINT('',(6.865483263206E0,-4.25E-1,2.915483263206E0));
#710=DIRECTION('',(-1.E0,0.E0,0.E0));
#711=DIRECTION('',(0.E0,-1.E0,0.E0));
#712=AXIS2_PLACEMENT_3D('',#709,#710,#711);
#714=CURVE_STYLE('',#47,POSITIVE_LENGTH_MEASURE(2.E-2),#6);
#715=PRESENTATION_STYLE_ASSIGNMENT((#714));
#716=STYLED_ITEM('',(#715),#713);
#717=CARTESIAN_POINT('',(6.865483263206E0,-4.25E-1,2.915483263206E0));
#718=DIRECTION('',(1.209742911514E-1,9.852565360153E-1,1.209742911514E-1));
#719=DIRECTION('',(0.E0,-1.218693434051E-1,9.925461516413E-1));
#720=AXIS2_PLACEMENT_3D('',#717,#718,#719);
#722=CURVE_STYLE('',#47,POSITIVE_LENGTH_MEASURE(2.E-2),#6);
#723=PRESENTATION_STYLE_ASSIGNMENT((#722));
#724=STYLED_ITEM('',(#723),#721);
#725=CARTESIAN_POINT('',(6.865483263206E0,-4.25E-1,2.915483263206E0));
#726=DIRECTION('',(0.E0,0.E0,-1.E0));
#727=DIRECTION('',(9.925461516413E-1,-1.218693434051E-1,0.E0));
#728=AXIS2_PLACEMENT_3D('',#725,#726,#727);
#730=CURVE_STYLE('',#47,POSITIVE_LENGTH_MEASURE(2.E-2),#6);
#731=PRESENTATION_STYLE_ASSIGNMENT((#730));
#732=STYLED_ITEM('',(#731),#729);
#733=DIRECTION('',(-1.E0,0.E0,0.E0));
#734=VECTOR('',#733,1.373096652641E1);
#735=CARTESIAN_POINT('',(6.865483263206E0,-5.25E-1,2.915483263206E0));
#736=LINE('',#735,#734);
#737=CURVE_STYLE('',#47,POSITIVE_LENGTH_MEASURE(2.E-2),#6);
#738=PRESENTATION_STYLE_ASSIGNMENT((#737));
#739=STYLED_ITEM('',(#738),#736);
#740=DIRECTION('',(-1.E0,0.E0,0.E0));
#741=VECTOR('',#740,1.373096652641E1);
#742=CARTESIAN_POINT('',(6.865483263206E0,-4.371869343405E-1,3.014737878370E0));
#743=LINE('',#742,#741);
#744=CURVE_STYLE('',#47,POSITIVE_LENGTH_MEASURE(2.E-2),#6);
#745=PRESENTATION_STYLE_ASSIGNMENT((#744));
#746=STYLED_ITEM('',(#745),#743);
#747=DIRECTION('',(0.E0,0.E0,1.E0));
#748=VECTOR('',#747,1.77E0);
#749=CARTESIAN_POINT('',(-3.505E0,-5.25E-1,-2.07E0));
#750=LINE('',#749,#748);
#751=CURVE_STYLE('',#47,POSITIVE_LENGTH_MEASURE(2.E-2),#6);
#752=PRESENTATION_STYLE_ASSIGNMENT((#751));
#753=STYLED_ITEM('',(#752),#750);
#754=DIRECTION('',(-1.E0,0.E0,0.E0));
#755=VECTOR('',#754,7.01E0);
#756=CARTESIAN_POINT('',(3.505E0,-5.25E-1,-2.07E0));
#757=LINE('',#756,#755);
#758=CURVE_STYLE('',#47,POSITIVE_LENGTH_MEASURE(2.E-2),#6);
#759=PRESENTATION_STYLE_ASSIGNMENT((#758));
#760=STYLED_ITEM('',(#759),#757);
#761=DIRECTION('',(0.E0,0.E0,-1.E0));
#762=VECTOR('',#761,1.77E0);
#763=CARTESIAN_POINT('',(3.505E0,-5.25E-1,-3.E-1));
#764=LINE('',#763,#762);
#765=CURVE_STYLE('',#47,POSITIVE_LENGTH_MEASURE(2.E-2),#6);
#766=PRESENTATION_STYLE_ASSIGNMENT((#765));
#767=STYLED_ITEM('',(#766),#764);
#768=DIRECTION('',(-1.E0,0.E0,0.E0));
#769=VECTOR('',#768,1.3E-1);
#770=CARTESIAN_POINT('',(3.635E0,-5.25E-1,-3.E-1));
#771=LINE('',#770,#769);
#772=CURVE_STYLE('',#47,POSITIVE_LENGTH_MEASURE(2.E-2),#6);
#773=PRESENTATION_STYLE_ASSIGNMENT((#772));
#774=STYLED_ITEM('',(#773),#771);
#775=DIRECTION('',(0.E0,0.E0,-1.E0));
#776=VECTOR('',#775,6.E-1);
#777=CARTESIAN_POINT('',(3.635E0,-5.25E-1,3.E-1));
#778=LINE('',#777,#776);
#779=CURVE_STYLE('',#47,POSITIVE_LENGTH_MEASURE(2.E-2),#6);
#780=PRESENTATION_STYLE_ASSIGNMENT((#779));
#781=STYLED_ITEM('',(#780),#778);
#782=DIRECTION('',(1.E0,0.E0,0.E0));
#783=VECTOR('',#782,1.3E-1);
#784=CARTESIAN_POINT('',(3.505E0,-5.25E-1,3.E-1));
#785=LINE('',#784,#783);
#786=CURVE_STYLE('',#47,POSITIVE_LENGTH_MEASURE(2.E-2),#6);
#787=PRESENTATION_STYLE_ASSIGNMENT((#786));
#788=STYLED_ITEM('',(#787),#785);
#789=DIRECTION('',(0.E0,0.E0,-1.E0));
#790=VECTOR('',#789,1.77E0);
#791=CARTESIAN_POINT('',(3.505E0,-5.25E-1,2.07E0));
#792=LINE('',#791,#790);
#793=CURVE_STYLE('',#47,POSITIVE_LENGTH_MEASURE(2.E-2),#6);
#794=PRESENTATION_STYLE_ASSIGNMENT((#793));
#795=STYLED_ITEM('',(#794),#792);
#796=DIRECTION('',(1.E0,0.E0,0.E0));
#797=VECTOR('',#796,7.01E0);
#798=CARTESIAN_POINT('',(-3.505E0,-5.25E-1,2.07E0));
#799=LINE('',#798,#797);
#800=CURVE_STYLE('',#47,POSITIVE_LENGTH_MEASURE(2.E-2),#6);
#801=PRESENTATION_STYLE_ASSIGNMENT((#800));
#802=STYLED_ITEM('',(#801),#799);
#803=DIRECTION('',(0.E0,0.E0,1.E0));
#804=VECTOR('',#803,1.77E0);
#805=CARTESIAN_POINT('',(-3.505E0,-5.25E-1,3.E-1));
#806=LINE('',#805,#804);
#807=CURVE_STYLE('',#47,POSITIVE_LENGTH_MEASURE(2.E-2),#6);
#808=PRESENTATION_STYLE_ASSIGNMENT((#807));
#809=STYLED_ITEM('',(#808),#806);
#810=DIRECTION('',(-1.E0,0.E0,0.E0));
#811=VECTOR('',#810,1.3E-1);
#812=CARTESIAN_POINT('',(-3.505E0,-5.25E-1,3.E-1));
#813=LINE('',#812,#811);
#814=CURVE_STYLE('',#47,POSITIVE_LENGTH_MEASURE(2.E-2),#6);
#815=PRESENTATION_STYLE_ASSIGNMENT((#814));
#816=STYLED_ITEM('',(#815),#813);
#817=DIRECTION('',(0.E0,0.E0,-1.E0));
#818=VECTOR('',#817,6.E-1);
#819=CARTESIAN_POINT('',(-3.635E0,-5.25E-1,3.E-1));
#820=LINE('',#819,#818);
#821=CURVE_STYLE('',#47,POSITIVE_LENGTH_MEASURE(2.E-2),#6);
#822=PRESENTATION_STYLE_ASSIGNMENT((#821));
#823=STYLED_ITEM('',(#822),#820);
#824=DIRECTION('',(1.E0,0.E0,0.E0));
#825=VECTOR('',#824,1.3E-1);
#826=CARTESIAN_POINT('',(-3.635E0,-5.25E-1,-3.E-1));
#827=LINE('',#826,#825);
#828=CURVE_STYLE('',#47,POSITIVE_LENGTH_MEASURE(2.E-2),#6);
#829=PRESENTATION_STYLE_ASSIGNMENT((#828));
#830=STYLED_ITEM('',(#829),#827);
#831=DIRECTION('',(1.E0,0.E0,0.E0));
#832=VECTOR('',#831,1.373096652641E1);
#833=CARTESIAN_POINT('',(-6.865483263206E0,-5.25E-1,-2.915483263206E0));
#834=LINE('',#833,#832);
#835=CURVE_STYLE('',#47,POSITIVE_LENGTH_MEASURE(2.E-2),#6);
#836=PRESENTATION_STYLE_ASSIGNMENT((#835));
#837=STYLED_ITEM('',(#836),#834);
#838=DIRECTION('',(1.E0,0.E0,0.E0));
#839=VECTOR('',#838,1.373096652641E1);
#840=CARTESIAN_POINT('',(-6.865483263206E0,-4.371869343405E-1,
-3.014737878370E0));
#841=LINE('',#840,#839);
#842=CURVE_STYLE('',#47,POSITIVE_LENGTH_MEASURE(2.E-2),#6);
#843=PRESENTATION_STYLE_ASSIGNMENT((#842));
#844=STYLED_ITEM('',(#843),#841);
#845=CARTESIAN_POINT('',(6.865483263206E0,-4.25E-1,-2.915483263206E0));
#846=DIRECTION('',(-1.E0,0.E0,0.E0));
#847=DIRECTION('',(0.E0,-1.218693434051E-1,-9.925461516413E-1));
#848=AXIS2_PLACEMENT_3D('',#845,#846,#847);
#850=CURVE_STYLE('',#47,POSITIVE_LENGTH_MEASURE(2.E-2),#6);
#851=PRESENTATION_STYLE_ASSIGNMENT((#850));
#852=STYLED_ITEM('',(#851),#849);
#853=CARTESIAN_POINT('',(6.865483263206E0,-4.25E-1,-2.915483263206E0));
#854=DIRECTION('',(0.E0,0.E0,1.E0));
#855=DIRECTION('',(0.E0,-1.E0,0.E0));
#856=AXIS2_PLACEMENT_3D('',#853,#854,#855);
#858=CURVE_STYLE('',#47,POSITIVE_LENGTH_MEASURE(2.E-2),#6);
#859=PRESENTATION_STYLE_ASSIGNMENT((#858));
#860=STYLED_ITEM('',(#859),#857);
#861=CARTESIAN_POINT('',(6.865483263206E0,-4.25E-1,-2.915483263206E0));
#862=DIRECTION('',(1.209742911514E-1,9.852565360153E-1,-1.209742911514E-1));
#863=DIRECTION('',(9.925461516413E-1,-1.218693434051E-1,0.E0));
#864=AXIS2_PLACEMENT_3D('',#861,#862,#863);
#866=CURVE_STYLE('',#47,POSITIVE_LENGTH_MEASURE(2.E-2),#6);
#867=PRESENTATION_STYLE_ASSIGNMENT((#866));
#868=STYLED_ITEM('',(#867),#865);
#869=DIRECTION('',(0.E0,0.E0,1.E0));
#870=VECTOR('',#869,5.830966526412E0);
#871=CARTESIAN_POINT('',(6.865483263206E0,-5.25E-1,-2.915483263206E0));
#872=LINE('',#871,#870);
#873=CURVE_STYLE('',#47,POSITIVE_LENGTH_MEASURE(2.E-2),#6);
#874=PRESENTATION_STYLE_ASSIGNMENT((#873));
#875=STYLED_ITEM('',(#874),#872);
#876=DIRECTION('',(0.E0,0.E0,1.E0));
#877=VECTOR('',#876,5.830966526412E0);
#878=CARTESIAN_POINT('',(6.964737878370E0,-4.371869343405E-1,
-2.915483263206E0));
#879=LINE('',#878,#877);
#880=CURVE_STYLE('',#47,POSITIVE_LENGTH_MEASURE(2.E-2),#6);
#881=PRESENTATION_STYLE_ASSIGNMENT((#880));
#882=STYLED_ITEM('',(#881),#879);
#883=CARTESIAN_POINT('',(-6.865483263206E0,-4.25E-1,-2.915483263206E0));
#884=DIRECTION('',(0.E0,0.E0,1.E0));
#885=DIRECTION('',(-9.925461516413E-1,-1.218693434051E-1,0.E0));
#886=AXIS2_PLACEMENT_3D('',#883,#884,#885);
#888=CURVE_STYLE('',#47,POSITIVE_LENGTH_MEASURE(2.E-2),#6);
#889=PRESENTATION_STYLE_ASSIGNMENT((#888));
#890=STYLED_ITEM('',(#889),#887);
#891=CARTESIAN_POINT('',(-6.865483263206E0,-4.25E-1,-2.915483263206E0));
#892=DIRECTION('',(1.E0,0.E0,0.E0));
#893=DIRECTION('',(0.E0,-1.E0,0.E0));
#894=AXIS2_PLACEMENT_3D('',#891,#892,#893);
#896=CURVE_STYLE('',#47,POSITIVE_LENGTH_MEASURE(2.E-2),#6);
#897=PRESENTATION_STYLE_ASSIGNMENT((#896));
#898=STYLED_ITEM('',(#897),#895);
#899=CARTESIAN_POINT('',(-6.865483263206E0,-4.25E-1,-2.915483263206E0));
#900=DIRECTION('',(-1.209742911514E-1,9.852565360153E-1,-1.209742911514E-1));
#901=DIRECTION('',(0.E0,-1.218693434051E-1,-9.925461516413E-1));
#902=AXIS2_PLACEMENT_3D('',#899,#900,#901);
#904=CURVE_STYLE('',#47,POSITIVE_LENGTH_MEASURE(2.E-2),#6);
#905=PRESENTATION_STYLE_ASSIGNMENT((#904));
#906=STYLED_ITEM('',(#905),#903);
#907=DIRECTION('',(0.E0,0.E0,-1.E0));
#908=VECTOR('',#907,5.830966526412E0);
#909=CARTESIAN_POINT('',(-6.865483263206E0,-5.25E-1,2.915483263206E0));
#910=LINE('',#909,#908);
#911=CURVE_STYLE('',#47,POSITIVE_LENGTH_MEASURE(2.E-2),#6);
#912=PRESENTATION_STYLE_ASSIGNMENT((#911));
#913=STYLED_ITEM('',(#912),#910);
#914=DIRECTION('',(0.E0,0.E0,-1.E0));
#915=VECTOR('',#914,5.830966526412E0);
#916=CARTESIAN_POINT('',(-6.964737878370E0,-4.371869343405E-1,
2.915483263206E0));
#917=LINE('',#916,#915);
#918=CURVE_STYLE('',#47,POSITIVE_LENGTH_MEASURE(2.E-2),#6);
#919=PRESENTATION_STYLE_ASSIGNMENT((#918));
#920=STYLED_ITEM('',(#919),#917);
#921=CARTESIAN_POINT('',(-6.865483263206E0,-4.25E-1,2.915483263206E0));
#922=DIRECTION('',(-1.209742911514E-1,9.852565360153E-1,1.209742911514E-1));
#923=DIRECTION('',(-9.925461516413E-1,-1.218693434051E-1,0.E0));
#924=AXIS2_PLACEMENT_3D('',#921,#922,#923);
#926=CURVE_STYLE('',#47,POSITIVE_LENGTH_MEASURE(2.E-2),#6);
#927=PRESENTATION_STYLE_ASSIGNMENT((#926));
#928=STYLED_ITEM('',(#927),#925);
#929=CARTESIAN_POINT('',(-6.865483263206E0,-4.25E-1,2.915483263206E0));
#930=DIRECTION('',(1.E0,0.E0,0.E0));
#931=DIRECTION('',(0.E0,-1.218693434051E-1,9.925461516413E-1));
#932=AXIS2_PLACEMENT_3D('',#929,#930,#931);
#934=CURVE_STYLE('',#47,POSITIVE_LENGTH_MEASURE(2.E-2),#6);
#935=PRESENTATION_STYLE_ASSIGNMENT((#934));
#936=STYLED_ITEM('',(#935),#933);
#937=CARTESIAN_POINT('',(-6.865483263206E0,-4.25E-1,2.915483263206E0));
#938=DIRECTION('',(0.E0,0.E0,-1.E0));
#939=DIRECTION('',(0.E0,-1.E0,0.E0));
#940=AXIS2_PLACEMENT_3D('',#937,#938,#939);
#942=CURVE_STYLE('',#47,POSITIVE_LENGTH_MEASURE(2.E-2),#6);
#943=PRESENTATION_STYLE_ASSIGNMENT((#942));
#944=STYLED_ITEM('',(#943),#941);
#945=DIRECTION('',(1.209719350430E-1,-9.852567516993E-1,-1.209748906300E-1));
#946=VECTOR('',#945,2.914757918409E-1);
#947=CARTESIAN_POINT('',(-6.999998268927E0,-1.500084424724E-1,
2.950744515245E0));
#948=LINE('',#947,#946);
#949=CURVE_STYLE('',#47,POSITIVE_LENGTH_MEASURE(2.E-2),#6);
#950=PRESENTATION_STYLE_ASSIGNMENT((#949));
#951=STYLED_ITEM('',(#950),#948);
#952=CARTESIAN_POINT('',(-6.999998268927E0,-1.500084424724E-1,
2.950744515245E0));
#953=CARTESIAN_POINT('',(-6.999998268927E0,-1.500084424724E-1,
2.954245622823E0));
#954=CARTESIAN_POINT('',(-6.999638438066E0,-1.499960818351E-1,
2.961206447970E0));
#955=CARTESIAN_POINT('',(-6.998000847092E0,-1.500010498686E-1,
2.971590724077E0));
#956=CARTESIAN_POINT('',(-6.995291977495E0,-1.499997186904E-1,
2.981700954143E0));
#957=CARTESIAN_POINT('',(-6.991591164946E0,-1.500000753697E-1,
2.991355653518E0));
#958=CARTESIAN_POINT('',(-6.986887340652E0,-1.499999798306E-1,
3.000613352215E0));
#959=CARTESIAN_POINT('',(-6.981221807914E0,-1.500000053077E-1,
3.009348558346E0));
#960=CARTESIAN_POINT('',(-6.974685349524E0,-1.499999989385E-1,
3.017414919496E0));
#961=CARTESIAN_POINT('',(-6.967414919496E0,-1.499999989385E-1,
3.024685349524E0));
#962=CARTESIAN_POINT('',(-6.959348558346E0,-1.500000053077E-1,
3.031221807914E0));
#963=CARTESIAN_POINT('',(-6.950613352215E0,-1.499999798306E-1,
3.036887340652E0));
#964=CARTESIAN_POINT('',(-6.941355653518E0,-1.500000753697E-1,
3.041591164946E0));
#965=CARTESIAN_POINT('',(-6.931700954143E0,-1.499997186904E-1,
3.045291977495E0));
#966=CARTESIAN_POINT('',(-6.921590724077E0,-1.500010498686E-1,
3.048000847092E0));
#967=CARTESIAN_POINT('',(-6.911206447970E0,-1.499960818351E-1,
3.049638438066E0));
#968=CARTESIAN_POINT('',(-6.904245622823E0,-1.500084424724E-1,
3.049998268927E0));
#969=CARTESIAN_POINT('',(-6.900744515247E0,-1.500084424724E-1,
3.049998268927E0));
#971=CURVE_STYLE('',#47,POSITIVE_LENGTH_MEASURE(2.E-2),#6);
#972=PRESENTATION_STYLE_ASSIGNMENT((#971));
#973=STYLED_ITEM('',(#972),#970);
#974=DIRECTION('',(1.209748906380E-1,-9.852567516983E-1,-1.209719350428E-1));
#975=VECTOR('',#974,2.914757918411E-1);
#976=CARTESIAN_POINT('',(-6.900744515247E0,-1.500084424724E-1,
3.049998268927E0));
#977=LINE('',#976,#975);
#978=CURVE_STYLE('',#47,POSITIVE_LENGTH_MEASURE(2.E-2),#6);
#979=PRESENTATION_STYLE_ASSIGNMENT((#978));
#980=STYLED_ITEM('',(#979),#977);
#981=DIRECTION('',(1.209748906300E-1,-9.852567516993E-1,1.209719350430E-1));
#982=VECTOR('',#981,2.914757918409E-1);
#983=CARTESIAN_POINT('',(-6.900744515245E0,-1.500084424724E-1,
-3.049998268927E0));
#984=LINE('',#983,#982);
#985=CURVE_STYLE('',#47,POSITIVE_LENGTH_MEASURE(2.E-2),#6);
#986=PRESENTATION_STYLE_ASSIGNMENT((#985));
#987=STYLED_ITEM('',(#986),#984);
#988=CARTESIAN_POINT('',(-6.900744515245E0,-1.500084424724E-1,
-3.049998268927E0));
#989=CARTESIAN_POINT('',(-6.904245622823E0,-1.500084424724E-1,
-3.049998268927E0));
#990=CARTESIAN_POINT('',(-6.911206447970E0,-1.499960818351E-1,
-3.049638438066E0));
#991=CARTESIAN_POINT('',(-6.921590724077E0,-1.500010498686E-1,
-3.048000847092E0));
#992=CARTESIAN_POINT('',(-6.931700954143E0,-1.499997186904E-1,
-3.045291977495E0));
#993=CARTESIAN_POINT('',(-6.941355653518E0,-1.500000753697E-1,
-3.041591164946E0));
#994=CARTESIAN_POINT('',(-6.950613352215E0,-1.499999798306E-1,
-3.036887340652E0));
#995=CARTESIAN_POINT('',(-6.959348558346E0,-1.500000053077E-1,
-3.031221807914E0));
#996=CARTESIAN_POINT('',(-6.967414919496E0,-1.499999989385E-1,
-3.024685349524E0));
#997=CARTESIAN_POINT('',(-6.974685349524E0,-1.499999989385E-1,
-3.017414919496E0));
#998=CARTESIAN_POINT('',(-6.981221807914E0,-1.500000053077E-1,
-3.009348558346E0));
#999=CARTESIAN_POINT('',(-6.986887340652E0,-1.499999798306E-1,
-3.000613352215E0));
#1000=CARTESIAN_POINT('',(-6.991591164946E0,-1.500000753697E-1,
-2.991355653518E0));
#1001=CARTESIAN_POINT('',(-6.995291977495E0,-1.499997186904E-1,
-2.981700954143E0));
#1002=CARTESIAN_POINT('',(-6.998000847092E0,-1.500010498686E-1,
-2.971590724077E0));
#1003=CARTESIAN_POINT('',(-6.999638438066E0,-1.499960818351E-1,
-2.961206447970E0));
#1004=CARTESIAN_POINT('',(-6.999998268927E0,-1.500084424724E-1,
-2.954245622823E0));
#1005=CARTESIAN_POINT('',(-6.999998268927E0,-1.500084424724E-1,
-2.950744515247E0));
#1007=CURVE_STYLE('',#47,POSITIVE_LENGTH_MEASURE(2.E-2),#6);
#1008=PRESENTATION_STYLE_ASSIGNMENT((#1007));
#1009=STYLED_ITEM('',(#1008),#1006);
#1010=DIRECTION('',(1.209719350428E-1,-9.852567516983E-1,1.209748906380E-1));
#1011=VECTOR('',#1010,2.914757918411E-1);
#1012=CARTESIAN_POINT('',(-6.999998268927E0,-1.500084424724E-1,
-2.950744515247E0));
#1013=LINE('',#1012,#1011);
#1014=CURVE_STYLE('',#47,POSITIVE_LENGTH_MEASURE(2.E-2),#6);
#1015=PRESENTATION_STYLE_ASSIGNMENT((#1014));
#1016=STYLED_ITEM('',(#1015),#1013);
#1017=DIRECTION('',(0.E0,1.E0,0.E0));
#1018=VECTOR('',#1017,1.5E-1);
#1019=CARTESIAN_POINT('',(-3.505E0,-5.25E-1,-2.07E0));
#1020=LINE('',#1019,#1018);
#1021=CURVE_STYLE('',#47,POSITIVE_LENGTH_MEASURE(2.E-2),#6);
#1022=PRESENTATION_STYLE_ASSIGNMENT((#1021));
#1023=STYLED_ITEM('',(#1022),#1020);
#1024=DIRECTION('',(0.E0,1.E0,0.E0));
#1025=VECTOR('',#1024,1.5E-1);
#1026=CARTESIAN_POINT('',(-3.505E0,-5.25E-1,-3.E-1));
#1027=LINE('',#1026,#1025);
#1028=CURVE_STYLE('',#47,POSITIVE_LENGTH_MEASURE(2.E-2),#6);
#1029=PRESENTATION_STYLE_ASSIGNMENT((#1028));
#1030=STYLED_ITEM('',(#1029),#1027);
#1031=DIRECTION('',(0.E0,1.E0,0.E0));
#1032=VECTOR('',#1031,1.5E-1);
#1033=CARTESIAN_POINT('',(-3.505E0,-5.25E-1,3.E-1));
#1034=LINE('',#1033,#1032);
#1035=CURVE_STYLE('',#47,POSITIVE_LENGTH_MEASURE(2.E-2),#6);
#1036=PRESENTATION_STYLE_ASSIGNMENT((#1035));
#1037=STYLED_ITEM('',(#1036),#1034);
#1038=DIRECTION('',(0.E0,1.E0,0.E0));
#1039=VECTOR('',#1038,1.5E-1);
#1040=CARTESIAN_POINT('',(3.505E0,-5.25E-1,-2.07E0));
#1041=LINE('',#1040,#1039);
#1042=CURVE_STYLE('',#47,POSITIVE_LENGTH_MEASURE(2.E-2),#6);
#1043=PRESENTATION_STYLE_ASSIGNMENT((#1042));
#1044=STYLED_ITEM('',(#1043),#1041);
#1045=DIRECTION('',(0.E0,0.E0,1.E0));
#1046=VECTOR('',#1045,1.77E0);
#1047=CARTESIAN_POINT('',(-3.505E0,-3.75E-1,3.E-1));
#1048=LINE('',#1047,#1046);
#1049=CURVE_STYLE('',#47,POSITIVE_LENGTH_MEASURE(2.E-2),#6);
#1050=PRESENTATION_STYLE_ASSIGNMENT((#1049));
#1051=STYLED_ITEM('',(#1050),#1048);
#1052=DIRECTION('',(1.E0,0.E0,0.E0));
#1053=VECTOR('',#1052,7.01E0);
#1054=CARTESIAN_POINT('',(-3.505E0,-3.75E-1,2.07E0));
#1055=LINE('',#1054,#1053);
#1056=CURVE_STYLE('',#47,POSITIVE_LENGTH_MEASURE(2.E-2),#6);
#1057=PRESENTATION_STYLE_ASSIGNMENT((#1056));
#1058=STYLED_ITEM('',(#1057),#1055);
#1059=DIRECTION('',(0.E0,0.E0,-1.E0));
#1060=VECTOR('',#1059,1.77E0);
#1061=CARTESIAN_POINT('',(3.505E0,-3.75E-1,2.07E0));
#1062=LINE('',#1061,#1060);
#1063=CURVE_STYLE('',#47,POSITIVE_LENGTH_MEASURE(2.E-2),#6);
#1064=PRESENTATION_STYLE_ASSIGNMENT((#1063));
#1065=STYLED_ITEM('',(#1064),#1062);
#1066=DIRECTION('',(1.E0,0.E0,0.E0));
#1067=VECTOR('',#1066,1.3E-1);
#1068=CARTESIAN_POINT('',(3.505E0,-3.75E-1,3.E-1));
#1069=LINE('',#1068,#1067);
#1070=CURVE_STYLE('',#47,POSITIVE_LENGTH_MEASURE(2.E-2),#6);
#1071=PRESENTATION_STYLE_ASSIGNMENT((#1070));
#1072=STYLED_ITEM('',(#1071),#1069);
#1073=DIRECTION('',(0.E0,0.E0,-1.E0));
#1074=VECTOR('',#1073,6.E-1);
#1075=CARTESIAN_POINT('',(3.635E0,-3.75E-1,3.E-1));
#1076=LINE('',#1075,#1074);
#1077=CURVE_STYLE('',#47,POSITIVE_LENGTH_MEASURE(2.E-2),#6);
#1078=PRESENTATION_STYLE_ASSIGNMENT((#1077));
#1079=STYLED_ITEM('',(#1078),#1076);
#1080=DIRECTION('',(-1.E0,0.E0,0.E0));
#1081=VECTOR('',#1080,1.3E-1);
#1082=CARTESIAN_POINT('',(3.635E0,-3.75E-1,-3.E-1));
#1083=LINE('',#1082,#1081);
#1084=CURVE_STYLE('',#47,POSITIVE_LENGTH_MEASURE(2.E-2),#6);
#1085=PRESENTATION_STYLE_ASSIGNMENT((#1084));
#1086=STYLED_ITEM('',(#1085),#1083);
#1087=DIRECTION('',(0.E0,0.E0,-1.E0));
#1088=VECTOR('',#1087,1.77E0);
#1089=CARTESIAN_POINT('',(3.505E0,-3.75E-1,-3.E-1));
#1090=LINE('',#1089,#1088);
#1091=CURVE_STYLE('',#47,POSITIVE_LENGTH_MEASURE(2.E-2),#6);
#1092=PRESENTATION_STYLE_ASSIGNMENT((#1091));
#1093=STYLED_ITEM('',(#1092),#1090);
#1094=DIRECTION('',(-1.E0,0.E0,0.E0));
#1095=VECTOR('',#1094,7.01E0);
#1096=CARTESIAN_POINT('',(3.505E0,-3.75E-1,-2.07E0));
#1097=LINE('',#1096,#1095);
#1098=CURVE_STYLE('',#47,POSITIVE_LENGTH_MEASURE(2.E-2),#6);
#1099=PRESENTATION_STYLE_ASSIGNMENT((#1098));
#1100=STYLED_ITEM('',(#1099),#1097);
#1101=DIRECTION('',(0.E0,0.E0,1.E0));
#1102=VECTOR('',#1101,1.77E0);
#1103=CARTESIAN_POINT('',(-3.505E0,-3.75E-1,-2.07E0));
#1104=LINE('',#1103,#1102);
#1105=CURVE_STYLE('',#47,POSITIVE_LENGTH_MEASURE(2.E-2),#6);
#1106=PRESENTATION_STYLE_ASSIGNMENT((#1105));
#1107=STYLED_ITEM('',(#1106),#1104);
#1108=DIRECTION('',(1.E0,0.E0,0.E0));
#1109=VECTOR('',#1108,1.3E-1);
#1110=CARTESIAN_POINT('',(-3.635E0,-3.75E-1,-3.E-1));
#1111=LINE('',#1110,#1109);
#1112=CURVE_STYLE('',#47,POSITIVE_LENGTH_MEASURE(2.E-2),#6);
#1113=PRESENTATION_STYLE_ASSIGNMENT((#1112));
#1114=STYLED_ITEM('',(#1113),#1111);
#1115=DIRECTION('',(0.E0,0.E0,-1.E0));
#1116=VECTOR('',#1115,6.E-1);
#1117=CARTESIAN_POINT('',(-3.635E0,-3.75E-1,3.E-1));
#1118=LINE('',#1117,#1116);
#1119=CURVE_STYLE('',#47,POSITIVE_LENGTH_MEASURE(2.E-2),#6);
#1120=PRESENTATION_STYLE_ASSIGNMENT((#1119));
#1121=STYLED_ITEM('',(#1120),#1118);
#1122=DIRECTION('',(-1.E0,0.E0,0.E0));
#1123=VECTOR('',#1122,1.3E-1);
#1124=CARTESIAN_POINT('',(-3.505E0,-3.75E-1,3.E-1));
#1125=LINE('',#1124,#1123);
#1126=CURVE_STYLE('',#47,POSITIVE_LENGTH_MEASURE(2.E-2),#6);
#1127=PRESENTATION_STYLE_ASSIGNMENT((#1126));
#1128=STYLED_ITEM('',(#1127),#1125);
#1129=DIRECTION('',(0.E0,1.E0,0.E0));
#1130=VECTOR('',#1129,1.5E-1);
#1131=CARTESIAN_POINT('',(-3.505E0,-5.25E-1,2.07E0));
#1132=LINE('',#1131,#1130);
#1133=CURVE_STYLE('',#47,POSITIVE_LENGTH_MEASURE(2.E-2),#6);
#1134=PRESENTATION_STYLE_ASSIGNMENT((#1133));
#1135=STYLED_ITEM('',(#1134),#1132);
#1136=DIRECTION('',(0.E0,1.E0,0.E0));
#1137=VECTOR('',#1136,1.5E-1);
#1138=CARTESIAN_POINT('',(3.505E0,-5.25E-1,2.07E0));
#1139=LINE('',#1138,#1137);
#1140=CURVE_STYLE('',#47,POSITIVE_LENGTH_MEASURE(2.E-2),#6);
#1141=PRESENTATION_STYLE_ASSIGNMENT((#1140));
#1142=STYLED_ITEM('',(#1141),#1139);
#1143=DIRECTION('',(0.E0,1.E0,0.E0));
#1144=VECTOR('',#1143,1.5E-1);
#1145=CARTESIAN_POINT('',(3.505E0,-5.25E-1,3.E-1));
#1146=LINE('',#1145,#1144);
#1147=CURVE_STYLE('',#47,POSITIVE_LENGTH_MEASURE(2.E-2),#6);
#1148=PRESENTATION_STYLE_ASSIGNMENT((#1147));
#1149=STYLED_ITEM('',(#1148),#1146);
#1150=DIRECTION('',(0.E0,1.E0,0.E0));
#1151=VECTOR('',#1150,1.5E-1);
#1152=CARTESIAN_POINT('',(3.505E0,-5.25E-1,-3.E-1));
#1153=LINE('',#1152,#1151);
#1154=CURVE_STYLE('',#47,POSITIVE_LENGTH_MEASURE(2.E-2),#6);
#1155=PRESENTATION_STYLE_ASSIGNMENT((#1154));
#1156=STYLED_ITEM('',(#1155),#1153);
#1157=DIRECTION('',(0.E0,1.E0,0.E0));
#1158=VECTOR('',#1157,1.5E-1);
#1159=CARTESIAN_POINT('',(3.635E0,-5.25E-1,3.E-1));
#1160=LINE('',#1159,#1158);
#1161=CURVE_STYLE('',#47,POSITIVE_LENGTH_MEASURE(2.E-2),#6);
#1162=PRESENTATION_STYLE_ASSIGNMENT((#1161));
#1163=STYLED_ITEM('',(#1162),#1160);
#1164=DIRECTION('',(0.E0,1.E0,0.E0));
#1165=VECTOR('',#1164,1.5E-1);
#1166=CARTESIAN_POINT('',(3.635E0,-5.25E-1,-3.E-1));
#1167=LINE('',#1166,#1165);
#1168=CURVE_STYLE('',#47,POSITIVE_LENGTH_MEASURE(2.E-2),#6);
#1169=PRESENTATION_STYLE_ASSIGNMENT((#1168));
#1170=STYLED_ITEM('',(#1169),#1167);
#1171=DIRECTION('',(0.E0,1.E0,0.E0));
#1172=VECTOR('',#1171,1.5E-1);
#1173=CARTESIAN_POINT('',(-3.635E0,-5.25E-1,-3.E-1));
#1174=LINE('',#1173,#1172);
#1175=CURVE_STYLE('',#47,POSITIVE_LENGTH_MEASURE(2.E-2),#6);
#1176=PRESENTATION_STYLE_ASSIGNMENT((#1175));
#1177=STYLED_ITEM('',(#1176),#1174);
#1178=DIRECTION('',(0.E0,1.E0,0.E0));
#1179=VECTOR('',#1178,1.5E-1);
#1180=CARTESIAN_POINT('',(-3.635E0,-5.25E-1,3.E-1));
#1181=LINE('',#1180,#1179);
#1182=CURVE_STYLE('',#47,POSITIVE_LENGTH_MEASURE(2.E-2),#6);
#1183=PRESENTATION_STYLE_ASSIGNMENT((#1182));
#1184=STYLED_ITEM('',(#1183),#1181);
#1185=DIRECTION('',(1.209748903887E-1,9.852567517285E-1,-1.209719350466E-1));
#1186=VECTOR('',#1185,2.914757970974E-1);
#1187=CARTESIAN_POINT('',(-6.900744515811E0,8.437284842774E-6,
3.049998269564E0));
#1188=LINE('',#1187,#1186);
#1189=CURVE_STYLE('',#47,POSITIVE_LENGTH_MEASURE(2.E-2),#6);
#1190=PRESENTATION_STYLE_ASSIGNMENT((#1189));
#1191=STYLED_ITEM('',(#1190),#1188);
#1192=CARTESIAN_POINT('',(-6.900744515811E0,8.437284842774E-6,
3.049998269564E0));
#1193=CARTESIAN_POINT('',(-6.904245623389E0,8.437284842774E-6,
3.049998269564E0));
#1194=CARTESIAN_POINT('',(-6.911206447707E0,-3.915757368877E-6,
3.049638437771E0));
#1195=CARTESIAN_POINT('',(-6.921590724148E0,1.049223526909E-6,
3.048000847172E0));
#1196=CARTESIAN_POINT('',(-6.931700954124E0,-2.811367387571E-7,
3.045291977473E0));
#1197=CARTESIAN_POINT('',(-6.941355653523E0,7.532342811983E-8,
3.041591164952E0));
#1198=CARTESIAN_POINT('',(-6.950613352214E0,-2.015697372221E-8,
3.036887340650E0));
#1199=CARTESIAN_POINT('',(-6.959348558347E0,5.304466769019E-9,
3.031221807915E0));
#1200=CARTESIAN_POINT('',(-6.967414919496E0,-1.060893353865E-9,
3.024685349524E0));
#1201=CARTESIAN_POINT('',(-6.974685349524E0,-1.060893353560E-9,
3.017414919496E0));
#1202=CARTESIAN_POINT('',(-6.981221807915E0,5.304466768104E-9,
3.009348558347E0));
#1203=CARTESIAN_POINT('',(-6.986887340650E0,-2.015697371886E-8,
3.000613352214E0));
#1204=CARTESIAN_POINT('',(-6.991591164952E0,7.532342810733E-8,
2.991355653523E0));
#1205=CARTESIAN_POINT('',(-6.995291977473E0,-2.811367387105E-7,
2.981700954124E0));
#1206=CARTESIAN_POINT('',(-6.998000847172E0,1.049223526734E-6,
2.971590724148E0));
#1207=CARTESIAN_POINT('',(-6.999638437771E0,-3.915757368227E-6,
2.961206447707E0));
#1208=CARTESIAN_POINT('',(-6.999998269564E0,8.437284841374E-6,
2.954245623389E0));
#1209=CARTESIAN_POINT('',(-6.999998269564E0,8.437284841374E-6,
2.950744515811E0));
#1211=CURVE_STYLE('',#47,POSITIVE_LENGTH_MEASURE(2.E-2),#6);
#1212=PRESENTATION_STYLE_ASSIGNMENT((#1211));
#1213=STYLED_ITEM('',(#1212),#1210);
#1214=DIRECTION('',(1.209719350466E-1,9.852567517285E-1,-1.209748903887E-1));
#1215=VECTOR('',#1214,2.914757970974E-1);
#1216=CARTESIAN_POINT('',(-6.999998269564E0,8.437284841374E-6,
2.950744515811E0));
#1217=LINE('',#1216,#1215);
#1218=CURVE_STYLE('',#47,POSITIVE_LENGTH_MEASURE(2.E-2),#6);
#1219=PRESENTATION_STYLE_ASSIGNMENT((#1218));
#1220=STYLED_ITEM('',(#1219),#1217);
#1221=CARTESIAN_POINT('',(-6.865483263206E0,2.75E-1,2.915483263206E0));
#1222=DIRECTION('',(1.E0,0.E0,0.E0));
#1223=DIRECTION('',(0.E0,1.E0,0.E0));
#1224=AXIS2_PLACEMENT_3D('',#1221,#1222,#1223);
#1226=CURVE_STYLE('',#47,POSITIVE_LENGTH_MEASURE(2.E-2),#6);
#1227=PRESENTATION_STYLE_ASSIGNMENT((#1226));
#1228=STYLED_ITEM('',(#1227),#1225);
#1229=CARTESIAN_POINT('',(-6.865483263206E0,2.75E-1,2.915483263206E0));
#1230=DIRECTION('',(-1.209742911514E-1,-9.852565360153E-1,1.209742911514E-1));
#1231=DIRECTION('',(0.E0,1.218693434051E-1,9.925461516413E-1));
#1232=AXIS2_PLACEMENT_3D('',#1229,#1230,#1231);
#1234=CURVE_STYLE('',#47,POSITIVE_LENGTH_MEASURE(2.E-2),#6);
#1235=PRESENTATION_STYLE_ASSIGNMENT((#1234));
#1236=STYLED_ITEM('',(#1235),#1233);
#1237=CARTESIAN_POINT('',(-6.865483263206E0,2.75E-1,2.915483263206E0));
#1238=DIRECTION('',(0.E0,0.E0,-1.E0));
#1239=DIRECTION('',(-9.925461516413E-1,1.218693434051E-1,0.E0));
#1240=AXIS2_PLACEMENT_3D('',#1237,#1238,#1239);
#1242=CURVE_STYLE('',#47,POSITIVE_LENGTH_MEASURE(2.E-2),#6);
#1243=PRESENTATION_STYLE_ASSIGNMENT((#1242));
#1244=STYLED_ITEM('',(#1243),#1241);
#1245=DIRECTION('',(0.E0,0.E0,1.E0));
#1246=VECTOR('',#1245,5.830966526412E0);
#1247=CARTESIAN_POINT('',(-6.865483263206E0,3.75E-1,-2.915483263206E0));
#1248=LINE('',#1247,#1246);
#1249=CURVE_STYLE('',#47,POSITIVE_LENGTH_MEASURE(2.E-2),#6);
#1250=PRESENTATION_STYLE_ASSIGNMENT((#1249));
#1251=STYLED_ITEM('',(#1250),#1248);
#1252=DIRECTION('',(0.E0,0.E0,1.E0));
#1253=VECTOR('',#1252,5.830966526412E0);
#1254=CARTESIAN_POINT('',(-6.964737878370E0,2.871869343405E-1,
-2.915483263206E0));
#1255=LINE('',#1254,#1253);
#1256=CURVE_STYLE('',#47,POSITIVE_LENGTH_MEASURE(2.E-2),#6);
#1257=PRESENTATION_STYLE_ASSIGNMENT((#1256));
#1258=STYLED_ITEM('',(#1257),#1255);
#1259=DIRECTION('',(0.E0,0.E0,-1.E0));
#1260=VECTOR('',#1259,5.830966526412E0);
#1261=CARTESIAN_POINT('',(6.865483263206E0,3.75E-1,2.915483263206E0));
#1262=LINE('',#1261,#1260);
#1263=CURVE_STYLE('',#47,POSITIVE_LENGTH_MEASURE(2.E-2),#6);
#1264=PRESENTATION_STYLE_ASSIGNMENT((#1263));
#1265=STYLED_ITEM('',(#1264),#1262);
#1266=DIRECTION('',(0.E0,0.E0,-1.E0));
#1267=VECTOR('',#1266,5.830966526412E0);
#1268=CARTESIAN_POINT('',(6.964737878370E0,2.871869343405E-1,2.915483263206E0));
#1269=LINE('',#1268,#1267);
#1270=CURVE_STYLE('',#47,POSITIVE_LENGTH_MEASURE(2.E-2),#6);
#1271=PRESENTATION_STYLE_ASSIGNMENT((#1270));
#1272=STYLED_ITEM('',(#1271),#1269);
#1273=CARTESIAN_POINT('',(6.865483263206E0,2.75E-1,-2.915483263206E0));
#1274=DIRECTION('',(1.209742911514E-1,-9.852565360153E-1,-1.209742911514E-1));
#1275=DIRECTION('',(0.E0,1.218693434051E-1,-9.925461516413E-1));
#1276=AXIS2_PLACEMENT_3D('',#1273,#1274,#1275);
#1278=CURVE_STYLE('',#47,POSITIVE_LENGTH_MEASURE(2.E-2),#6);
#1279=PRESENTATION_STYLE_ASSIGNMENT((#1278));
#1280=STYLED_ITEM('',(#1279),#1277);
#1281=CARTESIAN_POINT('',(6.865483263206E0,2.75E-1,-2.915483263206E0));
#1282=DIRECTION('',(0.E0,0.E0,1.E0));
#1283=DIRECTION('',(9.925461516413E-1,1.218693434051E-1,0.E0));
#1284=AXIS2_PLACEMENT_3D('',#1281,#1282,#1283);
#1286=CURVE_STYLE('',#47,POSITIVE_LENGTH_MEASURE(2.E-2),#6);
#1287=PRESENTATION_STYLE_ASSIGNMENT((#1286));
#1288=STYLED_ITEM('',(#1287),#1285);
#1289=CARTESIAN_POINT('',(6.865483263206E0,2.75E-1,-2.915483263206E0));
#1290=DIRECTION('',(-1.E0,0.E0,0.E0));
#1291=DIRECTION('',(0.E0,1.E0,0.E0));
#1292=AXIS2_PLACEMENT_3D('',#1289,#1290,#1291);
#1294=CURVE_STYLE('',#47,POSITIVE_LENGTH_MEASURE(2.E-2),#6);
#1295=PRESENTATION_STYLE_ASSIGNMENT((#1294));
#1296=STYLED_ITEM('',(#1295),#1293);
#1297=CARTESIAN_POINT('',(6.865483263206E0,3.75E-1,2.915483263206E0));
#1298=CARTESIAN_POINT('',(6.865483263206E0,3.75E-1,-2.915483263206E0));
#1299=VERTEX_POINT('',#1297);
#1300=VERTEX_POINT('',#1298);
#1301=CARTESIAN_POINT('',(6.964737878370E0,2.871869343405E-1,2.915483263206E0));
#1302=CARTESIAN_POINT('',(6.964737878370E0,2.871869343405E-1,
-2.915483263206E0));
#1303=VERTEX_POINT('',#1301);
#1304=VERTEX_POINT('',#1302);
#1305=CARTESIAN_POINT('',(-6.865483263206E0,3.75E-1,-2.915483263206E0));
#1306=VERTEX_POINT('',#1305);
#1307=CARTESIAN_POINT('',(6.865483263206E0,2.871869343405E-1,
-3.014737878370E0));
#1308=CARTESIAN_POINT('',(-6.865483263206E0,2.871869343405E-1,
-3.014737878370E0));
#1309=VERTEX_POINT('',#1307);
#1310=VERTEX_POINT('',#1308);
#1311=CARTESIAN_POINT('',(-6.865483263206E0,3.75E-1,2.915483263206E0));
#1312=VERTEX_POINT('',#1311);
#1313=CARTESIAN_POINT('',(-6.964737878370E0,2.871869343405E-1,
-2.915483263206E0));
#1314=CARTESIAN_POINT('',(-6.964737878370E0,2.871869343405E-1,
2.915483263206E0));
#1315=VERTEX_POINT('',#1313);
#1316=VERTEX_POINT('',#1314);
#1317=CARTESIAN_POINT('',(-6.865483263206E0,2.871869343405E-1,
3.014737878370E0));
#1318=CARTESIAN_POINT('',(6.865483263206E0,2.871869343405E-1,3.014737878370E0));
#1319=VERTEX_POINT('',#1317);
#1320=VERTEX_POINT('',#1318);
#1321=CARTESIAN_POINT('',(6.900744515811E0,8.437284844120E-6,
-3.049998269564E0));
#1322=VERTEX_POINT('',#1321);
#1323=CARTESIAN_POINT('',(6.999998269564E0,8.437284844118E-6,
-2.950744515811E0));
#1324=VERTEX_POINT('',#1323);
#1325=CARTESIAN_POINT('',(-6.999998269564E0,8.437284844132E-6,
-2.950744515811E0));
#1326=VERTEX_POINT('',#1325);
#1327=CARTESIAN_POINT('',(-6.900744515811E0,8.437284842752E-6,
-3.049998269564E0));
#1328=VERTEX_POINT('',#1327);
#1329=CARTESIAN_POINT('',(6.999998269564E0,8.437284844132E-6,2.950744515811E0));
#1330=VERTEX_POINT('',#1329);
#1331=CARTESIAN_POINT('',(6.900744515811E0,8.437284841389E-6,3.049998269564E0));
#1332=VERTEX_POINT('',#1331);
#1333=CARTESIAN_POINT('',(-6.900744515811E0,8.437284842774E-6,
3.049998269564E0));
#1334=VERTEX_POINT('',#1333);
#1335=CARTESIAN_POINT('',(-6.999998269564E0,8.437284841374E-6,
2.950744515811E0));
#1336=VERTEX_POINT('',#1335);
#1337=CARTESIAN_POINT('',(-6.9E0,-1.5E-1,-3.05E0));
#1338=CARTESIAN_POINT('',(6.899999999972E0,-1.500000000004E-1,-3.05E0));
#1339=VERTEX_POINT('',#1337);
#1340=VERTEX_POINT('',#1338);
#1341=CARTESIAN_POINT('',(7.E0,-1.5E-1,-2.95E0));
#1342=CARTESIAN_POINT('',(7.E0,-1.500000000006E-1,2.949999999963E0));
#1343=VERTEX_POINT('',#1341);
#1344=VERTEX_POINT('',#1342);
#1345=CARTESIAN_POINT('',(6.9E0,-1.5E-1,3.05E0));
#1346=CARTESIAN_POINT('',(-6.9E0,-1.5E-1,3.05E0));
#1347=VERTEX_POINT('',#1345);
#1348=VERTEX_POINT('',#1346);
#1349=CARTESIAN_POINT('',(-7.E0,-1.5E-1,2.95E0));
#1350=CARTESIAN_POINT('',(-7.E0,-1.500000000006E-1,-2.949999999963E0));
#1351=VERTEX_POINT('',#1349);
#1352=VERTEX_POINT('',#1350);
#1353=CARTESIAN_POINT('',(6.865483263206E0,-5.25E-1,2.915483263206E0));
#1354=CARTESIAN_POINT('',(-6.865483263206E0,-5.25E-1,2.915483263206E0));
#1355=VERTEX_POINT('',#1353);
#1356=VERTEX_POINT('',#1354);
#1357=CARTESIAN_POINT('',(6.865483263206E0,-4.371869343405E-1,
3.014737878370E0));
#1358=CARTESIAN_POINT('',(-6.865483263206E0,-4.371869343405E-1,
3.014737878370E0));
#1359=VERTEX_POINT('',#1357);
#1360=VERTEX_POINT('',#1358);
#1361=CARTESIAN_POINT('',(6.865483263206E0,-5.25E-1,-2.915483263206E0));
#1362=VERTEX_POINT('',#1361);
#1363=CARTESIAN_POINT('',(6.964737878370E0,-4.371869343405E-1,
-2.915483263206E0));
#1364=CARTESIAN_POINT('',(6.964737878370E0,-4.371869343405E-1,
2.915483263206E0));
#1365=VERTEX_POINT('',#1363);
#1366=VERTEX_POINT('',#1364);
#1367=CARTESIAN_POINT('',(-6.865483263206E0,-5.25E-1,-2.915483263206E0));
#1368=VERTEX_POINT('',#1367);
#1369=CARTESIAN_POINT('',(-6.865483263206E0,-4.371869343405E-1,
-3.014737878370E0));
#1370=CARTESIAN_POINT('',(6.865483263206E0,-4.371869343405E-1,
-3.014737878370E0));
#1371=VERTEX_POINT('',#1369);
#1372=VERTEX_POINT('',#1370);
#1373=CARTESIAN_POINT('',(-6.964737878370E0,-4.371869343405E-1,
2.915483263206E0));
#1374=CARTESIAN_POINT('',(-6.964737878370E0,-4.371869343405E-1,
-2.915483263206E0));
#1375=VERTEX_POINT('',#1373);
#1376=VERTEX_POINT('',#1374);
#1377=CARTESIAN_POINT('',(-6.9E0,0.E0,-3.05E0));
#1378=CARTESIAN_POINT('',(6.9E0,0.E0,-3.05E0));
#1379=VERTEX_POINT('',#1377);
#1380=VERTEX_POINT('',#1378);
#1381=CARTESIAN_POINT('',(7.E0,0.E0,2.95E0));
#1382=CARTESIAN_POINT('',(7.E0,0.E0,-2.95E0));
#1383=VERTEX_POINT('',#1381);
#1384=VERTEX_POINT('',#1382);
#1385=CARTESIAN_POINT('',(-6.9E0,0.E0,3.05E0));
#1386=CARTESIAN_POINT('',(6.9E0,0.E0,3.05E0));
#1387=VERTEX_POINT('',#1385);
#1388=VERTEX_POINT('',#1386);
#1389=CARTESIAN_POINT('',(-7.E0,0.E0,2.95E0));
#1390=CARTESIAN_POINT('',(-7.E0,0.E0,-2.95E0));
#1391=VERTEX_POINT('',#1389);
#1392=VERTEX_POINT('',#1390);
#1393=CARTESIAN_POINT('',(6.900744515245E0,-1.500084424724E-1,
3.049998268927E0));
#1394=VERTEX_POINT('',#1393);
#1395=CARTESIAN_POINT('',(6.999998268927E0,-1.500084424724E-1,
2.950744515247E0));
#1396=VERTEX_POINT('',#1395);
#1397=CARTESIAN_POINT('',(-6.999998268927E0,-1.500084424724E-1,
2.950744515245E0));
#1398=VERTEX_POINT('',#1397);
#1399=CARTESIAN_POINT('',(-6.900744515247E0,-1.500084424724E-1,
3.049998268927E0));
#1400=VERTEX_POINT('',#1399);
#1401=CARTESIAN_POINT('',(6.999998268927E0,-1.500084424724E-1,
-2.950744515245E0));
#1402=VERTEX_POINT('',#1401);
#1403=CARTESIAN_POINT('',(6.900744515247E0,-1.500084424724E-1,
-3.049998268927E0));
#1404=VERTEX_POINT('',#1403);
#1405=CARTESIAN_POINT('',(-6.900744515245E0,-1.500084424724E-1,
-3.049998268927E0));
#1406=VERTEX_POINT('',#1405);
#1407=CARTESIAN_POINT('',(-6.999998268927E0,-1.500084424724E-1,
-2.950744515247E0));
#1408=VERTEX_POINT('',#1407);
#1409=CARTESIAN_POINT('',(-3.505E0,-3.75E-1,2.07E0));
#1410=CARTESIAN_POINT('',(3.505E0,-3.75E-1,2.07E0));
#1411=VERTEX_POINT('',#1409);
#1412=VERTEX_POINT('',#1410);
#1413=CARTESIAN_POINT('',(3.505E0,-3.75E-1,-2.07E0));
#1414=CARTESIAN_POINT('',(-3.505E0,-3.75E-1,-2.07E0));
#1415=VERTEX_POINT('',#1413);
#1416=VERTEX_POINT('',#1414);
#1417=CARTESIAN_POINT('',(-3.505E0,-5.25E-1,-2.07E0));
#1418=VERTEX_POINT('',#1417);
#1419=CARTESIAN_POINT('',(-3.505E0,-5.25E-1,2.07E0));
#1420=VERTEX_POINT('',#1419);
#1421=CARTESIAN_POINT('',(3.505E0,-5.25E-1,2.07E0));
#1422=VERTEX_POINT('',#1421);
#1423=CARTESIAN_POINT('',(3.505E0,-5.25E-1,-2.07E0));
#1424=VERTEX_POINT('',#1423);
#1425=CARTESIAN_POINT('',(-3.505E0,-5.25E-1,-3.E-1));
#1426=VERTEX_POINT('',#1425);
#1427=CARTESIAN_POINT('',(3.505E0,-5.25E-1,3.E-1));
#1428=VERTEX_POINT('',#1427);
#1429=CARTESIAN_POINT('',(-3.505E0,-5.25E-1,3.E-1));
#1430=VERTEX_POINT('',#1429);
#1431=CARTESIAN_POINT('',(3.505E0,-5.25E-1,-3.E-1));
#1432=VERTEX_POINT('',#1431);
#1433=CARTESIAN_POINT('',(3.635E0,-3.75E-1,3.E-1));
#1434=CARTESIAN_POINT('',(3.635E0,-3.75E-1,-3.E-1));
#1435=VERTEX_POINT('',#1433);
#1436=VERTEX_POINT('',#1434);
#1437=CARTESIAN_POINT('',(3.505E0,-3.75E-1,3.E-1));
#1438=VERTEX_POINT('',#1437);
#1439=CARTESIAN_POINT('',(3.505E0,-3.75E-1,-3.E-1));
#1440=VERTEX_POINT('',#1439);
#1441=CARTESIAN_POINT('',(-3.635E0,-3.75E-1,3.E-1));
#1442=CARTESIAN_POINT('',(-3.635E0,-3.75E-1,-3.E-1));
#1443=VERTEX_POINT('',#1441);
#1444=VERTEX_POINT('',#1442);
#1445=CARTESIAN_POINT('',(-3.505E0,-3.75E-1,3.E-1));
#1446=VERTEX_POINT('',#1445);
#1447=CARTESIAN_POINT('',(-3.505E0,-3.75E-1,-3.E-1));
#1448=VERTEX_POINT('',#1447);
#1449=CARTESIAN_POINT('',(3.635E0,-5.25E-1,3.E-1));
#1450=VERTEX_POINT('',#1449);
#1451=CARTESIAN_POINT('',(3.635E0,-5.25E-1,-3.E-1));
#1452=VERTEX_POINT('',#1451);
#1453=CARTESIAN_POINT('',(-3.635E0,-5.25E-1,3.E-1));
#1454=VERTEX_POINT('',#1453);
#1455=CARTESIAN_POINT('',(-3.635E0,-5.25E-1,-3.E-1));
#1456=VERTEX_POINT('',#1455);
#1457=CARTESIAN_POINT('',(0.E0,0.E0,0.E0));
#1458=DIRECTION('',(0.E0,1.E0,0.E0));
#1459=DIRECTION('',(1.E0,0.E0,0.E0));
#1460=AXIS2_PLACEMENT_3D('',#1457,#1458,#1459);
#1461=PLANE('',#1460);
#1463=ORIENTED_EDGE('',*,*,#1462,.T.);
#1465=ORIENTED_EDGE('',*,*,#1464,.F.);
#1466=EDGE_LOOP('',(#1463,#1465));
#1467=FACE_OUTER_BOUND('',#1466,.F.);
#1469=CARTESIAN_POINT('',(0.E0,0.E0,0.E0));
#1470=DIRECTION('',(0.E0,1.E0,0.E0));
#1471=DIRECTION('',(1.E0,0.E0,0.E0));
#1472=AXIS2_PLACEMENT_3D('',#1469,#1470,#1471);
#1473=PLANE('',#1472);
#1475=ORIENTED_EDGE('',*,*,#1474,.T.);
#1477=ORIENTED_EDGE('',*,*,#1476,.F.);
#1478=EDGE_LOOP('',(#1475,#1477));
#1479=FACE_OUTER_BOUND('',#1478,.F.);
#1481=CARTESIAN_POINT('',(0.E0,0.E0,0.E0));
#1482=DIRECTION('',(0.E0,1.E0,0.E0));
#1483=DIRECTION('',(1.E0,0.E0,0.E0));
#1484=AXIS2_PLACEMENT_3D('',#1481,#1482,#1483);
#1485=PLANE('',#1484);
#1487=ORIENTED_EDGE('',*,*,#1486,.T.);
#1489=ORIENTED_EDGE('',*,*,#1488,.F.);
#1490=EDGE_LOOP('',(#1487,#1489));
#1491=FACE_OUTER_BOUND('',#1490,.F.);
#1493=CARTESIAN_POINT('',(0.E0,0.E0,0.E0));
#1494=DIRECTION('',(0.E0,1.E0,0.E0));
#1495=DIRECTION('',(1.E0,0.E0,0.E0));
#1496=AXIS2_PLACEMENT_3D('',#1493,#1494,#1495);
#1497=PLANE('',#1496);
#1499=ORIENTED_EDGE('',*,*,#1498,.T.);
#1501=ORIENTED_EDGE('',*,*,#1500,.F.);
#1502=EDGE_LOOP('',(#1499,#1501));
#1503=FACE_OUTER_BOUND('',#1502,.F.);
#1505=CARTESIAN_POINT('',(6.9E0,0.E0,-2.95E0));
#1506=DIRECTION('',(0.E0,-1.E0,0.E0));
#1507=DIRECTION('',(1.E0,0.E0,0.E0));
#1508=AXIS2_PLACEMENT_3D('',#1505,#1506,#1507);
#1509=CYLINDRICAL_SURFACE('',#1508,1.E-1);
#1511=ORIENTED_EDGE('',*,*,#1510,.T.);
#1513=ORIENTED_EDGE('',*,*,#1512,.T.);
#1515=ORIENTED_EDGE('',*,*,#1514,.T.);
#1517=ORIENTED_EDGE('',*,*,#1516,.F.);
#1519=ORIENTED_EDGE('',*,*,#1518,.F.);
#1520=ORIENTED_EDGE('',*,*,#1462,.F.);
#1522=ORIENTED_EDGE('',*,*,#1521,.F.);
#1524=ORIENTED_EDGE('',*,*,#1523,.T.);
#1525=EDGE_LOOP('',(#1511,#1513,#1515,#1517,#1519,#1520,#1522,#1524));
#1526=FACE_OUTER_BOUND('',#1525,.F.);
#1528=CARTESIAN_POINT('',(-7.E0,-1.5E-1,-3.05E0));
#1529=DIRECTION('',(0.E0,-1.218693434051E-1,-9.925461516413E-1));
#1530=DIRECTION('',(1.E0,0.E0,0.E0));
#1531=AXIS2_PLACEMENT_3D('',#1528,#1529,#1530);
#1532=PLANE('',#1531);
#1534=ORIENTED_EDGE('',*,*,#1533,.F.);
#1536=ORIENTED_EDGE('',*,*,#1535,.F.);
#1538=ORIENTED_EDGE('',*,*,#1537,.T.);
#1540=ORIENTED_EDGE('',*,*,#1539,.T.);
#1542=ORIENTED_EDGE('',*,*,#1541,.F.);
#1543=ORIENTED_EDGE('',*,*,#1510,.F.);
#1544=EDGE_LOOP('',(#1534,#1536,#1538,#1540,#1542,#1543));
#1545=FACE_OUTER_BOUND('',#1544,.F.);
#1547=CARTESIAN_POINT('',(-6.9E0,0.E0,-3.05E0));
#1548=DIRECTION('',(0.E0,0.E0,-1.E0));
#1549=DIRECTION('',(1.E0,0.E0,0.E0));
#1550=AXIS2_PLACEMENT_3D('',#1547,#1548,#1549);
#1551=PLANE('',#1550);
#1552=ORIENTED_EDGE('',*,*,#1533,.T.);
#1553=ORIENTED_EDGE('',*,*,#1523,.F.);
#1555=ORIENTED_EDGE('',*,*,#1554,.F.);
#1557=ORIENTED_EDGE('',*,*,#1556,.T.);
#1558=EDGE_LOOP('',(#1552,#1553,#1555,#1557));
#1559=FACE_OUTER_BOUND('',#1558,.F.);
#1561=CARTESIAN_POINT('',(7.E0,0.E0,-3.05E0));
#1562=DIRECTION('',(0.E0,1.218693434051E-1,-9.925461516413E-1));
#1563=DIRECTION('',(-1.E0,0.E0,0.E0));
#1564=AXIS2_PLACEMENT_3D('',#1561,#1562,#1563);
#1565=PLANE('',#1564);
#1567=ORIENTED_EDGE('',*,*,#1566,.T.);
#1569=ORIENTED_EDGE('',*,*,#1568,.T.);
#1571=ORIENTED_EDGE('',*,*,#1570,.F.);
#1573=ORIENTED_EDGE('',*,*,#1572,.T.);
#1574=ORIENTED_EDGE('',*,*,#1554,.T.);
#1575=ORIENTED_EDGE('',*,*,#1521,.T.);
#1576=EDGE_LOOP('',(#1567,#1569,#1571,#1573,#1574,#1575));
#1577=FACE_OUTER_BOUND('',#1576,.F.);
#1579=CARTESIAN_POINT('',(6.900745384836E0,-1.218693434051E-2,
-2.950745384836E0));
#1580=DIRECTION('',(1.209742911514E-1,-9.852565360153E-1,-1.209742911514E-1));
#1581=DIRECTION('',(0.E0,1.218693434051E-1,-9.925461516413E-1));
#1582=AXIS2_PLACEMENT_3D('',#1579,#1580,#1581);
#1583=CYLINDRICAL_SURFACE('',#1582,1.E-1);
#1584=ORIENTED_EDGE('',*,*,#1566,.F.);
#1585=ORIENTED_EDGE('',*,*,#1464,.T.);
#1587=ORIENTED_EDGE('',*,*,#1586,.T.);
#1589=ORIENTED_EDGE('',*,*,#1588,.F.);
#1590=EDGE_LOOP('',(#1584,#1585,#1587,#1589));
#1591=FACE_OUTER_BOUND('',#1590,.F.);
#1593=CARTESIAN_POINT('',(7.E0,0.E0,3.05E0));
#1594=DIRECTION('',(9.925461516413E-1,1.218693434051E-1,0.E0));
#1595=DIRECTION('',(0.E0,0.E0,-1.E0));
#1596=AXIS2_PLACEMENT_3D('',#1593,#1594,#1595);
#1597=PLANE('',#1596);
#1598=ORIENTED_EDGE('',*,*,#1586,.F.);
#1599=ORIENTED_EDGE('',*,*,#1518,.T.);
#1601=ORIENTED_EDGE('',*,*,#1600,.F.);
#1603=ORIENTED_EDGE('',*,*,#1602,.T.);
#1605=ORIENTED_EDGE('',*,*,#1604,.T.);
#1607=ORIENTED_EDGE('',*,*,#1606,.T.);
#1608=EDGE_LOOP('',(#1598,#1599,#1601,#1603,#1605,#1607));
#1609=FACE_OUTER_BOUND('',#1608,.F.);
#1611=CARTESIAN_POINT('',(7.E0,0.E0,-2.95E0));
#1612=DIRECTION('',(1.E0,0.E0,0.E0));
#1613=DIRECTION('',(0.E0,0.E0,1.E0));
#1614=AXIS2_PLACEMENT_3D('',#1611,#1612,#1613);
#1615=PLANE('',#1614);
#1617=ORIENTED_EDGE('',*,*,#1616,.T.);
#1619=ORIENTED_EDGE('',*,*,#1618,.F.);
#1620=ORIENTED_EDGE('',*,*,#1600,.T.);
#1621=ORIENTED_EDGE('',*,*,#1516,.T.);
#1622=EDGE_LOOP('',(#1617,#1619,#1620,#1621));
#1623=FACE_OUTER_BOUND('',#1622,.F.);
#1625=CARTESIAN_POINT('',(7.E0,-1.5E-1,-3.05E0));
#1626=DIRECTION('',(9.925461516413E-1,-1.218693434051E-1,0.E0));
#1627=DIRECTION('',(0.E0,0.E0,1.E0));
#1628=AXIS2_PLACEMENT_3D('',#1625,#1626,#1627);
#1629=PLANE('',#1628);
#1630=ORIENTED_EDGE('',*,*,#1616,.F.);
#1631=ORIENTED_EDGE('',*,*,#1514,.F.);
#1633=ORIENTED_EDGE('',*,*,#1632,.T.);
#1635=ORIENTED_EDGE('',*,*,#1634,.T.);
#1637=ORIENTED_EDGE('',*,*,#1636,.F.);
#1639=ORIENTED_EDGE('',*,*,#1638,.F.);
#1640=EDGE_LOOP('',(#1630,#1631,#1633,#1635,#1637,#1639));
#1641=FACE_OUTER_BOUND('',#1640,.F.);
#1643=CARTESIAN_POINT('',(6.900745384836E0,-1.378130656595E-1,
-2.950745384836E0));
#1644=DIRECTION('',(1.209742911514E-1,9.852565360153E-1,-1.209742911514E-1));
#1645=DIRECTION('',(9.925461516413E-1,-1.218693434051E-1,0.E0));
#1646=AXIS2_PLACEMENT_3D('',#1643,#1644,#1645);
#1647=CYLINDRICAL_SURFACE('',#1646,1.E-1);
#1648=ORIENTED_EDGE('',*,*,#1632,.F.);
#1650=ORIENTED_EDGE('',*,*,#1649,.T.);
#1651=ORIENTED_EDGE('',*,*,#1541,.T.);
#1653=ORIENTED_EDGE('',*,*,#1652,.F.);
#1654=EDGE_LOOP('',(#1648,#1650,#1651,#1653));
#1655=FACE_OUTER_BOUND('',#1654,.F.);
#1657=CARTESIAN_POINT('',(-7.E0,-1.5E-1,-3.05E0));
#1658=DIRECTION('',(0.E0,-1.E0,0.E0));
#1659=DIRECTION('',(1.E0,0.E0,0.E0));
#1660=AXIS2_PLACEMENT_3D('',#1657,#1658,#1659);
#1661=PLANE('',#1660);
#1663=ORIENTED_EDGE('',*,*,#1662,.F.);
#1665=ORIENTED_EDGE('',*,*,#1664,.F.);
#1666=EDGE_LOOP('',(#1663,#1665));
#1667=FACE_OUTER_BOUND('',#1666,.F.);
#1669=CARTESIAN_POINT('',(-7.E0,-1.5E-1,-3.05E0));
#1670=DIRECTION('',(0.E0,-1.E0,0.E0));
#1671=DIRECTION('',(1.E0,0.E0,0.E0));
#1672=AXIS2_PLACEMENT_3D('',#1669,#1670,#1671);
#1673=PLANE('',#1672);
#1674=ORIENTED_EDGE('',*,*,#1512,.F.);
#1675=ORIENTED_EDGE('',*,*,#1649,.F.);
#1676=EDGE_LOOP('',(#1674,#1675));
#1677=FACE_OUTER_BOUND('',#1676,.F.);
#1679=CARTESIAN_POINT('',(-7.E0,-1.5E-1,-3.05E0));
#1680=DIRECTION('',(0.E0,-1.E0,0.E0));
#1681=DIRECTION('',(1.E0,0.E0,0.E0));
#1682=AXIS2_PLACEMENT_3D('',#1679,#1680,#1681);
#1683=PLANE('',#1682);
#1685=ORIENTED_EDGE('',*,*,#1684,.F.);
#1687=ORIENTED_EDGE('',*,*,#1686,.F.);
#1688=EDGE_LOOP('',(#1685,#1687));
#1689=FACE_OUTER_BOUND('',#1688,.F.);
#1691=CARTESIAN_POINT('',(-7.E0,-1.5E-1,-3.05E0));
#1692=DIRECTION('',(0.E0,-1.E0,0.E0));
#1693=DIRECTION('',(1.E0,0.E0,0.E0));
#1694=AXIS2_PLACEMENT_3D('',#1691,#1692,#1693);
#1695=PLANE('',#1694);
#1697=ORIENTED_EDGE('',*,*,#1696,.F.);
#1699=ORIENTED_EDGE('',*,*,#1698,.F.);
#1700=EDGE_LOOP('',(#1697,#1699));
#1701=FACE_OUTER_BOUND('',#1700,.F.);
#1703=CARTESIAN_POINT('',(-6.9E0,0.E0,-2.95E0));
#1704=DIRECTION('',(0.E0,-1.E0,0.E0));
#1705=DIRECTION('',(1.E0,0.E0,0.E0));
#1706=AXIS2_PLACEMENT_3D('',#1703,#1704,#1705);
#1707=CYLINDRICAL_SURFACE('',#1706,1.E-1);
#1709=ORIENTED_EDGE('',*,*,#1708,.T.);
#1710=ORIENTED_EDGE('',*,*,#1662,.T.);
#1711=ORIENTED_EDGE('',*,*,#1535,.T.);
#1712=ORIENTED_EDGE('',*,*,#1556,.F.);
#1713=ORIENTED_EDGE('',*,*,#1572,.F.);
#1714=ORIENTED_EDGE('',*,*,#1498,.F.);
#1716=ORIENTED_EDGE('',*,*,#1715,.F.);
#1718=ORIENTED_EDGE('',*,*,#1717,.T.);
#1719=EDGE_LOOP('',(#1709,#1710,#1711,#1712,#1713,#1714,#1716,#1718));
#1720=FACE_OUTER_BOUND('',#1719,.F.);
#1722=CARTESIAN_POINT('',(-7.E0,-1.5E-1,3.05E0));
#1723=DIRECTION('',(-9.925461516413E-1,-1.218693434051E-1,0.E0));
#1724=DIRECTION('',(0.E0,0.E0,-1.E0));
#1725=AXIS2_PLACEMENT_3D('',#1722,#1723,#1724);
#1726=PLANE('',#1725);
#1728=ORIENTED_EDGE('',*,*,#1727,.F.);
#1730=ORIENTED_EDGE('',*,*,#1729,.F.);
#1732=ORIENTED_EDGE('',*,*,#1731,.T.);
#1734=ORIENTED_EDGE('',*,*,#1733,.T.);
#1736=ORIENTED_EDGE('',*,*,#1735,.F.);
#1737=ORIENTED_EDGE('',*,*,#1708,.F.);
#1738=EDGE_LOOP('',(#1728,#1730,#1732,#1734,#1736,#1737));
#1739=FACE_OUTER_BOUND('',#1738,.F.);
#1741=CARTESIAN_POINT('',(-7.E0,0.E0,2.95E0));
#1742=DIRECTION('',(-1.E0,0.E0,0.E0));
#1743=DIRECTION('',(0.E0,0.E0,-1.E0));
#1744=AXIS2_PLACEMENT_3D('',#1741,#1742,#1743);
#1745=PLANE('',#1744);
#1746=ORIENTED_EDGE('',*,*,#1727,.T.);
#1747=ORIENTED_EDGE('',*,*,#1717,.F.);
#1749=ORIENTED_EDGE('',*,*,#1748,.F.);
#1751=ORIENTED_EDGE('',*,*,#1750,.T.);
#1752=EDGE_LOOP('',(#1746,#1747,#1749,#1751));
#1753=FACE_OUTER_BOUND('',#1752,.F.);
#1755=CARTESIAN_POINT('',(-7.E0,0.E0,-3.05E0));
#1756=DIRECTION('',(-9.925461516413E-1,1.218693434051E-1,0.E0));
#1757=DIRECTION('',(0.E0,0.E0,1.E0));
#1758=AXIS2_PLACEMENT_3D('',#1755,#1756,#1757);
#1759=PLANE('',#1758);
#1761=ORIENTED_EDGE('',*,*,#1760,.T.);
#1763=ORIENTED_EDGE('',*,*,#1762,.T.);
#1765=ORIENTED_EDGE('',*,*,#1764,.F.);
#1767=ORIENTED_EDGE('',*,*,#1766,.T.);
#1768=ORIENTED_EDGE('',*,*,#1748,.T.);
#1769=ORIENTED_EDGE('',*,*,#1715,.T.);
#1770=EDGE_LOOP('',(#1761,#1763,#1765,#1767,#1768,#1769));
#1771=FACE_OUTER_BOUND('',#1770,.F.);
#1773=CARTESIAN_POINT('',(-6.900745384836E0,-1.218693434051E-2,
-2.950745384836E0));
#1774=DIRECTION('',(-1.209742911514E-1,-9.852565360153E-1,-1.209742911514E-1));
#1775=DIRECTION('',(-9.925461516413E-1,1.218693434051E-1,0.E0));
#1776=AXIS2_PLACEMENT_3D('',#1773,#1774,#1775);
#1777=CYLINDRICAL_SURFACE('',#1776,1.E-1);
#1778=ORIENTED_EDGE('',*,*,#1760,.F.);
#1779=ORIENTED_EDGE('',*,*,#1500,.T.);
#1780=ORIENTED_EDGE('',*,*,#1570,.T.);
#1782=ORIENTED_EDGE('',*,*,#1781,.F.);
#1783=EDGE_LOOP('',(#1778,#1779,#1780,#1782));
#1784=FACE_OUTER_BOUND('',#1783,.F.);
#1786=CARTESIAN_POINT('',(-6.865483263206E0,2.75E-1,-2.915483263206E0));
#1787=DIRECTION('',(-7.489557207890E-1,-6.626200482157E-1,0.E0));
#1788=DIRECTION('',(-6.626200482157E-1,7.489557207890E-1,0.E0));
#1789=AXIS2_PLACEMENT_3D('',#1786,#1787,#1788);
#1790=SPHERICAL_SURFACE('',#1789,1.E-1);
#1791=ORIENTED_EDGE('',*,*,#1781,.T.);
#1793=ORIENTED_EDGE('',*,*,#1792,.T.);
#1795=ORIENTED_EDGE('',*,*,#1794,.T.);
#1796=EDGE_LOOP('',(#1791,#1793,#1795));
#1797=FACE_OUTER_BOUND('',#1796,.F.);
#1799=CARTESIAN_POINT('',(6.865483263206E0,2.75E-1,-2.915483263206E0));
#1800=DIRECTION('',(-1.E0,0.E0,0.E0));
#1801=DIRECTION('',(0.E0,1.E0,0.E0));
#1802=AXIS2_PLACEMENT_3D('',#1799,#1800,#1801);
#1803=CYLINDRICAL_SURFACE('',#1802,1.E-1);
#1805=ORIENTED_EDGE('',*,*,#1804,.T.);
#1806=ORIENTED_EDGE('',*,*,#1792,.F.);
#1807=ORIENTED_EDGE('',*,*,#1568,.F.);
#1809=ORIENTED_EDGE('',*,*,#1808,.F.);
#1810=EDGE_LOOP('',(#1805,#1806,#1807,#1809));
#1811=FACE_OUTER_BOUND('',#1810,.F.);
#1813=CARTESIAN_POINT('',(0.E0,3.75E-1,0.E0));
#1814=DIRECTION('',(0.E0,1.E0,0.E0));
#1815=DIRECTION('',(1.E0,0.E0,0.E0));
#1816=AXIS2_PLACEMENT_3D('',#1813,#1814,#1815);
#1817=PLANE('',#1816);
#1819=ORIENTED_EDGE('',*,*,#1818,.F.);
#1821=ORIENTED_EDGE('',*,*,#1820,.F.);
#1822=ORIENTED_EDGE('',*,*,#1804,.F.);
#1824=ORIENTED_EDGE('',*,*,#1823,.F.);
#1825=EDGE_LOOP('',(#1819,#1821,#1822,#1824));
#1826=FACE_OUTER_BOUND('',#1825,.F.);
#1828=CARTESIAN_POINT('',(-6.953955789661E0,2.75E-1,2.915483263206E0));
#1829=DIRECTION('',(1.E0,0.E0,0.E0));
#1830=DIRECTION('',(0.E0,1.E0,0.E0));
#1831=AXIS2_PLACEMENT_3D('',#1828,#1829,#1830);
#1832=CYLINDRICAL_SURFACE('',#1831,1.E-1);
#1833=ORIENTED_EDGE('',*,*,#1818,.T.);
#1835=ORIENTED_EDGE('',*,*,#1834,.F.);
#1837=ORIENTED_EDGE('',*,*,#1836,.F.);
#1839=ORIENTED_EDGE('',*,*,#1838,.F.);
#1840=EDGE_LOOP('',(#1833,#1835,#1837,#1839));
#1841=FACE_OUTER_BOUND('',#1840,.F.);
#1843=CARTESIAN_POINT('',(6.865483263206E0,2.75E-1,2.915483263206E0));
#1844=DIRECTION('',(7.489557207890E-1,-6.626200482157E-1,0.E0));
#1845=DIRECTION('',(6.626200482157E-1,7.489557207890E-1,0.E0));
#1846=AXIS2_PLACEMENT_3D('',#1843,#1844,#1845);
#1847=SPHERICAL_SURFACE('',#1846,1.E-1);
#1849=ORIENTED_EDGE('',*,*,#1848,.T.);
#1850=ORIENTED_EDGE('',*,*,#1834,.T.);
#1852=ORIENTED_EDGE('',*,*,#1851,.T.);
#1853=EDGE_LOOP('',(#1849,#1850,#1852));
#1854=FACE_OUTER_BOUND('',#1853,.F.);
#1856=CARTESIAN_POINT('',(6.900745384836E0,-1.218693434051E-2,
2.950745384836E0));
#1857=DIRECTION('',(1.209742911514E-1,-9.852565360153E-1,1.209742911514E-1));
#1858=DIRECTION('',(9.925461516413E-1,1.218693434051E-1,0.E0));
#1859=AXIS2_PLACEMENT_3D('',#1856,#1857,#1858);
#1860=CYLINDRICAL_SURFACE('',#1859,1.E-1);
#1861=ORIENTED_EDGE('',*,*,#1604,.F.);
#1862=ORIENTED_EDGE('',*,*,#1476,.T.);
#1864=ORIENTED_EDGE('',*,*,#1863,.T.);
#1865=ORIENTED_EDGE('',*,*,#1848,.F.);
#1866=EDGE_LOOP('',(#1861,#1862,#1864,#1865));
#1867=FACE_OUTER_BOUND('',#1866,.F.);
#1869=CARTESIAN_POINT('',(-7.E0,0.E0,3.05E0));
#1870=DIRECTION('',(0.E0,1.218693434051E-1,9.925461516413E-1));
#1871=DIRECTION('',(1.E0,0.E0,0.E0));
#1872=AXIS2_PLACEMENT_3D('',#1869,#1870,#1871);
#1873=PLANE('',#1872);
#1874=ORIENTED_EDGE('',*,*,#1863,.F.);
#1876=ORIENTED_EDGE('',*,*,#1875,.T.);
#1878=ORIENTED_EDGE('',*,*,#1877,.F.);
#1880=ORIENTED_EDGE('',*,*,#1879,.T.);
#1882=ORIENTED_EDGE('',*,*,#1881,.T.);
#1883=ORIENTED_EDGE('',*,*,#1836,.T.);
#1884=EDGE_LOOP('',(#1874,#1876,#1878,#1880,#1882,#1883));
#1885=FACE_OUTER_BOUND('',#1884,.F.);
#1887=CARTESIAN_POINT('',(6.9E0,0.E0,2.95E0));
#1888=DIRECTION('',(0.E0,-1.E0,0.E0));
#1889=DIRECTION('',(1.E0,0.E0,0.E0));
#1890=AXIS2_PLACEMENT_3D('',#1887,#1888,#1889);
#1891=CYLINDRICAL_SURFACE('',#1890,1.E-1);
#1892=ORIENTED_EDGE('',*,*,#1638,.T.);
#1893=ORIENTED_EDGE('',*,*,#1684,.T.);
#1895=ORIENTED_EDGE('',*,*,#1894,.T.);
#1897=ORIENTED_EDGE('',*,*,#1896,.F.);
#1898=ORIENTED_EDGE('',*,*,#1875,.F.);
#1899=ORIENTED_EDGE('',*,*,#1474,.F.);
#1900=ORIENTED_EDGE('',*,*,#1602,.F.);
#1901=ORIENTED_EDGE('',*,*,#1618,.T.);
#1902=EDGE_LOOP('',(#1892,#1893,#1895,#1897,#1898,#1899,#1900,#1901));
#1903=FACE_OUTER_BOUND('',#1902,.F.);
#1905=CARTESIAN_POINT('',(7.E0,-1.5E-1,3.05E0));
#1906=DIRECTION('',(0.E0,-1.218693434051E-1,9.925461516413E-1));
#1907=DIRECTION('',(-1.E0,0.E0,0.E0));
#1908=AXIS2_PLACEMENT_3D('',#1905,#1906,#1907);
#1909=PLANE('',#1908);
#1911=ORIENTED_EDGE('',*,*,#1910,.F.);
#1912=ORIENTED_EDGE('',*,*,#1894,.F.);
#1914=ORIENTED_EDGE('',*,*,#1913,.T.);
#1916=ORIENTED_EDGE('',*,*,#1915,.T.);
#1918=ORIENTED_EDGE('',*,*,#1917,.F.);
#1920=ORIENTED_EDGE('',*,*,#1919,.F.);
#1921=EDGE_LOOP('',(#1911,#1912,#1914,#1916,#1918,#1920));
#1922=FACE_OUTER_BOUND('',#1921,.F.);
#1924=CARTESIAN_POINT('',(6.9E0,0.E0,3.05E0));
#1925=DIRECTION('',(0.E0,0.E0,1.E0));
#1926=DIRECTION('',(-1.E0,0.E0,0.E0));
#1927=AXIS2_PLACEMENT_3D('',#1924,#1925,#1926);
#1928=PLANE('',#1927);
#1929=ORIENTED_EDGE('',*,*,#1910,.T.);
#1931=ORIENTED_EDGE('',*,*,#1930,.F.);
#1932=ORIENTED_EDGE('',*,*,#1877,.T.);
#1933=ORIENTED_EDGE('',*,*,#1896,.T.);
#1934=EDGE_LOOP('',(#1929,#1931,#1932,#1933));
#1935=FACE_OUTER_BOUND('',#1934,.F.);
#1937=CARTESIAN_POINT('',(-6.9E0,0.E0,2.95E0));
#1938=DIRECTION('',(0.E0,-1.E0,0.E0));
#1939=DIRECTION('',(1.E0,0.E0,0.E0));
#1940=AXIS2_PLACEMENT_3D('',#1937,#1938,#1939);
#1941=CYLINDRICAL_SURFACE('',#1940,1.E-1);
#1942=ORIENTED_EDGE('',*,*,#1919,.T.);
#1943=ORIENTED_EDGE('',*,*,#1696,.T.);
#1944=ORIENTED_EDGE('',*,*,#1729,.T.);
#1945=ORIENTED_EDGE('',*,*,#1750,.F.);
#1946=ORIENTED_EDGE('',*,*,#1766,.F.);
#1947=ORIENTED_EDGE('',*,*,#1486,.F.);
#1948=ORIENTED_EDGE('',*,*,#1879,.F.);
#1949=ORIENTED_EDGE('',*,*,#1930,.T.);
#1950=EDGE_LOOP('',(#1942,#1943,#1944,#1945,#1946,#1947,#1948,#1949));
#1951=FACE_OUTER_BOUND('',#1950,.F.);
#1953=CARTESIAN_POINT('',(6.900745384836E0,-1.378130656595E-1,
2.950745384836E0));
#1954=DIRECTION('',(1.209742911514E-1,9.852565360153E-1,1.209742911514E-1));
#1955=DIRECTION('',(0.E0,-1.218693434051E-1,9.925461516413E-1));
#1956=AXIS2_PLACEMENT_3D('',#1953,#1954,#1955);
#1957=CYLINDRICAL_SURFACE('',#1956,1.E-1);
#1958=ORIENTED_EDGE('',*,*,#1913,.F.);
#1959=ORIENTED_EDGE('',*,*,#1686,.T.);
#1960=ORIENTED_EDGE('',*,*,#1636,.T.);
#1962=ORIENTED_EDGE('',*,*,#1961,.F.);
#1963=EDGE_LOOP('',(#1958,#1959,#1960,#1962));
#1964=FACE_OUTER_BOUND('',#1963,.F.);
#1966=CARTESIAN_POINT('',(6.865483263206E0,-4.25E-1,2.915483263206E0));
#1967=DIRECTION('',(-7.489557207890E-1,-6.626200482157E-1,0.E0));
#1968=DIRECTION('',(6.626200482157E-1,-7.489557207890E-1,0.E0));
#1969=AXIS2_PLACEMENT_3D('',#1966,#1967,#1968);
#1970=SPHERICAL_SURFACE('',#1969,1.E-1);
#1972=ORIENTED_EDGE('',*,*,#1971,.T.);
#1973=ORIENTED_EDGE('',*,*,#1961,.T.);
#1975=ORIENTED_EDGE('',*,*,#1974,.T.);
#1976=EDGE_LOOP('',(#1972,#1973,#1975));
#1977=FACE_OUTER_BOUND('',#1976,.F.);
#1979=CARTESIAN_POINT('',(6.953955789661E0,-4.25E-1,2.915483263206E0));
#1980=DIRECTION('',(-1.E0,0.E0,0.E0));
#1981=DIRECTION('',(0.E0,-1.E0,0.E0));
#1982=AXIS2_PLACEMENT_3D('',#1979,#1980,#1981);
#1983=CYLINDRICAL_SURFACE('',#1982,1.E-1);
#1985=ORIENTED_EDGE('',*,*,#1984,.T.);
#1987=ORIENTED_EDGE('',*,*,#1986,.F.);
#1988=ORIENTED_EDGE('',*,*,#1915,.F.);
#1989=ORIENTED_EDGE('',*,*,#1971,.F.);
#1990=EDGE_LOOP('',(#1985,#1987,#1988,#1989));
#1991=FACE_OUTER_BOUND('',#1990,.F.);
#1993=CARTESIAN_POINT('',(-7.E0,-5.25E-1,-3.05E0));
#1994=DIRECTION('',(0.E0,-1.E0,0.E0));
#1995=DIRECTION('',(1.E0,0.E0,0.E0));
#1996=AXIS2_PLACEMENT_3D('',#1993,#1994,#1995);
#1997=PLANE('',#1996);
#1999=ORIENTED_EDGE('',*,*,#1998,.F.);
#2001=ORIENTED_EDGE('',*,*,#2000,.F.);
#2002=ORIENTED_EDGE('',*,*,#1984,.F.);
#2004=ORIENTED_EDGE('',*,*,#2003,.F.);
#2005=EDGE_LOOP('',(#1999,#2001,#2002,#2004));
#2006=FACE_OUTER_BOUND('',#2005,.F.);
#2008=ORIENTED_EDGE('',*,*,#2007,.F.);
#2010=ORIENTED_EDGE('',*,*,#2009,.F.);
#2012=ORIENTED_EDGE('',*,*,#2011,.F.);
#2014=ORIENTED_EDGE('',*,*,#2013,.F.);
#2016=ORIENTED_EDGE('',*,*,#2015,.F.);
#2018=ORIENTED_EDGE('',*,*,#2017,.F.);
#2020=ORIENTED_EDGE('',*,*,#2019,.F.);
#2022=ORIENTED_EDGE('',*,*,#2021,.F.);
#2024=ORIENTED_EDGE('',*,*,#2023,.F.);
#2026=ORIENTED_EDGE('',*,*,#2025,.T.);
#2028=ORIENTED_EDGE('',*,*,#2027,.T.);
#2030=ORIENTED_EDGE('',*,*,#2029,.T.);
#2031=EDGE_LOOP('',(#2008,#2010,#2012,#2014,#2016,#2018,#2020,#2022,#2024,#2026,
#2028,#2030));
#2032=FACE_BOUND('',#2031,.F.);
#2034=CARTESIAN_POINT('',(-6.964737878370E0,-4.25E-1,-2.915483263206E0));
#2035=DIRECTION('',(1.E0,0.E0,0.E0));
#2036=DIRECTION('',(0.E0,-1.E0,0.E0));
#2037=AXIS2_PLACEMENT_3D('',#2034,#2035,#2036);
#2038=CYLINDRICAL_SURFACE('',#2037,1.E-1);
#2039=ORIENTED_EDGE('',*,*,#1998,.T.);
#2041=ORIENTED_EDGE('',*,*,#2040,.F.);
#2042=ORIENTED_EDGE('',*,*,#1539,.F.);
#2044=ORIENTED_EDGE('',*,*,#2043,.F.);
#2045=EDGE_LOOP('',(#2039,#2041,#2042,#2044));
#2046=FACE_OUTER_BOUND('',#2045,.F.);
#2048=CARTESIAN_POINT('',(6.865483263206E0,-4.25E-1,-2.915483263206E0));
#2049=DIRECTION('',(-7.071067811865E-1,0.E0,-7.071067811866E-1));
#2050=DIRECTION('',(6.966815778248E-1,-1.710834832447E-1,-6.966815778248E-1));
#2051=AXIS2_PLACEMENT_3D('',#2048,#2049,#2050);
#2052=SPHERICAL_SURFACE('',#2051,1.E-1);
#2053=ORIENTED_EDGE('',*,*,#2040,.T.);
#2055=ORIENTED_EDGE('',*,*,#2054,.T.);
#2056=ORIENTED_EDGE('',*,*,#1652,.T.);
#2057=EDGE_LOOP('',(#2053,#2055,#2056));
#2058=FACE_OUTER_BOUND('',#2057,.F.);
#2060=CARTESIAN_POINT('',(6.865483263206E0,-4.25E-1,-3.014737878370E0));
#2061=DIRECTION('',(0.E0,0.E0,1.E0));
#2062=DIRECTION('',(0.E0,-1.E0,0.E0));
#2063=AXIS2_PLACEMENT_3D('',#2060,#2061,#2062);
#2064=CYLINDRICAL_SURFACE('',#2063,1.E-1);
#2065=ORIENTED_EDGE('',*,*,#2003,.T.);
#2066=ORIENTED_EDGE('',*,*,#1974,.F.);
#2067=ORIENTED_EDGE('',*,*,#1634,.F.);
#2068=ORIENTED_EDGE('',*,*,#2054,.F.);
#2069=EDGE_LOOP('',(#2065,#2066,#2067,#2068));
#2070=FACE_OUTER_BOUND('',#2069,.F.);
#2072=CARTESIAN_POINT('',(-6.865483263206E0,-4.25E-1,-2.915483263206E0));
#2073=DIRECTION('',(-7.071067811865E-1,0.E0,7.071067811865E-1));
#2074=DIRECTION('',(-6.966815778248E-1,-1.710834832447E-1,-6.966815778248E-1));
#2075=AXIS2_PLACEMENT_3D('',#2072,#2073,#2074);
#2076=SPHERICAL_SURFACE('',#2075,1.E-1);
#2078=ORIENTED_EDGE('',*,*,#2077,.T.);
#2079=ORIENTED_EDGE('',*,*,#2043,.T.);
#2081=ORIENTED_EDGE('',*,*,#2080,.T.);
#2082=EDGE_LOOP('',(#2078,#2079,#2081));
#2083=FACE_OUTER_BOUND('',#2082,.F.);
#2085=CARTESIAN_POINT('',(-6.865483263206E0,-4.25E-1,2.915483263206E0));
#2086=DIRECTION('',(0.E0,0.E0,-1.E0));
#2087=DIRECTION('',(0.E0,-1.E0,0.E0));
#2088=AXIS2_PLACEMENT_3D('',#2085,#2086,#2087);
#2089=CYLINDRICAL_SURFACE('',#2088,1.E-1);
#2090=ORIENTED_EDGE('',*,*,#2000,.T.);
#2091=ORIENTED_EDGE('',*,*,#2077,.F.);
#2092=ORIENTED_EDGE('',*,*,#1733,.F.);
#2094=ORIENTED_EDGE('',*,*,#2093,.F.);
#2095=EDGE_LOOP('',(#2090,#2091,#2092,#2094));
#2096=FACE_OUTER_BOUND('',#2095,.F.);
#2098=CARTESIAN_POINT('',(-6.865483263206E0,-4.25E-1,2.915483263206E0));
#2099=DIRECTION('',(-7.489557207890E-1,6.626200482157E-1,0.E0));
#2100=DIRECTION('',(-6.626200482157E-1,-7.489557207890E-1,0.E0));
#2101=AXIS2_PLACEMENT_3D('',#2098,#2099,#2100);
#2102=SPHERICAL_SURFACE('',#2101,1.E-1);
#2104=ORIENTED_EDGE('',*,*,#2103,.T.);
#2105=ORIENTED_EDGE('',*,*,#1986,.T.);
#2106=ORIENTED_EDGE('',*,*,#2093,.T.);
#2107=EDGE_LOOP('',(#2104,#2105,#2106));
#2108=FACE_OUTER_BOUND('',#2107,.F.);
#2110=CARTESIAN_POINT('',(-6.900745384836E0,-1.378130656595E-1,
2.950745384836E0));
#2111=DIRECTION('',(-1.209742911514E-1,9.852565360153E-1,1.209742911514E-1));
#2112=DIRECTION('',(-9.925461516413E-1,-1.218693434051E-1,0.E0));
#2113=AXIS2_PLACEMENT_3D('',#2110,#2111,#2112);
#2114=CYLINDRICAL_SURFACE('',#2113,1.E-1);
#2115=ORIENTED_EDGE('',*,*,#1731,.F.);
#2116=ORIENTED_EDGE('',*,*,#1698,.T.);
#2117=ORIENTED_EDGE('',*,*,#1917,.T.);
#2118=ORIENTED_EDGE('',*,*,#2103,.F.);
#2119=EDGE_LOOP('',(#2115,#2116,#2117,#2118));
#2120=FACE_OUTER_BOUND('',#2119,.F.);
#2122=CARTESIAN_POINT('',(-6.900745384836E0,-1.378130656595E-1,
-2.950745384836E0));
#2123=DIRECTION('',(-1.209742911514E-1,9.852565360153E-1,-1.209742911514E-1));
#2124=DIRECTION('',(0.E0,-1.218693434051E-1,-9.925461516413E-1));
#2125=AXIS2_PLACEMENT_3D('',#2122,#2123,#2124);
#2126=CYLINDRICAL_SURFACE('',#2125,1.E-1);
#2127=ORIENTED_EDGE('',*,*,#1537,.F.);
#2128=ORIENTED_EDGE('',*,*,#1664,.T.);
#2129=ORIENTED_EDGE('',*,*,#1735,.T.);
#2130=ORIENTED_EDGE('',*,*,#2080,.F.);
#2131=EDGE_LOOP('',(#2127,#2128,#2129,#2130));
#2132=FACE_OUTER_BOUND('',#2131,.F.);
#2134=CARTESIAN_POINT('',(-3.505E0,-5.25E-1,-2.07E0));
#2135=DIRECTION('',(-1.E0,0.E0,0.E0));
#2136=DIRECTION('',(0.E0,0.E0,1.E0));
#2137=AXIS2_PLACEMENT_3D('',#2134,#2135,#2136);
#2138=PLANE('',#2137);
#2140=ORIENTED_EDGE('',*,*,#2139,.F.);
#2141=ORIENTED_EDGE('',*,*,#2007,.T.);
#2143=ORIENTED_EDGE('',*,*,#2142,.T.);
#2145=ORIENTED_EDGE('',*,*,#2144,.F.);
#2146=EDGE_LOOP('',(#2140,#2141,#2143,#2145));
#2147=FACE_OUTER_BOUND('',#2146,.F.);
#2149=CARTESIAN_POINT('',(-3.505E0,-5.25E-1,-2.07E0));
#2150=DIRECTION('',(-1.E0,0.E0,0.E0));
#2151=DIRECTION('',(0.E0,0.E0,1.E0));
#2152=AXIS2_PLACEMENT_3D('',#2149,#2150,#2151);
#2153=PLANE('',#2152);
#2155=ORIENTED_EDGE('',*,*,#2154,.T.);
#2157=ORIENTED_EDGE('',*,*,#2156,.F.);
#2159=ORIENTED_EDGE('',*,*,#2158,.F.);
#2160=ORIENTED_EDGE('',*,*,#2023,.T.);
#2161=EDGE_LOOP('',(#2155,#2157,#2159,#2160));
#2162=FACE_OUTER_BOUND('',#2161,.F.);
#2164=CARTESIAN_POINT('',(3.505E0,-5.25E-1,-2.07E0));
#2165=DIRECTION('',(0.E0,0.E0,-1.E0));
#2166=DIRECTION('',(-1.E0,0.E0,0.E0));
#2167=AXIS2_PLACEMENT_3D('',#2164,#2165,#2166);
#2168=PLANE('',#2167);
#2169=ORIENTED_EDGE('',*,*,#2139,.T.);
#2171=ORIENTED_EDGE('',*,*,#2170,.F.);
#2173=ORIENTED_EDGE('',*,*,#2172,.F.);
#2174=ORIENTED_EDGE('',*,*,#2009,.T.);
#2175=EDGE_LOOP('',(#2169,#2171,#2173,#2174));
#2176=FACE_OUTER_BOUND('',#2175,.F.);
#2178=CARTESIAN_POINT('',(0.E0,-3.75E-1,0.E0));
#2179=DIRECTION('',(0.E0,1.E0,0.E0));
#2180=DIRECTION('',(1.E0,0.E0,0.E0));
#2181=AXIS2_PLACEMENT_3D('',#2178,#2179,#2180);
#2182=PLANE('',#2181);
#2183=ORIENTED_EDGE('',*,*,#2156,.T.);
#2185=ORIENTED_EDGE('',*,*,#2184,.T.);
#2187=ORIENTED_EDGE('',*,*,#2186,.T.);
#2189=ORIENTED_EDGE('',*,*,#2188,.T.);
#2191=ORIENTED_EDGE('',*,*,#2190,.T.);
#2193=ORIENTED_EDGE('',*,*,#2192,.T.);
#2195=ORIENTED_EDGE('',*,*,#2194,.T.);
#2196=ORIENTED_EDGE('',*,*,#2170,.T.);
#2197=ORIENTED_EDGE('',*,*,#2144,.T.);
#2199=ORIENTED_EDGE('',*,*,#2198,.F.);
#2201=ORIENTED_EDGE('',*,*,#2200,.F.);
#2203=ORIENTED_EDGE('',*,*,#2202,.F.);
#2204=EDGE_LOOP('',(#2183,#2185,#2187,#2189,#2191,#2193,#2195,#2196,#2197,#2199,
#2201,#2203));
#2205=FACE_OUTER_BOUND('',#2204,.F.);
#2207=CARTESIAN_POINT('',(-3.505E0,-5.25E-1,2.07E0));
#2208=DIRECTION('',(0.E0,0.E0,1.E0));
#2209=DIRECTION('',(1.E0,0.E0,0.E0));
#2210=AXIS2_PLACEMENT_3D('',#2207,#2208,#2209);
#2211=PLANE('',#2210);
#2212=ORIENTED_EDGE('',*,*,#2154,.F.);
#2213=ORIENTED_EDGE('',*,*,#2021,.T.);
#2215=ORIENTED_EDGE('',*,*,#2214,.T.);
#2216=ORIENTED_EDGE('',*,*,#2184,.F.);
#2217=EDGE_LOOP('',(#2212,#2213,#2215,#2216));
#2218=FACE_OUTER_BOUND('',#2217,.F.);
#2220=CARTESIAN_POINT('',(3.505E0,-5.25E-1,2.07E0));
#2221=DIRECTION('',(1.E0,0.E0,0.E0));
#2222=DIRECTION('',(0.E0,0.E0,-1.E0));
#2223=AXIS2_PLACEMENT_3D('',#2220,#2221,#2222);
#2224=PLANE('',#2223);
#2225=ORIENTED_EDGE('',*,*,#2214,.F.);
#2226=ORIENTED_EDGE('',*,*,#2019,.T.);
#2228=ORIENTED_EDGE('',*,*,#2227,.T.);
#2229=ORIENTED_EDGE('',*,*,#2186,.F.);
#2230=EDGE_LOOP('',(#2225,#2226,#2228,#2229));
#2231=FACE_OUTER_BOUND('',#2230,.F.);
#2233=CARTESIAN_POINT('',(3.505E0,-5.25E-1,2.07E0));
#2234=DIRECTION('',(1.E0,0.E0,0.E0));
#2235=DIRECTION('',(0.E0,0.E0,-1.E0));
#2236=AXIS2_PLACEMENT_3D('',#2233,#2234,#2235);
#2237=PLANE('',#2236);
#2238=ORIENTED_EDGE('',*,*,#2172,.T.);
#2239=ORIENTED_EDGE('',*,*,#2194,.F.);
#2241=ORIENTED_EDGE('',*,*,#2240,.F.);
#2242=ORIENTED_EDGE('',*,*,#2011,.T.);
#2243=EDGE_LOOP('',(#2238,#2239,#2241,#2242));
#2244=FACE_OUTER_BOUND('',#2243,.F.);
#2246=CARTESIAN_POINT('',(3.505E0,-5.25E-1,3.E-1));
#2247=DIRECTION('',(0.E0,0.E0,1.E0));
#2248=DIRECTION('',(1.E0,0.E0,0.E0));
#2249=AXIS2_PLACEMENT_3D('',#2246,#2247,#2248);
#2250=PLANE('',#2249);
#2251=ORIENTED_EDGE('',*,*,#2017,.T.);
#2253=ORIENTED_EDGE('',*,*,#2252,.T.);
#2254=ORIENTED_EDGE('',*,*,#2188,.F.);
#2255=ORIENTED_EDGE('',*,*,#2227,.F.);
#2256=EDGE_LOOP('',(#2251,#2253,#2254,#2255));
#2257=FACE_OUTER_BOUND('',#2256,.F.);
#2259=CARTESIAN_POINT('',(3.635E0,-5.25E-1,3.E-1));
#2260=DIRECTION('',(1.E0,0.E0,0.E0));
#2261=DIRECTION('',(0.E0,0.E0,-1.E0));
#2262=AXIS2_PLACEMENT_3D('',#2259,#2260,#2261);
#2263=PLANE('',#2262);
#2264=ORIENTED_EDGE('',*,*,#2015,.T.);
#2266=ORIENTED_EDGE('',*,*,#2265,.T.);
#2267=ORIENTED_EDGE('',*,*,#2190,.F.);
#2268=ORIENTED_EDGE('',*,*,#2252,.F.);
#2269=EDGE_LOOP('',(#2264,#2266,#2267,#2268));
#2270=FACE_OUTER_BOUND('',#2269,.F.);
#2272=CARTESIAN_POINT('',(3.635E0,-5.25E-1,-3.E-1));
#2273=DIRECTION('',(0.E0,0.E0,-1.E0));
#2274=DIRECTION('',(-1.E0,0.E0,0.E0));
#2275=AXIS2_PLACEMENT_3D('',#2272,#2273,#2274);
#2276=PLANE('',#2275);
#2277=ORIENTED_EDGE('',*,*,#2013,.T.);
#2278=ORIENTED_EDGE('',*,*,#2240,.T.);
#2279=ORIENTED_EDGE('',*,*,#2192,.F.);
#2280=ORIENTED_EDGE('',*,*,#2265,.F.);
#2281=EDGE_LOOP('',(#2277,#2278,#2279,#2280));
#2282=FACE_OUTER_BOUND('',#2281,.F.);
#2284=CARTESIAN_POINT('',(-3.635E0,-5.25E-1,-3.E-1));
#2285=DIRECTION('',(0.E0,0.E0,1.E0));
#2286=DIRECTION('',(1.E0,0.E0,0.E0));
#2287=AXIS2_PLACEMENT_3D('',#2284,#2285,#2286);
#2288=PLANE('',#2287);
#2289=ORIENTED_EDGE('',*,*,#2029,.F.);
#2291=ORIENTED_EDGE('',*,*,#2290,.T.);
#2292=ORIENTED_EDGE('',*,*,#2198,.T.);
#2293=ORIENTED_EDGE('',*,*,#2142,.F.);
#2294=EDGE_LOOP('',(#2289,#2291,#2292,#2293));
#2295=FACE_OUTER_BOUND('',#2294,.F.);
#2297=CARTESIAN_POINT('',(-3.635E0,-5.25E-1,3.E-1));
#2298=DIRECTION('',(1.E0,0.E0,0.E0));
#2299=DIRECTION('',(0.E0,0.E0,-1.E0));
#2300=AXIS2_PLACEMENT_3D('',#2297,#2298,#2299);
#2301=PLANE('',#2300);
#2302=ORIENTED_EDGE('',*,*,#2027,.F.);
#2304=ORIENTED_EDGE('',*,*,#2303,.T.);
#2305=ORIENTED_EDGE('',*,*,#2200,.T.);
#2306=ORIENTED_EDGE('',*,*,#2290,.F.);
#2307=EDGE_LOOP('',(#2302,#2304,#2305,#2306));
#2308=FACE_OUTER_BOUND('',#2307,.F.);
#2310=CARTESIAN_POINT('',(-3.505E0,-5.25E-1,3.E-1));
#2311=DIRECTION('',(0.E0,0.E0,-1.E0));
#2312=DIRECTION('',(-1.E0,0.E0,0.E0));
#2313=AXIS2_PLACEMENT_3D('',#2310,#2311,#2312);
#2314=PLANE('',#2313);
#2315=ORIENTED_EDGE('',*,*,#2025,.F.);
#2316=ORIENTED_EDGE('',*,*,#2158,.T.);
#2317=ORIENTED_EDGE('',*,*,#2202,.T.);
#2318=ORIENTED_EDGE('',*,*,#2303,.F.);
#2319=EDGE_LOOP('',(#2315,#2316,#2317,#2318));
#2320=FACE_OUTER_BOUND('',#2319,.F.);
#2322=CARTESIAN_POINT('',(-6.900745384836E0,-1.218693434051E-2,
2.950745384836E0));
#2323=DIRECTION('',(-1.209742911514E-1,-9.852565360153E-1,1.209742911514E-1));
#2324=DIRECTION('',(0.E0,1.218693434051E-1,9.925461516413E-1));
#2325=AXIS2_PLACEMENT_3D('',#2322,#2323,#2324);
#2326=CYLINDRICAL_SURFACE('',#2325,1.E-1);
#2327=ORIENTED_EDGE('',*,*,#1881,.F.);
#2328=ORIENTED_EDGE('',*,*,#1488,.T.);
#2329=ORIENTED_EDGE('',*,*,#1764,.T.);
#2331=ORIENTED_EDGE('',*,*,#2330,.F.);
#2332=EDGE_LOOP('',(#2327,#2328,#2329,#2331));
#2333=FACE_OUTER_BOUND('',#2332,.F.);
#2335=CARTESIAN_POINT('',(-6.865483263206E0,2.75E-1,2.915483263206E0));
#2336=DIRECTION('',(7.489557207890E-1,6.626200482157E-1,0.E0));
#2337=DIRECTION('',(-6.626200482157E-1,7.489557207890E-1,0.E0));
#2338=AXIS2_PLACEMENT_3D('',#2335,#2336,#2337);
#2339=SPHERICAL_SURFACE('',#2338,1.E-1);
#2340=ORIENTED_EDGE('',*,*,#1838,.T.);
#2341=ORIENTED_EDGE('',*,*,#2330,.T.);
#2343=ORIENTED_EDGE('',*,*,#2342,.T.);
#2344=EDGE_LOOP('',(#2340,#2341,#2343));
#2345=FACE_OUTER_BOUND('',#2344,.F.);
#2347=CARTESIAN_POINT('',(-6.865483263206E0,2.75E-1,-2.915483263206E0));
#2348=DIRECTION('',(0.E0,0.E0,1.E0));
#2349=DIRECTION('',(0.E0,1.E0,0.E0));
#2350=AXIS2_PLACEMENT_3D('',#2347,#2348,#2349);
#2351=CYLINDRICAL_SURFACE('',#2350,1.E-1);
#2352=ORIENTED_EDGE('',*,*,#1820,.T.);
#2353=ORIENTED_EDGE('',*,*,#2342,.F.);
#2354=ORIENTED_EDGE('',*,*,#1762,.F.);
#2355=ORIENTED_EDGE('',*,*,#1794,.F.);
#2356=EDGE_LOOP('',(#2352,#2353,#2354,#2355));
#2357=FACE_OUTER_BOUND('',#2356,.F.);
#2359=CARTESIAN_POINT('',(6.865483263206E0,2.75E-1,2.915483263206E0));
#2360=DIRECTION('',(0.E0,0.E0,-1.E0));
#2361=DIRECTION('',(0.E0,1.E0,0.E0));
#2362=AXIS2_PLACEMENT_3D('',#2359,#2360,#2361);
#2363=CYLINDRICAL_SURFACE('',#2362,1.E-1);
#2364=ORIENTED_EDGE('',*,*,#1823,.T.);
#2366=ORIENTED_EDGE('',*,*,#2365,.F.);
#2367=ORIENTED_EDGE('',*,*,#1606,.F.);
#2368=ORIENTED_EDGE('',*,*,#1851,.F.);
#2369=EDGE_LOOP('',(#2364,#2366,#2367,#2368));
#2370=FACE_OUTER_BOUND('',#2369,.F.);
#2372=CARTESIAN_POINT('',(6.865483263206E0,2.75E-1,-2.915483263206E0));
#2373=DIRECTION('',(0.E0,-6.626200482157E-1,-7.489557207890E-1));
#2374=DIRECTION('',(0.E0,7.489557207890E-1,-6.626200482157E-1));
#2375=AXIS2_PLACEMENT_3D('',#2372,#2373,#2374);
#2376=SPHERICAL_SURFACE('',#2375,1.E-1);
#2377=ORIENTED_EDGE('',*,*,#1588,.T.);
#2378=ORIENTED_EDGE('',*,*,#2365,.T.);
#2379=ORIENTED_EDGE('',*,*,#1808,.T.);
#2380=EDGE_LOOP('',(#2377,#2378,#2379));
#2381=FACE_OUTER_BOUND('',#2380,.F.);
#2383=CLOSED_SHELL('',(#1468,#1480,#1492,#1504,#1527,#1546,#1560,#1578,#1592,
#1610,#1624,#1642,#1656,#1668,#1678,#1690,#1702,#1721,#1740,#1754,#1772,#1785,
#1798,#1812,#1827,#1842,#1855,#1868,#1886,#1904,#1923,#1936,#1952,#1965,#1978,
#1992,#2033,#2047,#2059,#2071,#2084,#2097,#2109,#2121,#2133,#2148,#2163,#2177,
#2206,#2219,#2232,#2245,#2258,#2271,#2283,#2296,#2309,#2321,#2334,#2346,#2358,
#2371,#2382));
#2384=MANIFOLD_SOLID_BREP('',#2383);
#2385=FILL_AREA_STYLE_COLOUR('',#6);
#2386=FILL_AREA_STYLE('',(#2385));
#2387=SURFACE_STYLE_FILL_AREA(#2386);
#2388=SURFACE_SIDE_STYLE('',(#2387));
#2389=SURFACE_STYLE_USAGE(.BOTH.,#2388);
#2390=PRESENTATION_STYLE_ASSIGNMENT((#2389));
#27=STYLED_ITEM('',(#2390),#2384);
#2393=PLANE_ANGLE_MEASURE_WITH_UNIT(PLANE_ANGLE_MEASURE(1.745329251994E-2),
#2392);
#2394=(CONVERSION_BASED_UNIT('DEGREE',#2393)NAMED_UNIT(*)PLANE_ANGLE_UNIT());
#2396=UNCERTAINTY_MEASURE_WITH_UNIT(LENGTH_MEASURE(1.274890873001E-4),#2391,
'distance_accuracy_value',
'Maximum model space distance between geometric entities at asserted connectivities');
#2398=CARTESIAN_POINT('',(0.E0,0.E0,0.E0));
#2399=DIRECTION('',(0.E0,0.E0,1.E0));
#2400=DIRECTION('',(1.E0,0.E0,0.E0));
#2403=APPLICATION_CONTEXT('automotive_design');
#2404=APPLICATION_PROTOCOL_DEFINITION('international standard',
'automotive_design',2001,#2403);
#2405=PRODUCT_DEFINITION_CONTEXT('part definition',#2403,'design');
#2406=PRODUCT_CONTEXT('',#2403,'mechanical');
#2407=PRODUCT('BODY-SO','BODY-SO','NOT SPECIFIED',(#2406));
#2408=PRODUCT_DEFINITION_FORMATION('156','LAST_VERSION',#2407);
#2416=DERIVED_UNIT_ELEMENT(#2415,2.E0);
#2417=DERIVED_UNIT((#2416));
#2418=MEASURE_REPRESENTATION_ITEM('surface area measure',AREA_MEASURE(
2.040876441202E2),#2417);
#2423=DERIVED_UNIT_ELEMENT(#2422,3.E0);
#2424=DERIVED_UNIT((#2423));
#2425=MEASURE_REPRESENTATION_ITEM('volume measure',VOLUME_MEASURE(
7.165698295817E1),#2424);
#2429=CARTESIAN_POINT('centre point',(1.135621668262E-8,-5.209603745290E-2,
2.984340428390E-9));
#2434=DERIVED_UNIT_ELEMENT(#2433,2.E0);
#2435=DERIVED_UNIT((#2434));
#2436=MEASURE_REPRESENTATION_ITEM('surface area measure',AREA_MEASURE(
2.040876441202E2),#2435);
#2441=DERIVED_UNIT_ELEMENT(#2440,3.E0);
#2442=DERIVED_UNIT((#2441));
#2443=MEASURE_REPRESENTATION_ITEM('volume measure',VOLUME_MEASURE(
7.165698295817E1),#2442);
#2447=CARTESIAN_POINT('centre point',(1.135621668262E-8,-5.209603745290E-2,
2.984340428390E-9));
#2457=CARTESIAN_POINT('centre point',(2.984340428390E-9,1.135621668262E-8,
5.729039625471E-1));
#2461=CARTESIAN_POINT('',(0.E0,0.E0,6.25E-1));
#2462=DIRECTION('',(1.E0,0.E0,0.E0));
#2463=DIRECTION('',(0.E0,1.E0,0.E0));
#2464=AXIS2_PLACEMENT_3D('',#2461,#2462,#2463);
#2465=ITEM_DEFINED_TRANSFORMATION('','',#2401,#2464);
#2466=(REPRESENTATION_RELATIONSHIP('','',#2402,#2454)REPRESENTATION_RELATIONSHIP_WITH_TRANSFORMATION(#2465)SHAPE_REPRESENTATION_RELATIONSHIP());
#2467=CONTEXT_DEPENDENT_SHAPE_REPRESENTATION(#2466,#2456);
#2469=CARTESIAN_POINT('',(-1.1E-1,6.5E-2,-1.739295116478E-1));
#2470=DIRECTION('',(-1.E0,0.E0,0.E0));
#2471=DIRECTION('',(0.E0,1.736481776669E-1,9.848077530122E-1));
#2472=AXIS2_PLACEMENT_3D('',#2469,#2470,#2471);
#2474=CURVE_STYLE('',#47,POSITIVE_LENGTH_MEASURE(2.E-2),#26);
#2475=PRESENTATION_STYLE_ASSIGNMENT((#2474));
#2476=STYLED_ITEM('',(#2475),#2473);
#2477=DIRECTION('',(0.E0,-6.975647374413E-2,9.975640502598E-1));
#2478=VECTOR('',#2477,3.474080939690E-1);
#2479=CARTESIAN_POINT('',(-1.1E-1,-7.613142887558E-2,2.889016457489E-1));
#2480=LINE('',#2479,#2478);
#2481=CURVE_STYLE('',#47,POSITIVE_LENGTH_MEASURE(2.E-2),#26);
#2482=PRESENTATION_STYLE_ASSIGNMENT((#2481));
#2483=STYLED_ITEM('',(#2482),#2480);
#2484=DIRECTION('',(0.E0,-9.975640502598E-1,-6.975647374413E-2));
#2485=VECTOR('',#2484,1.5E-1);
#2486=CARTESIAN_POINT('',(-1.1E-1,-1.003653924610E-1,6.354634710616E-1));
#2487=LINE('',#2486,#2485);
#2488=CURVE_STYLE('',#47,POSITIVE_LENGTH_MEASURE(2.E-2),#26);
#2489=PRESENTATION_STYLE_ASSIGNMENT((#2488));
#2490=STYLED_ITEM('',(#2489),#2487);
#2491=DIRECTION('',(0.E0,6.975647374413E-2,-9.975640502598E-1));
#2492=VECTOR('',#2491,3.474080939690E-1);
#2493=CARTESIAN_POINT('',(-1.1E-1,-2.5E-1,6.25E-1));
#2494=LINE('',#2493,#2492);
#2495=CURVE_STYLE('',#47,POSITIVE_LENGTH_MEASURE(2.E-2),#26);
#2496=PRESENTATION_STYLE_ASSIGNMENT((#2495));
#2497=STYLED_ITEM('',(#2496),#2494);
#2498=DIRECTION('',(0.E0,0.E0,-1.E0));
#2499=VECTOR('',#2498,2.010704883522E-1);
#2500=CARTESIAN_POINT('',(-1.1E-1,2.25E-1,-1.739295116478E-1));
#2501=LINE('',#2500,#2499);
#2502=CURVE_STYLE('',#47,POSITIVE_LENGTH_MEASURE(2.E-2),#26);
#2503=PRESENTATION_STYLE_ASSIGNMENT((#2502));
#2504=STYLED_ITEM('',(#2503),#2501);
#2505=DIRECTION('',(0.E0,1.E0,0.E0));
#2506=VECTOR('',#2505,1.5E-1);
#2507=CARTESIAN_POINT('',(-1.1E-1,2.25E-1,-3.75E-1));
#2508=LINE('',#2507,#2506);
#2509=CURVE_STYLE('',#47,POSITIVE_LENGTH_MEASURE(2.E-2),#26);
#2510=PRESENTATION_STYLE_ASSIGNMENT((#2509));
#2511=STYLED_ITEM('',(#2510),#2508);
#2512=DIRECTION('',(0.E0,0.E0,1.E0));
#2513=VECTOR('',#2512,2.010704883522E-1);
#2514=CARTESIAN_POINT('',(-1.1E-1,3.75E-1,-3.75E-1));
#2515=LINE('',#2514,#2513);
#2516=CURVE_STYLE('',#47,POSITIVE_LENGTH_MEASURE(2.E-2),#26);
#2517=PRESENTATION_STYLE_ASSIGNMENT((#2516));
#2518=STYLED_ITEM('',(#2517),#2515);
#2519=DIRECTION('',(-1.E0,0.E0,0.E0));
#2520=VECTOR('',#2519,2.2E-1);
#2521=CARTESIAN_POINT('',(1.1E-1,3.75E-1,-1.739295116478E-1));
#2522=LINE('',#2521,#2520);
#2523=CURVE_STYLE('',#47,POSITIVE_LENGTH_MEASURE(2.E-2),#26);
#2524=PRESENTATION_STYLE_ASSIGNMENT((#2523));
#2525=STYLED_ITEM('',(#2524),#2522);
#2526=DIRECTION('',(1.E0,0.E0,0.E0));
#2527=VECTOR('',#2526,2.2E-1);
#2528=CARTESIAN_POINT('',(-1.1E-1,3.75E-1,-3.75E-1));
#2529=LINE('',#2528,#2527);
#2530=CURVE_STYLE('',#47,POSITIVE_LENGTH_MEASURE(2.E-2),#26);
#2531=PRESENTATION_STYLE_ASSIGNMENT((#2530));
#2532=STYLED_ITEM('',(#2531),#2529);
#2533=DIRECTION('',(1.E0,0.E0,0.E0));
#2534=VECTOR('',#2533,2.2E-1);
#2535=CARTESIAN_POINT('',(-1.1E-1,2.25E-1,-3.75E-1));
#2536=LINE('',#2535,#2534);
#2537=CURVE_STYLE('',#47,POSITIVE_LENGTH_MEASURE(2.E-2),#26);
#2538=PRESENTATION_STYLE_ASSIGNMENT((#2537));
#2539=STYLED_ITEM('',(#2538),#2536);
#2540=DIRECTION('',(1.E0,0.E0,0.E0));
#2541=VECTOR('',#2540,2.2E-1);
#2542=CARTESIAN_POINT('',(-1.1E-1,2.25E-1,-1.739295116478E-1));
#2543=LINE('',#2542,#2541);
#2544=CURVE_STYLE('',#47,POSITIVE_LENGTH_MEASURE(2.E-2),#26);
#2545=PRESENTATION_STYLE_ASSIGNMENT((#2544));
#2546=STYLED_ITEM('',(#2545),#2543);
#2547=CARTESIAN_POINT('',(-1.1E-1,6.5E-2,-1.739295116478E-1));
#2548=DIRECTION('',(1.E0,0.E0,0.E0));
#2549=DIRECTION('',(0.E0,1.E0,0.E0));
#2550=AXIS2_PLACEMENT_3D('',#2547,#2548,#2549);
#2552=CURVE_STYLE('',#47,POSITIVE_LENGTH_MEASURE(2.E-2),#26);
#2553=PRESENTATION_STYLE_ASSIGNMENT((#2552));
#2554=STYLED_ITEM('',(#2553),#2551);
#2555=CARTESIAN_POINT('',(1.1E-1,6.5E-2,-1.739295116478E-1));
#2556=DIRECTION('',(-1.E0,0.E0,0.E0));
#2557=DIRECTION('',(0.E0,1.736481776669E-1,9.848077530122E-1));
#2558=AXIS2_PLACEMENT_3D('',#2555,#2556,#2557);
#2560=CURVE_STYLE('',#47,POSITIVE_LENGTH_MEASURE(2.E-2),#26);
#2561=PRESENTATION_STYLE_ASSIGNMENT((#2560));
#2562=STYLED_ITEM('',(#2561),#2559);
#2563=DIRECTION('',(1.E0,0.E0,0.E0));
#2564=VECTOR('',#2563,2.2E-1);
#2565=CARTESIAN_POINT('',(-1.1E-1,9.278370842671E-2,-1.636027116582E-2));
#2566=LINE('',#2565,#2564);
#2567=CURVE_STYLE('',#47,POSITIVE_LENGTH_MEASURE(2.E-2),#26);
#2568=PRESENTATION_STYLE_ASSIGNMENT((#2567));
#2569=STYLED_ITEM('',(#2568),#2566);
#2570=DIRECTION('',(0.E0,-9.848077530122E-1,1.736481776669E-1));
#2571=VECTOR('',#2570,6.410979619561E-2);
#2572=CARTESIAN_POINT('',(-1.1E-1,9.278370842671E-2,-1.636027116582E-2));
#2573=LINE('',#2572,#2571);
#2574=CURVE_STYLE('',#47,POSITIVE_LENGTH_MEASURE(2.E-2),#26);
#2575=PRESENTATION_STYLE_ASSIGNMENT((#2574));
#2576=STYLED_ITEM('',(#2575),#2573);
#2577=DIRECTION('',(0.E0,9.848077530122E-1,-1.736481776669E-1));
#2578=VECTOR('',#2577,6.410979619561E-2);
#2579=CARTESIAN_POINT('',(1.1E-1,2.964788408924E-2,-5.227721885850E-3));
#2580=LINE('',#2579,#2578);
#2581=CURVE_STYLE('',#47,POSITIVE_LENGTH_MEASURE(2.E-2),#26);
#2582=PRESENTATION_STYLE_ASSIGNMENT((#2581));
#2583=STYLED_ITEM('',(#2582),#2580);
#2584=DIRECTION('',(1.E0,0.E0,0.E0));
#2585=VECTOR('',#2584,2.2E-1);
#2586=CARTESIAN_POINT('',(-1.1E-1,2.964788408924E-2,-5.227721885850E-3));
#2587=LINE('',#2586,#2585);
#2588=CURVE_STYLE('',#47,POSITIVE_LENGTH_MEASURE(2.E-2),#26);
#2589=PRESENTATION_STYLE_ASSIGNMENT((#2588));
#2590=STYLED_ITEM('',(#2589),#2587);
#2591=CARTESIAN_POINT('',(-1.1E-1,8.347881916599E-2,3.000626815479E-1));
#2592=DIRECTION('',(-1.E0,0.E0,0.E0));
#2593=DIRECTION('',(0.E0,-1.736481776669E-1,-9.848077530122E-1));
#2594=AXIS2_PLACEMENT_3D('',#2591,#2592,#2593);
#2596=CURVE_STYLE('',#47,POSITIVE_LENGTH_MEASURE(2.E-2),#26);
#2597=PRESENTATION_STYLE_ASSIGNMENT((#2596));
#2598=STYLED_ITEM('',(#2597),#2595);
#2599=DIRECTION('',(1.E0,0.E0,0.E0));
#2600=VECTOR('',#2599,2.2E-1);
#2601=CARTESIAN_POINT('',(-1.1E-1,-2.257660364146E-1,2.784381746873E-1));
#2602=LINE('',#2601,#2600);
#2603=CURVE_STYLE('',#47,POSITIVE_LENGTH_MEASURE(2.E-2),#26);
#2604=PRESENTATION_STYLE_ASSIGNMENT((#2603));
#2605=STYLED_ITEM('',(#2604),#2602);
#2606=CARTESIAN_POINT('',(1.1E-1,8.347881916599E-2,3.000626815479E-1));
#2607=DIRECTION('',(-1.E0,0.E0,0.E0));
#2608=DIRECTION('',(0.E0,-1.736481776669E-1,-9.848077530122E-1));
#2609=AXIS2_PLACEMENT_3D('',#2606,#2607,#2608);
#2611=CURVE_STYLE('',#47,POSITIVE_LENGTH_MEASURE(2.E-2),#26);
#2612=PRESENTATION_STYLE_ASSIGNMENT((#2611));
#2613=STYLED_ITEM('',(#2612),#2610);
#2614=DIRECTION('',(1.E0,0.E0,0.E0));
#2615=VECTOR('',#2614,2.2E-1);
#2616=CARTESIAN_POINT('',(-1.1E-1,-2.5E-1,6.25E-1));
#2617=LINE('',#2616,#2615);
#2618=CURVE_STYLE('',#47,POSITIVE_LENGTH_MEASURE(2.E-2),#26);
#2619=PRESENTATION_STYLE_ASSIGNMENT((#2618));
#2620=STYLED_ITEM('',(#2619),#2617);
#2621=DIRECTION('',(1.E0,0.E0,0.E0));
#2622=VECTOR('',#2621,2.2E-1);
#2623=CARTESIAN_POINT('',(-1.1E-1,-1.003653924610E-1,6.354634710616E-1));
#2624=LINE('',#2623,#2622);
#2625=CURVE_STYLE('',#47,POSITIVE_LENGTH_MEASURE(2.E-2),#26);
#2626=PRESENTATION_STYLE_ASSIGNMENT((#2625));
#2627=STYLED_ITEM('',(#2626),#2624);
#2628=DIRECTION('',(1.E0,0.E0,0.E0));
#2629=VECTOR('',#2628,2.2E-1);
#2630=CARTESIAN_POINT('',(-1.1E-1,-7.613142887558E-2,2.889016457489E-1));
#2631=LINE('',#2630,#2629);
#2632=CURVE_STYLE('',#47,POSITIVE_LENGTH_MEASURE(2.E-2),#26);
#2633=PRESENTATION_STYLE_ASSIGNMENT((#2632));
#2634=STYLED_ITEM('',(#2633),#2631);
#2635=CARTESIAN_POINT('',(-1.1E-1,8.347881916599E-2,3.000626815479E-1));
#2636=DIRECTION('',(1.E0,0.E0,0.E0));
#2637=DIRECTION('',(0.E0,-9.975640502598E-1,-6.975647374413E-2));
#2638=AXIS2_PLACEMENT_3D('',#2635,#2636,#2637);
#2640=CURVE_STYLE('',#47,POSITIVE_LENGTH_MEASURE(2.E-2),#26);
#2641=PRESENTATION_STYLE_ASSIGNMENT((#2640));
#2642=STYLED_ITEM('',(#2641),#2639);
#2643=DIRECTION('',(1.E0,0.E0,0.E0));
#2644=VECTOR('',#2643,2.2E-1);
#2645=CARTESIAN_POINT('',(-1.1E-1,5.569511073928E-2,1.424934410660E-1));
#2646=LINE('',#2645,#2644);
#2647=CURVE_STYLE('',#47,POSITIVE_LENGTH_MEASURE(2.E-2),#26);
#2648=PRESENTATION_STYLE_ASSIGNMENT((#2647));
#2649=STYLED_ITEM('',(#2648),#2646);
#2650=CARTESIAN_POINT('',(1.1E-1,8.347881916599E-2,3.000626815479E-1));
#2651=DIRECTION('',(1.E0,0.E0,0.E0));
#2652=DIRECTION('',(0.E0,-9.975640502598E-1,-6.975647374413E-2));
#2653=AXIS2_PLACEMENT_3D('',#2650,#2651,#2652);
#2655=CURVE_STYLE('',#47,POSITIVE_LENGTH_MEASURE(2.E-2),#26);
#2656=PRESENTATION_STYLE_ASSIGNMENT((#2655));
#2657=STYLED_ITEM('',(#2656),#2654);
#2658=DIRECTION('',(-1.E0,0.E0,0.E0));
#2659=VECTOR('',#2658,2.2E-1);
#2660=CARTESIAN_POINT('',(1.1E-1,1.188309350767E-1,1.313608917860E-1));
#2661=LINE('',#2660,#2659);
#2662=CURVE_STYLE('',#47,POSITIVE_LENGTH_MEASURE(2.E-2),#26);
#2663=PRESENTATION_STYLE_ASSIGNMENT((#2662));
#2664=STYLED_ITEM('',(#2663),#2661);
#2665=DIRECTION('',(0.E0,-9.848077530122E-1,1.736481776669E-1));
#2666=VECTOR('',#2665,6.410979619561E-2);
#2667=CARTESIAN_POINT('',(1.1E-1,1.188309350767E-1,1.313608917860E-1));
#2668=LINE('',#2667,#2666);
#2669=CURVE_STYLE('',#47,POSITIVE_LENGTH_MEASURE(2.E-2),#26);
#2670=PRESENTATION_STYLE_ASSIGNMENT((#2669));
#2671=STYLED_ITEM('',(#2670),#2668);
#2672=DIRECTION('',(0.E0,9.848077530122E-1,-1.736481776669E-1));
#2673=VECTOR('',#2672,6.410979619561E-2);
#2674=CARTESIAN_POINT('',(-1.1E-1,5.569511073928E-2,1.424934410660E-1));
#2675=LINE('',#2674,#2673);
#2676=CURVE_STYLE('',#47,POSITIVE_LENGTH_MEASURE(2.E-2),#26);
#2677=PRESENTATION_STYLE_ASSIGNMENT((#2676));
#2678=STYLED_ITEM('',(#2677),#2675);
#2679=CARTESIAN_POINT('',(1.1E-1,6.5E-2,-1.739295116478E-1));
#2680=DIRECTION('',(1.E0,0.E0,0.E0));
#2681=DIRECTION('',(0.E0,1.E0,0.E0));
#2682=AXIS2_PLACEMENT_3D('',#2679,#2680,#2681);
#2684=CURVE_STYLE('',#47,POSITIVE_LENGTH_MEASURE(2.E-2),#26);
#2685=PRESENTATION_STYLE_ASSIGNMENT((#2684));
#2686=STYLED_ITEM('',(#2685),#2683);
#2687=DIRECTION('',(0.E0,0.E0,1.E0));
#2688=VECTOR('',#2687,2.010704883522E-1);
#2689=CARTESIAN_POINT('',(1.1E-1,3.75E-1,-3.75E-1));
#2690=LINE('',#2689,#2688);
#2691=CURVE_STYLE('',#47,POSITIVE_LENGTH_MEASURE(2.E-2),#26);
#2692=PRESENTATION_STYLE_ASSIGNMENT((#2691));
#2693=STYLED_ITEM('',(#2692),#2690);
#2694=DIRECTION('',(0.E0,1.E0,0.E0));
#2695=VECTOR('',#2694,1.5E-1);
#2696=CARTESIAN_POINT('',(1.1E-1,2.25E-1,-3.75E-1));
#2697=LINE('',#2696,#2695);
#2698=CURVE_STYLE('',#47,POSITIVE_LENGTH_MEASURE(2.E-2),#26);
#2699=PRESENTATION_STYLE_ASSIGNMENT((#2698));
#2700=STYLED_ITEM('',(#2699),#2697);
#2701=DIRECTION('',(0.E0,0.E0,-1.E0));
#2702=VECTOR('',#2701,2.010704883522E-1);
#2703=CARTESIAN_POINT('',(1.1E-1,2.25E-1,-1.739295116478E-1));
#2704=LINE('',#2703,#2702);
#2705=CURVE_STYLE('',#47,POSITIVE_LENGTH_MEASURE(2.E-2),#26);
#2706=PRESENTATION_STYLE_ASSIGNMENT((#2705));
#2707=STYLED_ITEM('',(#2706),#2704);
#2708=DIRECTION('',(0.E0,6.975647374413E-2,-9.975640502598E-1));
#2709=VECTOR('',#2708,3.474080939690E-1);
#2710=CARTESIAN_POINT('',(1.1E-1,-2.5E-1,6.25E-1));
#2711=LINE('',#2710,#2709);
#2712=CURVE_STYLE('',#47,POSITIVE_LENGTH_MEASURE(2.E-2),#26);
#2713=PRESENTATION_STYLE_ASSIGNMENT((#2712));
#2714=STYLED_ITEM('',(#2713),#2711);
#2715=DIRECTION('',(0.E0,-9.975640502598E-1,-6.975647374413E-2));
#2716=VECTOR('',#2715,1.5E-1);
#2717=CARTESIAN_POINT('',(1.1E-1,-1.003653924610E-1,6.354634710616E-1));
#2718=LINE('',#2717,#2716);
#2719=CURVE_STYLE('',#47,POSITIVE_LENGTH_MEASURE(2.E-2),#26);
#2720=PRESENTATION_STYLE_ASSIGNMENT((#2719));
#2721=STYLED_ITEM('',(#2720),#2718);
#2722=DIRECTION('',(0.E0,-6.975647374413E-2,9.975640502598E-1));
#2723=VECTOR('',#2722,3.474080939690E-1);
#2724=CARTESIAN_POINT('',(1.1E-1,-7.613142887558E-2,2.889016457489E-1));
#2725=LINE('',#2724,#2723);
#2726=CURVE_STYLE('',#47,POSITIVE_LENGTH_MEASURE(2.E-2),#26);
#2727=PRESENTATION_STYLE_ASSIGNMENT((#2726));
#2728=STYLED_ITEM('',(#2727),#2725);
#2729=CARTESIAN_POINT('',(-1.1E-1,-1.003653924610E-1,6.354634710616E-1));
#2730=CARTESIAN_POINT('',(-1.1E-1,-2.5E-1,6.25E-1));
#2731=VERTEX_POINT('',#2729);
#2732=VERTEX_POINT('',#2730);
#2733=CARTESIAN_POINT('',(1.1E-1,-1.003653924610E-1,6.354634710616E-1));
#2734=CARTESIAN_POINT('',(1.1E-1,-2.5E-1,6.25E-1));
#2735=VERTEX_POINT('',#2733);
#2736=VERTEX_POINT('',#2734);
#2737=CARTESIAN_POINT('',(-1.1E-1,2.25E-1,-3.75E-1));
#2738=CARTESIAN_POINT('',(-1.1E-1,3.75E-1,-3.75E-1));
#2739=VERTEX_POINT('',#2737);
#2740=VERTEX_POINT('',#2738);
#2741=CARTESIAN_POINT('',(1.1E-1,2.25E-1,-3.75E-1));
#2742=CARTESIAN_POINT('',(1.1E-1,3.75E-1,-3.75E-1));
#2743=VERTEX_POINT('',#2741);
#2744=VERTEX_POINT('',#2742);
#2745=CARTESIAN_POINT('',(-1.1E-1,-7.613142887558E-2,2.889016457489E-1));
#2746=CARTESIAN_POINT('',(1.1E-1,-7.613142887558E-2,2.889016457489E-1));
#2747=VERTEX_POINT('',#2745);
#2748=VERTEX_POINT('',#2746);
#2749=CARTESIAN_POINT('',(-1.1E-1,5.569511073928E-2,1.424934410660E-1));
#2750=CARTESIAN_POINT('',(1.1E-1,5.569511073928E-2,1.424934410660E-1));
#2751=VERTEX_POINT('',#2749);
#2752=VERTEX_POINT('',#2750);
#2753=CARTESIAN_POINT('',(-1.1E-1,2.964788408924E-2,-5.227721885850E-3));
#2754=CARTESIAN_POINT('',(1.1E-1,2.964788408924E-2,-5.227721885850E-3));
#2755=VERTEX_POINT('',#2753);
#2756=VERTEX_POINT('',#2754);
#2757=CARTESIAN_POINT('',(-1.1E-1,-2.257660364146E-1,2.784381746873E-1));
#2758=CARTESIAN_POINT('',(1.1E-1,-2.257660364146E-1,2.784381746873E-1));
#2759=VERTEX_POINT('',#2757);
#2760=VERTEX_POINT('',#2758);
#2761=CARTESIAN_POINT('',(-1.1E-1,2.25E-1,-1.739295116478E-1));
#2762=CARTESIAN_POINT('',(1.1E-1,2.25E-1,-1.739295116478E-1));
#2763=VERTEX_POINT('',#2761);
#2764=VERTEX_POINT('',#2762);
#2765=CARTESIAN_POINT('',(-1.1E-1,9.278370842671E-2,-1.636027116582E-2));
#2766=CARTESIAN_POINT('',(1.1E-1,9.278370842671E-2,-1.636027116582E-2));
#2767=VERTEX_POINT('',#2765);
#2768=VERTEX_POINT('',#2766);
#2769=CARTESIAN_POINT('',(-1.1E-1,1.188309350767E-1,1.313608917860E-1));
#2770=CARTESIAN_POINT('',(-1.1E-1,3.75E-1,-1.739295116478E-1));
#2771=VERTEX_POINT('',#2769);
#2772=VERTEX_POINT('',#2770);
#2773=CARTESIAN_POINT('',(1.1E-1,3.75E-1,-1.739295116478E-1));
#2774=VERTEX_POINT('',#2773);
#2775=CARTESIAN_POINT('',(1.1E-1,1.188309350767E-1,1.313608917860E-1));
#2776=VERTEX_POINT('',#2775);
#2777=CARTESIAN_POINT('',(-1.1E-1,0.E0,0.E0));
#2778=DIRECTION('',(1.E0,0.E0,0.E0));
#2779=DIRECTION('',(0.E0,0.E0,-1.E0));
#2780=AXIS2_PLACEMENT_3D('',#2777,#2778,#2779);
#2781=PLANE('',#2780);
#2783=ORIENTED_EDGE('',*,*,#2782,.F.);
#2785=ORIENTED_EDGE('',*,*,#2784,.F.);
#2787=ORIENTED_EDGE('',*,*,#2786,.F.);
#2789=ORIENTED_EDGE('',*,*,#2788,.T.);
#2791=ORIENTED_EDGE('',*,*,#2790,.T.);
#2793=ORIENTED_EDGE('',*,*,#2792,.T.);
#2795=ORIENTED_EDGE('',*,*,#2794,.F.);
#2797=ORIENTED_EDGE('',*,*,#2796,.F.);
#2799=ORIENTED_EDGE('',*,*,#2798,.F.);
#2801=ORIENTED_EDGE('',*,*,#2800,.T.);
#2803=ORIENTED_EDGE('',*,*,#2802,.T.);
#2805=ORIENTED_EDGE('',*,*,#2804,.T.);
#2806=EDGE_LOOP('',(#2783,#2785,#2787,#2789,#2791,#2793,#2795,#2797,#2799,#2801,
#2803,#2805));
#2807=FACE_OUTER_BOUND('',#2806,.F.);
#2809=CARTESIAN_POINT('',(5.05008E-1,6.5E-2,-1.739295116478E-1));
#2810=DIRECTION('',(-1.E0,0.E0,0.E0));
#2811=DIRECTION('',(0.E0,1.736481776669E-1,9.848077530122E-1));
#2812=AXIS2_PLACEMENT_3D('',#2809,#2810,#2811);
#2813=CYLINDRICAL_SURFACE('',#2812,3.1E-1);
#2814=ORIENTED_EDGE('',*,*,#2782,.T.);
#2816=ORIENTED_EDGE('',*,*,#2815,.F.);
#2818=ORIENTED_EDGE('',*,*,#2817,.T.);
#2820=ORIENTED_EDGE('',*,*,#2819,.T.);
#2821=EDGE_LOOP('',(#2814,#2816,#2818,#2820));
#2822=FACE_OUTER_BOUND('',#2821,.F.);
#2824=CARTESIAN_POINT('',(-1.1E-1,3.75E-1,-3.75E-1));
#2825=DIRECTION('',(0.E0,1.E0,0.E0));
#2826=DIRECTION('',(0.E0,0.E0,1.E0));
#2827=AXIS2_PLACEMENT_3D('',#2824,#2825,#2826);
#2828=PLANE('',#2827);
#2829=ORIENTED_EDGE('',*,*,#2815,.T.);
#2830=ORIENTED_EDGE('',*,*,#2804,.F.);
#2832=ORIENTED_EDGE('',*,*,#2831,.T.);
#2834=ORIENTED_EDGE('',*,*,#2833,.T.);
#2835=EDGE_LOOP('',(#2829,#2830,#2832,#2834));
#2836=FACE_OUTER_BOUND('',#2835,.F.);
#2838=CARTESIAN_POINT('',(-1.1E-1,2.25E-1,-3.75E-1));
#2839=DIRECTION('',(0.E0,0.E0,-1.E0));
#2840=DIRECTION('',(0.E0,1.E0,0.E0));
#2841=AXIS2_PLACEMENT_3D('',#2838,#2839,#2840);
#2842=PLANE('',#2841);
#2843=ORIENTED_EDGE('',*,*,#2802,.F.);
#2845=ORIENTED_EDGE('',*,*,#2844,.T.);
#2847=ORIENTED_EDGE('',*,*,#2846,.T.);
#2848=ORIENTED_EDGE('',*,*,#2831,.F.);
#2849=EDGE_LOOP('',(#2843,#2845,#2847,#2848));
#2850=FACE_OUTER_BOUND('',#2849,.F.);
#2852=CARTESIAN_POINT('',(-1.1E-1,2.25E-1,-3.967357065940E-2));
#2853=DIRECTION('',(0.E0,-1.E0,0.E0));
#2854=DIRECTION('',(0.E0,0.E0,-1.E0));
#2855=AXIS2_PLACEMENT_3D('',#2852,#2853,#2854);
#2856=PLANE('',#2855);
#2858=ORIENTED_EDGE('',*,*,#2857,.T.);
#2860=ORIENTED_EDGE('',*,*,#2859,.T.);
#2861=ORIENTED_EDGE('',*,*,#2844,.F.);
#2862=ORIENTED_EDGE('',*,*,#2800,.F.);
#2863=EDGE_LOOP('',(#2858,#2860,#2861,#2862));
#2864=FACE_OUTER_BOUND('',#2863,.F.);
#2866=CARTESIAN_POINT('',(-3.96792E-1,6.5E-2,-1.739295116478E-1));
#2867=DIRECTION('',(1.E0,0.E0,0.E0));
#2868=DIRECTION('',(0.E0,1.E0,0.E0));
#2869=AXIS2_PLACEMENT_3D('',#2866,#2867,#2868);
#2870=CYLINDRICAL_SURFACE('',#2869,1.6E-1);
#2871=ORIENTED_EDGE('',*,*,#2857,.F.);
#2872=ORIENTED_EDGE('',*,*,#2798,.T.);
#2874=ORIENTED_EDGE('',*,*,#2873,.T.);
#2876=ORIENTED_EDGE('',*,*,#2875,.T.);
#2877=EDGE_LOOP('',(#2871,#2872,#2874,#2876));
#2878=FACE_OUTER_BOUND('',#2877,.F.);
#2880=CARTESIAN_POINT('',(-1.1E-1,-2.088711200240E-1,3.682961395103E-2));
#2881=DIRECTION('',(0.E0,-1.736481776669E-1,-9.848077530122E-1));
#2882=DIRECTION('',(0.E0,9.848077530122E-1,-1.736481776669E-1));
#2883=AXIS2_PLACEMENT_3D('',#2880,#2881,#2882);
#2884=PLANE('',#2883);
#2885=ORIENTED_EDGE('',*,*,#2873,.F.);
#2886=ORIENTED_EDGE('',*,*,#2796,.T.);
#2888=ORIENTED_EDGE('',*,*,#2887,.T.);
#2890=ORIENTED_EDGE('',*,*,#2889,.T.);
#2891=EDGE_LOOP('',(#2885,#2886,#2888,#2890));
#2892=FACE_OUTER_BOUND('',#2891,.F.);
#2894=CARTESIAN_POINT('',(-1.1E-1,8.347881916599E-2,3.000626815479E-1));
#2895=DIRECTION('',(-1.E0,0.E0,0.E0));
#2896=DIRECTION('',(0.E0,-1.736481776669E-1,-9.848077530122E-1));
#2897=AXIS2_PLACEMENT_3D('',#2894,#2895,#2896);
#2898=CYLINDRICAL_SURFACE('',#2897,3.1E-1);
#2899=ORIENTED_EDGE('',*,*,#2887,.F.);
#2900=ORIENTED_EDGE('',*,*,#2794,.T.);
#2902=ORIENTED_EDGE('',*,*,#2901,.T.);
#2904=ORIENTED_EDGE('',*,*,#2903,.F.);
#2905=EDGE_LOOP('',(#2899,#2900,#2902,#2904));
#2906=FACE_OUTER_BOUND('',#2905,.F.);
#2908=CARTESIAN_POINT('',(-1.1E-1,-2.5E-1,6.25E-1));
#2909=DIRECTION('',(0.E0,-9.975640502598E-1,-6.975647374413E-2));
#2910=DIRECTION('',(0.E0,6.975647374413E-2,-9.975640502598E-1));
#2911=AXIS2_PLACEMENT_3D('',#2908,#2909,#2910);
#2912=PLANE('',#2911);
#2913=ORIENTED_EDGE('',*,*,#2792,.F.);
#2915=ORIENTED_EDGE('',*,*,#2914,.T.);
#2917=ORIENTED_EDGE('',*,*,#2916,.T.);
#2918=ORIENTED_EDGE('',*,*,#2901,.F.);
#2919=EDGE_LOOP('',(#2913,#2915,#2917,#2918));
#2920=FACE_OUTER_BOUND('',#2919,.F.);
#2922=CARTESIAN_POINT('',(-1.1E-1,-1.003653924610E-1,6.354634710616E-1));
#2923=DIRECTION('',(0.E0,-6.975647374413E-2,9.975640502598E-1));
#2924=DIRECTION('',(0.E0,-9.975640502598E-1,-6.975647374413E-2));
#2925=AXIS2_PLACEMENT_3D('',#2922,#2923,#2924);
#2926=PLANE('',#2925);
#2927=ORIENTED_EDGE('',*,*,#2790,.F.);
#2929=ORIENTED_EDGE('',*,*,#2928,.T.);
#2931=ORIENTED_EDGE('',*,*,#2930,.T.);
#2932=ORIENTED_EDGE('',*,*,#2914,.F.);
#2933=EDGE_LOOP('',(#2927,#2929,#2931,#2932));
#2934=FACE_OUTER_BOUND('',#2933,.F.);
#2936=CARTESIAN_POINT('',(-1.1E-1,-6.741147202885E-2,1.642004531108E-1));
#2937=DIRECTION('',(0.E0,9.975640502598E-1,6.975647374413E-2));
#2938=DIRECTION('',(0.E0,-6.975647374413E-2,9.975640502598E-1));
#2939=AXIS2_PLACEMENT_3D('',#2936,#2937,#2938);
#2940=PLANE('',#2939);
#2941=ORIENTED_EDGE('',*,*,#2788,.F.);
#2943=ORIENTED_EDGE('',*,*,#2942,.T.);
#2945=ORIENTED_EDGE('',*,*,#2944,.T.);
#2946=ORIENTED_EDGE('',*,*,#2928,.F.);
#2947=EDGE_LOOP('',(#2941,#2943,#2945,#2946));
#2948=FACE_OUTER_BOUND('',#2947,.F.);
#2950=CARTESIAN_POINT('',(-1.1E-1,8.347881916599E-2,3.000626815479E-1));
#2951=DIRECTION('',(1.E0,0.E0,0.E0));
#2952=DIRECTION('',(0.E0,-9.975640502598E-1,-6.975647374413E-2));
#2953=AXIS2_PLACEMENT_3D('',#2950,#2951,#2952);
#2954=CYLINDRICAL_SURFACE('',#2953,1.6E-1);
#2955=ORIENTED_EDGE('',*,*,#2942,.F.);
#2956=ORIENTED_EDGE('',*,*,#2786,.T.);
#2958=ORIENTED_EDGE('',*,*,#2957,.T.);
#2960=ORIENTED_EDGE('',*,*,#2959,.F.);
#2961=EDGE_LOOP('',(#2955,#2956,#2958,#2960));
#2962=FACE_OUTER_BOUND('',#2961,.F.);
#2964=CARTESIAN_POINT('',(-1.1E-1,2.604722665004E-2,1.477211629518E-1));
#2965=DIRECTION('',(0.E0,1.736481776669E-1,9.848077530122E-1));
#2966=DIRECTION('',(0.E0,-9.848077530122E-1,1.736481776669E-1));
#2967=AXIS2_PLACEMENT_3D('',#2964,#2965,#2966);
#2968=PLANE('',#2967);
#2969=ORIENTED_EDGE('',*,*,#2819,.F.);
#2971=ORIENTED_EDGE('',*,*,#2970,.T.);
#2972=ORIENTED_EDGE('',*,*,#2957,.F.);
#2973=ORIENTED_EDGE('',*,*,#2784,.T.);
#2974=EDGE_LOOP('',(#2969,#2971,#2972,#2973));
#2975=FACE_OUTER_BOUND('',#2974,.F.);
#2977=CARTESIAN_POINT('',(1.1E-1,0.E0,0.E0));
#2978=DIRECTION('',(1.E0,0.E0,0.E0));
#2979=DIRECTION('',(0.E0,0.E0,-1.E0));
#2980=AXIS2_PLACEMENT_3D('',#2977,#2978,#2979);
#2981=PLANE('',#2980);
#2982=ORIENTED_EDGE('',*,*,#2817,.F.);
#2983=ORIENTED_EDGE('',*,*,#2833,.F.);
#2984=ORIENTED_EDGE('',*,*,#2846,.F.);
#2985=ORIENTED_EDGE('',*,*,#2859,.F.);
#2986=ORIENTED_EDGE('',*,*,#2875,.F.);
#2987=ORIENTED_EDGE('',*,*,#2889,.F.);
#2988=ORIENTED_EDGE('',*,*,#2903,.T.);
#2989=ORIENTED_EDGE('',*,*,#2916,.F.);
#2990=ORIENTED_EDGE('',*,*,#2930,.F.);
#2991=ORIENTED_EDGE('',*,*,#2944,.F.);
#2992=ORIENTED_EDGE('',*,*,#2959,.T.);
#2993=ORIENTED_EDGE('',*,*,#2970,.F.);
#2994=EDGE_LOOP('',(#2982,#2983,#2984,#2985,#2986,#2987,#2988,#2989,#2990,#2991,
#2992,#2993));
#2995=FACE_OUTER_BOUND('',#2994,.F.);
#2997=CLOSED_SHELL('',(#2808,#2823,#2837,#2851,#2865,#2879,#2893,#2907,#2921,
#2935,#2949,#2963,#2976,#2996));
#2998=MANIFOLD_SOLID_BREP('',#2997);
#2999=FILL_AREA_STYLE_COLOUR('',#26);
#3000=FILL_AREA_STYLE('',(#2999));
#3001=SURFACE_STYLE_FILL_AREA(#3000);
#3002=SURFACE_SIDE_STYLE('',(#3001));
#3003=SURFACE_STYLE_USAGE(.BOTH.,#3002);
#3004=PRESENTATION_STYLE_ASSIGNMENT((#3003));
#2468=STYLED_ITEM('',(#3004),#2998);
#3007=PLANE_ANGLE_MEASURE_WITH_UNIT(PLANE_ANGLE_MEASURE(1.745329251994E-2),
#3006);
#3008=(CONVERSION_BASED_UNIT('DEGREE',#3007)NAMED_UNIT(*)PLANE_ANGLE_UNIT());
#3010=UNCERTAINTY_MEASURE_WITH_UNIT(LENGTH_MEASURE(1.208281682296E-4),#3005,
'distance_accuracy_value',
'Maximum model space distance between geometric entities at asserted connectivities');
#3012=CARTESIAN_POINT('',(0.E0,0.E0,0.E0));
#3013=DIRECTION('',(0.E0,0.E0,1.E0));
#3014=DIRECTION('',(1.E0,0.E0,0.E0));
#3017=PRODUCT_CONTEXT('',#2403,'mechanical');
#3018=PRODUCT('LEAD-SO','LEAD-SO','NOT SPECIFIED',(#3017));
#3019=PRODUCT_DEFINITION_FORMATION('92','LAST_VERSION',#3018);
#3027=DERIVED_UNIT_ELEMENT(#3026,2.E0);
#3028=DERIVED_UNIT((#3027));
#3029=MEASURE_REPRESENTATION_ITEM('surface area measure',AREA_MEASURE(
9.927953009430E-1),#3028);
#3034=DERIVED_UNIT_ELEMENT(#3033,3.E0);
#3035=DERIVED_UNIT((#3034));
#3036=MEASURE_REPRESENTATION_ITEM('volume measure',VOLUME_MEASURE(
4.133006070551E-2),#3035);
#3040=CARTESIAN_POINT('centre point',(0.E0,4.771775190129E-2,
1.151430267168E-1));
#3045=DERIVED_UNIT_ELEMENT(#3044,2.E0);
#3046=DERIVED_UNIT((#3045));
#3047=MEASURE_REPRESENTATION_ITEM('surface area measure',AREA_MEASURE(
9.927953009430E-1),#3046);
#3052=DERIVED_UNIT_ELEMENT(#3051,3.E0);
#3053=DERIVED_UNIT((#3052));
#3054=MEASURE_REPRESENTATION_ITEM('volume measure',VOLUME_MEASURE(
4.133006070551E-2),#3053);
#3058=CARTESIAN_POINT('centre point',(0.E0,4.771775190129E-2,
1.151430267168E-1));
#3065=CARTESIAN_POINT('centre point',(3.540143026717E0,6.6675E0,
2.977177519013E-1));
#3069=CARTESIAN_POINT('',(3.425E0,6.6675E0,2.5E-1));
#3070=DIRECTION('',(1.E0,0.E0,0.E0));
#3071=DIRECTION('',(0.E0,1.E0,0.E0));
#3072=AXIS2_PLACEMENT_3D('',#3069,#3070,#3071);
#3073=ITEM_DEFINED_TRANSFORMATION('','',#3015,#3072);
#3074=(REPRESENTATION_RELATIONSHIP('','',#3016,#2454)REPRESENTATION_RELATIONSHIP_WITH_TRANSFORMATION(#3073)SHAPE_REPRESENTATION_RELATIONSHIP());
#3075=CONTEXT_DEPENDENT_SHAPE_REPRESENTATION(#3074,#3064);
#3078=CARTESIAN_POINT('centre point',(3.540143026717E0,6.0325E0,
2.977177519013E-1));
#3082=CARTESIAN_POINT('',(3.425E0,6.0325E0,2.5E-1));
#3083=DIRECTION('',(1.E0,0.E0,0.E0));
#3084=DIRECTION('',(0.E0,1.E0,0.E0));
#3085=AXIS2_PLACEMENT_3D('',#3082,#3083,#3084);
#3086=ITEM_DEFINED_TRANSFORMATION('','',#3015,#3085);
#3087=(REPRESENTATION_RELATIONSHIP('','',#3016,#2454)REPRESENTATION_RELATIONSHIP_WITH_TRANSFORMATION(#3086)SHAPE_REPRESENTATION_RELATIONSHIP());
#3088=CONTEXT_DEPENDENT_SHAPE_REPRESENTATION(#3087,#3077);
#3091=CARTESIAN_POINT('centre point',(3.540143026717E0,5.3975E0,
2.977177519013E-1));
#3095=CARTESIAN_POINT('',(3.425E0,5.3975E0,2.5E-1));
#3096=DIRECTION('',(1.E0,0.E0,0.E0));
#3097=DIRECTION('',(0.E0,1.E0,0.E0));
#3098=AXIS2_PLACEMENT_3D('',#3095,#3096,#3097);
#3099=ITEM_DEFINED_TRANSFORMATION('','',#3015,#3098);
#3100=(REPRESENTATION_RELATIONSHIP('','',#3016,#2454)REPRESENTATION_RELATIONSHIP_WITH_TRANSFORMATION(#3099)SHAPE_REPRESENTATION_RELATIONSHIP());
#3101=CONTEXT_DEPENDENT_SHAPE_REPRESENTATION(#3100,#3090);
#3104=CARTESIAN_POINT('centre point',(3.540143026717E0,4.7625E0,
2.977177519013E-1));
#3108=CARTESIAN_POINT('',(3.425E0,4.7625E0,2.5E-1));
#3109=DIRECTION('',(1.E0,0.E0,0.E0));
#3110=DIRECTION('',(0.E0,1.E0,0.E0));
#3111=AXIS2_PLACEMENT_3D('',#3108,#3109,#3110);
#3112=ITEM_DEFINED_TRANSFORMATION('','',#3015,#3111);
#3113=(REPRESENTATION_RELATIONSHIP('','',#3016,#2454)REPRESENTATION_RELATIONSHIP_WITH_TRANSFORMATION(#3112)SHAPE_REPRESENTATION_RELATIONSHIP());
#3114=CONTEXT_DEPENDENT_SHAPE_REPRESENTATION(#3113,#3103);
#3117=CARTESIAN_POINT('centre point',(3.540143026717E0,4.1275E0,
2.977177519013E-1));
#3121=CARTESIAN_POINT('',(3.425E0,4.1275E0,2.5E-1));
#3122=DIRECTION('',(1.E0,0.E0,0.E0));
#3123=DIRECTION('',(0.E0,1.E0,0.E0));
#3124=AXIS2_PLACEMENT_3D('',#3121,#3122,#3123);
#3125=ITEM_DEFINED_TRANSFORMATION('','',#3015,#3124);
#3126=(REPRESENTATION_RELATIONSHIP('','',#3016,#2454)REPRESENTATION_RELATIONSHIP_WITH_TRANSFORMATION(#3125)SHAPE_REPRESENTATION_RELATIONSHIP());
#3127=CONTEXT_DEPENDENT_SHAPE_REPRESENTATION(#3126,#3116);
#3130=CARTESIAN_POINT('centre point',(3.540143026717E0,3.4925E0,
2.977177519013E-1));
#3134=CARTESIAN_POINT('',(3.425E0,3.4925E0,2.5E-1));
#3135=DIRECTION('',(1.E0,0.E0,0.E0));
#3136=DIRECTION('',(0.E0,1.E0,0.E0));
#3137=AXIS2_PLACEMENT_3D('',#3134,#3135,#3136);
#3138=ITEM_DEFINED_TRANSFORMATION('','',#3015,#3137);
#3139=(REPRESENTATION_RELATIONSHIP('','',#3016,#2454)REPRESENTATION_RELATIONSHIP_WITH_TRANSFORMATION(#3138)SHAPE_REPRESENTATION_RELATIONSHIP());
#3140=CONTEXT_DEPENDENT_SHAPE_REPRESENTATION(#3139,#3129);
#3143=CARTESIAN_POINT('centre point',(3.540143026717E0,2.8575E0,
2.977177519013E-1));
#3147=CARTESIAN_POINT('',(3.425E0,2.8575E0,2.5E-1));
#3148=DIRECTION('',(1.E0,0.E0,0.E0));
#3149=DIRECTION('',(0.E0,1.E0,0.E0));
#3150=AXIS2_PLACEMENT_3D('',#3147,#3148,#3149);
#3151=ITEM_DEFINED_TRANSFORMATION('','',#3015,#3150);
#3152=(REPRESENTATION_RELATIONSHIP('','',#3016,#2454)REPRESENTATION_RELATIONSHIP_WITH_TRANSFORMATION(#3151)SHAPE_REPRESENTATION_RELATIONSHIP());
#3153=CONTEXT_DEPENDENT_SHAPE_REPRESENTATION(#3152,#3142);
#3156=CARTESIAN_POINT('centre point',(3.540143026717E0,2.2225E0,
2.977177519013E-1));
#3160=CARTESIAN_POINT('',(3.425E0,2.2225E0,2.5E-1));
#3161=DIRECTION('',(1.E0,0.E0,0.E0));
#3162=DIRECTION('',(0.E0,1.E0,0.E0));
#3163=AXIS2_PLACEMENT_3D('',#3160,#3161,#3162);
#3164=ITEM_DEFINED_TRANSFORMATION('','',#3015,#3163);
#3165=(REPRESENTATION_RELATIONSHIP('','',#3016,#2454)REPRESENTATION_RELATIONSHIP_WITH_TRANSFORMATION(#3164)SHAPE_REPRESENTATION_RELATIONSHIP());
#3166=CONTEXT_DEPENDENT_SHAPE_REPRESENTATION(#3165,#3155);
#3169=CARTESIAN_POINT('centre point',(3.540143026717E0,1.5875E0,
2.977177519013E-1));
#3173=CARTESIAN_POINT('',(3.425E0,1.5875E0,2.5E-1));
#3174=DIRECTION('',(1.E0,0.E0,0.E0));
#3175=DIRECTION('',(0.E0,1.E0,0.E0));
#3176=AXIS2_PLACEMENT_3D('',#3173,#3174,#3175);
#3177=ITEM_DEFINED_TRANSFORMATION('','',#3015,#3176);
#3178=(REPRESENTATION_RELATIONSHIP('','',#3016,#2454)REPRESENTATION_RELATIONSHIP_WITH_TRANSFORMATION(#3177)SHAPE_REPRESENTATION_RELATIONSHIP());
#3179=CONTEXT_DEPENDENT_SHAPE_REPRESENTATION(#3178,#3168);
#3182=CARTESIAN_POINT('centre point',(3.540143026717E0,9.525E-1,
2.977177519013E-1));
#3186=CARTESIAN_POINT('',(3.425E0,9.525E-1,2.5E-1));
#3187=DIRECTION('',(1.E0,0.E0,0.E0));
#3188=DIRECTION('',(0.E0,1.E0,0.E0));
#3189=AXIS2_PLACEMENT_3D('',#3186,#3187,#3188);
#3190=ITEM_DEFINED_TRANSFORMATION('','',#3015,#3189);
#3191=(REPRESENTATION_RELATIONSHIP('','',#3016,#2454)REPRESENTATION_RELATIONSHIP_WITH_TRANSFORMATION(#3190)SHAPE_REPRESENTATION_RELATIONSHIP());
#3192=CONTEXT_DEPENDENT_SHAPE_REPRESENTATION(#3191,#3181);
#3195=CARTESIAN_POINT('centre point',(3.540143026717E0,3.175E-1,
2.977177519013E-1));
#3199=CARTESIAN_POINT('',(3.425E0,3.175E-1,2.5E-1));
#3200=DIRECTION('',(1.E0,0.E0,0.E0));
#3201=DIRECTION('',(0.E0,1.E0,0.E0));
#3202=AXIS2_PLACEMENT_3D('',#3199,#3200,#3201);
#3203=ITEM_DEFINED_TRANSFORMATION('','',#3015,#3202);
#3204=(REPRESENTATION_RELATIONSHIP('','',#3016,#2454)REPRESENTATION_RELATIONSHIP_WITH_TRANSFORMATION(#3203)SHAPE_REPRESENTATION_RELATIONSHIP());
#3205=CONTEXT_DEPENDENT_SHAPE_REPRESENTATION(#3204,#3194);
#3208=CARTESIAN_POINT('centre point',(3.540143026717E0,-3.175E-1,
2.977177519013E-1));
#3212=CARTESIAN_POINT('',(3.425E0,-3.175E-1,2.5E-1));
#3213=DIRECTION('',(1.E0,0.E0,0.E0));
#3214=DIRECTION('',(0.E0,1.E0,0.E0));
#3215=AXIS2_PLACEMENT_3D('',#3212,#3213,#3214);
#3216=ITEM_DEFINED_TRANSFORMATION('','',#3015,#3215);
#3217=(REPRESENTATION_RELATIONSHIP('','',#3016,#2454)REPRESENTATION_RELATIONSHIP_WITH_TRANSFORMATION(#3216)SHAPE_REPRESENTATION_RELATIONSHIP());
#3218=CONTEXT_DEPENDENT_SHAPE_REPRESENTATION(#3217,#3207);
#3221=CARTESIAN_POINT('centre point',(3.540143026717E0,-9.525E-1,
2.977177519013E-1));
#3225=CARTESIAN_POINT('',(3.425E0,-9.525E-1,2.5E-1));
#3226=DIRECTION('',(1.E0,0.E0,0.E0));
#3227=DIRECTION('',(0.E0,1.E0,0.E0));
#3228=AXIS2_PLACEMENT_3D('',#3225,#3226,#3227);
#3229=ITEM_DEFINED_TRANSFORMATION('','',#3015,#3228);
#3230=(REPRESENTATION_RELATIONSHIP('','',#3016,#2454)REPRESENTATION_RELATIONSHIP_WITH_TRANSFORMATION(#3229)SHAPE_REPRESENTATION_RELATIONSHIP());
#3231=CONTEXT_DEPENDENT_SHAPE_REPRESENTATION(#3230,#3220);
#3234=CARTESIAN_POINT('centre point',(3.540143026717E0,-1.5875E0,
2.977177519013E-1));
#3238=CARTESIAN_POINT('',(3.425E0,-1.5875E0,2.5E-1));
#3239=DIRECTION('',(1.E0,0.E0,0.E0));
#3240=DIRECTION('',(0.E0,1.E0,0.E0));
#3241=AXIS2_PLACEMENT_3D('',#3238,#3239,#3240);
#3242=ITEM_DEFINED_TRANSFORMATION('','',#3015,#3241);
#3243=(REPRESENTATION_RELATIONSHIP('','',#3016,#2454)REPRESENTATION_RELATIONSHIP_WITH_TRANSFORMATION(#3242)SHAPE_REPRESENTATION_RELATIONSHIP());
#3244=CONTEXT_DEPENDENT_SHAPE_REPRESENTATION(#3243,#3233);
#3247=CARTESIAN_POINT('centre point',(3.540143026717E0,-2.2225E0,
2.977177519013E-1));
#3251=CARTESIAN_POINT('',(3.425E0,-2.2225E0,2.5E-1));
#3252=DIRECTION('',(1.E0,0.E0,0.E0));
#3253=DIRECTION('',(0.E0,1.E0,0.E0));
#3254=AXIS2_PLACEMENT_3D('',#3251,#3252,#3253);
#3255=ITEM_DEFINED_TRANSFORMATION('','',#3015,#3254);
#3256=(REPRESENTATION_RELATIONSHIP('','',#3016,#2454)REPRESENTATION_RELATIONSHIP_WITH_TRANSFORMATION(#3255)SHAPE_REPRESENTATION_RELATIONSHIP());
#3257=CONTEXT_DEPENDENT_SHAPE_REPRESENTATION(#3256,#3246);
#3260=CARTESIAN_POINT('centre point',(3.540143026717E0,-2.8575E0,
2.977177519013E-1));
#3264=CARTESIAN_POINT('',(3.425E0,-2.8575E0,2.5E-1));
#3265=DIRECTION('',(1.E0,0.E0,0.E0));
#3266=DIRECTION('',(0.E0,1.E0,0.E0));
#3267=AXIS2_PLACEMENT_3D('',#3264,#3265,#3266);
#3268=ITEM_DEFINED_TRANSFORMATION('','',#3015,#3267);
#3269=(REPRESENTATION_RELATIONSHIP('','',#3016,#2454)REPRESENTATION_RELATIONSHIP_WITH_TRANSFORMATION(#3268)SHAPE_REPRESENTATION_RELATIONSHIP());
#3270=CONTEXT_DEPENDENT_SHAPE_REPRESENTATION(#3269,#3259);
#3273=CARTESIAN_POINT('centre point',(3.540143026717E0,-3.4925E0,
2.977177519013E-1));
#3277=CARTESIAN_POINT('',(3.425E0,-3.4925E0,2.5E-1));
#3278=DIRECTION('',(1.E0,0.E0,0.E0));
#3279=DIRECTION('',(0.E0,1.E0,0.E0));
#3280=AXIS2_PLACEMENT_3D('',#3277,#3278,#3279);
#3281=ITEM_DEFINED_TRANSFORMATION('','',#3015,#3280);
#3282=(REPRESENTATION_RELATIONSHIP('','',#3016,#2454)REPRESENTATION_RELATIONSHIP_WITH_TRANSFORMATION(#3281)SHAPE_REPRESENTATION_RELATIONSHIP());
#3283=CONTEXT_DEPENDENT_SHAPE_REPRESENTATION(#3282,#3272);
#3286=CARTESIAN_POINT('centre point',(3.540143026717E0,-4.1275E0,
2.977177519013E-1));
#3290=CARTESIAN_POINT('',(3.425E0,-4.1275E0,2.5E-1));
#3291=DIRECTION('',(1.E0,0.E0,0.E0));
#3292=DIRECTION('',(0.E0,1.E0,0.E0));
#3293=AXIS2_PLACEMENT_3D('',#3290,#3291,#3292);
#3294=ITEM_DEFINED_TRANSFORMATION('','',#3015,#3293);
#3295=(REPRESENTATION_RELATIONSHIP('','',#3016,#2454)REPRESENTATION_RELATIONSHIP_WITH_TRANSFORMATION(#3294)SHAPE_REPRESENTATION_RELATIONSHIP());
#3296=CONTEXT_DEPENDENT_SHAPE_REPRESENTATION(#3295,#3285);
#3299=CARTESIAN_POINT('centre point',(3.540143026717E0,-4.7625E0,
2.977177519013E-1));
#3303=CARTESIAN_POINT('',(3.425E0,-4.7625E0,2.5E-1));
#3304=DIRECTION('',(1.E0,0.E0,0.E0));
#3305=DIRECTION('',(0.E0,1.E0,0.E0));
#3306=AXIS2_PLACEMENT_3D('',#3303,#3304,#3305);
#3307=ITEM_DEFINED_TRANSFORMATION('','',#3015,#3306);
#3308=(REPRESENTATION_RELATIONSHIP('','',#3016,#2454)REPRESENTATION_RELATIONSHIP_WITH_TRANSFORMATION(#3307)SHAPE_REPRESENTATION_RELATIONSHIP());
#3309=CONTEXT_DEPENDENT_SHAPE_REPRESENTATION(#3308,#3298);
#3312=CARTESIAN_POINT('centre point',(3.540143026717E0,-5.3975E0,
2.977177519013E-1));
#3316=CARTESIAN_POINT('',(3.425E0,-5.3975E0,2.5E-1));
#3317=DIRECTION('',(1.E0,0.E0,0.E0));
#3318=DIRECTION('',(0.E0,1.E0,0.E0));
#3319=AXIS2_PLACEMENT_3D('',#3316,#3317,#3318);
#3320=ITEM_DEFINED_TRANSFORMATION('','',#3015,#3319);
#3321=(REPRESENTATION_RELATIONSHIP('','',#3016,#2454)REPRESENTATION_RELATIONSHIP_WITH_TRANSFORMATION(#3320)SHAPE_REPRESENTATION_RELATIONSHIP());
#3322=CONTEXT_DEPENDENT_SHAPE_REPRESENTATION(#3321,#3311);
#3325=CARTESIAN_POINT('centre point',(3.540143026717E0,-6.0325E0,
2.977177519013E-1));
#3329=CARTESIAN_POINT('',(3.425E0,-6.0325E0,2.5E-1));
#3330=DIRECTION('',(1.E0,0.E0,0.E0));
#3331=DIRECTION('',(0.E0,1.E0,0.E0));
#3332=AXIS2_PLACEMENT_3D('',#3329,#3330,#3331);
#3333=ITEM_DEFINED_TRANSFORMATION('','',#3015,#3332);
#3334=(REPRESENTATION_RELATIONSHIP('','',#3016,#2454)REPRESENTATION_RELATIONSHIP_WITH_TRANSFORMATION(#3333)SHAPE_REPRESENTATION_RELATIONSHIP());
#3335=CONTEXT_DEPENDENT_SHAPE_REPRESENTATION(#3334,#3324);
#3338=CARTESIAN_POINT('centre point',(3.540143026717E0,-6.6675E0,
2.977177519013E-1));
#3342=CARTESIAN_POINT('',(3.425E0,-6.6675E0,2.5E-1));
#3343=DIRECTION('',(1.E0,0.E0,0.E0));
#3344=DIRECTION('',(0.E0,1.E0,0.E0));
#3345=AXIS2_PLACEMENT_3D('',#3342,#3343,#3344);
#3346=ITEM_DEFINED_TRANSFORMATION('','',#3015,#3345);
#3347=(REPRESENTATION_RELATIONSHIP('','',#3016,#2454)REPRESENTATION_RELATIONSHIP_WITH_TRANSFORMATION(#3346)SHAPE_REPRESENTATION_RELATIONSHIP());
#3348=CONTEXT_DEPENDENT_SHAPE_REPRESENTATION(#3347,#3337);
#3351=CARTESIAN_POINT('centre point',(-3.540143026717E0,6.6675E0,
2.977177519013E-1));
#3355=CARTESIAN_POINT('',(-3.425E0,6.6675E0,2.5E-1));
#3356=DIRECTION('',(-1.E0,0.E0,0.E0));
#3357=DIRECTION('',(0.E0,-1.E0,0.E0));
#3358=AXIS2_PLACEMENT_3D('',#3355,#3356,#3357);
#3359=ITEM_DEFINED_TRANSFORMATION('','',#3015,#3358);
#3360=(REPRESENTATION_RELATIONSHIP('','',#3016,#2454)REPRESENTATION_RELATIONSHIP_WITH_TRANSFORMATION(#3359)SHAPE_REPRESENTATION_RELATIONSHIP());
#3361=CONTEXT_DEPENDENT_SHAPE_REPRESENTATION(#3360,#3350);
#3364=CARTESIAN_POINT('centre point',(-3.540143026717E0,6.0325E0,
2.977177519013E-1));
#3368=CARTESIAN_POINT('',(-3.425E0,6.0325E0,2.5E-1));
#3369=DIRECTION('',(-1.E0,0.E0,0.E0));
#3370=DIRECTION('',(0.E0,-1.E0,0.E0));
#3371=AXIS2_PLACEMENT_3D('',#3368,#3369,#3370);
#3372=ITEM_DEFINED_TRANSFORMATION('','',#3015,#3371);
#3373=(REPRESENTATION_RELATIONSHIP('','',#3016,#2454)REPRESENTATION_RELATIONSHIP_WITH_TRANSFORMATION(#3372)SHAPE_REPRESENTATION_RELATIONSHIP());
#3374=CONTEXT_DEPENDENT_SHAPE_REPRESENTATION(#3373,#3363);
#3377=CARTESIAN_POINT('centre point',(-3.540143026717E0,5.3975E0,
2.977177519013E-1));
#3381=CARTESIAN_POINT('',(-3.425E0,5.3975E0,2.5E-1));
#3382=DIRECTION('',(-1.E0,0.E0,0.E0));
#3383=DIRECTION('',(0.E0,-1.E0,0.E0));
#3384=AXIS2_PLACEMENT_3D('',#3381,#3382,#3383);
#3385=ITEM_DEFINED_TRANSFORMATION('','',#3015,#3384);
#3386=(REPRESENTATION_RELATIONSHIP('','',#3016,#2454)REPRESENTATION_RELATIONSHIP_WITH_TRANSFORMATION(#3385)SHAPE_REPRESENTATION_RELATIONSHIP());
#3387=CONTEXT_DEPENDENT_SHAPE_REPRESENTATION(#3386,#3376);
#3390=CARTESIAN_POINT('centre point',(-3.540143026717E0,4.7625E0,
2.977177519013E-1));
#3394=CARTESIAN_POINT('',(-3.425E0,4.7625E0,2.5E-1));
#3395=DIRECTION('',(-1.E0,0.E0,0.E0));
#3396=DIRECTION('',(0.E0,-1.E0,0.E0));
#3397=AXIS2_PLACEMENT_3D('',#3394,#3395,#3396);
#3398=ITEM_DEFINED_TRANSFORMATION('','',#3015,#3397);
#3399=(REPRESENTATION_RELATIONSHIP('','',#3016,#2454)REPRESENTATION_RELATIONSHIP_WITH_TRANSFORMATION(#3398)SHAPE_REPRESENTATION_RELATIONSHIP());
#3400=CONTEXT_DEPENDENT_SHAPE_REPRESENTATION(#3399,#3389);
#3403=CARTESIAN_POINT('centre point',(-3.540143026717E0,4.1275E0,
2.977177519013E-1));
#3407=CARTESIAN_POINT('',(-3.425E0,4.1275E0,2.5E-1));
#3408=DIRECTION('',(-1.E0,0.E0,0.E0));
#3409=DIRECTION('',(0.E0,-1.E0,0.E0));
#3410=AXIS2_PLACEMENT_3D('',#3407,#3408,#3409);
#3411=ITEM_DEFINED_TRANSFORMATION('','',#3015,#3410);
#3412=(REPRESENTATION_RELATIONSHIP('','',#3016,#2454)REPRESENTATION_RELATIONSHIP_WITH_TRANSFORMATION(#3411)SHAPE_REPRESENTATION_RELATIONSHIP());
#3413=CONTEXT_DEPENDENT_SHAPE_REPRESENTATION(#3412,#3402);
#3416=CARTESIAN_POINT('centre point',(-3.540143026717E0,3.4925E0,
2.977177519013E-1));
#3420=CARTESIAN_POINT('',(-3.425E0,3.4925E0,2.5E-1));
#3421=DIRECTION('',(-1.E0,0.E0,0.E0));
#3422=DIRECTION('',(0.E0,-1.E0,0.E0));
#3423=AXIS2_PLACEMENT_3D('',#3420,#3421,#3422);
#3424=ITEM_DEFINED_TRANSFORMATION('','',#3015,#3423);
#3425=(REPRESENTATION_RELATIONSHIP('','',#3016,#2454)REPRESENTATION_RELATIONSHIP_WITH_TRANSFORMATION(#3424)SHAPE_REPRESENTATION_RELATIONSHIP());
#3426=CONTEXT_DEPENDENT_SHAPE_REPRESENTATION(#3425,#3415);
#3429=CARTESIAN_POINT('centre point',(-3.540143026717E0,2.8575E0,
2.977177519013E-1));
#3433=CARTESIAN_POINT('',(-3.425E0,2.8575E0,2.5E-1));
#3434=DIRECTION('',(-1.E0,0.E0,0.E0));
#3435=DIRECTION('',(0.E0,-1.E0,0.E0));
#3436=AXIS2_PLACEMENT_3D('',#3433,#3434,#3435);
#3437=ITEM_DEFINED_TRANSFORMATION('','',#3015,#3436);
#3438=(REPRESENTATION_RELATIONSHIP('','',#3016,#2454)REPRESENTATION_RELATIONSHIP_WITH_TRANSFORMATION(#3437)SHAPE_REPRESENTATION_RELATIONSHIP());
#3439=CONTEXT_DEPENDENT_SHAPE_REPRESENTATION(#3438,#3428);
#3442=CARTESIAN_POINT('centre point',(-3.540143026717E0,2.2225E0,
2.977177519013E-1));
#3446=CARTESIAN_POINT('',(-3.425E0,2.2225E0,2.5E-1));
#3447=DIRECTION('',(-1.E0,0.E0,0.E0));
#3448=DIRECTION('',(0.E0,-1.E0,0.E0));
#3449=AXIS2_PLACEMENT_3D('',#3446,#3447,#3448);
#3450=ITEM_DEFINED_TRANSFORMATION('','',#3015,#3449);
#3451=(REPRESENTATION_RELATIONSHIP('','',#3016,#2454)REPRESENTATION_RELATIONSHIP_WITH_TRANSFORMATION(#3450)SHAPE_REPRESENTATION_RELATIONSHIP());
#3452=CONTEXT_DEPENDENT_SHAPE_REPRESENTATION(#3451,#3441);
#3455=CARTESIAN_POINT('centre point',(-3.540143026717E0,1.5875E0,
2.977177519013E-1));
#3459=CARTESIAN_POINT('',(-3.425E0,1.5875E0,2.5E-1));
#3460=DIRECTION('',(-1.E0,0.E0,0.E0));
#3461=DIRECTION('',(0.E0,-1.E0,0.E0));
#3462=AXIS2_PLACEMENT_3D('',#3459,#3460,#3461);
#3463=ITEM_DEFINED_TRANSFORMATION('','',#3015,#3462);
#3464=(REPRESENTATION_RELATIONSHIP('','',#3016,#2454)REPRESENTATION_RELATIONSHIP_WITH_TRANSFORMATION(#3463)SHAPE_REPRESENTATION_RELATIONSHIP());
#3465=CONTEXT_DEPENDENT_SHAPE_REPRESENTATION(#3464,#3454);
#3468=CARTESIAN_POINT('centre point',(-3.540143026717E0,9.525E-1,
2.977177519013E-1));
#3472=CARTESIAN_POINT('',(-3.425E0,9.525E-1,2.5E-1));
#3473=DIRECTION('',(-1.E0,0.E0,0.E0));
#3474=DIRECTION('',(0.E0,-1.E0,0.E0));
#3475=AXIS2_PLACEMENT_3D('',#3472,#3473,#3474);
#3476=ITEM_DEFINED_TRANSFORMATION('','',#3015,#3475);
#3477=(REPRESENTATION_RELATIONSHIP('','',#3016,#2454)REPRESENTATION_RELATIONSHIP_WITH_TRANSFORMATION(#3476)SHAPE_REPRESENTATION_RELATIONSHIP());
#3478=CONTEXT_DEPENDENT_SHAPE_REPRESENTATION(#3477,#3467);
#3481=CARTESIAN_POINT('centre point',(-3.540143026717E0,3.175E-1,
2.977177519013E-1));
#3485=CARTESIAN_POINT('',(-3.425E0,3.175E-1,2.5E-1));
#3486=DIRECTION('',(-1.E0,0.E0,0.E0));
#3487=DIRECTION('',(0.E0,-1.E0,0.E0));
#3488=AXIS2_PLACEMENT_3D('',#3485,#3486,#3487);
#3489=ITEM_DEFINED_TRANSFORMATION('','',#3015,#3488);
#3490=(REPRESENTATION_RELATIONSHIP('','',#3016,#2454)REPRESENTATION_RELATIONSHIP_WITH_TRANSFORMATION(#3489)SHAPE_REPRESENTATION_RELATIONSHIP());
#3491=CONTEXT_DEPENDENT_SHAPE_REPRESENTATION(#3490,#3480);
#3494=CARTESIAN_POINT('centre point',(-3.540143026717E0,-3.175E-1,
2.977177519013E-1));
#3498=CARTESIAN_POINT('',(-3.425E0,-3.175E-1,2.5E-1));
#3499=DIRECTION('',(-1.E0,0.E0,0.E0));
#3500=DIRECTION('',(0.E0,-1.E0,0.E0));
#3501=AXIS2_PLACEMENT_3D('',#3498,#3499,#3500);
#3502=ITEM_DEFINED_TRANSFORMATION('','',#3015,#3501);
#3503=(REPRESENTATION_RELATIONSHIP('','',#3016,#2454)REPRESENTATION_RELATIONSHIP_WITH_TRANSFORMATION(#3502)SHAPE_REPRESENTATION_RELATIONSHIP());
#3504=CONTEXT_DEPENDENT_SHAPE_REPRESENTATION(#3503,#3493);
#3507=CARTESIAN_POINT('centre point',(-3.540143026717E0,-9.525E-1,
2.977177519013E-1));
#3511=CARTESIAN_POINT('',(-3.425E0,-9.525E-1,2.5E-1));
#3512=DIRECTION('',(-1.E0,0.E0,0.E0));
#3513=DIRECTION('',(0.E0,-1.E0,0.E0));
#3514=AXIS2_PLACEMENT_3D('',#3511,#3512,#3513);
#3515=ITEM_DEFINED_TRANSFORMATION('','',#3015,#3514);
#3516=(REPRESENTATION_RELATIONSHIP('','',#3016,#2454)REPRESENTATION_RELATIONSHIP_WITH_TRANSFORMATION(#3515)SHAPE_REPRESENTATION_RELATIONSHIP());
#3517=CONTEXT_DEPENDENT_SHAPE_REPRESENTATION(#3516,#3506);
#3520=CARTESIAN_POINT('centre point',(-3.540143026717E0,-1.5875E0,
2.977177519013E-1));
#3524=CARTESIAN_POINT('',(-3.425E0,-1.5875E0,2.5E-1));
#3525=DIRECTION('',(-1.E0,0.E0,0.E0));
#3526=DIRECTION('',(0.E0,-1.E0,0.E0));
#3527=AXIS2_PLACEMENT_3D('',#3524,#3525,#3526);
#3528=ITEM_DEFINED_TRANSFORMATION('','',#3015,#3527);
#3529=(REPRESENTATION_RELATIONSHIP('','',#3016,#2454)REPRESENTATION_RELATIONSHIP_WITH_TRANSFORMATION(#3528)SHAPE_REPRESENTATION_RELATIONSHIP());
#3530=CONTEXT_DEPENDENT_SHAPE_REPRESENTATION(#3529,#3519);
#3533=CARTESIAN_POINT('centre point',(-3.540143026717E0,-2.2225E0,
2.977177519013E-1));
#3537=CARTESIAN_POINT('',(-3.425E0,-2.2225E0,2.5E-1));
#3538=DIRECTION('',(-1.E0,0.E0,0.E0));
#3539=DIRECTION('',(0.E0,-1.E0,0.E0));
#3540=AXIS2_PLACEMENT_3D('',#3537,#3538,#3539);
#3541=ITEM_DEFINED_TRANSFORMATION('','',#3015,#3540);
#3542=(REPRESENTATION_RELATIONSHIP('','',#3016,#2454)REPRESENTATION_RELATIONSHIP_WITH_TRANSFORMATION(#3541)SHAPE_REPRESENTATION_RELATIONSHIP());
#3543=CONTEXT_DEPENDENT_SHAPE_REPRESENTATION(#3542,#3532);
#3546=CARTESIAN_POINT('centre point',(-3.540143026717E0,-2.8575E0,
2.977177519013E-1));
#3550=CARTESIAN_POINT('',(-3.425E0,-2.8575E0,2.5E-1));
#3551=DIRECTION('',(-1.E0,0.E0,0.E0));
#3552=DIRECTION('',(0.E0,-1.E0,0.E0));
#3553=AXIS2_PLACEMENT_3D('',#3550,#3551,#3552);
#3554=ITEM_DEFINED_TRANSFORMATION('','',#3015,#3553);
#3555=(REPRESENTATION_RELATIONSHIP('','',#3016,#2454)REPRESENTATION_RELATIONSHIP_WITH_TRANSFORMATION(#3554)SHAPE_REPRESENTATION_RELATIONSHIP());
#3556=CONTEXT_DEPENDENT_SHAPE_REPRESENTATION(#3555,#3545);
#3559=CARTESIAN_POINT('centre point',(-3.540143026717E0,-3.4925E0,
2.977177519013E-1));
#3563=CARTESIAN_POINT('',(-3.425E0,-3.4925E0,2.5E-1));
#3564=DIRECTION('',(-1.E0,0.E0,0.E0));
#3565=DIRECTION('',(0.E0,-1.E0,0.E0));
#3566=AXIS2_PLACEMENT_3D('',#3563,#3564,#3565);
#3567=ITEM_DEFINED_TRANSFORMATION('','',#3015,#3566);
#3568=(REPRESENTATION_RELATIONSHIP('','',#3016,#2454)REPRESENTATION_RELATIONSHIP_WITH_TRANSFORMATION(#3567)SHAPE_REPRESENTATION_RELATIONSHIP());
#3569=CONTEXT_DEPENDENT_SHAPE_REPRESENTATION(#3568,#3558);
#3572=CARTESIAN_POINT('centre point',(-3.540143026717E0,-4.1275E0,
2.977177519013E-1));
#3576=CARTESIAN_POINT('',(-3.425E0,-4.1275E0,2.5E-1));
#3577=DIRECTION('',(-1.E0,0.E0,0.E0));
#3578=DIRECTION('',(0.E0,-1.E0,0.E0));
#3579=AXIS2_PLACEMENT_3D('',#3576,#3577,#3578);
#3580=ITEM_DEFINED_TRANSFORMATION('','',#3015,#3579);
#3581=(REPRESENTATION_RELATIONSHIP('','',#3016,#2454)REPRESENTATION_RELATIONSHIP_WITH_TRANSFORMATION(#3580)SHAPE_REPRESENTATION_RELATIONSHIP());
#3582=CONTEXT_DEPENDENT_SHAPE_REPRESENTATION(#3581,#3571);
#3585=CARTESIAN_POINT('centre point',(-3.540143026717E0,-4.7625E0,
2.977177519013E-1));
#3589=CARTESIAN_POINT('',(-3.425E0,-4.7625E0,2.5E-1));
#3590=DIRECTION('',(-1.E0,0.E0,0.E0));
#3591=DIRECTION('',(0.E0,-1.E0,0.E0));
#3592=AXIS2_PLACEMENT_3D('',#3589,#3590,#3591);
#3593=ITEM_DEFINED_TRANSFORMATION('','',#3015,#3592);
#3594=(REPRESENTATION_RELATIONSHIP('','',#3016,#2454)REPRESENTATION_RELATIONSHIP_WITH_TRANSFORMATION(#3593)SHAPE_REPRESENTATION_RELATIONSHIP());
#3595=CONTEXT_DEPENDENT_SHAPE_REPRESENTATION(#3594,#3584);
#3598=CARTESIAN_POINT('centre point',(-3.540143026717E0,-5.3975E0,
2.977177519013E-1));
#3602=CARTESIAN_POINT('',(-3.425E0,-5.3975E0,2.5E-1));
#3603=DIRECTION('',(-1.E0,0.E0,0.E0));
#3604=DIRECTION('',(0.E0,-1.E0,0.E0));
#3605=AXIS2_PLACEMENT_3D('',#3602,#3603,#3604);
#3606=ITEM_DEFINED_TRANSFORMATION('','',#3015,#3605);
#3607=(REPRESENTATION_RELATIONSHIP('','',#3016,#2454)REPRESENTATION_RELATIONSHIP_WITH_TRANSFORMATION(#3606)SHAPE_REPRESENTATION_RELATIONSHIP());
#3608=CONTEXT_DEPENDENT_SHAPE_REPRESENTATION(#3607,#3597);
#3611=CARTESIAN_POINT('centre point',(-3.540143026717E0,-6.0325E0,
2.977177519013E-1));
#3615=CARTESIAN_POINT('',(-3.425E0,-6.0325E0,2.5E-1));
#3616=DIRECTION('',(-1.E0,0.E0,0.E0));
#3617=DIRECTION('',(0.E0,-1.E0,0.E0));
#3618=AXIS2_PLACEMENT_3D('',#3615,#3616,#3617);
#3619=ITEM_DEFINED_TRANSFORMATION('','',#3015,#3618);
#3620=(REPRESENTATION_RELATIONSHIP('','',#3016,#2454)REPRESENTATION_RELATIONSHIP_WITH_TRANSFORMATION(#3619)SHAPE_REPRESENTATION_RELATIONSHIP());
#3621=CONTEXT_DEPENDENT_SHAPE_REPRESENTATION(#3620,#3610);
#3624=CARTESIAN_POINT('centre point',(-3.540143026717E0,-6.6675E0,
2.977177519013E-1));
#3628=CARTESIAN_POINT('',(-3.425E0,-6.6675E0,2.5E-1));
#3629=DIRECTION('',(-1.E0,0.E0,0.E0));
#3630=DIRECTION('',(0.E0,-1.E0,0.E0));
#3631=AXIS2_PLACEMENT_3D('',#3628,#3629,#3630);
#3632=ITEM_DEFINED_TRANSFORMATION('','',#3015,#3631);
#3633=(REPRESENTATION_RELATIONSHIP('','',#3016,#2454)REPRESENTATION_RELATIONSHIP_WITH_TRANSFORMATION(#3632)SHAPE_REPRESENTATION_RELATIONSHIP());
#3634=CONTEXT_DEPENDENT_SHAPE_REPRESENTATION(#3633,#3623);
#3636=DIRECTION('',(0.E0,0.E0,1.E0));
#3637=VECTOR('',#3636,1.77E0);
#3638=CARTESIAN_POINT('',(-3.505E0,0.E0,-2.07E0));
#3639=LINE('',#3638,#3637);
#3640=CURVE_STYLE('',#47,POSITIVE_LENGTH_MEASURE(2.E-2),#22);
#3641=PRESENTATION_STYLE_ASSIGNMENT((#3640));
#3642=STYLED_ITEM('',(#3641),#3639);
#3643=DIRECTION('',(1.E0,0.E0,0.E0));
#3644=VECTOR('',#3643,1.3E-1);
#3645=CARTESIAN_POINT('',(-3.635E0,0.E0,-3.E-1));
#3646=LINE('',#3645,#3644);
#3647=CURVE_STYLE('',#47,POSITIVE_LENGTH_MEASURE(2.E-2),#22);
#3648=PRESENTATION_STYLE_ASSIGNMENT((#3647));
#3649=STYLED_ITEM('',(#3648),#3646);
#3650=DIRECTION('',(0.E0,0.E0,-1.E0));
#3651=VECTOR('',#3650,6.E-1);
#3652=CARTESIAN_POINT('',(-3.635E0,0.E0,3.E-1));
#3653=LINE('',#3652,#3651);
#3654=CURVE_STYLE('',#47,POSITIVE_LENGTH_MEASURE(2.E-2),#22);
#3655=PRESENTATION_STYLE_ASSIGNMENT((#3654));
#3656=STYLED_ITEM('',(#3655),#3653);
#3657=DIRECTION('',(-1.E0,0.E0,0.E0));
#3658=VECTOR('',#3657,1.3E-1);
#3659=CARTESIAN_POINT('',(-3.505E0,0.E0,3.E-1));
#3660=LINE('',#3659,#3658);
#3661=CURVE_STYLE('',#47,POSITIVE_LENGTH_MEASURE(2.E-2),#22);
#3662=PRESENTATION_STYLE_ASSIGNMENT((#3661));
#3663=STYLED_ITEM('',(#3662),#3660);
#3664=DIRECTION('',(0.E0,0.E0,1.E0));
#3665=VECTOR('',#3664,1.77E0);
#3666=CARTESIAN_POINT('',(-3.505E0,0.E0,3.E-1));
#3667=LINE('',#3666,#3665);
#3668=CURVE_STYLE('',#47,POSITIVE_LENGTH_MEASURE(2.E-2),#22);
#3669=PRESENTATION_STYLE_ASSIGNMENT((#3668));
#3670=STYLED_ITEM('',(#3669),#3667);
#3671=DIRECTION('',(1.E0,0.E0,0.E0));
#3672=VECTOR('',#3671,7.01E0);
#3673=CARTESIAN_POINT('',(-3.505E0,0.E0,2.07E0));
#3674=LINE('',#3673,#3672);
#3675=CURVE_STYLE('',#47,POSITIVE_LENGTH_MEASURE(2.E-2),#22);
#3676=PRESENTATION_STYLE_ASSIGNMENT((#3675));
#3677=STYLED_ITEM('',(#3676),#3674);
#3678=DIRECTION('',(0.E0,0.E0,-1.E0));
#3679=VECTOR('',#3678,1.77E0);
#3680=CARTESIAN_POINT('',(3.505E0,0.E0,2.07E0));
#3681=LINE('',#3680,#3679);
#3682=CURVE_STYLE('',#47,POSITIVE_LENGTH_MEASURE(2.E-2),#22);
#3683=PRESENTATION_STYLE_ASSIGNMENT((#3682));
#3684=STYLED_ITEM('',(#3683),#3681);
#3685=DIRECTION('',(1.E0,0.E0,0.E0));
#3686=VECTOR('',#3685,1.3E-1);
#3687=CARTESIAN_POINT('',(3.505E0,0.E0,3.E-1));
#3688=LINE('',#3687,#3686);
#3689=CURVE_STYLE('',#47,POSITIVE_LENGTH_MEASURE(2.E-2),#22);
#3690=PRESENTATION_STYLE_ASSIGNMENT((#3689));
#3691=STYLED_ITEM('',(#3690),#3688);
#3692=DIRECTION('',(0.E0,0.E0,-1.E0));
#3693=VECTOR('',#3692,6.E-1);
#3694=CARTESIAN_POINT('',(3.635E0,0.E0,3.E-1));
#3695=LINE('',#3694,#3693);
#3696=CURVE_STYLE('',#47,POSITIVE_LENGTH_MEASURE(2.E-2),#22);
#3697=PRESENTATION_STYLE_ASSIGNMENT((#3696));
#3698=STYLED_ITEM('',(#3697),#3695);
#3699=DIRECTION('',(-1.E0,0.E0,0.E0));
#3700=VECTOR('',#3699,1.3E-1);
#3701=CARTESIAN_POINT('',(3.635E0,0.E0,-3.E-1));
#3702=LINE('',#3701,#3700);
#3703=CURVE_STYLE('',#47,POSITIVE_LENGTH_MEASURE(2.E-2),#22);
#3704=PRESENTATION_STYLE_ASSIGNMENT((#3703));
#3705=STYLED_ITEM('',(#3704),#3702);
#3706=DIRECTION('',(0.E0,0.E0,-1.E0));
#3707=VECTOR('',#3706,1.77E0);
#3708=CARTESIAN_POINT('',(3.505E0,0.E0,-3.E-1));
#3709=LINE('',#3708,#3707);
#3710=CURVE_STYLE('',#47,POSITIVE_LENGTH_MEASURE(2.E-2),#22);
#3711=PRESENTATION_STYLE_ASSIGNMENT((#3710));
#3712=STYLED_ITEM('',(#3711),#3709);
#3713=DIRECTION('',(-1.E0,0.E0,0.E0));
#3714=VECTOR('',#3713,7.01E0);
#3715=CARTESIAN_POINT('',(3.505E0,0.E0,-2.07E0));
#3716=LINE('',#3715,#3714);
#3717=CURVE_STYLE('',#47,POSITIVE_LENGTH_MEASURE(2.E-2),#22);
#3718=PRESENTATION_STYLE_ASSIGNMENT((#3717));
#3719=STYLED_ITEM('',(#3718),#3716);
#3720=DIRECTION('',(0.E0,1.E0,0.E0));
#3721=VECTOR('',#3720,1.5E-1);
#3722=CARTESIAN_POINT('',(-3.505E0,0.E0,3.E-1));
#3723=LINE('',#3722,#3721);
#3724=CURVE_STYLE('',#47,POSITIVE_LENGTH_MEASURE(2.E-2),#22);
#3725=PRESENTATION_STYLE_ASSIGNMENT((#3724));
#3726=STYLED_ITEM('',(#3725),#3723);
#3727=DIRECTION('',(0.E0,1.E0,0.E0));
#3728=VECTOR('',#3727,1.5E-1);
#3729=CARTESIAN_POINT('',(-3.505E0,0.E0,-3.E-1));
#3730=LINE('',#3729,#3728);
#3731=CURVE_STYLE('',#47,POSITIVE_LENGTH_MEASURE(2.E-2),#22);
#3732=PRESENTATION_STYLE_ASSIGNMENT((#3731));
#3733=STYLED_ITEM('',(#3732),#3730);
#3734=DIRECTION('',(0.E0,1.E0,0.E0));
#3735=VECTOR('',#3734,1.5E-1);
#3736=CARTESIAN_POINT('',(-3.505E0,0.E0,-2.07E0));
#3737=LINE('',#3736,#3735);
#3738=CURVE_STYLE('',#47,POSITIVE_LENGTH_MEASURE(2.E-2),#22);
#3739=PRESENTATION_STYLE_ASSIGNMENT((#3738));
#3740=STYLED_ITEM('',(#3739),#3737);
#3741=DIRECTION('',(0.E0,1.E0,0.E0));
#3742=VECTOR('',#3741,1.5E-1);
#3743=CARTESIAN_POINT('',(-3.635E0,0.E0,3.E-1));
#3744=LINE('',#3743,#3742);
#3745=CURVE_STYLE('',#47,POSITIVE_LENGTH_MEASURE(2.E-2),#22);
#3746=PRESENTATION_STYLE_ASSIGNMENT((#3745));
#3747=STYLED_ITEM('',(#3746),#3744);
#3748=DIRECTION('',(0.E0,1.E0,0.E0));
#3749=VECTOR('',#3748,1.5E-1);
#3750=CARTESIAN_POINT('',(-3.635E0,0.E0,-3.E-1));
#3751=LINE('',#3750,#3749);
#3752=CURVE_STYLE('',#47,POSITIVE_LENGTH_MEASURE(2.E-2),#22);
#3753=PRESENTATION_STYLE_ASSIGNMENT((#3752));
#3754=STYLED_ITEM('',(#3753),#3751);
#3755=DIRECTION('',(0.E0,0.E0,1.E0));
#3756=VECTOR('',#3755,1.77E0);
#3757=CARTESIAN_POINT('',(-3.505E0,1.5E-1,3.E-1));
#3758=LINE('',#3757,#3756);
#3759=CURVE_STYLE('',#47,POSITIVE_LENGTH_MEASURE(2.E-2),#22);
#3760=PRESENTATION_STYLE_ASSIGNMENT((#3759));
#3761=STYLED_ITEM('',(#3760),#3758);
#3762=DIRECTION('',(-1.E0,0.E0,0.E0));
#3763=VECTOR('',#3762,1.3E-1);
#3764=CARTESIAN_POINT('',(-3.505E0,1.5E-1,3.E-1));
#3765=LINE('',#3764,#3763);
#3766=CURVE_STYLE('',#47,POSITIVE_LENGTH_MEASURE(2.E-2),#22);
#3767=PRESENTATION_STYLE_ASSIGNMENT((#3766));
#3768=STYLED_ITEM('',(#3767),#3765);
#3769=DIRECTION('',(0.E0,0.E0,-1.E0));
#3770=VECTOR('',#3769,6.E-1);
#3771=CARTESIAN_POINT('',(-3.635E0,1.5E-1,3.E-1));
#3772=LINE('',#3771,#3770);
#3773=CURVE_STYLE('',#47,POSITIVE_LENGTH_MEASURE(2.E-2),#22);
#3774=PRESENTATION_STYLE_ASSIGNMENT((#3773));
#3775=STYLED_ITEM('',(#3774),#3772);
#3776=DIRECTION('',(1.E0,0.E0,0.E0));
#3777=VECTOR('',#3776,1.3E-1);
#3778=CARTESIAN_POINT('',(-3.635E0,1.5E-1,-3.E-1));
#3779=LINE('',#3778,#3777);
#3780=CURVE_STYLE('',#47,POSITIVE_LENGTH_MEASURE(2.E-2),#22);
#3781=PRESENTATION_STYLE_ASSIGNMENT((#3780));
#3782=STYLED_ITEM('',(#3781),#3779);
#3783=DIRECTION('',(0.E0,0.E0,1.E0));
#3784=VECTOR('',#3783,1.77E0);
#3785=CARTESIAN_POINT('',(-3.505E0,1.5E-1,-2.07E0));
#3786=LINE('',#3785,#3784);
#3787=CURVE_STYLE('',#47,POSITIVE_LENGTH_MEASURE(2.E-2),#22);
#3788=PRESENTATION_STYLE_ASSIGNMENT((#3787));
#3789=STYLED_ITEM('',(#3788),#3786);
#3790=DIRECTION('',(-1.E0,0.E0,0.E0));
#3791=VECTOR('',#3790,7.01E0);
#3792=CARTESIAN_POINT('',(3.505E0,1.5E-1,-2.07E0));
#3793=LINE('',#3792,#3791);
#3794=CURVE_STYLE('',#47,POSITIVE_LENGTH_MEASURE(2.E-2),#22);
#3795=PRESENTATION_STYLE_ASSIGNMENT((#3794));
#3796=STYLED_ITEM('',(#3795),#3793);
#3797=DIRECTION('',(0.E0,0.E0,-1.E0));
#3798=VECTOR('',#3797,1.77E0);
#3799=CARTESIAN_POINT('',(3.505E0,1.5E-1,-3.E-1));
#3800=LINE('',#3799,#3798);
#3801=CURVE_STYLE('',#47,POSITIVE_LENGTH_MEASURE(2.E-2),#22);
#3802=PRESENTATION_STYLE_ASSIGNMENT((#3801));
#3803=STYLED_ITEM('',(#3802),#3800);
#3804=DIRECTION('',(-1.E0,0.E0,0.E0));
#3805=VECTOR('',#3804,1.3E-1);
#3806=CARTESIAN_POINT('',(3.635E0,1.5E-1,-3.E-1));
#3807=LINE('',#3806,#3805);
#3808=CURVE_STYLE('',#47,POSITIVE_LENGTH_MEASURE(2.E-2),#22);
#3809=PRESENTATION_STYLE_ASSIGNMENT((#3808));
#3810=STYLED_ITEM('',(#3809),#3807);
#3811=DIRECTION('',(0.E0,0.E0,-1.E0));
#3812=VECTOR('',#3811,6.E-1);
#3813=CARTESIAN_POINT('',(3.635E0,1.5E-1,3.E-1));
#3814=LINE('',#3813,#3812);
#3815=CURVE_STYLE('',#47,POSITIVE_LENGTH_MEASURE(2.E-2),#22);
#3816=PRESENTATION_STYLE_ASSIGNMENT((#3815));
#3817=STYLED_ITEM('',(#3816),#3814);
#3818=DIRECTION('',(1.E0,0.E0,0.E0));
#3819=VECTOR('',#3818,1.3E-1);
#3820=CARTESIAN_POINT('',(3.505E0,1.5E-1,3.E-1));
#3821=LINE('',#3820,#3819);
#3822=CURVE_STYLE('',#47,POSITIVE_LENGTH_MEASURE(2.E-2),#22);
#3823=PRESENTATION_STYLE_ASSIGNMENT((#3822));
#3824=STYLED_ITEM('',(#3823),#3821);
#3825=DIRECTION('',(0.E0,0.E0,-1.E0));
#3826=VECTOR('',#3825,1.77E0);
#3827=CARTESIAN_POINT('',(3.505E0,1.5E-1,2.07E0));
#3828=LINE('',#3827,#3826);
#3829=CURVE_STYLE('',#47,POSITIVE_LENGTH_MEASURE(2.E-2),#22);
#3830=PRESENTATION_STYLE_ASSIGNMENT((#3829));
#3831=STYLED_ITEM('',(#3830),#3828);
#3832=DIRECTION('',(1.E0,0.E0,0.E0));
#3833=VECTOR('',#3832,7.01E0);
#3834=CARTESIAN_POINT('',(-3.505E0,1.5E-1,2.07E0));
#3835=LINE('',#3834,#3833);
#3836=CURVE_STYLE('',#47,POSITIVE_LENGTH_MEASURE(2.E-2),#22);
#3837=PRESENTATION_STYLE_ASSIGNMENT((#3836));
#3838=STYLED_ITEM('',(#3837),#3835);
#3839=DIRECTION('',(0.E0,1.E0,0.E0));
#3840=VECTOR('',#3839,1.5E-1);
#3841=CARTESIAN_POINT('',(3.505E0,0.E0,-2.07E0));
#3842=LINE('',#3841,#3840);
#3843=CURVE_STYLE('',#47,POSITIVE_LENGTH_MEASURE(2.E-2),#22);
#3844=PRESENTATION_STYLE_ASSIGNMENT((#3843));
#3845=STYLED_ITEM('',(#3844),#3842);
#3846=DIRECTION('',(0.E0,1.E0,0.E0));
#3847=VECTOR('',#3846,1.5E-1);
#3848=CARTESIAN_POINT('',(3.505E0,0.E0,3.E-1));
#3849=LINE('',#3848,#3847);
#3850=CURVE_STYLE('',#47,POSITIVE_LENGTH_MEASURE(2.E-2),#22);
#3851=PRESENTATION_STYLE_ASSIGNMENT((#3850));
#3852=STYLED_ITEM('',(#3851),#3849);
#3853=DIRECTION('',(0.E0,1.E0,0.E0));
#3854=VECTOR('',#3853,1.5E-1);
#3855=CARTESIAN_POINT('',(3.505E0,0.E0,2.07E0));
#3856=LINE('',#3855,#3854);
#3857=CURVE_STYLE('',#47,POSITIVE_LENGTH_MEASURE(2.E-2),#22);
#3858=PRESENTATION_STYLE_ASSIGNMENT((#3857));
#3859=STYLED_ITEM('',(#3858),#3856);
#3860=DIRECTION('',(0.E0,1.E0,0.E0));
#3861=VECTOR('',#3860,1.5E-1);
#3862=CARTESIAN_POINT('',(3.505E0,0.E0,-3.E-1));
#3863=LINE('',#3862,#3861);
#3864=CURVE_STYLE('',#47,POSITIVE_LENGTH_MEASURE(2.E-2),#22);
#3865=PRESENTATION_STYLE_ASSIGNMENT((#3864));
#3866=STYLED_ITEM('',(#3865),#3863);
#3867=DIRECTION('',(0.E0,1.E0,0.E0));
#3868=VECTOR('',#3867,1.5E-1);
#3869=CARTESIAN_POINT('',(3.635E0,0.E0,3.E-1));
#3870=LINE('',#3869,#3868);
#3871=CURVE_STYLE('',#47,POSITIVE_LENGTH_MEASURE(2.E-2),#22);
#3872=PRESENTATION_STYLE_ASSIGNMENT((#3871));
#3873=STYLED_ITEM('',(#3872),#3870);
#3874=DIRECTION('',(0.E0,1.E0,0.E0));
#3875=VECTOR('',#3874,1.5E-1);
#3876=CARTESIAN_POINT('',(3.635E0,0.E0,-3.E-1));
#3877=LINE('',#3876,#3875);
#3878=CURVE_STYLE('',#47,POSITIVE_LENGTH_MEASURE(2.E-2),#22);
#3879=PRESENTATION_STYLE_ASSIGNMENT((#3878));
#3880=STYLED_ITEM('',(#3879),#3877);
#3881=DIRECTION('',(0.E0,1.E0,0.E0));
#3882=VECTOR('',#3881,1.5E-1);
#3883=CARTESIAN_POINT('',(-3.505E0,0.E0,2.07E0));
#3884=LINE('',#3883,#3882);
#3885=CURVE_STYLE('',#47,POSITIVE_LENGTH_MEASURE(2.E-2),#22);
#3886=PRESENTATION_STYLE_ASSIGNMENT((#3885));
#3887=STYLED_ITEM('',(#3886),#3884);
#3888=CARTESIAN_POINT('',(-3.505E0,0.E0,2.07E0));
#3889=CARTESIAN_POINT('',(3.505E0,0.E0,2.07E0));
#3890=VERTEX_POINT('',#3888);
#3891=VERTEX_POINT('',#3889);
#3892=CARTESIAN_POINT('',(3.505E0,0.E0,-2.07E0));
#3893=CARTESIAN_POINT('',(-3.505E0,0.E0,-2.07E0));
#3894=VERTEX_POINT('',#3892);
#3895=VERTEX_POINT('',#3893);
#3896=CARTESIAN_POINT('',(-3.505E0,1.5E-1,2.07E0));
#3897=CARTESIAN_POINT('',(3.505E0,1.5E-1,2.07E0));
#3898=VERTEX_POINT('',#3896);
#3899=VERTEX_POINT('',#3897);
#3900=CARTESIAN_POINT('',(3.505E0,1.5E-1,-2.07E0));
#3901=CARTESIAN_POINT('',(-3.505E0,1.5E-1,-2.07E0));
#3902=VERTEX_POINT('',#3900);
#3903=VERTEX_POINT('',#3901);
#3904=CARTESIAN_POINT('',(3.635E0,0.E0,3.E-1));
#3905=CARTESIAN_POINT('',(3.635E0,0.E0,-3.E-1));
#3906=VERTEX_POINT('',#3904);
#3907=VERTEX_POINT('',#3905);
#3908=CARTESIAN_POINT('',(3.635E0,1.5E-1,3.E-1));
#3909=CARTESIAN_POINT('',(3.635E0,1.5E-1,-3.E-1));
#3910=VERTEX_POINT('',#3908);
#3911=VERTEX_POINT('',#3909);
#3912=CARTESIAN_POINT('',(3.505E0,0.E0,3.E-1));
#3913=VERTEX_POINT('',#3912);
#3914=CARTESIAN_POINT('',(3.505E0,0.E0,-3.E-1));
#3915=VERTEX_POINT('',#3914);
#3916=CARTESIAN_POINT('',(3.505E0,1.5E-1,3.E-1));
#3917=VERTEX_POINT('',#3916);
#3918=CARTESIAN_POINT('',(3.505E0,1.5E-1,-3.E-1));
#3919=VERTEX_POINT('',#3918);
#3920=CARTESIAN_POINT('',(-3.635E0,0.E0,3.E-1));
#3921=CARTESIAN_POINT('',(-3.635E0,0.E0,-3.E-1));
#3922=VERTEX_POINT('',#3920);
#3923=VERTEX_POINT('',#3921);
#3924=CARTESIAN_POINT('',(-3.635E0,1.5E-1,3.E-1));
#3925=CARTESIAN_POINT('',(-3.635E0,1.5E-1,-3.E-1));
#3926=VERTEX_POINT('',#3924);
#3927=VERTEX_POINT('',#3925);
#3928=CARTESIAN_POINT('',(-3.505E0,0.E0,3.E-1));
#3929=VERTEX_POINT('',#3928);
#3930=CARTESIAN_POINT('',(-3.505E0,0.E0,-3.E-1));
#3931=VERTEX_POINT('',#3930);
#3932=CARTESIAN_POINT('',(-3.505E0,1.5E-1,3.E-1));
#3933=VERTEX_POINT('',#3932);
#3934=CARTESIAN_POINT('',(-3.505E0,1.5E-1,-3.E-1));
#3935=VERTEX_POINT('',#3934);
#3936=CARTESIAN_POINT('',(0.E0,0.E0,0.E0));
#3937=DIRECTION('',(0.E0,1.E0,0.E0));
#3938=DIRECTION('',(1.E0,0.E0,0.E0));
#3939=AXIS2_PLACEMENT_3D('',#3936,#3937,#3938);
#3940=PLANE('',#3939);
#3942=ORIENTED_EDGE('',*,*,#3941,.T.);
#3944=ORIENTED_EDGE('',*,*,#3943,.F.);
#3946=ORIENTED_EDGE('',*,*,#3945,.F.);
#3948=ORIENTED_EDGE('',*,*,#3947,.F.);
#3950=ORIENTED_EDGE('',*,*,#3949,.T.);
#3952=ORIENTED_EDGE('',*,*,#3951,.T.);
#3954=ORIENTED_EDGE('',*,*,#3953,.T.);
#3956=ORIENTED_EDGE('',*,*,#3955,.T.);
#3958=ORIENTED_EDGE('',*,*,#3957,.T.);
#3960=ORIENTED_EDGE('',*,*,#3959,.T.);
#3962=ORIENTED_EDGE('',*,*,#3961,.T.);
#3964=ORIENTED_EDGE('',*,*,#3963,.T.);
#3965=EDGE_LOOP('',(#3942,#3944,#3946,#3948,#3950,#3952,#3954,#3956,#3958,#3960,
#3962,#3964));
#3966=FACE_OUTER_BOUND('',#3965,.F.);
#3968=CARTESIAN_POINT('',(-3.505E0,0.E0,-2.07E0));
#3969=DIRECTION('',(-1.E0,0.E0,0.E0));
#3970=DIRECTION('',(0.E0,0.E0,1.E0));
#3971=AXIS2_PLACEMENT_3D('',#3968,#3969,#3970);
#3972=PLANE('',#3971);
#3974=ORIENTED_EDGE('',*,*,#3973,.T.);
#3976=ORIENTED_EDGE('',*,*,#3975,.T.);
#3978=ORIENTED_EDGE('',*,*,#3977,.F.);
#3979=ORIENTED_EDGE('',*,*,#3949,.F.);
#3980=EDGE_LOOP('',(#3974,#3976,#3978,#3979));
#3981=FACE_OUTER_BOUND('',#3980,.F.);
#3983=CARTESIAN_POINT('',(-3.505E0,0.E0,-2.07E0));
#3984=DIRECTION('',(-1.E0,0.E0,0.E0));
#3985=DIRECTION('',(0.E0,0.E0,1.E0));
#3986=AXIS2_PLACEMENT_3D('',#3983,#3984,#3985);
#3987=PLANE('',#3986);
#3989=ORIENTED_EDGE('',*,*,#3988,.F.);
#3990=ORIENTED_EDGE('',*,*,#3941,.F.);
#3992=ORIENTED_EDGE('',*,*,#3991,.T.);
#3994=ORIENTED_EDGE('',*,*,#3993,.T.);
#3995=EDGE_LOOP('',(#3989,#3990,#3992,#3994));
#3996=FACE_OUTER_BOUND('',#3995,.F.);
#3998=CARTESIAN_POINT('',(-3.505E0,0.E0,3.E-1));
#3999=DIRECTION('',(0.E0,0.E0,-1.E0));
#4000=DIRECTION('',(-1.E0,0.E0,0.E0));
#4001=AXIS2_PLACEMENT_3D('',#3998,#3999,#4000);
#4002=PLANE('',#4001);
#4003=ORIENTED_EDGE('',*,*,#3947,.T.);
#4005=ORIENTED_EDGE('',*,*,#4004,.T.);
#4007=ORIENTED_EDGE('',*,*,#4006,.F.);
#4008=ORIENTED_EDGE('',*,*,#3973,.F.);
#4009=EDGE_LOOP('',(#4003,#4005,#4007,#4008));
#4010=FACE_OUTER_BOUND('',#4009,.F.);
#4012=CARTESIAN_POINT('',(-3.635E0,0.E0,3.E-1));
#4013=DIRECTION('',(1.E0,0.E0,0.E0));
#4014=DIRECTION('',(0.E0,0.E0,-1.E0));
#4015=AXIS2_PLACEMENT_3D('',#4012,#4013,#4014);
#4016=PLANE('',#4015);
#4017=ORIENTED_EDGE('',*,*,#3945,.T.);
#4019=ORIENTED_EDGE('',*,*,#4018,.T.);
#4021=ORIENTED_EDGE('',*,*,#4020,.F.);
#4022=ORIENTED_EDGE('',*,*,#4004,.F.);
#4023=EDGE_LOOP('',(#4017,#4019,#4021,#4022));
#4024=FACE_OUTER_BOUND('',#4023,.F.);
#4026=CARTESIAN_POINT('',(-3.635E0,0.E0,-3.E-1));
#4027=DIRECTION('',(0.E0,0.E0,1.E0));
#4028=DIRECTION('',(1.E0,0.E0,0.E0));
#4029=AXIS2_PLACEMENT_3D('',#4026,#4027,#4028);
#4030=PLANE('',#4029);
#4031=ORIENTED_EDGE('',*,*,#3943,.T.);
#4032=ORIENTED_EDGE('',*,*,#3988,.T.);
#4034=ORIENTED_EDGE('',*,*,#4033,.F.);
#4035=ORIENTED_EDGE('',*,*,#4018,.F.);
#4036=EDGE_LOOP('',(#4031,#4032,#4034,#4035));
#4037=FACE_OUTER_BOUND('',#4036,.F.);
#4039=CARTESIAN_POINT('',(0.E0,1.5E-1,0.E0));
#4040=DIRECTION('',(0.E0,1.E0,0.E0));
#4041=DIRECTION('',(1.E0,0.E0,0.E0));
#4042=AXIS2_PLACEMENT_3D('',#4039,#4040,#4041);
#4043=PLANE('',#4042);
#4044=ORIENTED_EDGE('',*,*,#3975,.F.);
#4045=ORIENTED_EDGE('',*,*,#4006,.T.);
#4046=ORIENTED_EDGE('',*,*,#4020,.T.);
#4047=ORIENTED_EDGE('',*,*,#4033,.T.);
#4048=ORIENTED_EDGE('',*,*,#3993,.F.);
#4050=ORIENTED_EDGE('',*,*,#4049,.F.);
#4052=ORIENTED_EDGE('',*,*,#4051,.F.);
#4054=ORIENTED_EDGE('',*,*,#4053,.F.);
#4056=ORIENTED_EDGE('',*,*,#4055,.F.);
#4058=ORIENTED_EDGE('',*,*,#4057,.F.);
#4060=ORIENTED_EDGE('',*,*,#4059,.F.);
#4062=ORIENTED_EDGE('',*,*,#4061,.F.);
#4063=EDGE_LOOP('',(#4044,#4045,#4046,#4047,#4048,#4050,#4052,#4054,#4056,#4058,
#4060,#4062));
#4064=FACE_OUTER_BOUND('',#4063,.F.);
#4066=CARTESIAN_POINT('',(3.505E0,0.E0,-2.07E0));
#4067=DIRECTION('',(0.E0,0.E0,-1.E0));
#4068=DIRECTION('',(-1.E0,0.E0,0.E0));
#4069=AXIS2_PLACEMENT_3D('',#4066,#4067,#4068);
#4070=PLANE('',#4069);
#4071=ORIENTED_EDGE('',*,*,#3963,.F.);
#4073=ORIENTED_EDGE('',*,*,#4072,.T.);
#4074=ORIENTED_EDGE('',*,*,#4049,.T.);
#4075=ORIENTED_EDGE('',*,*,#3991,.F.);
#4076=EDGE_LOOP('',(#4071,#4073,#4074,#4075));
#4077=FACE_OUTER_BOUND('',#4076,.F.);
#4079=CARTESIAN_POINT('',(3.505E0,0.E0,2.07E0));
#4080=DIRECTION('',(1.E0,0.E0,0.E0));
#4081=DIRECTION('',(0.E0,0.E0,-1.E0));
#4082=AXIS2_PLACEMENT_3D('',#4079,#4080,#4081);
#4083=PLANE('',#4082);
#4085=ORIENTED_EDGE('',*,*,#4084,.F.);
#4086=ORIENTED_EDGE('',*,*,#3953,.F.);
#4088=ORIENTED_EDGE('',*,*,#4087,.T.);
#4089=ORIENTED_EDGE('',*,*,#4059,.T.);
#4090=EDGE_LOOP('',(#4085,#4086,#4088,#4089));
#4091=FACE_OUTER_BOUND('',#4090,.F.);
#4093=CARTESIAN_POINT('',(3.505E0,0.E0,2.07E0));
#4094=DIRECTION('',(1.E0,0.E0,0.E0));
#4095=DIRECTION('',(0.E0,0.E0,-1.E0));
#4096=AXIS2_PLACEMENT_3D('',#4093,#4094,#4095);
#4097=PLANE('',#4096);
#4099=ORIENTED_EDGE('',*,*,#4098,.T.);
#4100=ORIENTED_EDGE('',*,*,#4051,.T.);
#4101=ORIENTED_EDGE('',*,*,#4072,.F.);
#4102=ORIENTED_EDGE('',*,*,#3961,.F.);
#4103=EDGE_LOOP('',(#4099,#4100,#4101,#4102));
#4104=FACE_OUTER_BOUND('',#4103,.F.);
#4106=CARTESIAN_POINT('',(3.505E0,0.E0,3.E-1));
#4107=DIRECTION('',(0.E0,0.E0,1.E0));
#4108=DIRECTION('',(1.E0,0.E0,0.E0));
#4109=AXIS2_PLACEMENT_3D('',#4106,#4107,#4108);
#4110=PLANE('',#4109);
#4111=ORIENTED_EDGE('',*,*,#3955,.F.);
#4112=ORIENTED_EDGE('',*,*,#4084,.T.);
#4113=ORIENTED_EDGE('',*,*,#4057,.T.);
#4115=ORIENTED_EDGE('',*,*,#4114,.F.);
#4116=EDGE_LOOP('',(#4111,#4112,#4113,#4115));
#4117=FACE_OUTER_BOUND('',#4116,.F.);
#4119=CARTESIAN_POINT('',(3.635E0,0.E0,3.E-1));
#4120=DIRECTION('',(1.E0,0.E0,0.E0));
#4121=DIRECTION('',(0.E0,0.E0,-1.E0));
#4122=AXIS2_PLACEMENT_3D('',#4119,#4120,#4121);
#4123=PLANE('',#4122);
#4124=ORIENTED_EDGE('',*,*,#3957,.F.);
#4125=ORIENTED_EDGE('',*,*,#4114,.T.);
#4126=ORIENTED_EDGE('',*,*,#4055,.T.);
#4128=ORIENTED_EDGE('',*,*,#4127,.F.);
#4129=EDGE_LOOP('',(#4124,#4125,#4126,#4128));
#4130=FACE_OUTER_BOUND('',#4129,.F.);
#4132=CARTESIAN_POINT('',(3.635E0,0.E0,-3.E-1));
#4133=DIRECTION('',(0.E0,0.E0,-1.E0));
#4134=DIRECTION('',(-1.E0,0.E0,0.E0));
#4135=AXIS2_PLACEMENT_3D('',#4132,#4133,#4134);
#4136=PLANE('',#4135);
#4137=ORIENTED_EDGE('',*,*,#3959,.F.);
#4138=ORIENTED_EDGE('',*,*,#4127,.T.);
#4139=ORIENTED_EDGE('',*,*,#4053,.T.);
#4140=ORIENTED_EDGE('',*,*,#4098,.F.);
#4141=EDGE_LOOP('',(#4137,#4138,#4139,#4140));
#4142=FACE_OUTER_BOUND('',#4141,.F.);
#4144=CARTESIAN_POINT('',(-3.505E0,0.E0,2.07E0));
#4145=DIRECTION('',(0.E0,0.E0,1.E0));
#4146=DIRECTION('',(1.E0,0.E0,0.E0));
#4147=AXIS2_PLACEMENT_3D('',#4144,#4145,#4146);
#4148=PLANE('',#4147);
#4149=ORIENTED_EDGE('',*,*,#3951,.F.);
#4150=ORIENTED_EDGE('',*,*,#3977,.T.);
#4151=ORIENTED_EDGE('',*,*,#4061,.T.);
#4152=ORIENTED_EDGE('',*,*,#4087,.F.);
#4153=EDGE_LOOP('',(#4149,#4150,#4151,#4152));
#4154=FACE_OUTER_BOUND('',#4153,.F.);
#4156=CLOSED_SHELL('',(#3967,#3982,#3997,#4011,#4025,#4038,#4065,#4078,#4092,
#4105,#4118,#4131,#4143,#4155));
#4157=MANIFOLD_SOLID_BREP('',#4156);
#4158=FILL_AREA_STYLE_COLOUR('',#22);
#4159=FILL_AREA_STYLE('',(#4158));
#4160=SURFACE_STYLE_FILL_AREA(#4159);
#4161=SURFACE_SIDE_STYLE('',(#4160));
#4162=SURFACE_STYLE_USAGE(.BOTH.,#4161);
#4163=PRESENTATION_STYLE_ASSIGNMENT((#4162));
#3635=STYLED_ITEM('',(#4163),#4157);
#4166=PLANE_ANGLE_MEASURE_WITH_UNIT(PLANE_ANGLE_MEASURE(1.745329251994E-2),
#4165);
#4167=(CONVERSION_BASED_UNIT('DEGREE',#4166)NAMED_UNIT(*)PLANE_ANGLE_UNIT());
#4169=UNCERTAINTY_MEASURE_WITH_UNIT(LENGTH_MEASURE(8.954999790807E-4),#4164,
'distance_accuracy_value',
'Maximum model space distance between geometric entities at asserted connectivities');
#4171=CARTESIAN_POINT('',(0.E0,0.E0,0.E0));
#4172=DIRECTION('',(0.E0,0.E0,1.E0));
#4173=DIRECTION('',(1.E0,0.E0,0.E0));
#4176=PRODUCT_DEFINITION_CONTEXT('part definition',#2403,'design');
#4177=PRODUCT_CONTEXT('',#2403,'mechanical');
#4178=PRODUCT('THERMALPAD-SO','THERMALPAD-SO','NOT SPECIFIED',(#4177));
#4179=PRODUCT_DEFINITION_FORMATION('22','LAST_VERSION',#4178);
#4187=DERIVED_UNIT_ELEMENT(#4186,2.E0);
#4188=DERIVED_UNIT((#4187));
#4189=MEASURE_REPRESENTATION_ITEM('surface area measure',AREA_MEASURE
(6.17778E1),#4188);
#4194=DERIVED_UNIT_ELEMENT(#4193,3.E0);
#4195=DERIVED_UNIT((#4194));
#4196=MEASURE_REPRESENTATION_ITEM('volume measure',VOLUME_MEASURE(4.37661E0),
#4195);
#4200=CARTESIAN_POINT('centre point',(0.E0,7.5E-2,0.E0));
#4205=DERIVED_UNIT_ELEMENT(#4204,2.E0);
#4206=DERIVED_UNIT((#4205));
#4207=MEASURE_REPRESENTATION_ITEM('surface area measure',AREA_MEASURE
(6.17778E1),#4206);
#4212=DERIVED_UNIT_ELEMENT(#4211,3.E0);
#4213=DERIVED_UNIT((#4212));
#4214=MEASURE_REPRESENTATION_ITEM('volume measure',VOLUME_MEASURE(4.37661E0),
#4213);
#4218=CARTESIAN_POINT('centre point',(0.E0,7.5E-2,0.E0));
#4225=CARTESIAN_POINT('centre point',(0.E0,0.E0,1.75E-1));
#4229=CARTESIAN_POINT('',(0.E0,0.E0,1.E-1));
#4230=DIRECTION('',(1.E0,0.E0,0.E0));
#4231=DIRECTION('',(0.E0,1.E0,0.E0));
#4232=AXIS2_PLACEMENT_3D('',#4229,#4230,#4231);
#4233=ITEM_DEFINED_TRANSFORMATION('','',#4174,#4232);
#4234=(REPRESENTATION_RELATIONSHIP('','',#4175,#2454)REPRESENTATION_RELATIONSHIP_WITH_TRANSFORMATION(#4233)SHAPE_REPRESENTATION_RELATIONSHIP());
#4235=CONTEXT_DEPENDENT_SHAPE_REPRESENTATION(#4234,#4224);
#4238=PLANE_ANGLE_MEASURE_WITH_UNIT(PLANE_ANGLE_MEASURE(1.745329251994E-2),
#4237);
#4239=(CONVERSION_BASED_UNIT('DEGREE',#4238)NAMED_UNIT(*)PLANE_ANGLE_UNIT());
#4241=UNCERTAINTY_MEASURE_WITH_UNIT(LENGTH_MEASURE(5.681156818963E-4),#4236,
'distance_accuracy_value',
'Maximum model space distance between geometric entities at asserted connectivities');
#4243=CARTESIAN_POINT('',(0.E0,0.E0,0.E0));
#4244=DIRECTION('',(0.E0,0.E0,1.E0));
#4245=DIRECTION('',(1.E0,0.E0,0.E0));
#4248=PRODUCT_CONTEXT('',#2403,'mechanical');
#4249=PRODUCT('PIN1-ID','PIN1-ID','NOT SPECIFIED',(#4248));
#4250=PRODUCT_DEFINITION_FORMATION('31','LAST_VERSION',#4249);
#4256=CARTESIAN_POINT('',(0.E0,0.E0,1.E0));
#4257=DIRECTION('',(1.E0,0.E0,0.E0));
#4258=DIRECTION('',(0.E0,1.E0,0.E0));
#4259=AXIS2_PLACEMENT_3D('',#4256,#4257,#4258);
#4260=ITEM_DEFINED_TRANSFORMATION('','',#4246,#4259);
#4261=(REPRESENTATION_RELATIONSHIP('','',#4247,#2454)REPRESENTATION_RELATIONSHIP_WITH_TRANSFORMATION(#4260)SHAPE_REPRESENTATION_RELATIONSHIP());
#4262=CONTEXT_DEPENDENT_SHAPE_REPRESENTATION(#4261,#4255);
#4265=PLANE_ANGLE_MEASURE_WITH_UNIT(PLANE_ANGLE_MEASURE(1.745329251994E-2),
#4264);
#4266=(CONVERSION_BASED_UNIT('DEGREE',#4265)NAMED_UNIT(*)PLANE_ANGLE_UNIT());
#4268=UNCERTAINTY_MEASURE_WITH_UNIT(LENGTH_MEASURE(1.651324171309E-3),#4263,
'distance_accuracy_value',
'Maximum model space distance between geometric entities at asserted connectivities');
#4270=CARTESIAN_POINT('',(0.E0,0.E0,0.E0));
#4271=DIRECTION('',(0.E0,0.E0,1.E0));
#4272=DIRECTION('',(1.E0,0.E0,0.E0));
#4274=MECHANICAL_DESIGN_GEOMETRIC_PRESENTATION_REPRESENTATION('',(#50,#72,#94,
#116,#124,#132,#139,#146,#153,#162,#169,#178,#185,#207,#214,#223,#230,#239,#246,
#253,#260,#282,#289,#311,#333,#355,#377,#385,#393,#400,#407,#414,#423,#430,#439,
#446,#468,#475,#483,#491,#499,#506,#513,#520,#527,#535,#543,#551,#558,#580,#587,
#596,#603,#612,#620,#628,#635,#642,#649,#657,#665,#672,#679,#701,#708,#716,#724,
#732,#739,#746,#753,#760,#767,#774,#781,#788,#795,#802,#809,#816,#823,#830,#837,
#844,#852,#860,#868,#875,#882,#890,#898,#906,#913,#920,#928,#936,#944,#951,#973,
#980,#987,#1009,#1016,#1023,#1030,#1037,#1044,#1051,#1058,#1065,#1072,#1079,
#1086,#1093,#1100,#1107,#1114,#1121,#1128,#1135,#1142,#1149,#1156,#1163,#1170,
#1177,#1184,#1191,#1213,#1220,#1228,#1236,#1244,#1251,#1258,#1265,#1272,#1280,
#1288,#1296,#27,#2476,#2483,#2490,#2497,#2504,#2511,#2518,#2525,#2532,#2539,
#2546,#2554,#2562,#2569,#2576,#2583,#2590,#2598,#2605,#2613,#2620,#2627,#2634,
#2642,#2649,#2657,#2664,#2671,#2678,#2686,#2693,#2700,#2707,#2714,#2721,#2728,
#2468,#3642,#3649,#3656,#3663,#3670,#3677,#3684,#3691,#3698,#3705,#3712,#3719,
#3726,#3733,#3740,#3747,#3754,#3761,#3768,#3775,#3782,#3789,#3796,#3803,#3810,
#3817,#3824,#3831,#3838,#3845,#3852,#3859,#3866,#3873,#3880,#3887,#3635),#4269);
#4275=PRODUCT_DEFINITION_CONTEXT('part definition',#2403,'design');
#4276=PRODUCT_CONTEXT('',#2403,'mechanical');
#4277=PRODUCT('DDW0044D_ASM','DDW0044D_ASM','NOT SPECIFIED',(#4276));
#4278=PRODUCT_DEFINITION_FORMATION('294','LAST_VERSION',#4277);
#4281=DERIVED_UNIT_ELEMENT(#4280,2.E0);
#4282=DERIVED_UNIT((#4281));
#4283=MEASURE_REPRESENTATION_ITEM('surface area measure',AREA_MEASURE(
3.095484373617E2),#4282);
#4288=DERIVED_UNIT_ELEMENT(#4287,3.E0);
#4289=DERIVED_UNIT((#4288));
#4290=MEASURE_REPRESENTATION_ITEM('volume measure',VOLUME_MEASURE(
7.785211562921E1),#4289);
#4294=CARTESIAN_POINT('centre point',(2.746859603907E-9,1.045253835864E-8,
5.441070209840E-1));
#4298=PRODUCT_RELATED_PRODUCT_CATEGORY('part','',(#4277,#2407,#3018,#4178,
#4249));
#1=COLOUR_RGB('',0.E0,4.3E-1,1.E0);
#2=COLOUR_RGB('',0.E0,6.6E-1,0.E0);
#3=COLOUR_RGB('',1.29412E-1,5.E-2,1.E-1);
#4=COLOUR_RGB('',1.80392E-1,2.7451E-1,9.8039E-2);
#5=COLOUR_RGB('',2.54902E-1,5.4902E-1,0.E0);
#6=COLOUR_RGB('',2.7451E-1,2.7451E-1,2.7451E-1);
#7=COLOUR_RGB('',3.E-1,1.29412E-1,2.5098E-1);
#8=COLOUR_RGB('',3.13725E-1,3.13725E-1,3.13725E-1);
#9=COLOUR_RGB('',3.5E-1,3.5E-1,3.5E-1);
#10=COLOUR_RGB('',3.92157E-1,3.92157E-1,3.92157E-1);
#11=COLOUR_RGB('',5.7E-1,0.E0,1.E0);
#12=COLOUR_RGB('',5.9E-1,3.E-1,0.E0);
#13=COLOUR_RGB('',6.E-1,6.E-1,6.E-1);
#14=COLOUR_RGB('',6.9E-1,0.E0,0.E0);
#15=COLOUR_RGB('',6.952E-1,7.426E-1,7.9E-1);
#16=COLOUR_RGB('',7.E-1,7.E-1,7.E-1);
#17=COLOUR_RGB('',7.45098E-1,3.92157E-1,2.94118E-1);
#18=COLOUR_RGB('',8.27451E-1,3.29412E-1,7.0588E-2);
#19=COLOUR_RGB('',8.39216E-1,8.90196E-1,7.68627E-1);
#20=COLOUR_RGB('',8.7E-1,7.5E-1,4.9E-1);
#21=COLOUR_RGB('',8.9E-1,9.2E-1,9.4E-1);
#22=COLOUR_RGB('',9.80392E-1,9.80392E-1,9.80392E-1);
#23=COLOUR_RGB('',9.9E-1,1.E0,0.E0);
#24=COLOUR_RGB('',1.E0,5.E-1,0.E0);
#25=COLOUR_RGB('',1.E0,7.84314E-1,0.E0);
#26=DRAUGHTING_PRE_DEFINED_COLOUR('white');
#46=B_SPLINE_CURVE_WITH_KNOTS('',3,(#28,#29,#30,#31,#32,#33,#34,#35,#36,#37,#38,
#39,#40,#41,#42,#43,#44,#45),.UNSPECIFIED.,.F.,.F.,(4,1,1,1,1,1,1,1,1,1,1,1,1,1,
1,4),(0.E0,6.666666666667E-2,1.333333333333E-1,2.E-1,2.666666666667E-1,
3.333333333333E-1,4.E-1,4.666666666667E-1,5.333333333333E-1,6.E-1,
6.666666666667E-1,7.333333333333E-1,8.E-1,8.666666666667E-1,9.333333333333E-1,
1.E0),.UNSPECIFIED.);
#69=B_SPLINE_CURVE_WITH_KNOTS('',3,(#51,#52,#53,#54,#55,#56,#57,#58,#59,#60,#61,
#62,#63,#64,#65,#66,#67,#68),.UNSPECIFIED.,.F.,.F.,(4,1,1,1,1,1,1,1,1,1,1,1,1,1,
1,4),(0.E0,6.666666666667E-2,1.333333333333E-1,2.E-1,2.666666666667E-1,
3.333333333333E-1,4.E-1,4.666666666667E-1,5.333333333333E-1,6.E-1,
6.666666666667E-1,7.333333333333E-1,8.E-1,8.666666666667E-1,9.333333333333E-1,
1.E0),.UNSPECIFIED.);
#91=B_SPLINE_CURVE_WITH_KNOTS('',3,(#73,#74,#75,#76,#77,#78,#79,#80,#81,#82,#83,
#84,#85,#86,#87,#88,#89,#90),.UNSPECIFIED.,.F.,.F.,(4,1,1,1,1,1,1,1,1,1,1,1,1,1,
1,4),(0.E0,6.666666666667E-2,1.333333333333E-1,2.E-1,2.666666666667E-1,
3.333333333333E-1,4.E-1,4.666666666667E-1,5.333333333333E-1,6.E-1,
6.666666666667E-1,7.333333333333E-1,8.E-1,8.666666666667E-1,9.333333333333E-1,
1.E0),.UNSPECIFIED.);
#113=B_SPLINE_CURVE_WITH_KNOTS('',3,(#95,#96,#97,#98,#99,#100,#101,#102,#103,
#104,#105,#106,#107,#108,#109,#110,#111,#112),.UNSPECIFIED.,.F.,.F.,(4,1,1,1,1,
1,1,1,1,1,1,1,1,1,1,4),(0.E0,6.666666666667E-2,1.333333333333E-1,2.E-1,
2.666666666667E-1,3.333333333333E-1,4.E-1,4.666666666667E-1,5.333333333333E-1,
6.E-1,6.666666666667E-1,7.333333333333E-1,8.E-1,8.666666666667E-1,
9.333333333333E-1,1.E0),.UNSPECIFIED.);
#121=B_SPLINE_CURVE_WITH_KNOTS('',3,(#117,#118,#119,#120),.UNSPECIFIED.,.F.,.F.,
(4,4),(0.E0,1.E0),.UNSPECIFIED.);
#129=B_SPLINE_CURVE_WITH_KNOTS('',3,(#125,#126,#127,#128),.UNSPECIFIED.,.F.,.F.,
(4,4),(0.E0,1.E0),.UNSPECIFIED.);
#159=B_SPLINE_CURVE_WITH_KNOTS('',3,(#154,#155,#156,#157,#158),.UNSPECIFIED.,
.F.,.F.,(4,1,4),(0.E0,5.E-1,1.E0),.UNSPECIFIED.);
#175=B_SPLINE_CURVE_WITH_KNOTS('',3,(#170,#171,#172,#173,#174),.UNSPECIFIED.,
.F.,.F.,(4,1,4),(0.E0,5.E-1,1.E0),.UNSPECIFIED.);
#204=B_SPLINE_CURVE_WITH_KNOTS('',3,(#186,#187,#188,#189,#190,#191,#192,#193,
#194,#195,#196,#197,#198,#199,#200,#201,#202,#203),.UNSPECIFIED.,.F.,.F.,(4,1,1,
1,1,1,1,1,1,1,1,1,1,1,1,4),(0.E0,6.666666666667E-2,1.333333333333E-1,2.E-1,
2.666666666667E-1,3.333333333333E-1,4.E-1,4.666666666667E-1,5.333333333333E-1,
6.E-1,6.666666666667E-1,7.333333333333E-1,8.E-1,8.666666666667E-1,
9.333333333333E-1,1.E0),.UNSPECIFIED.);
#220=B_SPLINE_CURVE_WITH_KNOTS('',3,(#215,#216,#217,#218,#219),.UNSPECIFIED.,
.F.,.F.,(4,1,4),(0.E0,5.E-1,1.E0),.UNSPECIFIED.);
#236=B_SPLINE_CURVE_WITH_KNOTS('',3,(#231,#232,#233,#234,#235),.UNSPECIFIED.,
.F.,.F.,(4,1,4),(0.E0,5.E-1,1.E0),.UNSPECIFIED.);
#279=B_SPLINE_CURVE_WITH_KNOTS('',3,(#261,#262,#263,#264,#265,#266,#267,#268,
#269,#270,#271,#272,#273,#274,#275,#276,#277,#278),.UNSPECIFIED.,.F.,.F.,(4,1,1,
1,1,1,1,1,1,1,1,1,1,1,1,4),(0.E0,6.666666666667E-2,1.333333333333E-1,2.E-1,
2.666666666667E-1,3.333333333333E-1,4.E-1,4.666666666667E-1,5.333333333333E-1,
6.E-1,6.666666666667E-1,7.333333333333E-1,8.E-1,8.666666666667E-1,
9.333333333333E-1,1.E0),.UNSPECIFIED.);
#308=B_SPLINE_CURVE_WITH_KNOTS('',3,(#290,#291,#292,#293,#294,#295,#296,#297,
#298,#299,#300,#301,#302,#303,#304,#305,#306,#307),.UNSPECIFIED.,.F.,.F.,(4,1,1,
1,1,1,1,1,1,1,1,1,1,1,1,4),(0.E0,6.666666666667E-2,1.333333333333E-1,2.E-1,
2.666666666667E-1,3.333333333333E-1,4.E-1,4.666666666667E-1,5.333333333333E-1,
6.E-1,6.666666666667E-1,7.333333333333E-1,8.E-1,8.666666666667E-1,
9.333333333333E-1,1.E0),.UNSPECIFIED.);
#330=B_SPLINE_CURVE_WITH_KNOTS('',3,(#312,#313,#314,#315,#316,#317,#318,#319,
#320,#321,#322,#323,#324,#325,#326,#327,#328,#329),.UNSPECIFIED.,.F.,.F.,(4,1,1,
1,1,1,1,1,1,1,1,1,1,1,1,4),(0.E0,6.666666666667E-2,1.333333333333E-1,2.E-1,
2.666666666667E-1,3.333333333333E-1,4.E-1,4.666666666667E-1,5.333333333333E-1,
6.E-1,6.666666666667E-1,7.333333333333E-1,8.E-1,8.666666666667E-1,
9.333333333333E-1,1.E0),.UNSPECIFIED.);
#352=B_SPLINE_CURVE_WITH_KNOTS('',3,(#334,#335,#336,#337,#338,#339,#340,#341,
#342,#343,#344,#345,#346,#347,#348,#349,#350,#351),.UNSPECIFIED.,.F.,.F.,(4,1,1,
1,1,1,1,1,1,1,1,1,1,1,1,4),(0.E0,6.666666666667E-2,1.333333333333E-1,2.E-1,
2.666666666667E-1,3.333333333333E-1,4.E-1,4.666666666667E-1,5.333333333333E-1,
6.E-1,6.666666666667E-1,7.333333333333E-1,8.E-1,8.666666666667E-1,
9.333333333333E-1,1.E0),.UNSPECIFIED.);
#374=B_SPLINE_CURVE_WITH_KNOTS('',3,(#356,#357,#358,#359,#360,#361,#362,#363,
#364,#365,#366,#367,#368,#369,#370,#371,#372,#373),.UNSPECIFIED.,.F.,.F.,(4,1,1,
1,1,1,1,1,1,1,1,1,1,1,1,4),(0.E0,6.666666666667E-2,1.333333333333E-1,2.E-1,
2.666666666667E-1,3.333333333333E-1,4.E-1,4.666666666667E-1,5.333333333333E-1,
6.E-1,6.666666666667E-1,7.333333333333E-1,8.E-1,8.666666666667E-1,
9.333333333333E-1,1.E0),.UNSPECIFIED.);
#382=B_SPLINE_CURVE_WITH_KNOTS('',3,(#378,#379,#380,#381),.UNSPECIFIED.,.F.,.F.,
(4,4),(0.E0,1.E0),.UNSPECIFIED.);
#390=B_SPLINE_CURVE_WITH_KNOTS('',3,(#386,#387,#388,#389),.UNSPECIFIED.,.F.,.F.,
(4,4),(0.E0,1.E0),.UNSPECIFIED.);
#420=B_SPLINE_CURVE_WITH_KNOTS('',3,(#415,#416,#417,#418,#419),.UNSPECIFIED.,
.F.,.F.,(4,1,4),(0.E0,5.E-1,1.E0),.UNSPECIFIED.);
#436=B_SPLINE_CURVE_WITH_KNOTS('',3,(#431,#432,#433,#434,#435),.UNSPECIFIED.,
.F.,.F.,(4,1,4),(0.E0,5.E-1,1.E0),.UNSPECIFIED.);
#465=B_SPLINE_CURVE_WITH_KNOTS('',3,(#447,#448,#449,#450,#451,#452,#453,#454,
#455,#456,#457,#458,#459,#460,#461,#462,#463,#464),.UNSPECIFIED.,.F.,.F.,(4,1,1,
1,1,1,1,1,1,1,1,1,1,1,1,4),(0.E0,6.666666666667E-2,1.333333333333E-1,2.E-1,
2.666666666667E-1,3.333333333333E-1,4.E-1,4.666666666667E-1,5.333333333333E-1,
6.E-1,6.666666666667E-1,7.333333333333E-1,8.E-1,8.666666666667E-1,
9.333333333333E-1,1.E0),.UNSPECIFIED.);
#480=CIRCLE('',#479,1.E-1);
#488=CIRCLE('',#487,1.E-1);
#496=CIRCLE('',#495,1.E-1);
#532=CIRCLE('',#531,1.E-1);
#540=CIRCLE('',#539,1.E-1);
#548=CIRCLE('',#547,1.E-1);
#577=B_SPLINE_CURVE_WITH_KNOTS('',3,(#559,#560,#561,#562,#563,#564,#565,#566,
#567,#568,#569,#570,#571,#572,#573,#574,#575,#576),.UNSPECIFIED.,.F.,.F.,(4,1,1,
1,1,1,1,1,1,1,1,1,1,1,1,4),(0.E0,6.666666666667E-2,1.333333333333E-1,2.E-1,
2.666666666667E-1,3.333333333333E-1,4.E-1,4.666666666667E-1,5.333333333333E-1,
6.E-1,6.666666666667E-1,7.333333333333E-1,8.E-1,8.666666666667E-1,
9.333333333333E-1,1.E0),.UNSPECIFIED.);
#593=B_SPLINE_CURVE_WITH_KNOTS('',3,(#588,#589,#590,#591,#592),.UNSPECIFIED.,
.F.,.F.,(4,1,4),(0.E0,5.E-1,1.E0),.UNSPECIFIED.);
#609=B_SPLINE_CURVE_WITH_KNOTS('',3,(#604,#605,#606,#607,#608),.UNSPECIFIED.,
.F.,.F.,(4,1,4),(0.E0,5.E-1,1.E0),.UNSPECIFIED.);
#617=B_SPLINE_CURVE_WITH_KNOTS('',3,(#613,#614,#615,#616),.UNSPECIFIED.,.F.,.F.,
(4,4),(0.E0,1.E0),.UNSPECIFIED.);
#625=B_SPLINE_CURVE_WITH_KNOTS('',3,(#621,#622,#623,#624),.UNSPECIFIED.,.F.,.F.,
(4,4),(0.E0,1.E0),.UNSPECIFIED.);
#654=B_SPLINE_CURVE_WITH_KNOTS('',3,(#650,#651,#652,#653),.UNSPECIFIED.,.F.,.F.,
(4,4),(0.E0,1.E0),.UNSPECIFIED.);
#662=B_SPLINE_CURVE_WITH_KNOTS('',3,(#658,#659,#660,#661),.UNSPECIFIED.,.F.,.F.,
(4,4),(0.E0,1.E0),.UNSPECIFIED.);
#698=B_SPLINE_CURVE_WITH_KNOTS('',3,(#680,#681,#682,#683,#684,#685,#686,#687,
#688,#689,#690,#691,#692,#693,#694,#695,#696,#697),.UNSPECIFIED.,.F.,.F.,(4,1,1,
1,1,1,1,1,1,1,1,1,1,1,1,4),(0.E0,6.666666666667E-2,1.333333333333E-1,2.E-1,
2.666666666667E-1,3.333333333333E-1,4.E-1,4.666666666667E-1,5.333333333333E-1,
6.E-1,6.666666666667E-1,7.333333333333E-1,8.E-1,8.666666666667E-1,
9.333333333333E-1,1.E0),.UNSPECIFIED.);
#713=CIRCLE('',#712,1.E-1);
#721=CIRCLE('',#720,1.E-1);
#729=CIRCLE('',#728,1.E-1);
#849=CIRCLE('',#848,1.E-1);
#857=CIRCLE('',#856,1.E-1);
#865=CIRCLE('',#864,1.E-1);
#887=CIRCLE('',#886,1.E-1);
#895=CIRCLE('',#894,1.E-1);
#903=CIRCLE('',#902,1.E-1);
#925=CIRCLE('',#924,1.E-1);
#933=CIRCLE('',#932,1.E-1);
#941=CIRCLE('',#940,1.E-1);
#970=B_SPLINE_CURVE_WITH_KNOTS('',3,(#952,#953,#954,#955,#956,#957,#958,#959,
#960,#961,#962,#963,#964,#965,#966,#967,#968,#969),.UNSPECIFIED.,.F.,.F.,(4,1,1,
1,1,1,1,1,1,1,1,1,1,1,1,4),(0.E0,6.666666666667E-2,1.333333333333E-1,2.E-1,
2.666666666667E-1,3.333333333333E-1,4.E-1,4.666666666667E-1,5.333333333333E-1,
6.E-1,6.666666666667E-1,7.333333333333E-1,8.E-1,8.666666666667E-1,
9.333333333333E-1,1.E0),.UNSPECIFIED.);
#1006=B_SPLINE_CURVE_WITH_KNOTS('',3,(#988,#989,#990,#991,#992,#993,#994,#995,
#996,#997,#998,#999,#1000,#1001,#1002,#1003,#1004,#1005),.UNSPECIFIED.,.F.,.F.,(
4,1,1,1,1,1,1,1,1,1,1,1,1,1,1,4),(0.E0,6.666666666667E-2,1.333333333333E-1,
2.E-1,2.666666666667E-1,3.333333333333E-1,4.E-1,4.666666666667E-1,
5.333333333333E-1,6.E-1,6.666666666667E-1,7.333333333333E-1,8.E-1,
8.666666666667E-1,9.333333333333E-1,1.E0),.UNSPECIFIED.);
#1210=B_SPLINE_CURVE_WITH_KNOTS('',3,(#1192,#1193,#1194,#1195,#1196,#1197,#1198,
#1199,#1200,#1201,#1202,#1203,#1204,#1205,#1206,#1207,#1208,#1209),
.UNSPECIFIED.,.F.,.F.,(4,1,1,1,1,1,1,1,1,1,1,1,1,1,1,4),(0.E0,6.666666666667E-2,
1.333333333333E-1,2.E-1,2.666666666667E-1,3.333333333333E-1,4.E-1,
4.666666666667E-1,5.333333333333E-1,6.E-1,6.666666666667E-1,7.333333333333E-1,
8.E-1,8.666666666667E-1,9.333333333333E-1,1.E0),.UNSPECIFIED.);
#1225=CIRCLE('',#1224,1.E-1);
#1233=CIRCLE('',#1232,1.E-1);
#1241=CIRCLE('',#1240,1.E-1);
#1277=CIRCLE('',#1276,1.E-1);
#1285=CIRCLE('',#1284,1.E-1);
#1293=CIRCLE('',#1292,1.E-1);
#1462=EDGE_CURVE('',#1322,#1324,#46,.T.);
#1464=EDGE_CURVE('',#1322,#1324,#204,.T.);
#1468=ADVANCED_FACE('',(#1467),#1461,.F.);
#1474=EDGE_CURVE('',#1330,#1332,#69,.T.);
#1476=EDGE_CURVE('',#1330,#1332,#577,.T.);
#1480=ADVANCED_FACE('',(#1479),#1473,.F.);
#1486=EDGE_CURVE('',#1334,#1336,#91,.T.);
#1488=EDGE_CURVE('',#1334,#1336,#1210,.T.);
#1492=ADVANCED_FACE('',(#1491),#1485,.F.);
#1498=EDGE_CURVE('',#1326,#1328,#113,.T.);
#1500=EDGE_CURVE('',#1326,#1328,#465,.T.);
#1504=ADVANCED_FACE('',(#1503),#1497,.F.);
#1510=EDGE_CURVE('',#1340,#1404,#121,.T.);
#1512=EDGE_CURVE('',#1404,#1402,#330,.T.);
#1514=EDGE_CURVE('',#1402,#1343,#129,.T.);
#1516=EDGE_CURVE('',#1384,#1343,#250,.T.);
#1518=EDGE_CURVE('',#1324,#1384,#220,.T.);
#1521=EDGE_CURVE('',#1380,#1322,#175,.T.);
#1523=EDGE_CURVE('',#1380,#1340,#136,.T.);
#1527=ADVANCED_FACE('',(#1526),#1509,.T.);
#1533=EDGE_CURVE('',#1339,#1340,#143,.T.);
#1535=EDGE_CURVE('',#1406,#1339,#390,.T.);
#1537=EDGE_CURVE('',#1406,#1371,#984,.T.);
#1539=EDGE_CURVE('',#1371,#1372,#841,.T.);
#1541=EDGE_CURVE('',#1404,#1372,#286,.T.);
#1546=ADVANCED_FACE('',(#1545),#1532,.T.);
#1554=EDGE_CURVE('',#1379,#1380,#166,.T.);
#1556=EDGE_CURVE('',#1379,#1339,#150,.T.);
#1560=ADVANCED_FACE('',(#1559),#1551,.T.);
#1566=EDGE_CURVE('',#1322,#1309,#182,.T.);
#1568=EDGE_CURVE('',#1309,#1310,#510,.T.);
#1570=EDGE_CURVE('',#1328,#1310,#472,.T.);
#1572=EDGE_CURVE('',#1328,#1379,#159,.T.);
#1578=ADVANCED_FACE('',(#1577),#1565,.T.);
#1586=EDGE_CURVE('',#1324,#1304,#211,.T.);
#1588=EDGE_CURVE('',#1309,#1304,#1277,.T.);
#1592=ADVANCED_FACE('',(#1591),#1583,.T.);
#1600=EDGE_CURVE('',#1383,#1384,#227,.T.);
#1602=EDGE_CURVE('',#1383,#1330,#236,.T.);
#1604=EDGE_CURVE('',#1330,#1303,#555,.T.);
#1606=EDGE_CURVE('',#1303,#1304,#1269,.T.);
#1610=ADVANCED_FACE('',(#1609),#1597,.T.);
#1616=EDGE_CURVE('',#1343,#1344,#243,.T.);
#1618=EDGE_CURVE('',#1383,#1344,#632,.T.);
#1624=ADVANCED_FACE('',(#1623),#1615,.T.);
#1632=EDGE_CURVE('',#1402,#1365,#257,.T.);
#1634=EDGE_CURVE('',#1365,#1366,#879,.T.);
#1636=EDGE_CURVE('',#1396,#1366,#705,.T.);
#1638=EDGE_CURVE('',#1344,#1396,#617,.T.);
#1642=ADVANCED_FACE('',(#1641),#1629,.T.);
#1649=EDGE_CURVE('',#1402,#1404,#279,.T.);
#1652=EDGE_CURVE('',#1365,#1372,#865,.T.);
#1656=ADVANCED_FACE('',(#1655),#1647,.T.);
#1662=EDGE_CURVE('',#1408,#1406,#308,.T.);
#1664=EDGE_CURVE('',#1406,#1408,#1006,.T.);
#1668=ADVANCED_FACE('',(#1667),#1661,.F.);
#1678=ADVANCED_FACE('',(#1677),#1673,.F.);
#1684=EDGE_CURVE('',#1396,#1394,#352,.T.);
#1686=EDGE_CURVE('',#1394,#1396,#698,.T.);
#1690=ADVANCED_FACE('',(#1689),#1683,.F.);
#1696=EDGE_CURVE('',#1400,#1398,#374,.T.);
#1698=EDGE_CURVE('',#1398,#1400,#970,.T.);
#1702=ADVANCED_FACE('',(#1701),#1695,.F.);
#1708=EDGE_CURVE('',#1352,#1408,#382,.T.);
#1715=EDGE_CURVE('',#1392,#1326,#436,.T.);
#1717=EDGE_CURVE('',#1392,#1352,#397,.T.);
#1721=ADVANCED_FACE('',(#1720),#1707,.T.);
#1727=EDGE_CURVE('',#1351,#1352,#404,.T.);
#1729=EDGE_CURVE('',#1398,#1351,#662,.T.);
#1731=EDGE_CURVE('',#1398,#1375,#948,.T.);
#1733=EDGE_CURVE('',#1375,#1376,#917,.T.);
#1735=EDGE_CURVE('',#1408,#1376,#1013,.T.);
#1740=ADVANCED_FACE('',(#1739),#1726,.T.);
#1748=EDGE_CURVE('',#1391,#1392,#427,.T.);
#1750=EDGE_CURVE('',#1391,#1351,#411,.T.);
#1754=ADVANCED_FACE('',(#1753),#1745,.T.);
#1760=EDGE_CURVE('',#1326,#1315,#443,.T.);
#1762=EDGE_CURVE('',#1315,#1316,#1255,.T.);
#1764=EDGE_CURVE('',#1336,#1316,#1217,.T.);
#1766=EDGE_CURVE('',#1336,#1391,#420,.T.);
#1772=ADVANCED_FACE('',(#1771),#1759,.T.);
#1781=EDGE_CURVE('',#1315,#1310,#480,.T.);
#1785=ADVANCED_FACE('',(#1784),#1777,.T.);
#1792=EDGE_CURVE('',#1310,#1306,#488,.T.);
#1794=EDGE_CURVE('',#1306,#1315,#496,.T.);
#1798=ADVANCED_FACE('',(#1797),#1790,.T.);
#1804=EDGE_CURVE('',#1300,#1306,#503,.T.);
#1808=EDGE_CURVE('',#1300,#1309,#1293,.T.);
#1812=ADVANCED_FACE('',(#1811),#1803,.T.);
#1818=EDGE_CURVE('',#1312,#1299,#517,.T.);
#1820=EDGE_CURVE('',#1306,#1312,#1248,.T.);
#1823=EDGE_CURVE('',#1299,#1300,#1262,.T.);
#1827=ADVANCED_FACE('',(#1826),#1817,.T.);
#1834=EDGE_CURVE('',#1320,#1299,#540,.T.);
#1836=EDGE_CURVE('',#1319,#1320,#524,.T.);
#1838=EDGE_CURVE('',#1312,#1319,#1225,.T.);
#1842=ADVANCED_FACE('',(#1841),#1832,.T.);
#1848=EDGE_CURVE('',#1303,#1320,#532,.T.);
#1851=EDGE_CURVE('',#1299,#1303,#548,.T.);
#1855=ADVANCED_FACE('',(#1854),#1847,.T.);
#1863=EDGE_CURVE('',#1332,#1320,#584,.T.);
#1868=ADVANCED_FACE('',(#1867),#1860,.T.);
#1875=EDGE_CURVE('',#1332,#1388,#593,.T.);
#1877=EDGE_CURVE('',#1387,#1388,#600,.T.);
#1879=EDGE_CURVE('',#1387,#1334,#609,.T.);
#1881=EDGE_CURVE('',#1334,#1319,#1188,.T.);
#1886=ADVANCED_FACE('',(#1885),#1873,.T.);
#1894=EDGE_CURVE('',#1394,#1347,#625,.T.);
#1896=EDGE_CURVE('',#1388,#1347,#646,.T.);
#1904=ADVANCED_FACE('',(#1903),#1891,.T.);
#1910=EDGE_CURVE('',#1347,#1348,#639,.T.);
#1913=EDGE_CURVE('',#1394,#1359,#676,.T.);
#1915=EDGE_CURVE('',#1359,#1360,#743,.T.);
#1917=EDGE_CURVE('',#1400,#1360,#977,.T.);
#1919=EDGE_CURVE('',#1348,#1400,#654,.T.);
#1923=ADVANCED_FACE('',(#1922),#1909,.T.);
#1930=EDGE_CURVE('',#1387,#1348,#669,.T.);
#1936=ADVANCED_FACE('',(#1935),#1928,.T.);
#1952=ADVANCED_FACE('',(#1951),#1941,.T.);
#1961=EDGE_CURVE('',#1359,#1366,#721,.T.);
#1965=ADVANCED_FACE('',(#1964),#1957,.T.);
#1971=EDGE_CURVE('',#1355,#1359,#713,.T.);
#1974=EDGE_CURVE('',#1366,#1355,#729,.T.);
#1978=ADVANCED_FACE('',(#1977),#1970,.T.);
#1984=EDGE_CURVE('',#1355,#1356,#736,.T.);
#1986=EDGE_CURVE('',#1360,#1356,#933,.T.);
#1992=ADVANCED_FACE('',(#1991),#1983,.T.);
#1998=EDGE_CURVE('',#1368,#1362,#834,.T.);
#2000=EDGE_CURVE('',#1356,#1368,#910,.T.);
#2003=EDGE_CURVE('',#1362,#1355,#872,.T.);
#2007=EDGE_CURVE('',#1418,#1426,#750,.T.);
#2009=EDGE_CURVE('',#1424,#1418,#757,.T.);
#2011=EDGE_CURVE('',#1432,#1424,#764,.T.);
#2013=EDGE_CURVE('',#1452,#1432,#771,.T.);
#2015=EDGE_CURVE('',#1450,#1452,#778,.T.);
#2017=EDGE_CURVE('',#1428,#1450,#785,.T.);
#2019=EDGE_CURVE('',#1422,#1428,#792,.T.);
#2021=EDGE_CURVE('',#1420,#1422,#799,.T.);
#2023=EDGE_CURVE('',#1430,#1420,#806,.T.);
#2025=EDGE_CURVE('',#1430,#1454,#813,.T.);
#2027=EDGE_CURVE('',#1454,#1456,#820,.T.);
#2029=EDGE_CURVE('',#1456,#1426,#827,.T.);
#2033=ADVANCED_FACE('',(#2006,#2032),#1997,.T.);
#2040=EDGE_CURVE('',#1372,#1362,#849,.T.);
#2043=EDGE_CURVE('',#1368,#1371,#895,.T.);
#2047=ADVANCED_FACE('',(#2046),#2038,.T.);
#2054=EDGE_CURVE('',#1362,#1365,#857,.T.);
#2059=ADVANCED_FACE('',(#2058),#2052,.T.);
#2071=ADVANCED_FACE('',(#2070),#2064,.T.);
#2077=EDGE_CURVE('',#1376,#1368,#887,.T.);
#2080=EDGE_CURVE('',#1371,#1376,#903,.T.);
#2084=ADVANCED_FACE('',(#2083),#2076,.T.);
#2093=EDGE_CURVE('',#1356,#1375,#941,.T.);
#2097=ADVANCED_FACE('',(#2096),#2089,.T.);
#2103=EDGE_CURVE('',#1375,#1360,#925,.T.);
#2109=ADVANCED_FACE('',(#2108),#2102,.T.);
#2121=ADVANCED_FACE('',(#2120),#2114,.T.);
#2133=ADVANCED_FACE('',(#2132),#2126,.T.);
#2139=EDGE_CURVE('',#1418,#1416,#1020,.T.);
#2142=EDGE_CURVE('',#1426,#1448,#1027,.T.);
#2144=EDGE_CURVE('',#1416,#1448,#1104,.T.);
#2148=ADVANCED_FACE('',(#2147),#2138,.F.);
#2154=EDGE_CURVE('',#1420,#1411,#1132,.T.);
#2156=EDGE_CURVE('',#1446,#1411,#1048,.T.);
#2158=EDGE_CURVE('',#1430,#1446,#1034,.T.);
#2163=ADVANCED_FACE('',(#2162),#2153,.F.);
#2170=EDGE_CURVE('',#1415,#1416,#1097,.T.);
#2172=EDGE_CURVE('',#1424,#1415,#1041,.T.);
#2177=ADVANCED_FACE('',(#2176),#2168,.F.);
#2184=EDGE_CURVE('',#1411,#1412,#1055,.T.);
#2186=EDGE_CURVE('',#1412,#1438,#1062,.T.);
#2188=EDGE_CURVE('',#1438,#1435,#1069,.T.);
#2190=EDGE_CURVE('',#1435,#1436,#1076,.T.);
#2192=EDGE_CURVE('',#1436,#1440,#1083,.T.);
#2194=EDGE_CURVE('',#1440,#1415,#1090,.T.);
#2198=EDGE_CURVE('',#1444,#1448,#1111,.T.);
#2200=EDGE_CURVE('',#1443,#1444,#1118,.T.);
#2202=EDGE_CURVE('',#1446,#1443,#1125,.T.);
#2206=ADVANCED_FACE('',(#2205),#2182,.F.);
#2214=EDGE_CURVE('',#1422,#1412,#1139,.T.);
#2219=ADVANCED_FACE('',(#2218),#2211,.F.);
#2227=EDGE_CURVE('',#1428,#1438,#1146,.T.);
#2232=ADVANCED_FACE('',(#2231),#2224,.F.);
#2240=EDGE_CURVE('',#1432,#1440,#1153,.T.);
#2245=ADVANCED_FACE('',(#2244),#2237,.F.);
#2252=EDGE_CURVE('',#1450,#1435,#1160,.T.);
#2258=ADVANCED_FACE('',(#2257),#2250,.F.);
#2265=EDGE_CURVE('',#1452,#1436,#1167,.T.);
#2271=ADVANCED_FACE('',(#2270),#2263,.F.);
#2283=ADVANCED_FACE('',(#2282),#2276,.F.);
#2290=EDGE_CURVE('',#1456,#1444,#1174,.T.);
#2296=ADVANCED_FACE('',(#2295),#2288,.T.);
#2303=EDGE_CURVE('',#1454,#1443,#1181,.T.);
#2309=ADVANCED_FACE('',(#2308),#2301,.T.);
#2321=ADVANCED_FACE('',(#2320),#2314,.T.);
#2330=EDGE_CURVE('',#1319,#1316,#1233,.T.);
#2334=ADVANCED_FACE('',(#2333),#2326,.T.);
#2342=EDGE_CURVE('',#1316,#1312,#1241,.T.);
#2346=ADVANCED_FACE('',(#2345),#2339,.T.);
#2358=ADVANCED_FACE('',(#2357),#2351,.T.);
#2365=EDGE_CURVE('',#1304,#1300,#1285,.T.);
#2371=ADVANCED_FACE('',(#2370),#2363,.T.);
#2382=ADVANCED_FACE('',(#2381),#2376,.T.);
#2391=(LENGTH_UNIT()NAMED_UNIT(*)SI_UNIT(.MILLI.,.METRE.));
#2392=(NAMED_UNIT(*)PLANE_ANGLE_UNIT()SI_UNIT($,.RADIAN.));
#2395=(NAMED_UNIT(*)SI_UNIT($,.STERADIAN.)SOLID_ANGLE_UNIT());
#2397=(GEOMETRIC_REPRESENTATION_CONTEXT(3)GLOBAL_UNCERTAINTY_ASSIGNED_CONTEXT((
#2396))GLOBAL_UNIT_ASSIGNED_CONTEXT((#2391,#2394,#2395))REPRESENTATION_CONTEXT(
'ID1','3'));
#2401=AXIS2_PLACEMENT_3D('',#2398,#2399,#2400);
#2402=ADVANCED_BREP_SHAPE_REPRESENTATION('',(#2401,#2384),#2397);
#2409=PRODUCT_DEFINITION('part definition','',#2408,#2405);
#2410=PRODUCT_DEFINITION_SHAPE('','SHAPE FOR BODY-SO.',#2409);
#2411=SHAPE_ASPECT('','solid data associated with BODY-SO',#2410,.F.);
#2412=PROPERTY_DEFINITION('',
'shape for solid data with which properties are associated',#2411);
#2413=SHAPE_REPRESENTATION('',(#2384),#2397);
#2414=SHAPE_DEFINITION_REPRESENTATION(#2412,#2413);
#2415=(LENGTH_UNIT()NAMED_UNIT(*)SI_UNIT(.MILLI.,.METRE.));
#2419=PROPERTY_DEFINITION('geometric validation property','area of BODY-SO',
#2411);
#2420=REPRESENTATION('surface area',(#2418),#2397);
#2421=PROPERTY_DEFINITION_REPRESENTATION(#2419,#2420);
#2422=(LENGTH_UNIT()NAMED_UNIT(*)SI_UNIT(.MILLI.,.METRE.));
#2426=PROPERTY_DEFINITION('geometric validation property','volume of BODY-SO',
#2411);
#2427=REPRESENTATION('volume',(#2425),#2397);
#2428=PROPERTY_DEFINITION_REPRESENTATION(#2426,#2427);
#2430=PROPERTY_DEFINITION('geometric validation property','centroid of BODY-SO',
#2411);
#2431=REPRESENTATION('centroid',(#2429),#2397);
#2432=PROPERTY_DEFINITION_REPRESENTATION(#2430,#2431);
#2433=(LENGTH_UNIT()NAMED_UNIT(*)SI_UNIT(.MILLI.,.METRE.));
#2437=PROPERTY_DEFINITION('geometric validation property','area of BODY-SO',
#2410);
#2438=REPRESENTATION('surface area',(#2436),#2397);
#2439=PROPERTY_DEFINITION_REPRESENTATION(#2437,#2438);
#2440=(LENGTH_UNIT()NAMED_UNIT(*)SI_UNIT(.MILLI.,.METRE.));
#2444=PROPERTY_DEFINITION('geometric validation property','volume of BODY-SO',
#2410);
#2445=REPRESENTATION('volume',(#2443),#2397);
#2446=PROPERTY_DEFINITION_REPRESENTATION(#2444,#2445);
#2448=PROPERTY_DEFINITION('geometric validation property','centroid of BODY-SO',
#2410);
#2449=REPRESENTATION('centroid',(#2447),#2397);
#2450=PROPERTY_DEFINITION_REPRESENTATION(#2448,#2449);
#2451=SHAPE_DEFINITION_REPRESENTATION(#2410,#2402);
#2452=SHAPE_DEFINITION_REPRESENTATION(#2453,#2454);
#2453=PRODUCT_DEFINITION_SHAPE('','SHAPE FOR DDW0044D_ASM.',#4279);
#2454=SHAPE_REPRESENTATION('',(#2464,#3072,#3085,#3098,#3111,#3124,#3137,#3150,
#3163,#3176,#3189,#3202,#3215,#3228,#3241,#3254,#3267,#3280,#3293,#3306,#3319,
#3332,#3345,#3358,#3371,#3384,#3397,#3410,#3423,#3436,#3449,#3462,#3475,#3488,
#3501,#3514,#3527,#3540,#3553,#3566,#3579,#3592,#3605,#3618,#3631,#4232,#4259,
#4273),#4269);
#2455=NEXT_ASSEMBLY_USAGE_OCCURRENCE('75','Next assembly relationship',
'BODY-SO',#4279,#2409,$);
#2456=PRODUCT_DEFINITION_SHAPE('Placement #75',
'Placement of BODY-SO with respect to DDW0044D_ASM',#2455);
#2458=PROPERTY_DEFINITION('geometric validation property','centroid of BODY-SO',
#2456);
#2459=REPRESENTATION('centroid',(#2457),#2397);
#2460=PROPERTY_DEFINITION_REPRESENTATION(#2458,#2459);
#2473=CIRCLE('',#2472,3.1E-1);
#2551=CIRCLE('',#2550,1.6E-1);
#2559=CIRCLE('',#2558,1.6E-1);
#2595=CIRCLE('',#2594,3.1E-1);
#2610=CIRCLE('',#2609,3.1E-1);
#2639=CIRCLE('',#2638,1.6E-1);
#2654=CIRCLE('',#2653,1.6E-1);
#2683=CIRCLE('',#2682,3.1E-1);
#2782=EDGE_CURVE('',#2771,#2772,#2473,.T.);
#2784=EDGE_CURVE('',#2751,#2771,#2675,.T.);
#2786=EDGE_CURVE('',#2747,#2751,#2639,.T.);
#2788=EDGE_CURVE('',#2747,#2731,#2480,.T.);
#2790=EDGE_CURVE('',#2731,#2732,#2487,.T.);
#2792=EDGE_CURVE('',#2732,#2759,#2494,.T.);
#2794=EDGE_CURVE('',#2755,#2759,#2595,.T.);
#2796=EDGE_CURVE('',#2767,#2755,#2573,.T.);
#2798=EDGE_CURVE('',#2763,#2767,#2551,.T.);
#2800=EDGE_CURVE('',#2763,#2739,#2501,.T.);
#2802=EDGE_CURVE('',#2739,#2740,#2508,.T.);
#2804=EDGE_CURVE('',#2740,#2772,#2515,.T.);
#2808=ADVANCED_FACE('',(#2807),#2781,.F.);
#2815=EDGE_CURVE('',#2774,#2772,#2522,.T.);
#2817=EDGE_CURVE('',#2774,#2776,#2683,.T.);
#2819=EDGE_CURVE('',#2776,#2771,#2661,.T.);
#2823=ADVANCED_FACE('',(#2822),#2813,.T.);
#2831=EDGE_CURVE('',#2740,#2744,#2529,.T.);
#2833=EDGE_CURVE('',#2744,#2774,#2690,.T.);
#2837=ADVANCED_FACE('',(#2836),#2828,.T.);
#2844=EDGE_CURVE('',#2739,#2743,#2536,.T.);
#2846=EDGE_CURVE('',#2743,#2744,#2697,.T.);
#2851=ADVANCED_FACE('',(#2850),#2842,.T.);
#2857=EDGE_CURVE('',#2763,#2764,#2543,.T.);
#2859=EDGE_CURVE('',#2764,#2743,#2704,.T.);
#2865=ADVANCED_FACE('',(#2864),#2856,.T.);
#2873=EDGE_CURVE('',#2767,#2768,#2566,.T.);
#2875=EDGE_CURVE('',#2768,#2764,#2559,.T.);
#2879=ADVANCED_FACE('',(#2878),#2870,.F.);
#2887=EDGE_CURVE('',#2755,#2756,#2587,.T.);
#2889=EDGE_CURVE('',#2756,#2768,#2580,.T.);
#2893=ADVANCED_FACE('',(#2892),#2884,.T.);
#2901=EDGE_CURVE('',#2759,#2760,#2602,.T.);
#2903=EDGE_CURVE('',#2756,#2760,#2610,.T.);
#2907=ADVANCED_FACE('',(#2906),#2898,.T.);
#2914=EDGE_CURVE('',#2732,#2736,#2617,.T.);
#2916=EDGE_CURVE('',#2736,#2760,#2711,.T.);
#2921=ADVANCED_FACE('',(#2920),#2912,.T.);
#2928=EDGE_CURVE('',#2731,#2735,#2624,.T.);
#2930=EDGE_CURVE('',#2735,#2736,#2718,.T.);
#2935=ADVANCED_FACE('',(#2934),#2926,.T.);
#2942=EDGE_CURVE('',#2747,#2748,#2631,.T.);
#2944=EDGE_CURVE('',#2748,#2735,#2725,.T.);
#2949=ADVANCED_FACE('',(#2948),#2940,.T.);
#2957=EDGE_CURVE('',#2751,#2752,#2646,.T.);
#2959=EDGE_CURVE('',#2748,#2752,#2654,.T.);
#2963=ADVANCED_FACE('',(#2962),#2954,.F.);
#2970=EDGE_CURVE('',#2776,#2752,#2668,.T.);
#2976=ADVANCED_FACE('',(#2975),#2968,.T.);
#2996=ADVANCED_FACE('',(#2995),#2981,.T.);
#3005=(LENGTH_UNIT()NAMED_UNIT(*)SI_UNIT(.MILLI.,.METRE.));
#3006=(NAMED_UNIT(*)PLANE_ANGLE_UNIT()SI_UNIT($,.RADIAN.));
#3009=(NAMED_UNIT(*)SI_UNIT($,.STERADIAN.)SOLID_ANGLE_UNIT());
#3011=(GEOMETRIC_REPRESENTATION_CONTEXT(3)GLOBAL_UNCERTAINTY_ASSIGNED_CONTEXT((
#3010))GLOBAL_UNIT_ASSIGNED_CONTEXT((#3005,#3008,#3009))REPRESENTATION_CONTEXT(
'ID2','3'));
#3015=AXIS2_PLACEMENT_3D('',#3012,#3013,#3014);
#3016=ADVANCED_BREP_SHAPE_REPRESENTATION('',(#3015,#2998),#3011);
#3020=PRODUCT_DEFINITION('part definition','',#3019,#2405);
#3021=PRODUCT_DEFINITION_SHAPE('','SHAPE FOR LEAD-SO.',#3020);
#3022=SHAPE_ASPECT('','solid data associated with LEAD-SO',#3021,.F.);
#3023=PROPERTY_DEFINITION('',
'shape for solid data with which properties are associated',#3022);
#3024=SHAPE_REPRESENTATION('',(#2998),#3011);
#3025=SHAPE_DEFINITION_REPRESENTATION(#3023,#3024);
#3026=(LENGTH_UNIT()NAMED_UNIT(*)SI_UNIT(.MILLI.,.METRE.));
#3030=PROPERTY_DEFINITION('geometric validation property','area of LEAD-SO',
#3022);
#3031=REPRESENTATION('surface area',(#3029),#3011);
#3032=PROPERTY_DEFINITION_REPRESENTATION(#3030,#3031);
#3033=(LENGTH_UNIT()NAMED_UNIT(*)SI_UNIT(.MILLI.,.METRE.));
#3037=PROPERTY_DEFINITION('geometric validation property','volume of LEAD-SO',
#3022);
#3038=REPRESENTATION('volume',(#3036),#3011);
#3039=PROPERTY_DEFINITION_REPRESENTATION(#3037,#3038);
#3041=PROPERTY_DEFINITION('geometric validation property','centroid of LEAD-SO',
#3022);
#3042=REPRESENTATION('centroid',(#3040),#3011);
#3043=PROPERTY_DEFINITION_REPRESENTATION(#3041,#3042);
#3044=(LENGTH_UNIT()NAMED_UNIT(*)SI_UNIT(.MILLI.,.METRE.));
#3048=PROPERTY_DEFINITION('geometric validation property','area of LEAD-SO',
#3021);
#3049=REPRESENTATION('surface area',(#3047),#3011);
#3050=PROPERTY_DEFINITION_REPRESENTATION(#3048,#3049);
#3051=(LENGTH_UNIT()NAMED_UNIT(*)SI_UNIT(.MILLI.,.METRE.));
#3055=PROPERTY_DEFINITION('geometric validation property','volume of LEAD-SO',
#3021);
#3056=REPRESENTATION('volume',(#3054),#3011);
#3057=PROPERTY_DEFINITION_REPRESENTATION(#3055,#3056);
#3059=PROPERTY_DEFINITION('geometric validation property','centroid of LEAD-SO',
#3021);
#3060=REPRESENTATION('centroid',(#3058),#3011);
#3061=PROPERTY_DEFINITION_REPRESENTATION(#3059,#3060);
#3062=SHAPE_DEFINITION_REPRESENTATION(#3021,#3016);
#3063=NEXT_ASSEMBLY_USAGE_OCCURRENCE('76','Next assembly relationship',
'LEAD-SO',#4279,#3020,$);
#3064=PRODUCT_DEFINITION_SHAPE('Placement #76',
'Placement of LEAD-SO with respect to DDW0044D_ASM',#3063);
#3066=PROPERTY_DEFINITION('geometric validation property','centroid of LEAD-SO',
#3064);
#3067=REPRESENTATION('centroid',(#3065),#3011);
#3068=PROPERTY_DEFINITION_REPRESENTATION(#3066,#3067);
#3076=NEXT_ASSEMBLY_USAGE_OCCURRENCE('77','Next assembly relationship',
'LEAD-SO',#4279,#3020,$);
#3077=PRODUCT_DEFINITION_SHAPE('Placement #77',
'Placement of LEAD-SO with respect to DDW0044D_ASM',#3076);
#3079=PROPERTY_DEFINITION('geometric validation property','centroid of LEAD-SO',
#3077);
#3080=REPRESENTATION('centroid',(#3078),#3011);
#3081=PROPERTY_DEFINITION_REPRESENTATION(#3079,#3080);
#3089=NEXT_ASSEMBLY_USAGE_OCCURRENCE('78','Next assembly relationship',
'LEAD-SO',#4279,#3020,$);
#3090=PRODUCT_DEFINITION_SHAPE('Placement #78',
'Placement of LEAD-SO with respect to DDW0044D_ASM',#3089);
#3092=PROPERTY_DEFINITION('geometric validation property','centroid of LEAD-SO',
#3090);
#3093=REPRESENTATION('centroid',(#3091),#3011);
#3094=PROPERTY_DEFINITION_REPRESENTATION(#3092,#3093);
#3102=NEXT_ASSEMBLY_USAGE_OCCURRENCE('79','Next assembly relationship',
'LEAD-SO',#4279,#3020,$);
#3103=PRODUCT_DEFINITION_SHAPE('Placement #79',
'Placement of LEAD-SO with respect to DDW0044D_ASM',#3102);
#3105=PROPERTY_DEFINITION('geometric validation property','centroid of LEAD-SO',
#3103);
#3106=REPRESENTATION('centroid',(#3104),#3011);
#3107=PROPERTY_DEFINITION_REPRESENTATION(#3105,#3106);
#3115=NEXT_ASSEMBLY_USAGE_OCCURRENCE('80','Next assembly relationship',
'LEAD-SO',#4279,#3020,$);
#3116=PRODUCT_DEFINITION_SHAPE('Placement #80',
'Placement of LEAD-SO with respect to DDW0044D_ASM',#3115);
#3118=PROPERTY_DEFINITION('geometric validation property','centroid of LEAD-SO',
#3116);
#3119=REPRESENTATION('centroid',(#3117),#3011);
#3120=PROPERTY_DEFINITION_REPRESENTATION(#3118,#3119);
#3128=NEXT_ASSEMBLY_USAGE_OCCURRENCE('81','Next assembly relationship',
'LEAD-SO',#4279,#3020,$);
#3129=PRODUCT_DEFINITION_SHAPE('Placement #81',
'Placement of LEAD-SO with respect to DDW0044D_ASM',#3128);
#3131=PROPERTY_DEFINITION('geometric validation property','centroid of LEAD-SO',
#3129);
#3132=REPRESENTATION('centroid',(#3130),#3011);
#3133=PROPERTY_DEFINITION_REPRESENTATION(#3131,#3132);
#3141=NEXT_ASSEMBLY_USAGE_OCCURRENCE('82','Next assembly relationship',
'LEAD-SO',#4279,#3020,$);
#3142=PRODUCT_DEFINITION_SHAPE('Placement #82',
'Placement of LEAD-SO with respect to DDW0044D_ASM',#3141);
#3144=PROPERTY_DEFINITION('geometric validation property','centroid of LEAD-SO',
#3142);
#3145=REPRESENTATION('centroid',(#3143),#3011);
#3146=PROPERTY_DEFINITION_REPRESENTATION(#3144,#3145);
#3154=NEXT_ASSEMBLY_USAGE_OCCURRENCE('83','Next assembly relationship',
'LEAD-SO',#4279,#3020,$);
#3155=PRODUCT_DEFINITION_SHAPE('Placement #83',
'Placement of LEAD-SO with respect to DDW0044D_ASM',#3154);
#3157=PROPERTY_DEFINITION('geometric validation property','centroid of LEAD-SO',
#3155);
#3158=REPRESENTATION('centroid',(#3156),#3011);
#3159=PROPERTY_DEFINITION_REPRESENTATION(#3157,#3158);
#3167=NEXT_ASSEMBLY_USAGE_OCCURRENCE('84','Next assembly relationship',
'LEAD-SO',#4279,#3020,$);
#3168=PRODUCT_DEFINITION_SHAPE('Placement #84',
'Placement of LEAD-SO with respect to DDW0044D_ASM',#3167);
#3170=PROPERTY_DEFINITION('geometric validation property','centroid of LEAD-SO',
#3168);
#3171=REPRESENTATION('centroid',(#3169),#3011);
#3172=PROPERTY_DEFINITION_REPRESENTATION(#3170,#3171);
#3180=NEXT_ASSEMBLY_USAGE_OCCURRENCE('85','Next assembly relationship',
'LEAD-SO',#4279,#3020,$);
#3181=PRODUCT_DEFINITION_SHAPE('Placement #85',
'Placement of LEAD-SO with respect to DDW0044D_ASM',#3180);
#3183=PROPERTY_DEFINITION('geometric validation property','centroid of LEAD-SO',
#3181);
#3184=REPRESENTATION('centroid',(#3182),#3011);
#3185=PROPERTY_DEFINITION_REPRESENTATION(#3183,#3184);
#3193=NEXT_ASSEMBLY_USAGE_OCCURRENCE('86','Next assembly relationship',
'LEAD-SO',#4279,#3020,$);
#3194=PRODUCT_DEFINITION_SHAPE('Placement #86',
'Placement of LEAD-SO with respect to DDW0044D_ASM',#3193);
#3196=PROPERTY_DEFINITION('geometric validation property','centroid of LEAD-SO',
#3194);
#3197=REPRESENTATION('centroid',(#3195),#3011);
#3198=PROPERTY_DEFINITION_REPRESENTATION(#3196,#3197);
#3206=NEXT_ASSEMBLY_USAGE_OCCURRENCE('87','Next assembly relationship',
'LEAD-SO',#4279,#3020,$);
#3207=PRODUCT_DEFINITION_SHAPE('Placement #87',
'Placement of LEAD-SO with respect to DDW0044D_ASM',#3206);
#3209=PROPERTY_DEFINITION('geometric validation property','centroid of LEAD-SO',
#3207);
#3210=REPRESENTATION('centroid',(#3208),#3011);
#3211=PROPERTY_DEFINITION_REPRESENTATION(#3209,#3210);
#3219=NEXT_ASSEMBLY_USAGE_OCCURRENCE('88','Next assembly relationship',
'LEAD-SO',#4279,#3020,$);
#3220=PRODUCT_DEFINITION_SHAPE('Placement #88',
'Placement of LEAD-SO with respect to DDW0044D_ASM',#3219);
#3222=PROPERTY_DEFINITION('geometric validation property','centroid of LEAD-SO',
#3220);
#3223=REPRESENTATION('centroid',(#3221),#3011);
#3224=PROPERTY_DEFINITION_REPRESENTATION(#3222,#3223);
#3232=NEXT_ASSEMBLY_USAGE_OCCURRENCE('89','Next assembly relationship',
'LEAD-SO',#4279,#3020,$);
#3233=PRODUCT_DEFINITION_SHAPE('Placement #89',
'Placement of LEAD-SO with respect to DDW0044D_ASM',#3232);
#3235=PROPERTY_DEFINITION('geometric validation property','centroid of LEAD-SO',
#3233);
#3236=REPRESENTATION('centroid',(#3234),#3011);
#3237=PROPERTY_DEFINITION_REPRESENTATION(#3235,#3236);
#3245=NEXT_ASSEMBLY_USAGE_OCCURRENCE('90','Next assembly relationship',
'LEAD-SO',#4279,#3020,$);
#3246=PRODUCT_DEFINITION_SHAPE('Placement #90',
'Placement of LEAD-SO with respect to DDW0044D_ASM',#3245);
#3248=PROPERTY_DEFINITION('geometric validation property','centroid of LEAD-SO',
#3246);
#3249=REPRESENTATION('centroid',(#3247),#3011);
#3250=PROPERTY_DEFINITION_REPRESENTATION(#3248,#3249);
#3258=NEXT_ASSEMBLY_USAGE_OCCURRENCE('91','Next assembly relationship',
'LEAD-SO',#4279,#3020,$);
#3259=PRODUCT_DEFINITION_SHAPE('Placement #91',
'Placement of LEAD-SO with respect to DDW0044D_ASM',#3258);
#3261=PROPERTY_DEFINITION('geometric validation property','centroid of LEAD-SO',
#3259);
#3262=REPRESENTATION('centroid',(#3260),#3011);
#3263=PROPERTY_DEFINITION_REPRESENTATION(#3261,#3262);
#3271=NEXT_ASSEMBLY_USAGE_OCCURRENCE('92','Next assembly relationship',
'LEAD-SO',#4279,#3020,$);
#3272=PRODUCT_DEFINITION_SHAPE('Placement #92',
'Placement of LEAD-SO with respect to DDW0044D_ASM',#3271);
#3274=PROPERTY_DEFINITION('geometric validation property','centroid of LEAD-SO',
#3272);
#3275=REPRESENTATION('centroid',(#3273),#3011);
#3276=PROPERTY_DEFINITION_REPRESENTATION(#3274,#3275);
#3284=NEXT_ASSEMBLY_USAGE_OCCURRENCE('93','Next assembly relationship',
'LEAD-SO',#4279,#3020,$);
#3285=PRODUCT_DEFINITION_SHAPE('Placement #93',
'Placement of LEAD-SO with respect to DDW0044D_ASM',#3284);
#3287=PROPERTY_DEFINITION('geometric validation property','centroid of LEAD-SO',
#3285);
#3288=REPRESENTATION('centroid',(#3286),#3011);
#3289=PROPERTY_DEFINITION_REPRESENTATION(#3287,#3288);
#3297=NEXT_ASSEMBLY_USAGE_OCCURRENCE('94','Next assembly relationship',
'LEAD-SO',#4279,#3020,$);
#3298=PRODUCT_DEFINITION_SHAPE('Placement #94',
'Placement of LEAD-SO with respect to DDW0044D_ASM',#3297);
#3300=PROPERTY_DEFINITION('geometric validation property','centroid of LEAD-SO',
#3298);
#3301=REPRESENTATION('centroid',(#3299),#3011);
#3302=PROPERTY_DEFINITION_REPRESENTATION(#3300,#3301);
#3310=NEXT_ASSEMBLY_USAGE_OCCURRENCE('95','Next assembly relationship',
'LEAD-SO',#4279,#3020,$);
#3311=PRODUCT_DEFINITION_SHAPE('Placement #95',
'Placement of LEAD-SO with respect to DDW0044D_ASM',#3310);
#3313=PROPERTY_DEFINITION('geometric validation property','centroid of LEAD-SO',
#3311);
#3314=REPRESENTATION('centroid',(#3312),#3011);
#3315=PROPERTY_DEFINITION_REPRESENTATION(#3313,#3314);
#3323=NEXT_ASSEMBLY_USAGE_OCCURRENCE('96','Next assembly relationship',
'LEAD-SO',#4279,#3020,$);
#3324=PRODUCT_DEFINITION_SHAPE('Placement #96',
'Placement of LEAD-SO with respect to DDW0044D_ASM',#3323);
#3326=PROPERTY_DEFINITION('geometric validation property','centroid of LEAD-SO',
#3324);
#3327=REPRESENTATION('centroid',(#3325),#3011);
#3328=PROPERTY_DEFINITION_REPRESENTATION(#3326,#3327);
#3336=NEXT_ASSEMBLY_USAGE_OCCURRENCE('97','Next assembly relationship',
'LEAD-SO',#4279,#3020,$);
#3337=PRODUCT_DEFINITION_SHAPE('Placement #97',
'Placement of LEAD-SO with respect to DDW0044D_ASM',#3336);
#3339=PROPERTY_DEFINITION('geometric validation property','centroid of LEAD-SO',
#3337);
#3340=REPRESENTATION('centroid',(#3338),#3011);
#3341=PROPERTY_DEFINITION_REPRESENTATION(#3339,#3340);
#3349=NEXT_ASSEMBLY_USAGE_OCCURRENCE('98','Next assembly relationship',
'LEAD-SO',#4279,#3020,$);
#3350=PRODUCT_DEFINITION_SHAPE('Placement #98',
'Placement of LEAD-SO with respect to DDW0044D_ASM',#3349);
#3352=PROPERTY_DEFINITION('geometric validation property','centroid of LEAD-SO',
#3350);
#3353=REPRESENTATION('centroid',(#3351),#3011);
#3354=PROPERTY_DEFINITION_REPRESENTATION(#3352,#3353);
#3362=NEXT_ASSEMBLY_USAGE_OCCURRENCE('99','Next assembly relationship',
'LEAD-SO',#4279,#3020,$);
#3363=PRODUCT_DEFINITION_SHAPE('Placement #99',
'Placement of LEAD-SO with respect to DDW0044D_ASM',#3362);
#3365=PROPERTY_DEFINITION('geometric validation property','centroid of LEAD-SO',
#3363);
#3366=REPRESENTATION('centroid',(#3364),#3011);
#3367=PROPERTY_DEFINITION_REPRESENTATION(#3365,#3366);
#3375=NEXT_ASSEMBLY_USAGE_OCCURRENCE('100','Next assembly relationship',
'LEAD-SO',#4279,#3020,$);
#3376=PRODUCT_DEFINITION_SHAPE('Placement #100',
'Placement of LEAD-SO with respect to DDW0044D_ASM',#3375);
#3378=PROPERTY_DEFINITION('geometric validation property','centroid of LEAD-SO',
#3376);
#3379=REPRESENTATION('centroid',(#3377),#3011);
#3380=PROPERTY_DEFINITION_REPRESENTATION(#3378,#3379);
#3388=NEXT_ASSEMBLY_USAGE_OCCURRENCE('101','Next assembly relationship',
'LEAD-SO',#4279,#3020,$);
#3389=PRODUCT_DEFINITION_SHAPE('Placement #101',
'Placement of LEAD-SO with respect to DDW0044D_ASM',#3388);
#3391=PROPERTY_DEFINITION('geometric validation property','centroid of LEAD-SO',
#3389);
#3392=REPRESENTATION('centroid',(#3390),#3011);
#3393=PROPERTY_DEFINITION_REPRESENTATION(#3391,#3392);
#3401=NEXT_ASSEMBLY_USAGE_OCCURRENCE('102','Next assembly relationship',
'LEAD-SO',#4279,#3020,$);
#3402=PRODUCT_DEFINITION_SHAPE('Placement #102',
'Placement of LEAD-SO with respect to DDW0044D_ASM',#3401);
#3404=PROPERTY_DEFINITION('geometric validation property','centroid of LEAD-SO',
#3402);
#3405=REPRESENTATION('centroid',(#3403),#3011);
#3406=PROPERTY_DEFINITION_REPRESENTATION(#3404,#3405);
#3414=NEXT_ASSEMBLY_USAGE_OCCURRENCE('103','Next assembly relationship',
'LEAD-SO',#4279,#3020,$);
#3415=PRODUCT_DEFINITION_SHAPE('Placement #103',
'Placement of LEAD-SO with respect to DDW0044D_ASM',#3414);
#3417=PROPERTY_DEFINITION('geometric validation property','centroid of LEAD-SO',
#3415);
#3418=REPRESENTATION('centroid',(#3416),#3011);
#3419=PROPERTY_DEFINITION_REPRESENTATION(#3417,#3418);
#3427=NEXT_ASSEMBLY_USAGE_OCCURRENCE('104','Next assembly relationship',
'LEAD-SO',#4279,#3020,$);
#3428=PRODUCT_DEFINITION_SHAPE('Placement #104',
'Placement of LEAD-SO with respect to DDW0044D_ASM',#3427);
#3430=PROPERTY_DEFINITION('geometric validation property','centroid of LEAD-SO',
#3428);
#3431=REPRESENTATION('centroid',(#3429),#3011);
#3432=PROPERTY_DEFINITION_REPRESENTATION(#3430,#3431);
#3440=NEXT_ASSEMBLY_USAGE_OCCURRENCE('105','Next assembly relationship',
'LEAD-SO',#4279,#3020,$);
#3441=PRODUCT_DEFINITION_SHAPE('Placement #105',
'Placement of LEAD-SO with respect to DDW0044D_ASM',#3440);
#3443=PROPERTY_DEFINITION('geometric validation property','centroid of LEAD-SO',
#3441);
#3444=REPRESENTATION('centroid',(#3442),#3011);
#3445=PROPERTY_DEFINITION_REPRESENTATION(#3443,#3444);
#3453=NEXT_ASSEMBLY_USAGE_OCCURRENCE('106','Next assembly relationship',
'LEAD-SO',#4279,#3020,$);
#3454=PRODUCT_DEFINITION_SHAPE('Placement #106',
'Placement of LEAD-SO with respect to DDW0044D_ASM',#3453);
#3456=PROPERTY_DEFINITION('geometric validation property','centroid of LEAD-SO',
#3454);
#3457=REPRESENTATION('centroid',(#3455),#3011);
#3458=PROPERTY_DEFINITION_REPRESENTATION(#3456,#3457);
#3466=NEXT_ASSEMBLY_USAGE_OCCURRENCE('107','Next assembly relationship',
'LEAD-SO',#4279,#3020,$);
#3467=PRODUCT_DEFINITION_SHAPE('Placement #107',
'Placement of LEAD-SO with respect to DDW0044D_ASM',#3466);
#3469=PROPERTY_DEFINITION('geometric validation property','centroid of LEAD-SO',
#3467);
#3470=REPRESENTATION('centroid',(#3468),#3011);
#3471=PROPERTY_DEFINITION_REPRESENTATION(#3469,#3470);
#3479=NEXT_ASSEMBLY_USAGE_OCCURRENCE('108','Next assembly relationship',
'LEAD-SO',#4279,#3020,$);
#3480=PRODUCT_DEFINITION_SHAPE('Placement #108',
'Placement of LEAD-SO with respect to DDW0044D_ASM',#3479);
#3482=PROPERTY_DEFINITION('geometric validation property','centroid of LEAD-SO',
#3480);
#3483=REPRESENTATION('centroid',(#3481),#3011);
#3484=PROPERTY_DEFINITION_REPRESENTATION(#3482,#3483);
#3492=NEXT_ASSEMBLY_USAGE_OCCURRENCE('109','Next assembly relationship',
'LEAD-SO',#4279,#3020,$);
#3493=PRODUCT_DEFINITION_SHAPE('Placement #109',
'Placement of LEAD-SO with respect to DDW0044D_ASM',#3492);
#3495=PROPERTY_DEFINITION('geometric validation property','centroid of LEAD-SO',
#3493);
#3496=REPRESENTATION('centroid',(#3494),#3011);
#3497=PROPERTY_DEFINITION_REPRESENTATION(#3495,#3496);
#3505=NEXT_ASSEMBLY_USAGE_OCCURRENCE('110','Next assembly relationship',
'LEAD-SO',#4279,#3020,$);
#3506=PRODUCT_DEFINITION_SHAPE('Placement #110',
'Placement of LEAD-SO with respect to DDW0044D_ASM',#3505);
#3508=PROPERTY_DEFINITION('geometric validation property','centroid of LEAD-SO',
#3506);
#3509=REPRESENTATION('centroid',(#3507),#3011);
#3510=PROPERTY_DEFINITION_REPRESENTATION(#3508,#3509);
#3518=NEXT_ASSEMBLY_USAGE_OCCURRENCE('111','Next assembly relationship',
'LEAD-SO',#4279,#3020,$);
#3519=PRODUCT_DEFINITION_SHAPE('Placement #111',
'Placement of LEAD-SO with respect to DDW0044D_ASM',#3518);
#3521=PROPERTY_DEFINITION('geometric validation property','centroid of LEAD-SO',
#3519);
#3522=REPRESENTATION('centroid',(#3520),#3011);
#3523=PROPERTY_DEFINITION_REPRESENTATION(#3521,#3522);
#3531=NEXT_ASSEMBLY_USAGE_OCCURRENCE('112','Next assembly relationship',
'LEAD-SO',#4279,#3020,$);
#3532=PRODUCT_DEFINITION_SHAPE('Placement #112',
'Placement of LEAD-SO with respect to DDW0044D_ASM',#3531);
#3534=PROPERTY_DEFINITION('geometric validation property','centroid of LEAD-SO',
#3532);
#3535=REPRESENTATION('centroid',(#3533),#3011);
#3536=PROPERTY_DEFINITION_REPRESENTATION(#3534,#3535);
#3544=NEXT_ASSEMBLY_USAGE_OCCURRENCE('113','Next assembly relationship',
'LEAD-SO',#4279,#3020,$);
#3545=PRODUCT_DEFINITION_SHAPE('Placement #113',
'Placement of LEAD-SO with respect to DDW0044D_ASM',#3544);
#3547=PROPERTY_DEFINITION('geometric validation property','centroid of LEAD-SO',
#3545);
#3548=REPRESENTATION('centroid',(#3546),#3011);
#3549=PROPERTY_DEFINITION_REPRESENTATION(#3547,#3548);
#3557=NEXT_ASSEMBLY_USAGE_OCCURRENCE('114','Next assembly relationship',
'LEAD-SO',#4279,#3020,$);
#3558=PRODUCT_DEFINITION_SHAPE('Placement #114',
'Placement of LEAD-SO with respect to DDW0044D_ASM',#3557);
#3560=PROPERTY_DEFINITION('geometric validation property','centroid of LEAD-SO',
#3558);
#3561=REPRESENTATION('centroid',(#3559),#3011);
#3562=PROPERTY_DEFINITION_REPRESENTATION(#3560,#3561);
#3570=NEXT_ASSEMBLY_USAGE_OCCURRENCE('115','Next assembly relationship',
'LEAD-SO',#4279,#3020,$);
#3571=PRODUCT_DEFINITION_SHAPE('Placement #115',
'Placement of LEAD-SO with respect to DDW0044D_ASM',#3570);
#3573=PROPERTY_DEFINITION('geometric validation property','centroid of LEAD-SO',
#3571);
#3574=REPRESENTATION('centroid',(#3572),#3011);
#3575=PROPERTY_DEFINITION_REPRESENTATION(#3573,#3574);
#3583=NEXT_ASSEMBLY_USAGE_OCCURRENCE('116','Next assembly relationship',
'LEAD-SO',#4279,#3020,$);
#3584=PRODUCT_DEFINITION_SHAPE('Placement #116',
'Placement of LEAD-SO with respect to DDW0044D_ASM',#3583);
#3586=PROPERTY_DEFINITION('geometric validation property','centroid of LEAD-SO',
#3584);
#3587=REPRESENTATION('centroid',(#3585),#3011);
#3588=PROPERTY_DEFINITION_REPRESENTATION(#3586,#3587);
#3596=NEXT_ASSEMBLY_USAGE_OCCURRENCE('117','Next assembly relationship',
'LEAD-SO',#4279,#3020,$);
#3597=PRODUCT_DEFINITION_SHAPE('Placement #117',
'Placement of LEAD-SO with respect to DDW0044D_ASM',#3596);
#3599=PROPERTY_DEFINITION('geometric validation property','centroid of LEAD-SO',
#3597);
#3600=REPRESENTATION('centroid',(#3598),#3011);
#3601=PROPERTY_DEFINITION_REPRESENTATION(#3599,#3600);
#3609=NEXT_ASSEMBLY_USAGE_OCCURRENCE('118','Next assembly relationship',
'LEAD-SO',#4279,#3020,$);
#3610=PRODUCT_DEFINITION_SHAPE('Placement #118',
'Placement of LEAD-SO with respect to DDW0044D_ASM',#3609);
#3612=PROPERTY_DEFINITION('geometric validation property','centroid of LEAD-SO',
#3610);
#3613=REPRESENTATION('centroid',(#3611),#3011);
#3614=PROPERTY_DEFINITION_REPRESENTATION(#3612,#3613);
#3622=NEXT_ASSEMBLY_USAGE_OCCURRENCE('119','Next assembly relationship',
'LEAD-SO',#4279,#3020,$);
#3623=PRODUCT_DEFINITION_SHAPE('Placement #119',
'Placement of LEAD-SO with respect to DDW0044D_ASM',#3622);
#3625=PROPERTY_DEFINITION('geometric validation property','centroid of LEAD-SO',
#3623);
#3626=REPRESENTATION('centroid',(#3624),#3011);
#3627=PROPERTY_DEFINITION_REPRESENTATION(#3625,#3626);
#3941=EDGE_CURVE('',#3895,#3931,#3639,.T.);
#3943=EDGE_CURVE('',#3923,#3931,#3646,.T.);
#3945=EDGE_CURVE('',#3922,#3923,#3653,.T.);
#3947=EDGE_CURVE('',#3929,#3922,#3660,.T.);
#3949=EDGE_CURVE('',#3929,#3890,#3667,.T.);
#3951=EDGE_CURVE('',#3890,#3891,#3674,.T.);
#3953=EDGE_CURVE('',#3891,#3913,#3681,.T.);
#3955=EDGE_CURVE('',#3913,#3906,#3688,.T.);
#3957=EDGE_CURVE('',#3906,#3907,#3695,.T.);
#3959=EDGE_CURVE('',#3907,#3915,#3702,.T.);
#3961=EDGE_CURVE('',#3915,#3894,#3709,.T.);
#3963=EDGE_CURVE('',#3894,#3895,#3716,.T.);
#3967=ADVANCED_FACE('',(#3966),#3940,.F.);
#3973=EDGE_CURVE('',#3929,#3933,#3723,.T.);
#3975=EDGE_CURVE('',#3933,#3898,#3758,.T.);
#3977=EDGE_CURVE('',#3890,#3898,#3884,.T.);
#3982=ADVANCED_FACE('',(#3981),#3972,.T.);
#3988=EDGE_CURVE('',#3931,#3935,#3730,.T.);
#3991=EDGE_CURVE('',#3895,#3903,#3737,.T.);
#3993=EDGE_CURVE('',#3903,#3935,#3786,.T.);
#3997=ADVANCED_FACE('',(#3996),#3987,.T.);
#4004=EDGE_CURVE('',#3922,#3926,#3744,.T.);
#4006=EDGE_CURVE('',#3933,#3926,#3765,.T.);
#4011=ADVANCED_FACE('',(#4010),#4002,.F.);
#4018=EDGE_CURVE('',#3923,#3927,#3751,.T.);
#4020=EDGE_CURVE('',#3926,#3927,#3772,.T.);
#4025=ADVANCED_FACE('',(#4024),#4016,.F.);
#4033=EDGE_CURVE('',#3927,#3935,#3779,.T.);
#4038=ADVANCED_FACE('',(#4037),#4030,.F.);
#4049=EDGE_CURVE('',#3902,#3903,#3793,.T.);
#4051=EDGE_CURVE('',#3919,#3902,#3800,.T.);
#4053=EDGE_CURVE('',#3911,#3919,#3807,.T.);
#4055=EDGE_CURVE('',#3910,#3911,#3814,.T.);
#4057=EDGE_CURVE('',#3917,#3910,#3821,.T.);
#4059=EDGE_CURVE('',#3899,#3917,#3828,.T.);
#4061=EDGE_CURVE('',#3898,#3899,#3835,.T.);
#4065=ADVANCED_FACE('',(#4064),#4043,.T.);
#4072=EDGE_CURVE('',#3894,#3902,#3842,.T.);
#4078=ADVANCED_FACE('',(#4077),#4070,.T.);
#4084=EDGE_CURVE('',#3913,#3917,#3849,.T.);
#4087=EDGE_CURVE('',#3891,#3899,#3856,.T.);
#4092=ADVANCED_FACE('',(#4091),#4083,.T.);
#4098=EDGE_CURVE('',#3915,#3919,#3863,.T.);
#4105=ADVANCED_FACE('',(#4104),#4097,.T.);
#4114=EDGE_CURVE('',#3906,#3910,#3870,.T.);
#4118=ADVANCED_FACE('',(#4117),#4110,.T.);
#4127=EDGE_CURVE('',#3907,#3911,#3877,.T.);
#4131=ADVANCED_FACE('',(#4130),#4123,.T.);
#4143=ADVANCED_FACE('',(#4142),#4136,.T.);
#4155=ADVANCED_FACE('',(#4154),#4148,.T.);
#4164=(LENGTH_UNIT()NAMED_UNIT(*)SI_UNIT(.MILLI.,.METRE.));
#4165=(NAMED_UNIT(*)PLANE_ANGLE_UNIT()SI_UNIT($,.RADIAN.));
#4168=(NAMED_UNIT(*)SI_UNIT($,.STERADIAN.)SOLID_ANGLE_UNIT());
#4170=(GEOMETRIC_REPRESENTATION_CONTEXT(3)GLOBAL_UNCERTAINTY_ASSIGNED_CONTEXT((
#4169))GLOBAL_UNIT_ASSIGNED_CONTEXT((#4164,#4167,#4168))REPRESENTATION_CONTEXT(
'ID3','3'));
#4174=AXIS2_PLACEMENT_3D('',#4171,#4172,#4173);
#4175=ADVANCED_BREP_SHAPE_REPRESENTATION('',(#4174,#4157),#4170);
#4180=PRODUCT_DEFINITION('part definition','',#4179,#4176);
#4181=PRODUCT_DEFINITION_SHAPE('','SHAPE FOR THERMALPAD-SO.',#4180);
#4182=SHAPE_ASPECT('','solid data associated with THERMALPAD-SO',#4181,.F.);
#4183=PROPERTY_DEFINITION('',
'shape for solid data with which properties are associated',#4182);
#4184=SHAPE_REPRESENTATION('',(#4157),#4170);
#4185=SHAPE_DEFINITION_REPRESENTATION(#4183,#4184);
#4186=(LENGTH_UNIT()NAMED_UNIT(*)SI_UNIT(.MILLI.,.METRE.));
#4190=PROPERTY_DEFINITION('geometric validation property',
'area of THERMALPAD-SO',#4182);
#4191=REPRESENTATION('surface area',(#4189),#4170);
#4192=PROPERTY_DEFINITION_REPRESENTATION(#4190,#4191);
#4193=(LENGTH_UNIT()NAMED_UNIT(*)SI_UNIT(.MILLI.,.METRE.));
#4197=PROPERTY_DEFINITION('geometric validation property',
'volume of THERMALPAD-SO',#4182);
#4198=REPRESENTATION('volume',(#4196),#4170);
#4199=PROPERTY_DEFINITION_REPRESENTATION(#4197,#4198);
#4201=PROPERTY_DEFINITION('geometric validation property',
'centroid of THERMALPAD-SO',#4182);
#4202=REPRESENTATION('centroid',(#4200),#4170);
#4203=PROPERTY_DEFINITION_REPRESENTATION(#4201,#4202);
#4204=(LENGTH_UNIT()NAMED_UNIT(*)SI_UNIT(.MILLI.,.METRE.));
#4208=PROPERTY_DEFINITION('geometric validation property',
'area of THERMALPAD-SO',#4181);
#4209=REPRESENTATION('surface area',(#4207),#4170);
#4210=PROPERTY_DEFINITION_REPRESENTATION(#4208,#4209);
#4211=(LENGTH_UNIT()NAMED_UNIT(*)SI_UNIT(.MILLI.,.METRE.));
#4215=PROPERTY_DEFINITION('geometric validation property',
'volume of THERMALPAD-SO',#4181);
#4216=REPRESENTATION('volume',(#4214),#4170);
#4217=PROPERTY_DEFINITION_REPRESENTATION(#4215,#4216);
#4219=PROPERTY_DEFINITION('geometric validation property',
'centroid of THERMALPAD-SO',#4181);
#4220=REPRESENTATION('centroid',(#4218),#4170);
#4221=PROPERTY_DEFINITION_REPRESENTATION(#4219,#4220);
#4222=SHAPE_DEFINITION_REPRESENTATION(#4181,#4175);
#4223=NEXT_ASSEMBLY_USAGE_OCCURRENCE('120','Next assembly relationship',
'THERMALPAD-SO',#4279,#4180,$);
#4224=PRODUCT_DEFINITION_SHAPE('Placement #120',
'Placement of THERMALPAD-SO with respect to DDW0044D_ASM',#4223);
#4226=PROPERTY_DEFINITION('geometric validation property',
'centroid of THERMALPAD-SO',#4224);
#4227=REPRESENTATION('centroid',(#4225),#4170);
#4228=PROPERTY_DEFINITION_REPRESENTATION(#4226,#4227);
#4236=(LENGTH_UNIT()NAMED_UNIT(*)SI_UNIT(.MILLI.,.METRE.));
#4237=(NAMED_UNIT(*)PLANE_ANGLE_UNIT()SI_UNIT($,.RADIAN.));
#4240=(NAMED_UNIT(*)SI_UNIT($,.STERADIAN.)SOLID_ANGLE_UNIT());
#4242=(GEOMETRIC_REPRESENTATION_CONTEXT(3)GLOBAL_UNCERTAINTY_ASSIGNED_CONTEXT((
#4241))GLOBAL_UNIT_ASSIGNED_CONTEXT((#4236,#4239,#4240))REPRESENTATION_CONTEXT(
'ID4','3'));
#4246=AXIS2_PLACEMENT_3D('',#4243,#4244,#4245);
#4247=SHAPE_REPRESENTATION('',(#4246),#4242);
#4251=PRODUCT_DEFINITION('part definition','',#4250,#4176);
#4252=PRODUCT_DEFINITION_SHAPE('','SHAPE FOR PIN1-ID.',#4251);
#4253=SHAPE_DEFINITION_REPRESENTATION(#4252,#4247);
#4254=NEXT_ASSEMBLY_USAGE_OCCURRENCE('121','Next assembly relationship',
'PIN1-ID',#4279,#4251,$);
#4255=PRODUCT_DEFINITION_SHAPE('Placement #121',
'Placement of PIN1-ID with respect to DDW0044D_ASM',#4254);
#4263=(LENGTH_UNIT()NAMED_UNIT(*)SI_UNIT(.MILLI.,.METRE.));
#4264=(NAMED_UNIT(*)PLANE_ANGLE_UNIT()SI_UNIT($,.RADIAN.));
#4267=(NAMED_UNIT(*)SI_UNIT($,.STERADIAN.)SOLID_ANGLE_UNIT());
#4269=(GEOMETRIC_REPRESENTATION_CONTEXT(3)GLOBAL_UNCERTAINTY_ASSIGNED_CONTEXT((
#4268))GLOBAL_UNIT_ASSIGNED_CONTEXT((#4263,#4266,#4267))REPRESENTATION_CONTEXT(
'ID5','3'));
#4273=AXIS2_PLACEMENT_3D('',#4270,#4271,#4272);
#4279=PRODUCT_DEFINITION('part definition','',#4278,#4275);
#4280=(LENGTH_UNIT()NAMED_UNIT(*)SI_UNIT(.MILLI.,.METRE.));
#4284=PROPERTY_DEFINITION('geometric validation property',
'area of DDW0044D_ASM',#2453);
#4285=REPRESENTATION('surface area',(#4283),#4269);
#4286=PROPERTY_DEFINITION_REPRESENTATION(#4284,#4285);
#4287=(LENGTH_UNIT()NAMED_UNIT(*)SI_UNIT(.MILLI.,.METRE.));
#4291=PROPERTY_DEFINITION('geometric validation property',
'volume of DDW0044D_ASM',#2453);
#4292=REPRESENTATION('volume',(#4290),#4269);
#4293=PROPERTY_DEFINITION_REPRESENTATION(#4291,#4292);
#4295=PROPERTY_DEFINITION('geometric validation property',
'centroid of DDW0044D_ASM',#2453);
#4296=REPRESENTATION('centroid',(#4294),#4269);
#4297=PROPERTY_DEFINITION_REPRESENTATION(#4295,#4296);
ENDSEC;
END-ISO-10303-21;
